iso_code,country,year,emissions,gas_type,continent,population,emissions_per_capita
ABW,Aruba,1970,0.03696955952074,Total GHG,South America,58950.0,6.271341733798134e-07
ABW,Aruba,1971,0.041825239947248,Total GHG,South America,58781.0,7.11543525071843e-07
ABW,Aruba,1972,0.05270835173768,Total GHG,South America,58047.0,9.080288686354161e-07
ABW,Aruba,1973,0.057704308956039,Total GHG,South America,58299.0,9.897992925442803e-07
ABW,Aruba,1974,0.056999429876631,Total GHG,South America,58349.0,9.768707240335053e-07
ABW,Aruba,1975,0.071134018675684,Total GHG,South America,58295.0,1.2202421935960889e-06
ABW,Aruba,1976,0.070200481700066,Total GHG,South America,58368.0,1.2027220686003631e-06
ABW,Aruba,1977,0.081045396590921,Total GHG,South America,58580.0,1.383499429684551e-06
ABW,Aruba,1978,0.085917158385903,Total GHG,South America,58776.0,1.4617728049867802e-06
ABW,Aruba,1979,0.089932496376556,Total GHG,South America,59191.0,1.5193609902950785e-06
ABW,Aruba,1980,0.093911555955102,Total GHG,South America,59909.0,1.5675700805405198e-06
ABW,Aruba,1981,0.097115004332474,Total GHG,South America,60563.0,1.6035368844422172e-06
ABW,Aruba,1982,0.096201439852056,Total GHG,South America,61276.0,1.569969316731771e-06
ABW,Aruba,1983,0.098959970520229,Total GHG,South America,62228.0,1.590280428749582e-06
ABW,Aruba,1984,0.11357401341471,Total GHG,South America,62901.0,1.8055994883183099e-06
ABW,Aruba,1985,0.11920755325898,Total GHG,South America,61728.0,1.931174722313699e-06
ABW,Aruba,1986,0.12892179542649,Total GHG,South America,59931.0,2.1511704364434096e-06
ABW,Aruba,1987,0.1438383473145,Total GHG,South America,59159.0,2.4313857116330564e-06
ABW,Aruba,1988,0.1579957812775,Total GHG,South America,59331.0,2.6629549691982267e-06
ABW,Aruba,1989,0.21321751304707,Total GHG,South America,60443.0,3.527579919048856e-06
ABW,Aruba,1990,0.22031767789303,Total GHG,South America,62753.0,3.5108708411236115e-06
ABW,Aruba,1991,0.246857486759,Total GHG,South America,65896.0,3.7461680035055236e-06
ABW,Aruba,1992,0.27200113256349,Total GHG,South America,69005.0,3.941759764705311e-06
ABW,Aruba,1993,0.27355913981285,Total GHG,South America,73685.0,3.712548548725657e-06
ABW,Aruba,1994,0.30906805266266,Total GHG,South America,77595.0,3.9830923727387075e-06
ABW,Aruba,1995,0.33872213189626,Total GHG,South America,79805.0,4.2443723061996115e-06
ABW,Aruba,1996,0.22957569135176,Total GHG,South America,83021.0,2.7652725376923912e-06
ABW,Aruba,1997,0.36872148363358,Total GHG,South America,86301.0,4.272505343316763e-06
ABW,Aruba,1998,0.37776044262632,Total GHG,South America,88451.0,4.270844225914009e-06
ABW,Aruba,1999,0.38273508173098,Total GHG,South America,89659.0,4.268785974982768e-06
ABW,Aruba,2000,0.34803314619048,Total GHG,South America,90588.0,3.841934320113922e-06
ABW,Aruba,2001,0.3510933622658,Total GHG,South America,91439.0,3.839645690195649e-06
ABW,Aruba,2002,0.37648610365328,Total GHG,South America,92074.0,4.088951317997263e-06
ABW,Aruba,2003,0.42681025852753,Total GHG,South America,93128.0,4.583049765135405e-06
ABW,Aruba,2004,0.44115869321368,Total GHG,South America,95138.0,4.637039807581408e-06
ABW,Aruba,2005,0.47827319877944,Total GHG,South America,97635.0,4.898583487268295e-06
ABW,Aruba,2006,0.48773812420836,Total GHG,South America,99405.0,4.906575365508375e-06
ABW,Aruba,2007,0.52282749914674,Total GHG,South America,100150.0,5.22044432497993e-06
ABW,Aruba,2008,0.51530151916293,Total GHG,South America,100917.0,5.106191416341449e-06
ABW,Aruba,2009,0.5507351851186,Total GHG,South America,101604.0,5.4204084988642175e-06
ABW,Aruba,2010,0.5289147747881,Total GHG,South America,101838.0,5.1936877667285295e-06
ABW,Aruba,2011,0.34091756471299,Total GHG,South America,102591.0,3.3230747795907048e-06
ABW,Aruba,2012,0.40571470348903,Total GHG,South America,104110.0,3.896981111219191e-06
ABW,Aruba,2013,0.44053677564782,Total GHG,South America,105675.0,4.1687889817631415e-06
ABW,Aruba,2014,0.46992312834595,Total GHG,South America,106807.0,4.399740919096595e-06
ABW,Aruba,2015,0.49151642823956,Total GHG,South America,107906.0,4.555042613381647e-06
ABW,Aruba,2016,0.5150733614816,Total GHG,South America,108727.0,4.737308685805734e-06
ABW,Aruba,2017,0.49668832510882,Total GHG,South America,108735.0,4.5678790187963395e-06
ABW,Aruba,2018,0.49496691759112,Total GHG,South America,108908.0,4.544816887566753e-06
ABW,Aruba,2019,0.54001348922373,Total GHG,South America,109203.0,4.945042619925552e-06
ABW,Aruba,2020,0.51908072717292,Total GHG,South America,108587.0,4.780321098961386e-06
ABW,Aruba,2021,0.53833479944398,Total GHG,South America,107700.0,4.998466104400928e-06
ABW,Aruba,2022,0.56749202966932,Total GHG,South America,107310.0,5.288342462671885e-06
ABW,Aruba,2023,0.56950278847654,Total GHG,South America,107359.0,5.304658095516352e-06
ABW,Aruba,2024,0.58871640278437,Total GHG,South America,107624.0,5.47012193176587e-06
AFG,Afghanistan,1970,15.299964082877,Total GHG,Asia,11290128.0,1.3551630311788317e-06
AFG,Afghanistan,1971,15.221080237672,Total GHG,Asia,11567667.0,1.315829737981911e-06
AFG,Afghanistan,1972,13.278752228032,Total GHG,Asia,11853696.0,1.1202204129439458e-06
AFG,Afghanistan,1973,13.972048751738,Total GHG,Asia,12157999.0,1.1492062757809078e-06
AFG,Afghanistan,1974,15.242001770298,Total GHG,Asia,12469127.0,1.222379222723291e-06
AFG,Afghanistan,1975,15.968871855733,Total GHG,Asia,12773954.0,1.250111896107736e-06
AFG,Afghanistan,1976,16.124560870271,Total GHG,Asia,13059851.0,1.2346665264612132e-06
AFG,Afghanistan,1977,16.187782745786,Total GHG,Asia,13340756.0,1.2134082015881258e-06
AFG,Afghanistan,1978,15.833413130475,Total GHG,Asia,13611441.0,1.1632429755582088e-06
AFG,Afghanistan,1979,15.72380999277,Total GHG,Asia,13655567.0,1.1514578627727432e-06
AFG,Afghanistan,1980,15.648481416315,Total GHG,Asia,13169311.0,1.188253616025546e-06
AFG,Afghanistan,1981,15.817483173777,Total GHG,Asia,11937581.0,1.3250157778009632e-06
AFG,Afghanistan,1982,15.812028744929,Total GHG,Asia,10991378.0,1.4385847475110945e-06
AFG,Afghanistan,1983,15.768510061069,Total GHG,Asia,10917982.0,1.4442696517606458e-06
AFG,Afghanistan,1984,14.699664948606,Total GHG,Asia,11190221.0,1.3136170365720212e-06
AFG,Afghanistan,1985,14.619474652269,Total GHG,Asia,11426852.0,1.2793965172795621e-06
AFG,Afghanistan,1986,12.949953768559,Total GHG,Asia,11420074.0,1.1339640853955063e-06
AFG,Afghanistan,1987,12.818525408874,Total GHG,Asia,11387818.0,1.1256349029176618e-06
AFG,Afghanistan,1988,13.085317642136,Total GHG,Asia,11523298.0,1.135553176020962e-06
AFG,Afghanistan,1989,12.681892476042,Total GHG,Asia,11874088.0,1.0680308648581684e-06
AFG,Afghanistan,1990,12.931551907152,Total GHG,Asia,12045660.0,1.073544488816055e-06
AFG,Afghanistan,1991,13.0139590178,Total GHG,Asia,12238879.0,1.0633293308807122e-06
AFG,Afghanistan,1992,12.065810261226,Total GHG,Asia,13278974.0,9.086402504610672e-07
AFG,Afghanistan,1993,12.186092408755,Total GHG,Asia,14943172.0,8.154956932005467e-07
AFG,Afghanistan,1994,12.247310633368,Total GHG,Asia,16250794.0,7.536438301641138e-07
AFG,Afghanistan,1995,12.463462990516,Total GHG,Asia,17065836.0,7.303165804778623e-07
AFG,Afghanistan,1996,13.735236089893,Total GHG,Asia,17763266.0,7.732382147457005e-07
AFG,Afghanistan,1997,14.79739853187,Total GHG,Asia,18452091.0,8.019361346023061e-07
AFG,Afghanistan,1998,15.647833388965,Total GHG,Asia,19159996.0,8.166929361031704e-07
AFG,Afghanistan,1999,16.508477865401,Total GHG,Asia,19887785.0,8.30081271765609e-07
AFG,Afghanistan,2000,14.36494047162,Total GHG,Asia,20130327.0,7.135969759269186e-07
AFG,Afghanistan,2001,12.628446199973,Total GHG,Asia,20284307.0,6.225722278790692e-07
AFG,Afghanistan,2002,15.22857195038,Total GHG,Asia,21378117.0,7.123439333024513e-07
AFG,Afghanistan,2003,15.857564956621,Total GHG,Asia,22733049.0,6.975555701578349e-07
AFG,Afghanistan,2004,15.993336269049,Total GHG,Asia,23560654.0,6.788154636560173e-07
AFG,Afghanistan,2005,16.14491309459,Total GHG,Asia,24404567.0,6.615529418977193e-07
AFG,Afghanistan,2006,16.338498178131,Total GHG,Asia,25424094.0,6.426383641490234e-07
AFG,Afghanistan,2007,17.511647293268,Total GHG,Asia,25909852.0,6.758682872163067e-07
AFG,Afghanistan,2008,20.859991932454,Total GHG,Asia,26482622.0,7.876860505902324e-07
AFG,Afghanistan,2009,23.862502192454,Total GHG,Asia,27466101.0,8.687983122341973e-07
AFG,Afghanistan,2010,27.768531219617,Total GHG,Asia,28284089.0,9.817721624202568e-07
AFG,Afghanistan,2011,31.898807267665,Total GHG,Asia,29347708.0,1.0869266951839987e-06
AFG,Afghanistan,2012,29.759348225404,Total GHG,Asia,30560034.0,9.737995784102859e-07
AFG,Afghanistan,2013,28.131944212952,Total GHG,Asia,31622704.0,8.896122296484197e-07
AFG,Afghanistan,2014,28.354538031038,Total GHG,Asia,32792523.0,8.646647295494159e-07
AFG,Afghanistan,2015,28.09308461619,Total GHG,Asia,33831764.0,8.303759926969815e-07
AFG,Afghanistan,2016,27.164741407716,Total GHG,Asia,34700612.0,7.828317669935043e-07
AFG,Afghanistan,2017,30.474594817225,Total GHG,Asia,35688935.0,8.538947664654325e-07
AFG,Afghanistan,2018,31.935810418147,Total GHG,Asia,36743039.0,8.691662771320303e-07
AFG,Afghanistan,2019,32.43616844578,Total GHG,Asia,37856121.0,8.56827577389136e-07
AFG,Afghanistan,2020,32.400167958631,Total GHG,Asia,39068979.0,8.293067489332394e-07
AFG,Afghanistan,2021,32.835845915722,Total GHG,Asia,40000412.0,8.208876927498146e-07
AFG,Afghanistan,2022,31.91213908326,Total GHG,Asia,40578842.0,7.864231089507187e-07
AFG,Afghanistan,2023,32.4351067419,Total GHG,Asia,41454761.0,7.82421752278345e-07
AFG,Afghanistan,2024,33.034840089668,Total GHG,Asia,42647492.0,7.746021756605993e-07
AGO,Angola,1970,18.834350180053,Total GHG,Africa,5852788.0,3.218013394651062e-06
AGO,Angola,1971,18.721849826047,Total GHG,Africa,5991102.0,3.1249425942083774e-06
AGO,Angola,1972,21.316779023183,Total GHG,Africa,6174262.0,3.452522588640229e-06
AGO,Angola,1973,22.878757106008,Total GHG,Africa,6388528.0,3.581225143884162e-06
AGO,Angola,1974,23.586100826654,Total GHG,Africa,6613367.0,3.566428541868915e-06
AGO,Angola,1975,22.421772222226,Total GHG,Africa,6842947.0,3.276625147356249e-06
AGO,Angola,1976,18.464447177816,Total GHG,Africa,7074664.0,2.6099398046064097e-06
AGO,Angola,1977,23.132615150596,Total GHG,Africa,7317829.0,3.1611308696330565e-06
AGO,Angola,1978,25.307983693772,Total GHG,Africa,7576734.0,3.340223332872977e-06
AGO,Angola,1979,25.833948102705,Total GHG,Africa,7847207.0,3.292120126652069e-06
AGO,Angola,1980,26.308006948534,Total GHG,Africa,8133872.0,3.2343768070771217e-06
AGO,Angola,1981,24.9016624945,Total GHG,Africa,8435607.0,2.9519704384640012e-06
AGO,Angola,1982,27.276839606073,Total GHG,Africa,8751648.0,3.116766077208887e-06
AGO,Angola,1983,28.851607324561,Total GHG,Africa,9082983.0,3.1764462538970953e-06
AGO,Angola,1984,29.283552364935,Total GHG,Africa,9425917.0,3.106705943298143e-06
AGO,Angola,1985,31.64680164623,Total GHG,Africa,9779120.0,3.236160477244374e-06
AGO,Angola,1986,32.949494486126,Total GHG,Africa,10139450.0,3.2496333120757043e-06
AGO,Angola,1987,34.668891374537,Total GHG,Africa,10497858.0,3.3024728829954643e-06
AGO,Angola,1988,36.42461418409,Total GHG,Africa,10861291.0,3.353617372381423e-06
AGO,Angola,1989,37.309137628742,Total GHG,Africa,11238562.0,3.3197430088246165e-06
AGO,Angola,1990,34.084534207584,Total GHG,Africa,11626360.0,2.9316599698946186e-06
AGO,Angola,1991,33.399062463992,Total GHG,Africa,12023529.0,2.7778086170867143e-06
AGO,Angola,1992,32.6614331455,Total GHG,Africa,12423712.0,2.628959295378064e-06
AGO,Angola,1993,36.630457421049,Total GHG,Africa,12827135.0,2.8557006237986113e-06
AGO,Angola,1994,47.405674117287,Total GHG,Africa,13249764.0,3.5778504520749954e-06
AGO,Angola,1995,54.625322823444,Total GHG,Africa,13699778.0,3.9873144530841304e-06
AGO,Angola,1996,65.542517901029,Total GHG,Africa,14170973.0,4.6251247462703515e-06
AGO,Angola,1997,67.282006905759,Total GHG,Africa,14660413.0,4.589366405009122e-06
AGO,Angola,1998,73.101045088935,Total GHG,Africa,15159370.0,4.822169066982005e-06
AGO,Angola,1999,73.837685792027,Total GHG,Africa,15667235.0,4.712872806977556e-06
AGO,Angola,2000,68.933003919726,Total GHG,Africa,16194869.0,4.256471844244372e-06
AGO,Angola,2001,67.211380261429,Total GHG,Africa,16747208.0,4.013288678413083e-06
AGO,Angola,2002,64.921622157878,Total GHG,Africa,17327699.0,3.7466960938020684e-06
AGO,Angola,2003,65.375925232362,Total GHG,Africa,17943712.0,3.643389128869322e-06
AGO,Angola,2004,70.639252424552,Total GHG,Africa,18600423.0,3.7977229025679686e-06
AGO,Angola,2005,68.698807817794,Total GHG,Africa,19291161.0,3.561154656155428e-06
AGO,Angola,2006,61.220942950481,Total GHG,Africa,20015279.0,3.0587104456790736e-06
AGO,Angola,2007,59.728509631686,Total GHG,Africa,20778561.0,2.8745257976086987e-06
AGO,Angola,2008,63.036149427156,Total GHG,Africa,21578655.0,2.9212269915412243e-06
AGO,Angola,2009,64.538423691257,Total GHG,Africa,22414773.0,2.8792807177327648e-06
AGO,Angola,2010,71.664962622102,Total GHG,Africa,23294825.0,3.076432753716845e-06
AGO,Angola,2011,70.561935977477,Total GHG,Africa,24218352.0,2.913572978767383e-06
AGO,Angola,2012,72.492007002206,Total GHG,Africa,25177394.0,2.879249814425035e-06
AGO,Angola,2013,77.026251777733,Total GHG,Africa,26165620.0,2.9437961637344346e-06
AGO,Angola,2014,78.997615616043,Total GHG,Africa,27160769.0,2.9085191076895875e-06
AGO,Angola,2015,83.536857859532,Total GHG,Africa,28157798.0,2.966739723735926e-06
AGO,Angola,2016,80.62550776334,Total GHG,Africa,29183070.0,2.762749353078343e-06
AGO,Angola,2017,75.433642680212,Total GHG,Africa,30234839.0,2.4949245696400767e-06
AGO,Angola,2018,70.465116025569,Total GHG,Africa,31297155.0,2.2514863100358164e-06
AGO,Angola,2019,71.208749443621,Total GHG,Africa,32375632.0,2.1994551162312757e-06
AGO,Angola,2020,63.159221101756,Total GHG,Africa,33451132.0,1.8881041485159904e-06
AGO,Angola,2021,66.601919421159,Total GHG,Africa,34532429.0,1.928677517042285e-06
AGO,Angola,2022,68.035237043701,Total GHG,Africa,35635029.0,1.9092235632444976e-06
AGO,Angola,2023,68.280785052324,Total GHG,Africa,36749906.0,1.8579852980392387e-06
AGO,Angola,2024,69.922938779033,Total GHG,Africa,37885849.0,1.8456215348119295e-06
AIA,Anguilla,1970,0.0033975206072446,Total GHG,North America,,
AIA,Anguilla,1971,0.003447974068279,Total GHG,North America,,
AIA,Anguilla,1972,0.0035945835007911,Total GHG,North America,,
AIA,Anguilla,1973,0.0034804554737549,Total GHG,North America,,
AIA,Anguilla,1974,0.0037706817072,Total GHG,North America,,
AIA,Anguilla,1975,0.004050929789713,Total GHG,North America,,
AIA,Anguilla,1976,0.0039204643855029,Total GHG,North America,,
AIA,Anguilla,1977,0.004052564500436,Total GHG,North America,,
AIA,Anguilla,1978,0.0044495516984036,Total GHG,North America,,
AIA,Anguilla,1979,0.0047824950800024,Total GHG,North America,,
AIA,Anguilla,1980,0.0060333775877467,Total GHG,North America,,
AIA,Anguilla,1981,0.0083154744806432,Total GHG,North America,,
AIA,Anguilla,1982,0.0087525643097403,Total GHG,North America,,
AIA,Anguilla,1983,0.0077708147636304,Total GHG,North America,,
AIA,Anguilla,1984,0.0074530740761538,Total GHG,North America,,
AIA,Anguilla,1985,0.0052310942472122,Total GHG,North America,,
AIA,Anguilla,1986,0.0047389966360477,Total GHG,North America,,
AIA,Anguilla,1987,0.0078415553513109,Total GHG,North America,,
AIA,Anguilla,1988,0.0075600325676872,Total GHG,North America,,
AIA,Anguilla,1989,0.0079628460787143,Total GHG,North America,,
AIA,Anguilla,1990,0.0079697804930574,Total GHG,North America,,
AIA,Anguilla,1991,0.0095251596272412,Total GHG,North America,,
AIA,Anguilla,1992,0.0098964069971744,Total GHG,North America,,
AIA,Anguilla,1993,0.012027199350268,Total GHG,North America,,
AIA,Anguilla,1994,0.015335163432849,Total GHG,North America,,
AIA,Anguilla,1995,0.018773384899565,Total GHG,North America,,
AIA,Anguilla,1996,0.018620669716419,Total GHG,North America,,
AIA,Anguilla,1997,0.015908512270304,Total GHG,North America,,
AIA,Anguilla,1998,0.014769405094532,Total GHG,North America,,
AIA,Anguilla,1999,0.014082324491738,Total GHG,North America,,
AIA,Anguilla,2000,0.01788997799324,Total GHG,North America,,
AIA,Anguilla,2001,0.018437401879825,Total GHG,North America,,
AIA,Anguilla,2002,0.013278011326023,Total GHG,North America,,
AIA,Anguilla,2003,0.016661254167253,Total GHG,North America,,
AIA,Anguilla,2004,0.016071790095026,Total GHG,North America,,
AIA,Anguilla,2005,0.016328907231431,Total GHG,North America,,
AIA,Anguilla,2006,0.015512027314156,Total GHG,North America,,
AIA,Anguilla,2007,0.01506413999675,Total GHG,North America,,
AIA,Anguilla,2008,0.018104828438473,Total GHG,North America,,
AIA,Anguilla,2009,0.023189188167567,Total GHG,North America,,
AIA,Anguilla,2010,0.027190600881657,Total GHG,North America,,
AIA,Anguilla,2011,0.029273999145927,Total GHG,North America,,
AIA,Anguilla,2012,0.029319386547653,Total GHG,North America,,
AIA,Anguilla,2013,0.031312684926867,Total GHG,North America,,
AIA,Anguilla,2014,0.031292951744315,Total GHG,North America,,
AIA,Anguilla,2015,0.031417667438233,Total GHG,North America,,
AIA,Anguilla,2016,0.03181268102582,Total GHG,North America,,
AIA,Anguilla,2017,0.032560698188558,Total GHG,North America,,
AIA,Anguilla,2018,0.031682045383717,Total GHG,North America,,
AIA,Anguilla,2019,0.031036684467285,Total GHG,North America,,
AIA,Anguilla,2020,0.026124833006615,Total GHG,North America,,
AIA,Anguilla,2021,0.025313813010737,Total GHG,North America,,
AIA,Anguilla,2022,0.025155856380511,Total GHG,North America,,
AIA,Anguilla,2023,0.025157583778709,Total GHG,North America,,
AIA,Anguilla,2024,0.026035166405695,Total GHG,North America,,
ALB,Albania,1970,8.2309013782583,Total GHG,Europe,2135479.0,3.854358379669526e-06
ALB,Albania,1971,8.1826065309111,Total GHG,Europe,2187853.0,3.7400165965954293e-06
ALB,Albania,1972,9.1151453410062,Total GHG,Europe,2243126.0,4.0635904273795585e-06
ALB,Albania,1973,8.5953852829861,Total GHG,Europe,2296752.0,3.742408968398025e-06
ALB,Albania,1974,8.8659598954009,Total GHG,Europe,2350124.0,3.7725498294561905e-06
ALB,Albania,1975,9.0471113702343,Total GHG,Europe,2404831.0,3.7620570303003826e-06
ALB,Albania,1976,9.6586633486555,Total GHG,Europe,2458526.0,3.928639904013828e-06
ALB,Albania,1977,10.216358036622,Total GHG,Europe,2513546.0,4.064520019375814e-06
ALB,Albania,1978,11.240298116591,Total GHG,Europe,2566266.0,4.380020666833056e-06
ALB,Albania,1979,12.396616786123,Total GHG,Europe,2617832.0,4.735451620319027e-06
ALB,Albania,1980,12.578299855091,Total GHG,Europe,2671997.0,4.707452835871822e-06
ALB,Albania,1981,11.619556401783,Total GHG,Europe,2726056.0,4.262405615212234e-06
ALB,Albania,1982,12.264404009617,Total GHG,Europe,2784278.0,4.404877677307007e-06
ALB,Albania,1983,13.114930847646,Total GHG,Europe,2843960.0,4.611503272776692e-06
ALB,Albania,1984,13.428857862665,Total GHG,Europe,2904429.0,4.6235793206392715e-06
ALB,Albania,1985,12.991776086364,Total GHG,Europe,2964762.0,4.3820637495906924e-06
ALB,Albania,1986,13.216371630849,Total GHG,Europe,3022635.0,4.372466947166628e-06
ALB,Albania,1987,13.503803153082,Total GHG,Europe,3083605.0,4.379225988115209e-06
ALB,Albania,1988,13.399219876201,Total GHG,Europe,3142336.0,4.264095206941906e-06
ALB,Albania,1989,13.313284408518,Total GHG,Europe,3227943.0,4.124386461755365e-06
ALB,Albania,1990,11.498360472506,Total GHG,Europe,3286542.0,3.4986196654434966e-06
ALB,Albania,1991,9.0525853792467,Total GHG,Europe,3266790.0,2.7710949829180023e-06
ALB,Albania,1992,6.1713509264972,Total GHG,Europe,3247039.0,1.9006088089786418e-06
ALB,Albania,1993,6.2093331132208,Total GHG,Europe,3227287.0,1.9240102021359734e-06
ALB,Albania,1994,6.9072590996723,Total GHG,Europe,3207536.0,2.1534471007253852e-06
ALB,Albania,1995,6.5494096708288,Total GHG,Europe,3187784.0,2.054533704551124e-06
ALB,Albania,1996,6.2823866226607,Total GHG,Europe,3168033.0,1.9830559286032373e-06
ALB,Albania,1997,5.5292235829981,Total GHG,Europe,3148281.0,1.756267494228787e-06
ALB,Albania,1998,5.7888930010116,Total GHG,Europe,3128530.0,1.8503555986394889e-06
ALB,Albania,1999,6.9985296022561,Total GHG,Europe,3108778.0,2.251215623069933e-06
ALB,Albania,2000,7.1976816905021,Total GHG,Europe,3089027.0,2.330080536849338e-06
ALB,Albania,2001,7.3853745388141,Total GHG,Europe,3060173.0,2.4133846481274423e-06
ALB,Albania,2002,8.0069214744988,Total GHG,Europe,3051010.0,2.624351108157233e-06
ALB,Albania,2003,8.195193892095,Total GHG,Europe,3039616.0,2.696128028045319e-06
ALB,Albania,2004,8.4032652571337,Total GHG,Europe,3026939.0,2.7761594327251724e-06
ALB,Albania,2005,7.9928831795349,Total GHG,Europe,3011487.0,2.6541317228116543e-06
ALB,Albania,2006,8.0376910968768,Total GHG,Europe,2992547.0,2.68590304408813e-06
ALB,Albania,2007,7.9927804202399,Total GHG,Europe,2970017.0,2.691156454740798e-06
ALB,Albania,2008,7.7800718045485,Total GHG,Europe,2947314.0,2.6397159598700717e-06
ALB,Albania,2009,7.7631700125032,Total GHG,Europe,2927519.0,2.6517915041723727e-06
ALB,Albania,2010,8.0714879880719,Total GHG,Europe,2913021.0,2.7708306902256796e-06
ALB,Albania,2011,8.5046158779579,Total GHG,Europe,2905195.0,2.9273821130622556e-06
ALB,Albania,2012,8.1771543499761,Total GHG,Europe,2900401.0,2.8193185528401417e-06
ALB,Albania,2013,8.4377162678676,Total GHG,Europe,2895092.0,2.9144898565805854e-06
ALB,Albania,2014,8.9187607426059,Total GHG,Europe,2889104.0,3.087033468717602e-06
ALB,Albania,2015,8.7633432036849,Total GHG,Europe,2880703.0,3.0420849367966434e-06
ALB,Albania,2016,8.3753887273751,Total GHG,Europe,2876101.0,2.9120634940758687e-06
ALB,Albania,2017,9.1946570256507,Total GHG,Europe,2873457.0,3.1998589245117296e-06
ALB,Albania,2018,9.191052348976,Total GHG,Europe,2866376.0,3.206506176780715e-06
ALB,Albania,2019,8.666245019669,Total GHG,Europe,2854191.0,3.0363227337164893e-06
ALB,Albania,2020,7.9971952854319,Total GHG,Europe,2837849.0,2.818048206734009e-06
ALB,Albania,2021,8.4962829093712,Total GHG,Europe,2811666.0,3.0217966534329465e-06
ALB,Albania,2022,7.6976185509826,Total GHG,Europe,2777689.0,2.771231246904387e-06
ALB,Albania,2023,7.2612471504801,Total GHG,Europe,2745972.0,2.644326726740149e-06
ALB,Albania,2024,7.1243105671217,Total GHG,Europe,2714617.0,2.6244256803525874e-06
ANT,Curaçao,1970,15.07502611497,Total GHG,South America,,
ANT,Curaçao,1971,15.075833531431,Total GHG,South America,,
ANT,Curaçao,1972,14.652024309843,Total GHG,South America,,
ANT,Curaçao,1973,16.202904861149,Total GHG,South America,,
ANT,Curaçao,1974,14.668967087429,Total GHG,South America,,
ANT,Curaçao,1975,10.582464525703,Total GHG,South America,,
ANT,Curaçao,1976,11.256721231434,Total GHG,South America,,
ANT,Curaçao,1977,11.392973622239,Total GHG,South America,,
ANT,Curaçao,1978,9.6800372927617,Total GHG,South America,,
ANT,Curaçao,1979,9.5753811572272,Total GHG,South America,,
ANT,Curaçao,1980,9.0845264500638,Total GHG,South America,,
ANT,Curaçao,1981,8.4201075527439,Total GHG,South America,,
ANT,Curaçao,1982,7.6430591822289,Total GHG,South America,,
ANT,Curaçao,1983,7.1771268419065,Total GHG,South America,,
ANT,Curaçao,1984,7.0013289792823,Total GHG,South America,,
ANT,Curaçao,1985,4.6862653683326,Total GHG,South America,,
ANT,Curaçao,1986,4.474399004972,Total GHG,South America,,
ANT,Curaçao,1987,4.1537184995945,Total GHG,South America,,
ANT,Curaçao,1988,3.6458455866317,Total GHG,South America,,
ANT,Curaçao,1989,3.1335719743553,Total GHG,South America,,
ANT,Curaçao,1990,2.8440708178238,Total GHG,South America,,
ANT,Curaçao,1991,2.9467087818929,Total GHG,South America,,
ANT,Curaçao,1992,3.0806151716391,Total GHG,South America,,
ANT,Curaçao,1993,2.5576695145967,Total GHG,South America,,
ANT,Curaçao,1994,2.8659633732424,Total GHG,South America,,
ANT,Curaçao,1995,2.8727152719324,Total GHG,South America,,
ANT,Curaçao,1996,2.9027217544292,Total GHG,South America,,
ANT,Curaçao,1997,5.5237336210845,Total GHG,South America,,
ANT,Curaçao,1998,5.712968863836,Total GHG,South America,,
ANT,Curaçao,1999,5.6638057995268,Total GHG,South America,,
ANT,Curaçao,2000,5.8861424369801,Total GHG,South America,,
ANT,Curaçao,2001,5.8853413593818,Total GHG,South America,,
ANT,Curaçao,2002,5.6254343217576,Total GHG,South America,,
ANT,Curaçao,2003,5.6363745444351,Total GHG,South America,,
ANT,Curaçao,2004,5.8551906979961,Total GHG,South America,,
ANT,Curaçao,2005,6.1380761277358,Total GHG,South America,,
ANT,Curaçao,2006,5.9961158288398,Total GHG,South America,,
ANT,Curaçao,2007,6.483448643498,Total GHG,South America,,
ANT,Curaçao,2008,6.4160381604317,Total GHG,South America,,
ANT,Curaçao,2009,6.0842401627396,Total GHG,South America,,
ANT,Curaçao,2010,4.4403869372282,Total GHG,South America,,
ANT,Curaçao,2011,5.7135142519207,Total GHG,South America,,
ANT,Curaçao,2012,5.8003136240628,Total GHG,South America,,
ANT,Curaçao,2013,5.3301914308806,Total GHG,South America,,
ANT,Curaçao,2014,5.8713775695455,Total GHG,South America,,
ANT,Curaçao,2015,5.9369467262092,Total GHG,South America,,
ANT,Curaçao,2016,5.1617289447695,Total GHG,South America,,
ANT,Curaçao,2017,4.161296735615,Total GHG,South America,,
ANT,Curaçao,2018,3.3689648128614,Total GHG,South America,,
ANT,Curaçao,2019,2.6105129067609,Total GHG,South America,,
ANT,Curaçao,2020,2.1936295977255,Total GHG,South America,,
ANT,Curaçao,2021,2.3337414590687,Total GHG,South America,,
ANT,Curaçao,2022,2.4101833527464,Total GHG,South America,,
ANT,Curaçao,2023,2.4044571947322,Total GHG,South America,,
ANT,Curaçao,2024,2.4926653897091,Total GHG,South America,,
ARE,United Arab Emirates,1970,29.772724712117,Total GHG,Asia,286536.0,0.00010390570368860108
ARE,United Arab Emirates,1971,35.818424158716,Total GHG,Asia,335027.0,0.00010691205233821751
ARE,United Arab Emirates,1972,39.481944594093,Total GHG,Asia,385014.0,0.00010254677646551294
ARE,United Arab Emirates,1973,50.687408416058,Total GHG,Asia,436399.0,0.00011614923135950815
ARE,United Arab Emirates,1974,52.212710603362,Total GHG,Asia,489087.0,0.00010675546600781047
ARE,United Arab Emirates,1975,53.081229552734,Total GHG,Asia,542856.0,9.778141818960093e-05
ARE,United Arab Emirates,1976,64.346586703677,Total GHG,Asia,615866.0,0.00010448147276140753
ARE,United Arab Emirates,1977,65.392842333725,Total GHG,Asia,710209.0,9.20754909241153e-05
ARE,United Arab Emirates,1978,70.912594685163,Total GHG,Asia,809274.0,8.762495111070293e-05
ARE,United Arab Emirates,1979,56.386016771071,Total GHG,Asia,912010.0,6.182609485759037e-05
ARE,United Arab Emirates,1980,58.818566909076,Total GHG,Asia,1015700.0,5.7909389494019886e-05
ARE,United Arab Emirates,1981,53.927974092378,Total GHG,Asia,1099855.0,4.903189428822709e-05
ARE,United Arab Emirates,1982,51.923382082013,Total GHG,Asia,1166370.0,4.451707612679767e-05
ARE,United Arab Emirates,1983,49.799319505035,Total GHG,Asia,1235305.0,4.031337969573101e-05
ARE,United Arab Emirates,1984,63.011667195982,Total GHG,Asia,1305996.0,4.8247978704362034e-05
ARE,United Arab Emirates,1985,65.14751563746,Total GHG,Asia,1377911.0,4.727991549342447e-05
ARE,United Arab Emirates,1986,65.140594641843,Total GHG,Asia,1467383.0,4.4392360168983143e-05
ARE,United Arab Emirates,1987,68.730057526574,Total GHG,Asia,1574244.0,4.3659088125204227e-05
ARE,United Arab Emirates,1988,68.144866045498,Total GHG,Asia,1681788.0,4.051929615712444e-05
ARE,United Arab Emirates,1989,77.133195236662,Total GHG,Asia,1789851.0,4.30947577405393e-05
ARE,United Arab Emirates,1990,79.503672398918,Total GHG,Asia,1898220.0,4.188327612127045e-05
ARE,United Arab Emirates,1991,87.88721719092,Total GHG,Asia,2006626.0,4.379850415120705e-05
ARE,United Arab Emirates,1992,87.420938999746,Total GHG,Asia,2114730.0,4.133905463096755e-05
ARE,United Arab Emirates,1993,94.052920285092,Total GHG,Asia,2222093.0,4.232627540120598e-05
ARE,United Arab Emirates,1994,98.940663766675,Total GHG,Asia,2328188.0,4.2496853246677246e-05
ARE,United Arab Emirates,1995,103.98452467605,Total GHG,Asia,2434662.0,4.2710045450271946e-05
ARE,United Arab Emirates,1996,109.08385700967,Total GHG,Asia,2597564.0,4.199467539959362e-05
ARE,United Arab Emirates,1997,110.86928855437,Total GHG,Asia,2817410.0,3.9351492524825994e-05
ARE,United Arab Emirates,1998,111.93719231514,Total GHG,Asia,3040421.0,3.681634626097504e-05
ARE,United Arab Emirates,1999,114.68855924095,Total GHG,Asia,3266009.0,3.511581236945458e-05
ARE,United Arab Emirates,2000,117.22602166017,Total GHG,Asia,3493575.0,3.355474597229772e-05
ARE,United Arab Emirates,2001,129.74346713382,Total GHG,Asia,3723590.0,3.484365011556589e-05
ARE,United Arab Emirates,2002,131.31441845415,Total GHG,Asia,3956826.0,3.318680640850773e-05
ARE,United Arab Emirates,2003,139.41055000609,Total GHG,Asia,4192457.0,3.325270837747173e-05
ARE,United Arab Emirates,2004,146.05180828036,Total GHG,Asia,4428967.0,3.297649503379908e-05
ARE,United Arab Emirates,2005,155.51923290448,Total GHG,Asia,4664790.0,3.333895693149745e-05
ARE,United Arab Emirates,2006,162.32498210109,Total GHG,Asia,5009100.0,3.2406017468425463e-05
ARE,United Arab Emirates,2007,172.83580578118,Total GHG,Asia,5624635.0,3.072835940130871e-05
ARE,United Arab Emirates,2008,200.39141813479,Total GHG,Asia,6302664.0,3.179471698551438e-05
ARE,United Arab Emirates,2009,201.4993130935,Total GHG,Asia,6707058.0,3.004287619005233e-05
ARE,United Arab Emirates,2010,209.69325990118,Total GHG,Asia,6869838.0,3.05237561498801e-05
ARE,United Arab Emirates,2011,217.38200154843,Total GHG,Asia,7104538.0,3.059762669274624e-05
ARE,United Arab Emirates,2012,226.7172740012,Total GHG,Asia,7391448.0,3.067291740416763e-05
ARE,United Arab Emirates,2013,238.5774506472,Total GHG,Asia,7693031.0,3.101215251143535e-05
ARE,United Arab Emirates,2014,242.04974213197,Total GHG,Asia,8059440.0,3.003307204122991e-05
ARE,United Arab Emirates,2015,254.20725548047,Total GHG,Asia,8505237.0,2.988832121673623e-05
ARE,United Arab Emirates,2016,262.18945675797,Total GHG,Asia,8935095.0,2.9343779417898746e-05
ARE,United Arab Emirates,2017,254.2672090996,Total GHG,Asia,9223225.0,2.7568145534734326e-05
ARE,United Arab Emirates,2018,238.77950243206,Total GHG,Asia,9346701.0,2.5546928529334576e-05
ARE,United Arab Emirates,2019,251.89382791671,Total GHG,Asia,9445785.0,2.6667325999555358e-05
ARE,United Arab Emirates,2020,249.74903598251,Total GHG,Asia,9401038.0,2.6566112803980796e-05
ARE,United Arab Emirates,2021,255.3524567284,Total GHG,Asia,9575152.0,2.6668240538468737e-05
ARE,United Arab Emirates,2022,255.59272957856,Total GHG,Asia,10074977.0,2.536906333171381e-05
ARE,United Arab Emirates,2023,254.30732072143,Total GHG,Asia,10483751.0,2.425728355446729e-05
ARE,United Arab Emirates,2024,264.1483737417,Total GHG,Asia,10876981.0,2.4285081838581866e-05
ARG,Argentina,1970,219.21390453776,Total GHG,South America,23878327.0,9.18045491787427e-06
ARG,Argentina,1971,222.45663518861,Total GHG,South America,24257208.0,9.170743606956332e-06
ARG,Argentina,1972,229.45163059467,Total GHG,South America,24644328.0,9.310524944915115e-06
ARG,Argentina,1973,237.34248724262,Total GHG,South America,25046005.0,9.476261273708922e-06
ARG,Argentina,1974,237.65775851249,Total GHG,South America,25461351.0,9.334059237959919e-06
ARG,Argentina,1975,238.17304847235,Total GHG,South America,25874107.0,9.205073182713127e-06
ARG,Argentina,1976,246.59469820565,Total GHG,South America,26282283.0,9.382544819475919e-06
ARG,Argentina,1977,257.13517088771,Total GHG,South America,26701805.0,9.629879736134317e-06
ARG,Argentina,1978,249.82518974752,Total GHG,South America,27132158.0,9.207715425640674e-06
ARG,Argentina,1979,255.67988578956,Total GHG,South America,27568895.0,9.274215952056113e-06
ARG,Argentina,1980,251.05589691492,Total GHG,South America,28011596.0,8.96257024822577e-06
ARG,Argentina,1981,245.25326587012,Total GHG,South America,28463959.0,8.61627385951898e-06
ARG,Argentina,1982,242.02525752296,Total GHG,South America,28924262.0,8.36755169493901e-06
ARG,Argentina,1983,248.11449413766,Total GHG,South America,29391332.0,8.441757390840946e-06
ARG,Argentina,1984,249.34105385443,Total GHG,South America,29863093.0,8.349471833156397e-06
ARG,Argentina,1985,240.93734803168,Total GHG,South America,30336441.0,7.942175815273782e-06
ARG,Argentina,1986,246.74146441886,Total GHG,South America,30811980.0,8.007971718106399e-06
ARG,Argentina,1987,250.85546355139,Total GHG,South America,31291762.0,8.016661495488493e-06
ARG,Argentina,1988,259.32664136893,Total GHG,South America,31780532.0,8.159921343322068e-06
ARG,Argentina,1989,258.51075951609,Total GHG,South America,32270948.0,8.010634193829384e-06
ARG,Argentina,1990,253.06522146757,Total GHG,South America,32755901.0,7.725790277225775e-06
ARG,Argentina,1991,256.9098521839,Total GHG,South America,33230294.0,7.731194078027117e-06
ARG,Argentina,1992,258.91468123194,Total GHG,South America,33693527.0,7.684404224940297e-06
ARG,Argentina,1993,260.77742710194,Total GHG,South America,34152717.0,7.635627557887708e-06
ARG,Argentina,1994,266.29932071482,Total GHG,South America,34613491.0,7.693512356636319e-06
ARG,Argentina,1995,269.11983443616,Total GHG,South America,35070020.0,7.673786169387985e-06
ARG,Argentina,1996,276.37382208733,Total GHG,South America,35513793.0,7.78215444594527e-06
ARG,Argentina,1997,281.28568712145,Total GHG,South America,35947791.0,7.82483928209803e-06
ARG,Argentina,1998,285.1706680227,Total GHG,South America,36372860.0,7.84020470270141e-06
ARG,Argentina,1999,291.77016398143,Total GHG,South America,36794682.0,7.929682990097048e-06
ARG,Argentina,2000,288.44532743907,Total GHG,South America,37213984.0,7.750992944992667e-06
ARG,Argentina,2001,285.50069655993,Total GHG,South America,37624825.0,7.588093673789314e-06
ARG,Argentina,2002,284.54133535089,Total GHG,South America,38029349.0,7.482151097324595e-06
ARG,Argentina,2003,305.89949656291,Total GHG,South America,38424282.0,7.961098572067267e-06
ARG,Argentina,2004,324.6532995456,Total GHG,South America,38815916.0,8.363922148471262e-06
ARG,Argentina,2005,329.38456757398,Total GHG,South America,39216789.0,8.399070295479316e-06
ARG,Argentina,2006,342.68152704837,Total GHG,South America,39622115.0,8.648743941315854e-06
ARG,Argentina,2007,354.36305793046,Total GHG,South America,40016763.0,8.855365386012358e-06
ARG,Argentina,2008,357.01589729525,Total GHG,South America,40424148.0,8.831748223741166e-06
ARG,Argentina,2009,333.4521471041,Total GHG,South America,40854831.0,8.161878018883495e-06
ARG,Argentina,2010,337.31050946061,Total GHG,South America,41288694.0,8.169561126360887e-06
ARG,Argentina,2011,343.82549654953,Total GHG,South America,41730660.0,8.239157888936575e-06
ARG,Argentina,2012,351.325161647,Total GHG,South America,42161721.0,8.332799357194171e-06
ARG,Argentina,2013,360.02368212078,Total GHG,South America,42582455.0,8.454742266991887e-06
ARG,Argentina,2014,359.81270629699,Total GHG,South America,43024071.0,8.363055794905833e-06
ARG,Argentina,2015,366.04081420398,Total GHG,South America,43477012.0,8.419180559233924e-06
ARG,Argentina,2016,369.18272108148,Total GHG,South America,43900313.0,8.409569222922853e-06
ARG,Argentina,2017,372.69642735553,Total GHG,South America,44288894.0,8.415121573266878e-06
ARG,Argentina,2018,372.51051459041,Total GHG,South America,44654882.0,8.341988555482243e-06
ARG,Argentina,2019,369.60200289539,Total GHG,South America,44973465.0,8.21822385478615e-06
ARG,Argentina,2020,354.15827230152,Total GHG,South America,45191965.0,7.836753110901906e-06
ARG,Argentina,2021,371.31818034915,Total GHG,South America,45312281.0,8.194647723630377e-06
ARG,Argentina,2022,383.5353557076,Total GHG,South America,45407904.0,8.4464448239584e-06
ARG,Argentina,2023,377.67454464453,Total GHG,South America,45538401.0,8.293539877356037e-06
ARG,Argentina,2024,374.34460684858,Total GHG,South America,45696159.0,8.19203659652401e-06
ARM,Armenia,1970,12.65996279803,Total GHG,Asia,2475633.0,5.11382858365113e-06
ARM,Armenia,1971,12.821225568588,Total GHG,Asia,2525345.0,5.077019404710248e-06
ARM,Armenia,1972,13.627031629655,Total GHG,Asia,2577079.0,5.287781876168717e-06
ARM,Armenia,1973,14.656715551793,Total GHG,Asia,2630860.0,5.571073927078218e-06
ARM,Armenia,1974,15.676470868356,Total GHG,Asia,2686445.0,5.8353961716528725e-06
ARM,Armenia,1975,16.932560615161,Total GHG,Asia,2743660.0,6.171522934751756e-06
ARM,Armenia,1976,17.368689451222,Total GHG,Asia,2818165.0,6.1631201335698935e-06
ARM,Armenia,1977,17.966635576593,Total GHG,Asia,2912827.0,6.168109392213475e-06
ARM,Armenia,1978,18.653523463776,Total GHG,Asia,3012807.0,6.191410025194445e-06
ARM,Armenia,1979,19.305247149897,Total GHG,Asia,3078501.0,6.270989403575636e-06
ARM,Armenia,1980,20.42429598525,Total GHG,Asia,3107415.0,6.572760955730085e-06
ARM,Armenia,1981,20.861259253194,Total GHG,Asia,3135349.0,6.6535684713867576e-06
ARM,Armenia,1982,21.444297953741,Total GHG,Asia,3163144.0,6.779425139589282e-06
ARM,Armenia,1983,21.510319914412,Total GHG,Asia,3191539.0,6.7397954135644285e-06
ARM,Armenia,1984,21.555064574902,Total GHG,Asia,3224547.0,6.684679917799927e-06
ARM,Armenia,1985,21.612983150588,Total GHG,Asia,3260432.0,6.628871005617661e-06
ARM,Armenia,1986,21.844787102104,Total GHG,Asia,3294847.0,6.629985277648401e-06
ARM,Armenia,1987,22.096893025559,Total GHG,Asia,3328520.0,6.6386541242230785e-06
ARM,Armenia,1988,22.025992060558,Total GHG,Asia,3355125.0,6.5648797170173985e-06
ARM,Armenia,1989,21.634014337678,Total GHG,Asia,3443100.0,6.283295384298452e-06
ARM,Armenia,1990,24.306832334558,Total GHG,Asia,3552128.0,6.842893143084371e-06
ARM,Armenia,1991,24.869458844378,Total GHG,Asia,3613977.0,6.881465721662866e-06
ARM,Armenia,1992,14.0199011444,Total GHG,Asia,3571861.0,3.925097069678803e-06
ARM,Armenia,1993,7.6785633721258,Total GHG,Asia,3453332.0,2.2235230705086564e-06
ARM,Armenia,1994,5.2809225985126,Total GHG,Asia,3364610.0,1.569549694767774e-06
ARM,Armenia,1995,5.960355588289,Total GHG,Asia,3307581.0,1.8020286089105603e-06
ARM,Armenia,1996,5.001173987177,Total GHG,Asia,3278735.0,1.525336444444885e-06
ARM,Armenia,1997,5.702818897737,Total GHG,Asia,3246289.0,1.7567194102980357e-06
ARM,Armenia,1998,5.7266425678223,Total GHG,Asia,3208401.0,1.78488990865615e-06
ARM,Armenia,1999,5.3527584366019,Total GHG,Asia,3167286.0,1.6900142382474775e-06
ARM,Armenia,2000,5.8624767057011,Total GHG,Asia,3221100.0,1.8200231926053522e-06
ARM,Armenia,2001,5.9983794418202,Total GHG,Asia,3211800.0,1.867606775583847e-06
ARM,Armenia,2002,5.5471873248885,Total GHG,Asia,3199800.0,1.7336043893019877e-06
ARM,Armenia,2003,5.9939654232972,Total GHG,Asia,3182500.0,1.8834141157257502e-06
ARM,Armenia,2004,6.4778987621579,Total GHG,Asia,3164900.0,2.046794136357515e-06
ARM,Armenia,2005,7.22003180908,Total GHG,Asia,3146400.0,2.2946961000127128e-06
ARM,Armenia,2006,7.18926183286,Total GHG,Asia,3127100.0,2.2990188458507883e-06
ARM,Armenia,2007,8.1343789849869,Total GHG,Asia,3107400.0,2.6177444117226303e-06
ARM,Armenia,2008,8.6113741149986,Total GHG,Asia,3087100.0,2.7894704139803054e-06
ARM,Armenia,2009,7.3395963175701,Total GHG,Asia,3066000.0,2.3938670311709393e-06
ARM,Armenia,2010,7.0714426791935,Total GHG,Asia,3044800.0,2.3224654096142602e-06
ARM,Armenia,2011,7.6980368916612,Total GHG,Asia,3027900.0,2.5423682722881205e-06
ARM,Armenia,2012,8.5676428946668,Total GHG,Asia,3024100.0,2.8331215550632585e-06
ARM,Armenia,2013,8.6110695948695,Total GHG,Asia,3022000.0,2.849460488044176e-06
ARM,Armenia,2014,8.9684956588992,Total GHG,Asia,3013800.0,2.9758098277587104e-06
ARM,Armenia,2015,8.8965283311445,Total GHG,Asia,3004600.0,2.96096929080227e-06
ARM,Armenia,2016,8.7313130572345,Total GHG,Asia,2992300.0,2.9179270317931023e-06
ARM,Armenia,2017,8.9353274636354,Total GHG,Asia,2979400.0,2.99903586750198e-06
ARM,Armenia,2018,9.0795484439027,Total GHG,Asia,2969000.0,3.0581166870672617e-06
ARM,Armenia,2019,9.5602776177122,Total GHG,Asia,2962500.0,3.2270979300294347e-06
ARM,Armenia,2020,10.28177646652,Total GHG,Asia,2961500.0,3.4718137654972145e-06
ARM,Armenia,2021,10.908034824019,Total GHG,Asia,2962300.0,3.6822856645238496e-06
ARM,Armenia,2022,11.221545290367,Total GHG,Asia,2969200.0,3.7793160751606495e-06
ARM,Armenia,2023,10.725980572744,Total GHG,Asia,2964300.0,3.6183856467779915e-06
ARM,Armenia,2024,10.780575284995,Total GHG,Asia,3033500.0,3.553840542276249e-06
ATG,Antigua and Barbuda,1970,0.15870698345692,Total GHG,North America,64528.0,2.4595056945344655e-06
ATG,Antigua and Barbuda,1971,0.16519267823261,Total GHG,North America,64729.0,2.552065970934357e-06
ATG,Antigua and Barbuda,1972,0.18622562665901,Total GHG,North America,64615.0,2.8820804249633984e-06
ATG,Antigua and Barbuda,1973,0.18780436281981,Total GHG,North America,64342.0,2.918845587948929e-06
ATG,Antigua and Barbuda,1974,0.17375397963571,Total GHG,North America,64058.0,2.7124477760109586e-06
ATG,Antigua and Barbuda,1975,0.19834187047379,Total GHG,North America,63839.0,3.1069075404343743e-06
ATG,Antigua and Barbuda,1976,0.18636093994366,Total GHG,North America,63762.0,2.922758695518647e-06
ATG,Antigua and Barbuda,1977,0.20030133675069,Total GHG,North America,63862.0,3.1364714031926654e-06
ATG,Antigua and Barbuda,1978,0.20528710045565,Total GHG,North America,64038.0,3.2057075557582995e-06
ATG,Antigua and Barbuda,1979,0.21072653587923,Total GHG,North America,64274.0,3.2785657634382488e-06
ATG,Antigua and Barbuda,1980,0.2141356806244,Total GHG,North America,64513.0,3.3192640339838483e-06
ATG,Antigua and Barbuda,1981,0.1974583572259,Total GHG,North America,64665.0,3.0535584508760533e-06
ATG,Antigua and Barbuda,1982,0.23136896602185,Total GHG,North America,64785.0,3.5713354329219727e-06
ATG,Antigua and Barbuda,1983,0.1679923270961,Total GHG,North America,64934.0,2.5871242661179044e-06
ATG,Antigua and Barbuda,1984,0.1874022209156,Total GHG,North America,64882.0,2.8883545654511263e-06
ATG,Antigua and Barbuda,1985,0.19161514932803,Total GHG,North America,64591.0,2.966592084470437e-06
ATG,Antigua and Barbuda,1986,0.19756304613926,Total GHG,North America,64276.0,3.0736674052408366e-06
ATG,Antigua and Barbuda,1987,0.23303856433153,Total GHG,North America,63946.0,3.644302447870547e-06
ATG,Antigua and Barbuda,1988,0.24459228326152,Total GHG,North America,63623.0,3.844400346753847e-06
ATG,Antigua and Barbuda,1989,0.24431006248012,Total GHG,North America,63325.0,3.858034938493802e-06
ATG,Antigua and Barbuda,1990,0.24662032986846,Total GHG,North America,63066.0,3.910511684084293e-06
ATG,Antigua and Barbuda,1991,0.24825501810854,Total GHG,North America,63387.0,3.916497359214665e-06
ATG,Antigua and Barbuda,1992,0.24995845737009,Total GHG,North America,64404.0,3.881101443545277e-06
ATG,Antigua and Barbuda,1993,0.24708373338191,Total GHG,North America,65587.0,3.7672668879794777e-06
ATG,Antigua and Barbuda,1994,0.26374733746308,Total GHG,North America,66843.0,3.94577349106234e-06
ATG,Antigua and Barbuda,1995,0.27279360511108,Total GHG,North America,68189.0,4.000551483539573e-06
ATG,Antigua and Barbuda,1996,0.27128978971261,Total GHG,North America,69612.0,3.897169880374216e-06
ATG,Antigua and Barbuda,1997,0.28311963141196,Total GHG,North America,71053.0,3.9846260032927536e-06
ATG,Antigua and Barbuda,1998,0.28869955280911,Total GHG,North America,72412.0,3.986902071605674e-06
ATG,Antigua and Barbuda,1999,0.29223153089096,Total GHG,North America,73666.0,3.966979758517634e-06
ATG,Antigua and Barbuda,2000,0.22542416170431,Total GHG,North America,74912.0,3.009186267945189e-06
ATG,Antigua and Barbuda,2001,0.22287634600222,Total GHG,North America,76069.0,2.929923437960536e-06
ATG,Antigua and Barbuda,2002,0.24070309409146,Total GHG,North America,77032.0,3.1247156258627587e-06
ATG,Antigua and Barbuda,2003,0.25508573842032,Total GHG,North America,77884.0,3.2752007911807306e-06
ATG,Antigua and Barbuda,2004,0.25875799261609,Total GHG,North America,78719.0,3.2871097526148706e-06
ATG,Antigua and Barbuda,2005,0.26519152520914,Total GHG,North America,79611.0,3.3310914975209457e-06
ATG,Antigua and Barbuda,2006,0.28869655200843,Total GHG,North America,80604.0,3.581665326887375e-06
ATG,Antigua and Barbuda,2007,0.30700016378066,Total GHG,North America,81704.0,3.757467979299177e-06
ATG,Antigua and Barbuda,2008,0.3227411578867,Total GHG,North America,82912.0,3.892574752589492e-06
ATG,Antigua and Barbuda,2009,0.35736821254483,Total GHG,North America,84173.0,4.24563948706628e-06
ATG,Antigua and Barbuda,2010,0.34738744250501,Total GHG,North America,85320.0,4.07158277666444e-06
ATG,Antigua and Barbuda,2011,0.27968214037708,Total GHG,North America,86332.0,3.2396115041592923e-06
ATG,Antigua and Barbuda,2012,0.29398703258385,Total GHG,North America,87260.0,3.3690927410480173e-06
ATG,Antigua and Barbuda,2013,0.32736605908619,Total GHG,North America,88064.0,3.7173653148413654e-06
ATG,Antigua and Barbuda,2014,0.34774555825121,Total GHG,North America,88765.0,3.917597682095533e-06
ATG,Antigua and Barbuda,2015,0.35929734203255,Total GHG,North America,89409.0,4.018581373603888e-06
ATG,Antigua and Barbuda,2016,0.38416016361128,Total GHG,North America,89969.0,4.26991701154042e-06
ATG,Antigua and Barbuda,2017,0.3461337803687,Total GHG,North America,90468.0,3.826035508342177e-06
ATG,Antigua and Barbuda,2018,0.35569091905981,Total GHG,North America,90926.0,3.9118725013726545e-06
ATG,Antigua and Barbuda,2019,0.40990747243611,Total GHG,North America,91364.0,4.4865315927073026e-06
ATG,Antigua and Barbuda,2020,0.39310344165528,Total GHG,North America,91846.0,4.280027890765847e-06
ATG,Antigua and Barbuda,2021,0.39907232418691,Total GHG,North America,92349.0,4.321349708030515e-06
ATG,Antigua and Barbuda,2022,0.41119534532045,Total GHG,North America,92840.0,4.429075240418462e-06
ATG,Antigua and Barbuda,2023,0.41508311176289,Total GHG,North America,93316.0,4.44814513869958e-06
ATG,Antigua and Barbuda,2024,0.42685099843391,Total GHG,North America,93772.0,4.5520091118234654e-06
AUS,Australia,1970,315.67047762393,Total GHG,Oceania,12507000.0,2.5239504087625334e-05
AUS,Australia,1971,321.95287688559,Total GHG,Oceania,12937000.0,2.4886208308386025e-05
AUS,Australia,1972,334.10900752959,Total GHG,Oceania,13177000.0,2.535546843208545e-05
AUS,Australia,1973,341.39326889185,Total GHG,Oceania,13380000.0,2.5515191994906578e-05
AUS,Australia,1974,355.86277452432,Total GHG,Oceania,13723000.0,2.59318497795176e-05
AUS,Australia,1975,365.18799158116,Total GHG,Oceania,13893000.0,2.628575481041964e-05
AUS,Australia,1976,368.281167815,Total GHG,Oceania,14033000.0,2.6243936992446376e-05
AUS,Australia,1977,374.81166064544,Total GHG,Oceania,14192000.0,2.641006627997745e-05
AUS,Australia,1978,365.74205125789,Total GHG,Oceania,14358000.0,2.547304995527859e-05
AUS,Australia,1979,369.74971369167,Total GHG,Oceania,14514000.0,2.5475383332759408e-05
AUS,Australia,1980,376.85463269353,Total GHG,Oceania,14692000.0,2.5650328933673427e-05
AUS,Australia,1981,380.09605535593,Total GHG,Oceania,14923260.0,2.5470041757359318e-05
AUS,Australia,1982,388.58802289465,Total GHG,Oceania,15184247.0,2.5591524090371422e-05
AUS,Australia,1983,376.04716722033,Total GHG,Oceania,15393472.0,2.442900258111555e-05
AUS,Australia,1984,390.32641686408,Total GHG,Oceania,15579391.0,2.505402277047158e-05
AUS,Australia,1985,403.35708574792,Total GHG,Oceania,15788312.0,2.5547828402929964e-05
AUS,Australia,1986,408.6140189778,Total GHG,Oceania,16018350.0,2.550912041363811e-05
AUS,Australia,1987,419.1159162527,Total GHG,Oceania,16263874.0,2.5769746879046162e-05
AUS,Australia,1988,429.70916874346,Total GHG,Oceania,16532164.0,2.5992312243180023e-05
AUS,Australia,1989,451.01028856473,Total GHG,Oceania,16814416.0,2.682283396370888e-05
AUS,Australia,1990,460.69991121873,Total GHG,Oceania,17065128.0,2.6996569332426337e-05
AUS,Australia,1991,463.50767747339,Total GHG,Oceania,17284036.0,2.6817097434499096e-05
AUS,Australia,1992,465.52361344306,Total GHG,Oceania,17478635.0,2.6633865484522104e-05
AUS,Australia,1993,470.05982406849,Total GHG,Oceania,17634808.0,2.665522777840791e-05
AUS,Australia,1994,474.14605631753,Total GHG,Oceania,17805468.0,2.6629238631499603e-05
AUS,Australia,1995,482.2439360232,Total GHG,Oceania,18004882.0,2.6784065345343556e-05
AUS,Australia,1996,495.3143152131,Total GHG,Oceania,18224767.0,2.7178087665707877e-05
AUS,Australia,1997,508.10791338902,Total GHG,Oceania,18423037.0,2.758003001291372e-05
AUS,Australia,1998,529.15686284128,Total GHG,Oceania,18607584.0,2.8437698458933735e-05
AUS,Australia,1999,535.80850518779,Total GHG,Oceania,18812264.0,2.84818725267618e-05
AUS,Australia,2000,545.7081563403,Total GHG,Oceania,19028802.0,2.8678009069635595e-05
AUS,Australia,2001,555.24698943247,Total GHG,Oceania,19274701.0,2.880703516139991e-05
AUS,Australia,2002,564.95228992365,Total GHG,Oceania,19495210.0,2.897903074261062e-05
AUS,Australia,2003,553.80864331105,Total GHG,Oceania,19720737.0,2.8082553066401626e-05
AUS,Australia,2004,575.6458189302,Total GHG,Oceania,19932722.0,2.887943848964532e-05
AUS,Australia,2005,577.2283023703,Total GHG,Oceania,20176844.0,2.860845345140697e-05
AUS,Australia,2006,584.42883934315,Total GHG,Oceania,20450966.0,2.857707745165436e-05
AUS,Australia,2007,592.23531046011,Total GHG,Oceania,20827622.0,2.843509021145621e-05
AUS,Australia,2008,590.4227159003,Total GHG,Oceania,21249199.0,2.7785645750708063e-05
AUS,Australia,2009,597.63173305717,Total GHG,Oceania,21691653.0,2.755123056122878e-05
AUS,Australia,2010,598.75253711609,Total GHG,Oceania,22031750.0,2.717680334590262e-05
AUS,Australia,2011,610.73500026582,Total GHG,Oceania,22340024.0,2.7338153274402032e-05
AUS,Australia,2012,614.85106164754,Total GHG,Oceania,22733465.0,2.704607773815122e-05
AUS,Australia,2013,604.92496641787,Total GHG,Oceania,23128129.0,2.6155378431946224e-05
AUS,Australia,2014,597.20025034585,Total GHG,Oceania,23475686.0,2.543909687435119e-05
AUS,Australia,2015,600.75015979938,Total GHG,Oceania,23815995.0,2.522465090370484e-05
AUS,Australia,2016,595.96812484303,Total GHG,Oceania,24190907.0,2.4636038857204898e-05
AUS,Australia,2017,612.94252351322,Total GHG,Oceania,24592588.0,2.4923872327435402e-05
AUS,Australia,2018,608.06561376246,Total GHG,Oceania,24963258.0,2.4358423638551505e-05
AUS,Australia,2019,605.15397736552,Total GHG,Oceania,25334826.0,2.3886249598300773e-05
AUS,Australia,2020,579.54744945301,Total GHG,Oceania,25649248.0,2.2595104911185313e-05
AUS,Australia,2021,576.18905701419,Total GHG,Oceania,25685412.0,2.2432540969722036e-05
AUS,Australia,2022,571.78075901171,Total GHG,Oceania,26014399.0,2.197939529610928e-05
AUS,Australia,2023,587.51310255114,Total GHG,Oceania,26652777.0,2.2043222833821032e-05
AUS,Australia,2024,591.45396067192,Total GHG,Oceania,27204809.0,2.174078710392416e-05
AUT,Austria,1970,71.600929431814,Total GHG,Europe,7467086.0,9.588871673878404e-06
AUT,Austria,1971,74.756629646309,Total GHG,Europe,7500482.0,9.966910079420095e-06
AUT,Austria,1972,76.959566285279,Total GHG,Europe,7544201.0,1.0201155335771011e-05
AUT,Austria,1973,80.722512906016,Total GHG,Europe,7586115.0,1.064082378213565e-05
AUT,Austria,1974,78.48430076392,Total GHG,Europe,7599038.0,1.0328189010756362e-05
AUT,Austria,1975,75.959941643993,Total GHG,Europe,7578903.0,1.0022550973932904e-05
AUT,Austria,1976,81.413283821649,Total GHG,Europe,7565525.0,1.0761088466649571e-05
AUT,Austria,1977,78.809775897991,Total GHG,Europe,7568430.0,1.0412962252143576e-05
AUT,Austria,1978,80.822173833009,Total GHG,Europe,7562305.0,1.0687505176399127e-05
AUT,Austria,1979,83.513603259505,Total GHG,Europe,7549425.0,1.1062246894234329e-05
AUT,Austria,1980,81.639101643432,Total GHG,Europe,7549433.0,1.0813938165082331e-05
AUT,Austria,1981,77.96374261759,Total GHG,Europe,7568710.0,1.0300796650630027e-05
AUT,Austria,1982,75.79462662581,Total GHG,Europe,7574140.0,1.0007027415100591e-05
AUT,Austria,1983,75.668016868935,Total GHG,Europe,7561910.0,1.0006468850982754e-05
AUT,Austria,1984,78.136384180967,Total GHG,Europe,7561434.0,1.0333540460839439e-05
AUT,Austria,1985,79.520470113019,Total GHG,Europe,7564985.0,1.0511649410146748e-05
AUT,Austria,1986,77.951596481841,Total GHG,Europe,7569794.0,1.0297717016056315e-05
AUT,Austria,1987,78.109788255135,Total GHG,Europe,7574586.0,1.0312086793276227e-05
AUT,Austria,1988,76.930743190531,Total GHG,Europe,7585317.0,1.0142060403082825e-05
AUT,Austria,1989,76.216188459814,Total GHG,Europe,7619567.0,1.0002692864281396e-05
AUT,Austria,1990,80.177473147603,Total GHG,Europe,7677850.0,1.044269856113404e-05
AUT,Austria,1991,84.425637658903,Total GHG,Europe,7754891.0,1.0886760066505513e-05
AUT,Austria,1992,78.958630264187,Total GHG,Europe,7840709.0,1.0070343162102687e-05
AUT,Austria,1993,78.957073739824,Total GHG,Europe,7905633.0,9.987444868718797e-06
AUT,Austria,1994,79.396019930528,Total GHG,Europe,7936118.0,1.0004390046938313e-05
AUT,Austria,1995,82.278583704992,Total GHG,Europe,7948278.0,1.0351749612304954e-05
AUT,Austria,1996,86.278729406278,Total GHG,Europe,7959017.0,1.0840375062181423e-05
AUT,Austria,1997,85.490649603425,Total GHG,Europe,7968041.0,1.0729192985255096e-05
AUT,Austria,1998,85.618574675879,Total GHG,Europe,7976789.0,1.0733463637546262e-05
AUT,Austria,1999,83.55817602723,Total GHG,Europe,7992324.0,1.0454803387253821e-05
AUT,Austria,2000,83.681447056724,Total GHG,Europe,8011566.0,1.0445079907813777e-05
AUT,Austria,2001,88.575865769381,Total GHG,Europe,8042293.0,1.1013757614822165e-05
AUT,Austria,2002,90.362865145808,Total GHG,Europe,8081957.0,1.1180814887509053e-05
AUT,Austria,2003,95.153160788905,Total GHG,Europe,8121423.0,1.1716316314136697e-05
AUT,Austria,2004,95.934273345782,Total GHG,Europe,8171966.0,1.17394361828943e-05
AUT,Austria,2005,96.426707087273,Total GHG,Europe,8227829.0,1.1719580838064695e-05
AUT,Austria,2006,93.988559264152,Total GHG,Europe,8268641.0,1.1366869025291097e-05
AUT,Austria,2007,91.004822399421,Total GHG,Europe,8295487.0,1.0970401424222713e-05
AUT,Austria,2008,90.597590132794,Total GHG,Europe,8321496.0,1.0887175831460353e-05
AUT,Austria,2009,82.997006593206,Total GHG,Europe,8343323.0,9.947715867311621e-06
AUT,Austria,2010,89.121049972085,Total GHG,Europe,8363404.0,1.0656073767581359e-05
AUT,Austria,2011,87.329958577193,Total GHG,Europe,8391643.0,1.040677714449876e-05
AUT,Austria,2012,83.977444652649,Total GHG,Europe,8429991.0,9.96174784203791e-06
AUT,Austria,2013,84.490327154482,Total GHG,Europe,8479823.0,9.963689944292705e-06
AUT,Austria,2014,80.820636868119,Total GHG,Europe,8546356.0,9.456736516489484e-06
AUT,Austria,2015,82.26171288877,Total GHG,Europe,8642699.0,9.51805829275901e-06
AUT,Austria,2016,82.700769000088,Total GHG,Europe,8736668.0,9.465939303186065e-06
AUT,Austria,2017,84.857673908439,Total GHG,Europe,8797566.0,9.64558537082177e-06
AUT,Austria,2018,81.792608228701,Total GHG,Europe,8840521.0,9.252012209314474e-06
AUT,Austria,2019,83.134227923679,Total GHG,Europe,8879920.0,9.362046946783193e-06
AUT,Austria,2020,76.972656221693,Total GHG,Europe,8916864.0,8.632256387637291e-06
AUT,Austria,2021,80.078093887628,Total GHG,Europe,8955797.0,8.9414815775333e-06
AUT,Austria,2022,76.079223287114,Total GHG,Europe,9041851.0,8.414120436967387e-06
AUT,Austria,2023,71.596342390156,Total GHG,Europe,9131761.0,7.840365334808478e-06
AUT,Austria,2024,70.999903509698,Total GHG,Europe,9178482.0,7.735473415941546e-06
AZE,Azerbaijan,1970,32.540808660027,Total GHG,Asia,5172050.0,6.291665521413559e-06
AZE,Azerbaijan,1971,32.882048637825,Total GHG,Asia,5282950.0,6.224183200262164e-06
AZE,Azerbaijan,1972,34.727283689114,Total GHG,Asia,5391450.0,6.441176991183077e-06
AZE,Azerbaijan,1973,37.141717054703,Total GHG,Asia,5493900.0,6.7605375151901205e-06
AZE,Azerbaijan,1974,39.594698916532,Total GHG,Asia,5594100.0,7.077939063751453e-06
AZE,Azerbaijan,1975,42.361053174538,Total GHG,Asia,5689050.0,7.446068003364006e-06
AZE,Azerbaijan,1976,43.477241726432,Total GHG,Asia,5781000.0,7.52071297810621e-06
AZE,Azerbaijan,1977,44.804300933543,Total GHG,Asia,5876150.0,7.62477148022821e-06
AZE,Azerbaijan,1978,46.928439059885,Total GHG,Asia,5976150.0,7.852620677172595e-06
AZE,Azerbaijan,1979,48.480608198058,Total GHG,Asia,6071300.0,7.985210448842588e-06
AZE,Azerbaijan,1980,50.646925878427,Total GHG,Asia,6160500.0,8.221236243556042e-06
AZE,Azerbaijan,1981,51.895784698396,Total GHG,Asia,6257750.0,8.293042179440853e-06
AZE,Azerbaijan,1982,52.777358821835,Total GHG,Asia,6357550.0,8.301524773196435e-06
AZE,Azerbaijan,1983,53.806054766235,Total GHG,Asia,6459800.0,8.3293685201144e-06
AZE,Azerbaijan,1984,54.731391590533,Total GHG,Asia,6567850.0,8.333228010769582e-06
AZE,Azerbaijan,1985,55.577247984845,Total GHG,Asia,6670150.0,8.332233605667788e-06
AZE,Azerbaijan,1986,56.645981890689,Total GHG,Asia,6770300.0,8.366834836076541e-06
AZE,Azerbaijan,1987,57.721872857029,Total GHG,Asia,6875350.0,8.395481372879781e-06
AZE,Azerbaijan,1988,57.533399874343,Total GHG,Asia,6974600.0,8.248989171327818e-06
AZE,Azerbaijan,1989,57.607420152324,Total GHG,Asia,7076550.0,8.140608086189458e-06
AZE,Azerbaijan,1990,67.67339457151,Total GHG,Asia,7175200.0,9.431569095148568e-06
AZE,Azerbaijan,1991,65.863291776718,Total GHG,Asia,7271300.0,9.05798024792238e-06
AZE,Azerbaijan,1992,55.329235455359,Total GHG,Asia,7382050.0,7.495104402619733e-06
AZE,Azerbaijan,1993,49.015304760348,Total GHG,Asia,7494800.0,6.539908304470834e-06
AZE,Azerbaijan,1994,43.498253191519,Total GHG,Asia,7596550.0,5.726053694311102e-06
AZE,Azerbaijan,1995,42.671108442448,Total GHG,Asia,7684850.0,5.552627369753216e-06
AZE,Azerbaijan,1996,37.268979452994,Total GHG,Asia,7763000.0,4.800847539996651e-06
AZE,Azerbaijan,1997,36.555210831592,Total GHG,Asia,7838250.0,4.663695446252926e-06
AZE,Azerbaijan,1998,36.984582901395,Total GHG,Asia,7913000.0,4.673901541943005e-06
AZE,Azerbaijan,1999,37.96156907826,Total GHG,Asia,7982750.0,4.755450074004572e-06
AZE,Azerbaijan,2000,39.687771799907,Total GHG,Asia,8048600.0,4.93101555548878e-06
AZE,Azerbaijan,2001,39.027722930733,Total GHG,Asia,8111200.0,4.811584343960573e-06
AZE,Azerbaijan,2002,38.874515763668,Total GHG,Asia,8171950.0,4.757067256122223e-06
AZE,Azerbaijan,2003,41.690140689862,Total GHG,Asia,8234100.0,5.063108377340814e-06
AZE,Azerbaijan,2004,41.665368722754,Total GHG,Asia,8306500.0,5.015995753055318e-06
AZE,Azerbaijan,2005,44.539416467196,Total GHG,Asia,8391850.0,5.307460985026663e-06
AZE,Azerbaijan,2006,46.218149758188,Total GHG,Asia,8484550.0,5.44733070795599e-06
AZE,Azerbaijan,2007,46.628332996815,Total GHG,Asia,8581300.0,5.4337143552626055e-06
AZE,Azerbaijan,2008,51.141854431772,Total GHG,Asia,8763400.0,5.835846182049433e-06
AZE,Azerbaijan,2009,45.504918688916,Total GHG,Asia,8947243.0,5.085915146030571e-06
AZE,Azerbaijan,2010,44.48502821178,Total GHG,Asia,9054332.0,4.913120947164297e-06
AZE,Azerbaijan,2011,46.923786694465,Total GHG,Asia,9173082.0,5.115378527572848e-06
AZE,Azerbaijan,2012,50.028597303283,Total GHG,Asia,9295784.0,5.381858840877004e-06
AZE,Azerbaijan,2013,51.262495538053,Total GHG,Asia,9416801.0,5.443727178481631e-06
AZE,Azerbaijan,2014,53.094151315178,Total GHG,Asia,9535079.0,5.568296950154057e-06
AZE,Azerbaijan,2015,52.971488415917,Total GHG,Asia,9649341.0,5.489648299911569e-06
AZE,Azerbaijan,2016,52.698744335705,Total GHG,Asia,9757812.0,5.400672234278033e-06
AZE,Azerbaijan,2017,52.425939852341,Total GHG,Asia,9854033.0,5.320252109196408e-06
AZE,Azerbaijan,2018,53.136455410568,Total GHG,Asia,9939771.0,5.345843018975789e-06
AZE,Azerbaijan,2019,55.943296378449,Total GHG,Asia,10024283.0,5.580777835028101e-06
AZE,Azerbaijan,2020,54.333823357534,Total GHG,Asia,10093121.0,5.383252945995e-06
AZE,Azerbaijan,2021,56.596086854995,Total GHG,Asia,10137750.0,5.582706897979828e-06
AZE,Azerbaijan,2022,59.236259541654,Total GHG,Asia,10141756.0,5.840828702805905e-06
AZE,Azerbaijan,2023,60.991823697597,Total GHG,Asia,10153958.0,6.0067043509139e-06
AZE,Azerbaijan,2024,58.279785322645,Total GHG,Asia,10202850.0,5.712108413104671e-06
BDI,Burundi,1970,2.1208085974765,Total GHG,Africa,3530432.0,6.007221205440298e-07
BDI,Burundi,1971,2.1155866336832,Total GHG,Africa,3617289.0,5.848541915459893e-07
BDI,Burundi,1972,2.2126975323061,Total GHG,Africa,3617128.0,6.117277387767588e-07
BDI,Burundi,1973,2.2664552096881,Total GHG,Africa,3611991.0,6.27480857424091e-07
BDI,Burundi,1974,2.2883165550341,Total GHG,Africa,3703590.0,6.178644382974627e-07
BDI,Burundi,1975,2.3712188261809,Total GHG,Africa,3796612.0,6.245618004107083e-07
BDI,Burundi,1976,2.3847946328006,Total GHG,Africa,3882626.0,6.142220839196461e-07
BDI,Burundi,1977,2.3960620023353,Total GHG,Africa,3983582.0,6.014842928638848e-07
BDI,Burundi,1978,2.4284996034042,Total GHG,Africa,4100338.0,5.922681504315497e-07
BDI,Burundi,1979,2.5045907094245,Total GHG,Africa,4203530.0,5.958303400771494e-07
BDI,Burundi,1980,2.2635931119648,Total GHG,Africa,4383706.0,5.163651741163298e-07
BDI,Burundi,1981,2.0636159282476,Total GHG,Africa,4566014.0,4.5195129236301074e-07
BDI,Burundi,1982,2.1080909543777,Total GHG,Africa,4681390.0,4.503130383022351e-07
BDI,Burundi,1983,2.1489869236286,Total GHG,Africa,4808528.0,4.4691159615345907e-07
BDI,Burundi,1984,2.2279435230693,Total GHG,Africa,4926465.0,4.522397952830884e-07
BDI,Burundi,1985,2.1818709583326,Total GHG,Africa,5034042.0,4.3342327265696234e-07
BDI,Burundi,1986,2.3675678113807,Total GHG,Africa,5129414.0,4.6156691804964467e-07
BDI,Burundi,1987,2.3997945871001,Total GHG,Africa,5247787.0,4.572964922356986e-07
BDI,Burundi,1988,2.5369323687616,Total GHG,Africa,5365327.0,4.728383505351305e-07
BDI,Burundi,1989,2.5707944127654,Total GHG,Africa,5471706.0,4.698341637444336e-07
BDI,Burundi,1990,3.0464737799258,Total GHG,Africa,5587052.0,5.452739262004005e-07
BDI,Burundi,1991,3.1795238187961,Total GHG,Africa,5703857.0,5.574339992738422e-07
BDI,Burundi,1992,3.1340186934979,Total GHG,Africa,5858407.0,5.349609020844575e-07
BDI,Burundi,1993,3.1875498542606,Total GHG,Africa,5676843.0,5.615004421049868e-07
BDI,Burundi,1994,3.1624766743917,Total GHG,Africa,5713854.0,5.534752330724061e-07
BDI,Burundi,1995,3.2862672715459,Total GHG,Africa,6066316.0,5.41723720219306e-07
BDI,Burundi,1996,3.3931076910576,Total GHG,Africa,6070506.0,5.589497302296711e-07
BDI,Burundi,1997,3.445779639213,Total GHG,Africa,6070042.0,5.676698182999392e-07
BDI,Burundi,1998,3.4263538423356,Total GHG,Africa,6187108.0,5.537892408433148e-07
BDI,Burundi,1999,2.9863360502626,Total GHG,Africa,6337155.0,4.7124238720097583e-07
BDI,Burundi,2000,3.0518117524204,Total GHG,Africa,6470194.0,4.716723721762284e-07
BDI,Burundi,2001,3.0341287794939,Total GHG,Africa,6634365.0,4.573352204007317e-07
BDI,Burundi,2002,3.0029571955494,Total GHG,Africa,6824132.0,4.4004969357998937e-07
BDI,Burundi,2003,3.0436387587801,Total GHG,Africa,7043154.0,4.321414466842696e-07
BDI,Burundi,2004,3.195369879333,Total GHG,Africa,7310656.0,4.370838785647964e-07
BDI,Burundi,2005,3.3102253239455,Total GHG,Africa,7587299.0,4.3628507640802083e-07
BDI,Burundi,2006,3.5148837768241,Total GHG,Africa,7865547.0,4.468708631229462e-07
BDI,Burundi,2007,3.7863113796794,Total GHG,Africa,8161874.0,4.639022091837487e-07
BDI,Burundi,2008,3.7713400874834,Total GHG,Africa,8505637.0,4.433930212967471e-07
BDI,Burundi,2009,4.0097086203476,Total GHG,Africa,8947646.0,4.481300020527857e-07
BDI,Burundi,2010,4.3631004268381,Total GHG,Africa,9376444.0,4.653257062952757e-07
BDI,Burundi,2011,4.6339210948771,Total GHG,Africa,9717978.0,4.768400478862064e-07
BDI,Burundi,2012,4.6310599788445,Total GHG,Africa,10071028.0,4.598398474162221e-07
BDI,Burundi,2013,5.7504980097421,Total GHG,Africa,10439341.0,5.5084875661616e-07
BDI,Burundi,2014,5.7038426100427,Total GHG,Africa,10799785.0,5.281440889835029e-07
BDI,Burundi,2015,5.6911532065326,Total GHG,Africa,11047580.0,5.151493093086992e-07
BDI,Burundi,2016,6.0258659005015,Total GHG,Africa,11239451.0,5.361352525582877e-07
BDI,Burundi,2017,6.7135389540461,Total GHG,Africa,11506762.0,5.834429315602513e-07
BDI,Burundi,2018,7.0172793172276,Total GHG,Africa,11859446.0,5.917038044802093e-07
BDI,Burundi,2019,6.7573856666908,Total GHG,Africa,12255336.0,5.513831417344086e-07
BDI,Burundi,2020,6.7616793169036,Total GHG,Africa,12617036.0,5.359166223274309e-07
BDI,Burundi,2021,7.9047153881196,Total GHG,Africa,12965481.0,6.096739016562208e-07
BDI,Burundi,2022,7.7098607100523,Total GHG,Africa,13321097.0,5.787707055997189e-07
BDI,Burundi,2023,8.1871617238876,Total GHG,Africa,13689450.0,5.980635981641045e-07
BDI,Burundi,2024,8.4217240098523,Total GHG,Africa,14047786.0,5.995054316639148e-07
BEL,Belgium,1970,167.27001402758,Total GHG,Europe,9655549.0,1.7323718623102634e-05
BEL,Belgium,1971,157.67267362443,Total GHG,Europe,9673162.0,1.6300013751907595e-05
BEL,Belgium,1972,169.1694106864,Total GHG,Europe,9711115.0,1.7420184055734073e-05
BEL,Belgium,1973,174.98691591433,Total GHG,Europe,9741720.0,1.796263040965353e-05
BEL,Belgium,1974,175.31042782824,Total GHG,Europe,9772419.0,1.793930733304006e-05
BEL,Belgium,1975,155.87494873299,Total GHG,Europe,9800700.0,1.5904470979928982e-05
BEL,Belgium,1976,165.27897964004,Total GHG,Europe,9818227.0,1.6833892681442383e-05
BEL,Belgium,1977,163.9738670097,Total GHG,Europe,9830358.0,1.6680355589257278e-05
BEL,Belgium,1978,168.23526986799,Total GHG,Europe,9839534.0,1.7097889988285016e-05
BEL,Belgium,1979,177.54016089536,Total GHG,Europe,9848382.0,1.8027343059536076e-05
BEL,Belgium,1980,166.85376627798,Total GHG,Europe,9859242.0,1.6923589691578723e-05
BEL,Belgium,1981,155.20826183003,Total GHG,Europe,9858982.0,1.574282840054176e-05
BEL,Belgium,1982,146.89631059874,Total GHG,Europe,9856303.0,1.4903794110097874e-05
BEL,Belgium,1983,137.59621916453,Total GHG,Europe,9855520.0,1.3961335288704198e-05
BEL,Belgium,1984,141.69904207206,Total GHG,Europe,9855372.0,1.4377848149421453e-05
BEL,Belgium,1985,139.14838499269,Total GHG,Europe,9858308.0,1.411483441100542e-05
BEL,Belgium,1986,138.85395063453,Total GHG,Europe,9861823.0,1.4079947554780694e-05
BEL,Belgium,1987,137.93732365044,Total GHG,Europe,9870234.0,1.3975081406422582e-05
BEL,Belgium,1988,138.32934724386,Total GHG,Europe,9901664.0,1.3970313196232473e-05
BEL,Belgium,1989,139.19796637431,Total GHG,Europe,9937697.0,1.4007064853588311e-05
BEL,Belgium,1990,140.57279755613,Total GHG,Europe,9967379.0,1.4103286085151373e-05
BEL,Belgium,1991,144.63163794374,Total GHG,Europe,10004486.0,1.4456678528386166e-05
BEL,Belgium,1992,142.36448475965,Total GHG,Europe,10045158.0,1.417244853288022e-05
BEL,Belgium,1993,140.41528359665,Total GHG,Europe,10084475.0,1.3923906162358476e-05
BEL,Belgium,1994,147.69568571506,Total GHG,Europe,10115603.0,1.4600779183906288e-05
BEL,Belgium,1995,148.70713102795,Total GHG,Europe,10136811.0,1.4670011212397074e-05
BEL,Belgium,1996,154.24492831629,Total GHG,Europe,10156637.0,1.5186614261816188e-05
BEL,Belgium,1997,150.6860817469,Total GHG,Europe,10181245.0,1.4800359066784071e-05
BEL,Belgium,1998,154.40923031293,Total GHG,Europe,10203008.0,1.5133696877717825e-05
BEL,Belgium,1999,150.47986813257,Total GHG,Europe,10226419.0,1.4714815433688958e-05
BEL,Belgium,2000,151.90659418171,Total GHG,Europe,10251250.0,1.4818348414262652e-05
BEL,Belgium,2001,152.15828303563,Total GHG,Europe,10286570.0,1.479193579936072e-05
BEL,Belgium,2002,144.52462699628,Total GHG,Europe,10332785.0,1.3986996438644568e-05
BEL,Belgium,2003,148.30472238908,Total GHG,Europe,10376133.0,1.4292870223336575e-05
BEL,Belgium,2004,147.11966450835,Total GHG,Europe,10421137.0,1.411742926979561e-05
BEL,Belgium,2005,143.91548087625,Total GHG,Europe,10478617.0,1.3734205656743633e-05
BEL,Belgium,2006,140.46892930192,Total GHG,Europe,10547958.0,1.3317168052993765e-05
BEL,Belgium,2007,137.89501151747,Total GHG,Europe,10625700.0,1.2977499037001799e-05
BEL,Belgium,2008,139.58554027039,Total GHG,Europe,10709973.0,1.3033229894266774e-05
BEL,Belgium,2009,132.05216790435,Total GHG,Europe,10796493.0,1.2231024269116832e-05
BEL,Belgium,2010,140.49500561619,Total GHG,Europe,10895586.0,1.289467180711437e-05
BEL,Belgium,2011,129.90501177248,Total GHG,Europe,11038264.0,1.1768608883831734e-05
BEL,Belgium,2012,128.05885380979,Total GHG,Europe,11106932.0,1.1529633368583693e-05
BEL,Belgium,2013,129.23146934623,Total GHG,Europe,11159407.0,1.1580496109356886e-05
BEL,Belgium,2014,122.51203155875,Total GHG,Europe,11209057.0,1.0929735798359309e-05
BEL,Belgium,2015,127.19241434933,Total GHG,Europe,11274196.0,1.1281728147118428e-05
BEL,Belgium,2016,126.1031205245,Total GHG,Europe,11331422.0,1.1128622738125895e-05
BEL,Belgium,2017,124.08057711915,Total GHG,Europe,11375158.0,1.0908031090130793e-05
BEL,Belgium,2018,124.6967165339,Total GHG,Europe,11427054.0,1.09124115921654e-05
BEL,Belgium,2019,124.39261191808,Total GHG,Europe,11488980.0,1.0827124071769643e-05
BEL,Belgium,2020,115.67212252909,Total GHG,Europe,11538604.0,1.0024793513070558e-05
BEL,Belgium,2021,119.52141780107,Total GHG,Europe,11586195.0,1.0315847247614079e-05
BEL,Belgium,2022,111.98838236631,Total GHG,Europe,11680210.0,9.587874050749944e-06
BEL,Belgium,2023,107.22626360404,Total GHG,Europe,11787423.0,9.096667151424023e-06
BEL,Belgium,2024,107.82402021199,Total GHG,Europe,11876844.0,9.078507742628429e-06
BEN,Benin,1970,2.5175710856722,Total GHG,Africa,3065057.0,8.213782274431437e-07
BEN,Benin,1971,2.4564321604165,Total GHG,Africa,3134767.0,7.836091678955725e-07
BEN,Benin,1972,2.662177655117,Total GHG,Africa,3207543.0,8.2997411262047e-07
BEN,Benin,1973,2.803692657869,Total GHG,Africa,3283496.0,8.538742419265929e-07
BEN,Benin,1974,2.7795167208599,Total GHG,Africa,3362633.0,8.265893782818107e-07
BEN,Benin,1975,2.9656068512381,Total GHG,Africa,3445407.0,8.607420984627071e-07
BEN,Benin,1976,2.8280934705472,Total GHG,Africa,3532196.0,8.006615347922935e-07
BEN,Benin,1977,2.9466036536769,Total GHG,Africa,3623202.0,8.132595570649662e-07
BEN,Benin,1978,3.0420735592414,Total GHG,Africa,3718305.0,8.181344884944618e-07
BEN,Benin,1979,3.1623107294807,Total GHG,Africa,3818528.0,8.281491531502977e-07
BEN,Benin,1980,3.3198629008088,Total GHG,Africa,3925251.0,8.457708566430019e-07
BEN,Benin,1981,3.5123505276572,Total GHG,Africa,4038307.0,8.697581753089103e-07
BEN,Benin,1982,3.7425291823755,Total GHG,Africa,4156596.0,9.00383193934532e-07
BEN,Benin,1983,3.676190948875,Total GHG,Africa,4278978.0,8.591282658791422e-07
BEN,Benin,1984,3.7661305619338,Total GHG,Africa,4405895.0,8.547935350102079e-07
BEN,Benin,1985,3.983854702749,Total GHG,Africa,4538012.0,8.778854491237573e-07
BEN,Benin,1986,3.7203448562144,Total GHG,Africa,4675420.0,7.957242036468168e-07
BEN,Benin,1987,3.6962150864619,Total GHG,Africa,4818486.0,7.67090552190439e-07
BEN,Benin,1988,3.6633829331909,Total GHG,Africa,4967341.0,7.374937483033478e-07
BEN,Benin,1989,3.6601173205427,Total GHG,Africa,5121657.0,7.146353847090307e-07
BEN,Benin,1990,3.8389069287347,Total GHG,Africa,5281479.0,7.26862102213168e-07
BEN,Benin,1991,3.9303686040486,Total GHG,Africa,5446932.0,7.215747514469797e-07
BEN,Benin,1992,4.0351544547861,Total GHG,Africa,5617844.0,7.182745649017843e-07
BEN,Benin,1993,4.0559626187516,Total GHG,Africa,5872706.0,6.90646291292566e-07
BEN,Benin,1994,4.3888421366336,Total GHG,Africa,6096506.0,7.198946637030456e-07
BEN,Benin,1995,4.16916797666,Total GHG,Africa,6226773.0,6.695551574884775e-07
BEN,Benin,1996,5.1115057673477,Total GHG,Africa,6391858.0,7.996901319378028e-07
BEN,Benin,1997,5.3911024380487,Total GHG,Africa,6583365.0,8.188976971577149e-07
BEN,Benin,1998,5.4082514920571,Total GHG,Africa,6789489.0,7.965623763521967e-07
BEN,Benin,1999,5.7546627416414,Total GHG,Africa,7002818.0,8.217638587267868e-07
BEN,Benin,2000,5.9744833621231,Total GHG,Africa,7221619.0,8.273052569130412e-07
BEN,Benin,2001,6.505452817921,Total GHG,Africa,7445596.0,8.737316418888428e-07
BEN,Benin,2002,6.955437172497,Total GHG,Africa,7675426.0,9.061955873845959e-07
BEN,Benin,2003,7.3192359028033,Total GHG,Africa,7913070.0,9.249552831964458e-07
BEN,Benin,2004,7.6367678553836,Total GHG,Africa,8159094.0,9.359823352180524e-07
BEN,Benin,2005,8.0821333654428,Total GHG,Africa,8426144.0,9.591734208960588e-07
BEN,Benin,2006,9.3405608142395,Total GHG,Africa,8693242.0,1.074462302353886e-06
BEN,Benin,2007,10.051853933632,Total GHG,Africa,8953969.0,1.122614332664319e-06
BEN,Benin,2008,10.163393023881,Total GHG,Africa,9228466.0,1.1013090392142096e-06
BEN,Benin,2009,10.688803133621,Total GHG,Africa,9509423.0,1.1240222601961235e-06
BEN,Benin,2010,11.548751093892,Total GHG,Africa,9797484.0,1.1787466143238405e-06
BEN,Benin,2011,11.643952559085,Total GHG,Africa,10093623.0,1.1535949538718653e-06
BEN,Benin,2012,11.591279292659,Total GHG,Africa,10397657.0,1.114797236786999e-06
BEN,Benin,2013,12.313743837679,Total GHG,Africa,10708834.0,1.149867841604324e-06
BEN,Benin,2014,12.941472116405,Total GHG,Africa,11030004.0,1.1732971371909747e-06
BEN,Benin,2015,13.499583759925,Total GHG,Africa,11360681.0,1.1882724072548996e-06
BEN,Benin,2016,15.17497138726,Total GHG,Africa,11697842.0,1.2972453711770085e-06
BEN,Benin,2017,15.519991761275,Total GHG,Africa,12039780.0,1.2890594148128122e-06
BEN,Benin,2018,16.930608348221,Total GHG,Africa,12383347.0,1.3672077789809976e-06
BEN,Benin,2019,17.138117495656,Total GHG,Africa,12726755.0,1.346621153283457e-06
BEN,Benin,2020,17.664303213584,Total GHG,Africa,13070169.0,1.3514976901663628e-06
BEN,Benin,2021,16.185292329311,Total GHG,Africa,13413417.0,1.2066494562355737e-06
BEN,Benin,2022,17.053138688302,Total GHG,Africa,13759501.0,1.2393718848017817e-06
BEN,Benin,2023,17.353939838087,Total GHG,Africa,14111034.0,1.2298134805774688e-06
BEN,Benin,2024,17.767052694653,Total GHG,Africa,14462724.0,1.2284720841421712e-06
BFA,Burkina Faso,1970,6.3086482245265,Total GHG,Africa,5610304.0,1.1244752912723624e-06
BFA,Burkina Faso,1971,6.3415496455831,Total GHG,Africa,5707999.0,1.1109934752236467e-06
BFA,Burkina Faso,1972,6.0051847671468,Total GHG,Africa,5807234.0,1.0340869279844415e-06
BFA,Burkina Faso,1973,5.7151643423396,Total GHG,Africa,5911927.0,9.667176780666608e-07
BFA,Burkina Faso,1974,5.8735563119685,Total GHG,Africa,6024904.0,9.748796515211694e-07
BFA,Burkina Faso,1975,6.0382925609094,Total GHG,Africa,6147569.0,9.822244469170496e-07
BFA,Burkina Faso,1976,6.2096179749538,Total GHG,Africa,6280635.0,9.886926998549987e-07
BFA,Burkina Faso,1977,6.3738316446275,Total GHG,Africa,6428734.0,9.914598495796372e-07
BFA,Burkina Faso,1978,6.6135327945274,Total GHG,Africa,6590984.0,1.0034211575278288e-06
BFA,Burkina Faso,1979,6.916216758674,Total GHG,Africa,6763903.0,1.0225186196008429e-06
BFA,Burkina Faso,1980,7.1198113580961,Total GHG,Africa,6947900.0,1.0247429234871111e-06
BFA,Burkina Faso,1981,7.4129023825007,Total GHG,Africa,7140271.0,1.038182217803876e-06
BFA,Burkina Faso,1982,7.7990159121824,Total GHG,Africa,7340197.0,1.0625077109214372e-06
BFA,Burkina Faso,1983,8.0542615603842,Total GHG,Africa,7551129.0,1.0666301105946144e-06
BFA,Burkina Faso,1984,8.2606503948633,Total GHG,Africa,7772256.0,1.0628381765684635e-06
BFA,Burkina Faso,1985,9.1837220549835,Total GHG,Africa,7999935.0,1.147974584166434e-06
BFA,Burkina Faso,1986,9.5373780528114,Total GHG,Africa,8228847.0,1.1590175455700416e-06
BFA,Burkina Faso,1987,9.9016421044645,Total GHG,Africa,8457109.0,1.170806963049016e-06
BFA,Burkina Faso,1988,10.202715466586,Total GHG,Africa,8687435.0,1.1744220781607e-06
BFA,Burkina Faso,1989,10.443709569794,Total GHG,Africa,8921175.0,1.1706652509107826e-06
BFA,Burkina Faso,1990,11.306678982842,Total GHG,Africa,9159356.0,1.2344403889140241e-06
BFA,Burkina Faso,1991,11.89766481828,Total GHG,Africa,9394632.0,1.2664322368646266e-06
BFA,Burkina Faso,1992,12.022042787142,Total GHG,Africa,9629275.0,1.2484888828226425e-06
BFA,Burkina Faso,1993,12.314434109332,Total GHG,Africa,9871713.0,1.2474465282096431e-06
BFA,Burkina Faso,1994,12.706132607728,Total GHG,Africa,10123798.0,1.2550756749322734e-06
BFA,Burkina Faso,1995,13.128336459124,Total GHG,Africa,10386722.0,1.263953772819182e-06
BFA,Burkina Faso,1996,13.543326249187,Total GHG,Africa,10655942.0,1.2709647114433432e-06
BFA,Burkina Faso,1997,14.036166948443,Total GHG,Africa,10934223.0,1.2836913010136156e-06
BFA,Burkina Faso,1998,14.45689242844,Total GHG,Africa,11240664.0,1.2861244165326888e-06
BFA,Burkina Faso,1999,13.841970539368,Total GHG,Africa,11574928.0,1.195858025152986e-06
BFA,Burkina Faso,2000,14.1809705691,Total GHG,Africa,11925546.0,1.1891254764435942e-06
BFA,Burkina Faso,2001,15.852935979338,Total GHG,Africa,12295001.0,1.2893806173206492e-06
BFA,Burkina Faso,2002,16.240777264529,Total GHG,Africa,12680897.0,1.2807277958750869e-06
BFA,Burkina Faso,2003,19.548610269781,Total GHG,Africa,13082532.0,1.4942528151110963e-06
BFA,Burkina Faso,2004,19.809262840751,Total GHG,Africa,13500533.0,1.4672948720432742e-06
BFA,Burkina Faso,2005,20.476723435691,Total GHG,Africa,13932123.0,1.469748970468535e-06
BFA,Burkina Faso,2006,20.953179043135,Total GHG,Africa,14373707.0,1.4577435760402655e-06
BFA,Burkina Faso,2007,21.823115116808,Total GHG,Africa,14816307.0,1.47291191501418e-06
BFA,Burkina Faso,2008,22.970249252495,Total GHG,Africa,15258093.0,1.5054469292129103e-06
BFA,Burkina Faso,2009,23.475468423366,Total GHG,Africa,15710066.0,1.494294704004808e-06
BFA,Burkina Faso,2010,24.323587397167,Total GHG,Africa,16176498.0,1.5036374002065835e-06
BFA,Burkina Faso,2011,24.990540899531,Total GHG,Africa,16661908.0,1.4998606941972672e-06
BFA,Burkina Faso,2012,25.954513565974,Total GHG,Africa,17172287.0,1.5114185761031132e-06
BFA,Burkina Faso,2013,26.970503110511,Total GHG,Africa,17695409.0,1.5241525703368032e-06
BFA,Burkina Faso,2014,27.292332949981,Total GHG,Africa,18229461.0,1.4971552340456473e-06
BFA,Burkina Faso,2015,29.009977351585,Total GHG,Africa,18777487.0,1.5449339600972696e-06
BFA,Burkina Faso,2016,29.87290023867,Total GHG,Africa,19334856.0,1.5450283280449566e-06
BFA,Burkina Faso,2017,30.999998718028,Total GHG,Africa,19894407.0,1.5582268281747728e-06
BFA,Burkina Faso,2018,32.602615316954,Total GHG,Africa,20438288.0,1.5951734957915263e-06
BFA,Burkina Faso,2019,33.774748066878,Total GHG,Africa,20961952.0,1.6112405975778399e-06
BFA,Burkina Faso,2020,30.195243999549,Total GHG,Africa,21478690.0,1.4058233532654458e-06
BFA,Burkina Faso,2021,35.436888043558,Total GHG,Africa,21995243.0,1.6111160055634756e-06
BFA,Burkina Faso,2022,35.742635183246,Total GHG,Africa,22509038.0,1.5879237123881528e-06
BFA,Burkina Faso,2023,34.592117105478,Total GHG,Africa,23025776.0,1.502321446429341e-06
BFA,Burkina Faso,2024,34.917746360625,Total GHG,Africa,23548781.0,1.4827836039846395e-06
BGD,Bangladesh,1970,51.004771408105,Total GHG,Asia,69058894.0,7.385691900612396e-07
BGD,Bangladesh,1971,49.791091108629,Total GHG,Asia,70276758.0,7.085001147695089e-07
BGD,Bangladesh,1972,50.536296140552,Total GHG,Asia,71641519.0,7.054051455909526e-07
BGD,Bangladesh,1973,51.016212335379,Total GHG,Asia,73722294.0,6.920052207732304e-07
BGD,Bangladesh,1974,51.50918617373,Total GHG,Asia,75839348.0,6.791881461550804e-07
BGD,Bangladesh,1975,54.3686858642,Total GHG,Asia,77854351.0,6.983384379403536e-07
BGD,Bangladesh,1976,55.19508946116,Total GHG,Asia,79855318.0,6.911886502181358e-07
BGD,Bangladesh,1977,56.807555496952,Total GHG,Asia,81867264.0,6.938983022194561e-07
BGD,Bangladesh,1978,60.916170534403,Total GHG,Asia,83889655.0,7.261463947420334e-07
BGD,Bangladesh,1979,63.550828382558,Total GHG,Asia,85935072.0,7.395214422181202e-07
BGD,Bangladesh,1980,56.776195103567,Total GHG,Asia,88016432.0,6.45063584303974e-07
BGD,Bangladesh,1981,57.731388084142,Total GHG,Asia,90303105.0,6.393067888877353e-07
BGD,Bangladesh,1982,59.782033525922,Total GHG,Asia,92814507.0,6.44102257914509e-07
BGD,Bangladesh,1983,60.12287653256,Total GHG,Asia,95335155.0,6.306474933885616e-07
BGD,Bangladesh,1984,61.336816600501,Total GHG,Asia,97814966.0,6.270698555525849e-07
BGD,Bangladesh,1985,63.639753539258,Total GHG,Asia,100253825.0,6.347862890942865e-07
BGD,Bangladesh,1986,66.17338680356,Total GHG,Asia,102635572.0,6.447412482249333e-07
BGD,Bangladesh,1987,67.764333192461,Total GHG,Asia,104959291.0,6.456249136864024e-07
BGD,Bangladesh,1988,69.949207720216,Total GHG,Asia,107216008.0,6.524138421588686e-07
BGD,Bangladesh,1989,73.356285114544,Total GHG,Asia,109433799.0,6.703256743791194e-07
BGD,Bangladesh,1990,74.874467468176,Total GHG,Asia,111633717.0,6.707155282500894e-07
BGD,Bangladesh,1991,74.986186338695,Total GHG,Asia,113787109.0,6.590042316541763e-07
BGD,Bangladesh,1992,77.649121313064,Total GHG,Asia,115952192.0,6.69664971172464e-07
BGD,Bangladesh,1993,79.414773335606,Total GHG,Asia,118132360.0,6.722524914901048e-07
BGD,Bangladesh,1994,82.339462607146,Total GHG,Asia,120343179.0,6.842054804547418e-07
BGD,Bangladesh,1995,88.460176518068,Total GHG,Asia,122600370.0,7.215327043308923e-07
BGD,Bangladesh,1996,89.971750141757,Total GHG,Asia,124862179.0,7.205684768784709e-07
BGD,Bangladesh,1997,92.516602602441,Total GHG,Asia,127198069.0,7.27342823124469e-07
BGD,Bangladesh,1998,93.61626546527,Total GHG,Asia,129622332.0,7.222232775851463e-07
BGD,Bangladesh,1999,98.303566683486,Total GHG,Asia,132108065.0,7.441148024042741e-07
BGD,Bangladesh,2000,100.35259674761,Total GHG,Asia,134544304.0,7.458702729445165e-07
BGD,Bangladesh,2001,106.95225301032,Total GHG,Asia,136805810.0,7.817815121325623e-07
BGD,Bangladesh,2002,110.02427627957,Total GHG,Asia,138933658.0,7.919195237742175e-07
BGD,Bangladesh,2003,112.99362144608,Total GHG,Asia,140970351.0,8.015417472151998e-07
BGD,Bangladesh,2004,115.58669580632,Total GHG,Asia,142902856.0,8.088480457403874e-07
BGD,Bangladesh,2005,119.67306757523,Total GHG,Asia,144715786.0,8.269524070803858e-07
BGD,Bangladesh,2006,124.19894758876,Total GHG,Asia,146405973.0,8.483188564223402e-07
BGD,Bangladesh,2007,128.73064441462,Total GHG,Asia,147989278.0,8.698646696189707e-07
BGD,Bangladesh,2008,135.77094764098,Total GHG,Asia,149474264.0,9.083232391161332e-07
BGD,Bangladesh,2009,140.71325935395,Total GHG,Asia,150873714.0,9.326558989192114e-07
BGD,Bangladesh,2010,148.33055185486,Total GHG,Asia,152201981.0,9.745638715100562e-07
BGD,Bangladesh,2011,153.31061476031,Total GHG,Asia,153591076.0,9.981739743805817e-07
BGD,Bangladesh,2012,158.70518141398,Total GHG,Asia,155070101.0,1.0234415299309053e-06
BGD,Bangladesh,2013,161.79844031997,Total GHG,Asia,156532141.0,1.033643565381055e-06
BGD,Bangladesh,2014,168.31196590247,Total GHG,Asia,157964929.0,1.0655021147287067e-06
BGD,Bangladesh,2015,177.46228473433,Total GHG,Asia,159383179.0,1.1134317049500563e-06
BGD,Bangladesh,2016,186.20981415314,Total GHG,Asia,160811932.0,1.1579353088870296e-06
BGD,Bangladesh,2017,195.4505584334,Total GHG,Asia,162186147.0,1.2051002015196773e-06
BGD,Bangladesh,2018,200.53895831822,Total GHG,Asia,163523103.0,1.2263646826602844e-06
BGD,Bangladesh,2019,205.74436622847,Total GHG,Asia,164913055.0,1.2475929587773994e-06
BGD,Bangladesh,2020,202.74290375336,Total GHG,Asia,166298024.0,1.2191540156445875e-06
BGD,Bangladesh,2021,219.36498332053,Total GHG,Asia,167658854.0,1.3084008275550422e-06
BGD,Bangladesh,2022,222.97935593664,Total GHG,Asia,169384897.0,1.3164063614044645e-06
BGD,Bangladesh,2023,215.83365300259,Total GHG,Asia,171466990.0,1.25874754670033e-06
BGD,Bangladesh,2024,220.82672080545,Total GHG,Asia,173562364.0,1.2723191578875362e-06
BGR,Bulgaria,1970,89.319116437517,Total GHG,Europe,8489574.0,1.0521036324969545e-05
BGR,Bulgaria,1971,89.864609333813,Total GHG,Europe,8536395.0,1.0527231850659791e-05
BGR,Bulgaria,1972,92.777998357989,Total GHG,Europe,8576200.0,1.0818077745153914e-05
BGR,Bulgaria,1973,93.897256126308,Total GHG,Europe,8620967.0,1.0891731301872284e-05
BGR,Bulgaria,1974,94.785388766509,Total GHG,Europe,8678745.0,1.0921554760107482e-05
BGR,Bulgaria,1975,101.28262742387,Total GHG,Europe,8720742.0,1.1613991954339436e-05
BGR,Bulgaria,1976,102.12832121476,Total GHG,Europe,8758599.0,1.1660349014124291e-05
BGR,Bulgaria,1977,105.09791624974,Total GHG,Europe,8804183.0,1.1937270755246681e-05
BGR,Bulgaria,1978,111.25421097973,Total GHG,Europe,8814032.0,1.2622396989224682e-05
BGR,Bulgaria,1979,115.21345139817,Total GHG,Europe,8825940.0,1.3053958150425903e-05
BGR,Bulgaria,1980,118.71731762427,Total GHG,Europe,8861535.0,1.3396924756745868e-05
BGR,Bulgaria,1981,115.10659580894,Total GHG,Europe,8891117.0,1.2946246889894712e-05
BGR,Bulgaria,1982,117.14296850389,Total GHG,Europe,8917457.0,1.3136364829557351e-05
BGR,Bulgaria,1983,116.04421646888,Total GHG,Europe,8939738.0,1.298071783187382e-05
BGR,Bulgaria,1984,114.02342631075,Total GHG,Europe,8960679.0,1.2724864523185128e-05
BGR,Bulgaria,1985,115.49233946235,Total GHG,Europe,8960547.0,1.2888983168365726e-05
BGR,Bulgaria,1986,116.51997189433,Total GHG,Europe,8958171.0,1.3007116284599836e-05
BGR,Bulgaria,1987,116.58927220072,Total GHG,Europe,8971359.0,1.2995720291732836e-05
BGR,Bulgaria,1988,115.87966009911,Total GHG,Europe,8981446.0,1.2902116218157967e-05
BGR,Bulgaria,1989,113.96969465144,Total GHG,Europe,8876972.0,1.2838802989514892e-05
BGR,Bulgaria,1990,100.75461748544,Total GHG,Europe,8718289.0,1.1556696214754981e-05
BGR,Bulgaria,1991,83.494249140519,Total GHG,Europe,8632367.0,9.672231166784152e-06
BGR,Bulgaria,1992,78.704466602053,Total GHG,Europe,8540164.0,9.215802717846285e-06
BGR,Bulgaria,1993,77.435046277965,Total GHG,Europe,8472313.0,9.139776384319725e-06
BGR,Bulgaria,1994,73.898104407857,Total GHG,Europe,8443591.0,8.751975836804152e-06
BGR,Bulgaria,1995,74.819724355451,Total GHG,Europe,8406067.0,8.900681419200084e-06
BGR,Bulgaria,1996,75.420079087769,Total GHG,Europe,8362826.0,9.01849196524823e-06
BGR,Bulgaria,1997,72.520172092791,Total GHG,Europe,8312068.0,8.72468465041323e-06
BGR,Bulgaria,1998,69.56598711922,Total GHG,Europe,8256786.0,8.425310661947639e-06
BGR,Bulgaria,1999,62.506705441765,Total GHG,Europe,8210624.0,7.612905601543195e-06
BGR,Bulgaria,2000,60.864563261271,Total GHG,Europe,8170172.0,7.449606111263141e-06
BGR,Bulgaria,2001,62.849972301778,Total GHG,Europe,8009142.0,7.847279059576919e-06
BGR,Bulgaria,2002,59.561280619477,Total GHG,Europe,7837161.0,7.599854158856377e-06
BGR,Bulgaria,2003,65.69688784226,Total GHG,Europe,7775327.0,8.44940513013279e-06
BGR,Bulgaria,2004,64.062472790019,Total GHG,Europe,7716860.0,8.301624338139995e-06
BGR,Bulgaria,2005,64.977377364672,Total GHG,Europe,7658972.0,8.483824900348505e-06
BGR,Bulgaria,2006,66.251875674929,Total GHG,Europe,7601022.0,8.716179965658433e-06
BGR,Bulgaria,2007,70.034193530343,Total GHG,Europe,7545338.0,9.281783470845575e-06
BGR,Bulgaria,2008,66.924755692547,Total GHG,Europe,7492561.0,8.932160271040436e-06
BGR,Bulgaria,2009,58.664133277253,Total GHG,Europe,7444443.0,7.880258237890062e-06
BGR,Bulgaria,2010,61.639710296362,Total GHG,Europe,7395599.0,8.334647443210752e-06
BGR,Bulgaria,2011,67.301944242538,Total GHG,Europe,7348328.0,9.1588105814735e-06
BGR,Bulgaria,2012,62.435322578005,Total GHG,Europe,7305888.0,8.545891009827279e-06
BGR,Bulgaria,2013,57.046422115546,Total GHG,Europe,7160005.0,7.967371826632243e-06
BGR,Bulgaria,2014,60.525743948467,Total GHG,Europe,7073572.0,8.556602512629687e-06
BGR,Bulgaria,2015,62.718580296611,Total GHG,Europe,6984225.0,8.98003433403291e-06
BGR,Bulgaria,2016,60.308891699671,Total GHG,Europe,6894139.0,8.747849687926368e-06
BGR,Bulgaria,2017,62.568289887658,Total GHG,Europe,6803468.0,9.19652887140176e-06
BGR,Bulgaria,2018,59.359613111776,Total GHG,Europe,6710798.0,8.845388150824388e-06
BGR,Bulgaria,2019,57.793553510028,Total GHG,Europe,6616726.0,8.734463768036941e-06
BGR,Bulgaria,2020,52.582537944264,Total GHG,Europe,6550696.0,8.027015441452939e-06
BGR,Bulgaria,2021,59.171939452796,Total GHG,Europe,6507301.0,9.093161581552167e-06
BGR,Bulgaria,2022,62.743196861313,Total GHG,Europe,6465097.0,9.704911907943995e-06
BGR,Bulgaria,2023,49.664665669557,Total GHG,Europe,6446596.0,7.704013974127896e-06
BGR,Bulgaria,2024,46.676574364022,Total GHG,Europe,6444366.0,7.243004876511049e-06
BHR,Bahrain,1970,18.659700115292,Total GHG,Asia,224809.0,8.300246037877487e-05
BHR,Bahrain,1971,18.82090393627,Total GHG,Asia,230733.0,8.157005688943497e-05
BHR,Bahrain,1972,19.676312027383,Total GHG,Asia,242113.0,8.126912651275643e-05
BHR,Bahrain,1973,20.961716662609,Total GHG,Asia,255320.0,8.20997832626077e-05
BHR,Bahrain,1974,22.47907416603,Total GHG,Asia,269038.0,8.355352837156833e-05
BHR,Bahrain,1975,20.210925250247,Total GHG,Asia,283243.0,7.135542714293734e-05
BHR,Bahrain,1976,21.142972418801,Total GHG,Asia,297863.0,7.098220463367724e-05
BHR,Bahrain,1977,24.099307775919,Total GHG,Asia,312823.0,7.703815824258127e-05
BHR,Bahrain,1978,23.87627244437,Total GHG,Asia,328046.0,7.278330613502374e-05
BHR,Bahrain,1979,24.692229627773,Total GHG,Asia,343457.0,7.189321990168493e-05
BHR,Bahrain,1980,24.552228290899,Total GHG,Asia,358978.0,6.839479937739639e-05
BHR,Bahrain,1981,24.729766503501,Total GHG,Asia,373524.0,6.620663331807594e-05
BHR,Bahrain,1982,24.85477396028,Total GHG,Asia,386983.0,6.422704346258105e-05
BHR,Bahrain,1983,24.550029577582,Total GHG,Asia,400707.0,6.126678490164134e-05
BHR,Bahrain,1984,24.689711837867,Total GHG,Asia,415154.0,5.9471212701472226e-05
BHR,Bahrain,1985,25.34072175349,Total GHG,Asia,430358.0,5.8882887627254524e-05
BHR,Bahrain,1986,27.714586170347,Total GHG,Asia,446286.0,6.210050543899428e-05
BHR,Bahrain,1987,27.112463901972,Total GHG,Asia,462854.0,5.8576708642405596e-05
BHR,Bahrain,1988,28.099370894967,Total GHG,Asia,479929.0,5.854901640652471e-05
BHR,Bahrain,1989,28.332419282518,Total GHG,Asia,497327.0,5.6969396961190525e-05
BHR,Bahrain,1990,29.066502077522,Total GHG,Asia,514797.0,5.64620657803406e-05
BHR,Bahrain,1991,28.615987799907,Total GHG,Asia,503052.0,5.68847510792264e-05
BHR,Bahrain,1992,32.82740079098,Total GHG,Asia,516458.0,6.356257583575043e-05
BHR,Bahrain,1993,34.9309502628,Total GHG,Asia,530225.0,6.587948561987836e-05
BHR,Bahrain,1994,34.877314321574,Total GHG,Asia,544366.0,6.406960449692669e-05
BHR,Bahrain,1995,34.738466108421,Total GHG,Asia,558879.0,6.215740099094974e-05
BHR,Bahrain,1996,36.057599460142,Total GHG,Asia,573792.0,6.284088913777467e-05
BHR,Bahrain,1997,33.451560966546,Total GHG,Asia,589115.0,5.678273506284172e-05
BHR,Bahrain,1998,34.971411205155,Total GHG,Asia,604842.0,5.781908532336544e-05
BHR,Bahrain,1999,37.028651606319,Total GHG,Asia,620989.0,5.962851452492557e-05
BHR,Bahrain,2000,37.586490340719,Total GHG,Asia,637582.0,5.8951617738140356e-05
BHR,Bahrain,2001,38.609688481391,Total GHG,Asia,661316.0,5.838311560795595e-05
BHR,Bahrain,2002,38.113018034645,Total GHG,Asia,710553.0,5.363852947583784e-05
BHR,Bahrain,2003,37.759711148252,Total GHG,Asia,764517.0,4.9390283209205294e-05
BHR,Bahrain,2004,37.69489601664,Total GHG,Asia,823741.0,4.576061652466006e-05
BHR,Bahrain,2005,41.152325342781,Total GHG,Asia,888822.0,4.6299850074346715e-05
BHR,Bahrain,2006,42.769667814562,Total GHG,Asia,960424.0,4.453206897637085e-05
BHR,Bahrain,2007,43.879910096195,Total GHG,Asia,1039295.0,4.222084210565335e-05
BHR,Bahrain,2008,47.369200041008,Total GHG,Asia,1103496.0,4.2926480966861684e-05
BHR,Bahrain,2009,47.952160317787,Total GHG,Asia,1178415.0,4.069208243088131e-05
BHR,Bahrain,2010,48.294225450841,Total GHG,Asia,1228543.0,3.931016289282589e-05
BHR,Bahrain,2011,48.662514821549,Total GHG,Asia,1195020.0,4.0721088200656894e-05
BHR,Bahrain,2012,52.425621784877,Total GHG,Asia,1208964.0,4.336408841361447e-05
BHR,Bahrain,2013,56.994919369767,Total GHG,Asia,1253191.0,4.54798345741128e-05
BHR,Bahrain,2014,58.815698080059,Total GHG,Asia,1314562.0,4.474166914916071e-05
BHR,Bahrain,2015,59.005311102471,Total GHG,Asia,1370322.0,4.305944960561897e-05
BHR,Bahrain,2016,59.239528442802,Total GHG,Asia,1423726.0,4.160879863316537e-05
BHR,Bahrain,2017,59.075912746387,Total GHG,Asia,1501116.0,3.935466196242462e-05
BHR,Bahrain,2018,59.128788872265,Total GHG,Asia,1503091.0,3.933812980868424e-05
BHR,Bahrain,2019,63.037208581836,Total GHG,Asia,1483756.0,4.248488874305209e-05
BHR,Bahrain,2020,63.246346657119,Total GHG,Asia,1472204.0,4.2960314370236056e-05
BHR,Bahrain,2021,63.506174391957,Total GHG,Asia,1504365.0,4.2214605093815e-05
BHR,Bahrain,2022,64.91335029678,Total GHG,Asia,1524693.0,4.2574702118249374e-05
BHR,Bahrain,2023,64.902212992832,Total GHG,Asia,1577059.0,4.115395365222988e-05
BHR,Bahrain,2024,64.422177089661,Total GHG,Asia,1588670.0,4.0551012538576926e-05
BHS,Bahamas,1970,1.5597417919067,Total GHG,North America,184982.0,8.43185710991718e-06
BHS,Bahamas,1971,1.5942515660109,Total GHG,North America,190857.0,8.353120744907968e-06
BHS,Bahamas,1972,1.8594717559921,Total GHG,North America,196055.0,9.484439346061564e-06
BHS,Bahamas,1973,1.8560463805486,Total GHG,North America,200791.0,9.243673175334552e-06
BHS,Bahamas,1974,1.6383320197271,Total GHG,North America,205342.0,7.978552949358145e-06
BHS,Bahamas,1975,1.6794200176932,Total GHG,North America,209886.0,8.001581895377491e-06
BHS,Bahamas,1976,1.5033018973421,Total GHG,North America,214501.0,7.008367780766057e-06
BHS,Bahamas,1977,1.6578375445103,Total GHG,North America,219157.0,7.5646114178890015e-06
BHS,Bahamas,1978,1.6819937127668,Total GHG,North America,223761.0,7.516920789444095e-06
BHS,Bahamas,1979,1.7312744901804,Total GHG,North America,228230.0,7.5856569696376465e-06
BHS,Bahamas,1980,1.7096539562196,Total GHG,North America,232526.0,7.3525281311320025e-06
BHS,Bahamas,1981,1.5286655897459,Total GHG,North America,236614.0,6.4605880875430024e-06
BHS,Bahamas,1982,1.2868759522364,Total GHG,North America,240614.0,5.348300399130558e-06
BHS,Bahamas,1983,0.99397237317522,Total GHG,North America,244698.0,4.062037177153962e-06
BHS,Bahamas,1984,0.98457725957779,Total GHG,North America,248863.0,3.9563023011769125e-06
BHS,Bahamas,1985,0.89653664088083,Total GHG,North America,253154.0,3.5414674106703034e-06
BHS,Bahamas,1986,0.93630146008846,Total GHG,North America,257536.0,3.6356138950999474e-06
BHS,Bahamas,1987,1.0782303202364,Total GHG,North America,261935.0,4.116404146969287e-06
BHS,Bahamas,1988,1.1027994332429,Total GHG,North America,266448.0,4.1388917659089205e-06
BHS,Bahamas,1989,1.2645965522124,Total GHG,North America,271178.0,4.663344932894262e-06
BHS,Bahamas,1990,1.3071590941675,Total GHG,North America,275945.0,4.737027647420681e-06
BHS,Bahamas,1991,1.2020510332634,Total GHG,North America,280731.0,4.281860689640261e-06
BHS,Bahamas,1992,1.0671124002548,Total GHG,North America,285927.0,3.7321148413923835e-06
BHS,Bahamas,1993,1.0945773565735,Total GHG,North America,291339.0,3.7570574367781177e-06
BHS,Bahamas,1994,1.1946635008371,Total GHG,North America,296509.0,4.029096927368478e-06
BHS,Bahamas,1995,1.3566082958912,Total GHG,North America,301461.0,4.50011210700953e-06
BHS,Bahamas,1996,1.4963662013467,Total GHG,North America,306268.0,4.885806552910196e-06
BHS,Bahamas,1997,1.5107811447172,Total GHG,North America,310904.0,4.859317167734092e-06
BHS,Bahamas,1998,1.7118477766277,Total GHG,North America,315368.0,5.428095991437622e-06
BHS,Bahamas,1999,1.56270776355,Total GHG,North America,319614.0,4.8893595510522065e-06
BHS,Bahamas,2000,1.2584175477869,Total GHG,North America,323835.0,3.885983750326246e-06
BHS,Bahamas,2001,1.2590662054754,Total GHG,North America,327836.0,3.840536748482168e-06
BHS,Bahamas,2002,1.3598983721659,Total GHG,North America,331614.0,4.10084728680303e-06
BHS,Bahamas,2003,1.0811094638073,Total GHG,North America,335618.0,3.2212499443036428e-06
BHS,Bahamas,2004,1.1552052835517,Total GHG,North America,339782.0,3.3998424976946982e-06
BHS,Bahamas,2005,1.1453281715915,Total GHG,North America,343894.0,3.3304686083255306e-06
BHS,Bahamas,2006,1.3885591927671,Total GHG,North America,348375.0,3.985817560867169e-06
BHS,Bahamas,2007,1.6169034409311,Total GHG,North America,353334.0,4.576133179742397e-06
BHS,Bahamas,2008,1.6691067074005,Total GHG,North America,358120.0,4.6607469769923485e-06
BHS,Bahamas,2009,1.4365083752577,Total GHG,North America,362810.0,3.959395758820594e-06
BHS,Bahamas,2010,1.5927715968166,Total GHG,North America,367478.0,4.334331842495605e-06
BHS,Bahamas,2011,1.1705058759569,Total GHG,North America,371729.0,3.1488150667741822e-06
BHS,Bahamas,2012,1.3374978304451,Total GHG,North America,375469.0,3.5622057491966048e-06
BHS,Bahamas,2013,1.4200715959485,Total GHG,North America,378953.0,3.7473554661092536e-06
BHS,Bahamas,2014,1.4666480921653,Total GHG,North America,382298.0,3.836400117618455e-06
BHS,Bahamas,2015,1.4538505207747,Total GHG,North America,385346.0,3.7728444586805103e-06
BHS,Bahamas,2016,1.5845632487264,Total GHG,North America,388055.0,4.083347073807579e-06
BHS,Bahamas,2017,1.721603635957,Total GHG,North America,390485.0,4.40888545259613e-06
BHS,Bahamas,2018,1.553922765175,Total GHG,North America,392717.0,3.956851282666653e-06
BHS,Bahamas,2019,1.8063857177591,Total GHG,North America,394675.0,4.576894198414139e-06
BHS,Bahamas,2020,1.5307314713295,Total GHG,North America,395863.0,3.866821277385105e-06
BHS,Bahamas,2021,1.8152164012946,Total GHG,North America,396373.0,4.579566219935768e-06
BHS,Bahamas,2022,1.7800257524139,Total GHG,North America,397538.0,4.477624157725551e-06
BHS,Bahamas,2023,1.7890647430399,Total GHG,North America,399440.0,4.478932362907821e-06
BHS,Bahamas,2024,1.8438726177365,Total GHG,North America,401283.0,4.594943263822539e-06
BIH,Bosnia and Herzegovina,1970,16.133522654711,Total GHG,Europe,3773247.0,4.275766376998644e-06
BIH,Bosnia and Herzegovina,1971,16.487652860238,Total GHG,Europe,3809376.0,4.328176809072667e-06
BIH,Bosnia and Herzegovina,1972,16.120350394209,Total GHG,Europe,3848271.0,4.188985233682608e-06
BIH,Bosnia and Herzegovina,1973,17.340963233022,Total GHG,Europe,3887376.0,4.460840225648869e-06
BIH,Bosnia and Herzegovina,1974,18.74150013886,Total GHG,Europe,3926472.0,4.773114424058035e-06
BIH,Bosnia and Herzegovina,1975,19.299306405069,Total GHG,Europe,3965743.0,4.866504562970672e-06
BIH,Bosnia and Herzegovina,1976,19.288073213234,Total GHG,Europe,4004552.0,4.816537084106786e-06
BIH,Bosnia and Herzegovina,1977,19.864863281679,Total GHG,Europe,4042124.0,4.914461625046386e-06
BIH,Bosnia and Herzegovina,1978,20.663389972831,Total GHG,Europe,4078240.0,5.066742019310045e-06
BIH,Bosnia and Herzegovina,1979,21.394445536314,Total GHG,Europe,4113300.0,5.201284986826636e-06
BIH,Bosnia and Herzegovina,1980,20.796402495856,Total GHG,Europe,4148426.0,5.013082671802752e-06
BIH,Bosnia and Herzegovina,1981,22.88628176621,Total GHG,Europe,4184217.0,5.469668940738494e-06
BIH,Bosnia and Herzegovina,1982,23.918459224694,Total GHG,Europe,4221100.0,5.666404308046244e-06
BIH,Bosnia and Herzegovina,1983,25.359432354174,Total GHG,Europe,4258728.0,5.95469641502674e-06
BIH,Bosnia and Herzegovina,1984,26.412857910771,Total GHG,Europe,4295536.0,6.148908520559716e-06
BIH,Bosnia and Herzegovina,1985,27.483272662115,Total GHG,Europe,4330364.0,6.346642606052286e-06
BIH,Bosnia and Herzegovina,1986,28.336874949668,Total GHG,Europe,4362115.0,6.496132025328998e-06
BIH,Bosnia and Herzegovina,1987,26.780043827947,Total GHG,Europe,4390246.0,6.099895957526526e-06
BIH,Bosnia and Herzegovina,1988,27.001012744591,Total GHG,Europe,4414404.0,6.116570378377467e-06
BIH,Bosnia and Herzegovina,1989,27.303066978851,Total GHG,Europe,4433983.0,6.15768418120931e-06
BIH,Bosnia and Herzegovina,1990,32.871805828757,Total GHG,Europe,4448652.0,7.38916099275848e-06
BIH,Bosnia and Herzegovina,1991,29.791128528921,Total GHG,Europe,4458343.0,6.682107798552287e-06
BIH,Bosnia and Herzegovina,1992,22.876343856871,Total GHG,Europe,4234616.0,5.40222392228032e-06
BIH,Bosnia and Herzegovina,1993,19.568356185569,Total GHG,Europe,3904482.0,5.01176754959275e-06
BIH,Bosnia and Herzegovina,1994,6.5514378035656,Total GHG,Europe,3725412.0,1.7585807431676281e-06
BIH,Bosnia and Herzegovina,1995,6.5649420101024,Total GHG,Europe,3715564.0,1.7668763100574771e-06
BIH,Bosnia and Herzegovina,1996,7.2585651582852,Total GHG,Europe,3875246.0,1.8730591963155887e-06
BIH,Bosnia and Herzegovina,1997,12.559628403773,Total GHG,Europe,4018227.0,3.1256642304610964e-06
BIH,Bosnia and Herzegovina,1998,15.718776628003,Total GHG,Europe,4089356.0,3.843826907709429e-06
BIH,Bosnia and Herzegovina,1999,16.143184797418,Total GHG,Europe,4130305.0,3.908472811915343e-06
BIH,Bosnia and Herzegovina,2000,19.867544185565,Total GHG,Europe,4159771.0,4.776114883623401e-06
BIH,Bosnia and Herzegovina,2001,19.405127608551,Total GHG,Europe,4179438.0,4.642999276111046e-06
BIH,Bosnia and Herzegovina,2002,20.50384524908,Total GHG,Europe,4188002.0,4.8958537386276325e-06
BIH,Bosnia and Herzegovina,2003,20.920765514351,Total GHG,Europe,4178523.0,5.006736953308861e-06
BIH,Bosnia and Herzegovina,2004,22.433762281932,Total GHG,Europe,4140987.0,5.41749159848413e-06
BIH,Bosnia and Herzegovina,2005,23.181145522991,Total GHG,Europe,4096493.0,5.6587782581322604e-06
BIH,Bosnia and Herzegovina,2006,25.355918228407,Total GHG,Europe,4063272.0,6.240270951195735e-06
BIH,Bosnia and Herzegovina,2007,26.612745242481,Total GHG,Europe,4013424.0,6.630932899808493e-06
BIH,Bosnia and Herzegovina,2008,28.07494678231,Total GHG,Europe,3947544.0,7.1120035096024265e-06
BIH,Bosnia and Herzegovina,2009,27.860500477702,Total GHG,Europe,3879794.0,7.180922615402262e-06
BIH,Bosnia and Herzegovina,2010,28.409020352206,Total GHG,Europe,3811472.0,7.453556093867671e-06
BIH,Bosnia and Herzegovina,2011,31.696360368184,Total GHG,Europe,3741798.0,8.470890296104707e-06
BIH,Bosnia and Herzegovina,2012,29.639329544899,Total GHG,Europe,3670113.0,8.075862935255399e-06
BIH,Bosnia and Herzegovina,2013,29.402945873915,Total GHG,Europe,3610859.0,8.142922743290447e-06
BIH,Bosnia and Herzegovina,2014,27.885981291524,Total GHG,Europe,3564829.0,7.822529858100908e-06
BIH,Bosnia and Herzegovina,2015,27.846371118654,Total GHG,Europe,3518541.0,7.914181224164789e-06
BIH,Bosnia and Herzegovina,2016,31.252501916794,Total GHG,Europe,3473003.0,8.998697069018944e-06
BIH,Bosnia and Herzegovina,2017,31.852241974498,Total GHG,Europe,3428682.0,9.28993764207296e-06
BIH,Bosnia and Herzegovina,2018,32.255901890459,Total GHG,Europe,3387000.0,9.523443132701211e-06
BIH,Bosnia and Herzegovina,2019,30.552975378733,Total GHG,Europe,3345533.0,9.13246869145604e-06
BIH,Bosnia and Herzegovina,2020,30.474856360556,Total GHG,Europe,3299349.0,9.236627092361555e-06
BIH,Bosnia and Herzegovina,2021,30.351713528234,Total GHG,Europe,3244907.0,9.353646661748395e-06
BIH,Bosnia and Herzegovina,2022,30.0732974993,Total GHG,Europe,3204802.0,9.383823867839574e-06
BIH,Bosnia and Herzegovina,2023,28.199449532339,Total GHG,Europe,3185073.0,8.853627383843007e-06
BIH,Bosnia and Herzegovina,2024,27.626664266922,Total GHG,Europe,3164253.0,8.73086452534674e-06
BLR,Belarus,1970,94.138294928958,Total GHG,Europe,9040000.0,1.0413528200105973e-05
BLR,Belarus,1971,95.321841512568,Total GHG,Europe,9115576.0,1.0457028882493876e-05
BLR,Belarus,1972,100.43142750005,Total GHG,Europe,9188968.0,1.0929565485487598e-05
BLR,Belarus,1973,107.37343810789,Total GHG,Europe,9257272.0,1.159882070094624e-05
BLR,Belarus,1974,114.21052108376,Total GHG,Europe,9317584.0,1.2257525242998614e-05
BLR,Belarus,1975,120.48557939807,Total GHG,Europe,9367000.0,1.2862771367360948e-05
BLR,Belarus,1976,124.24917896355,Total GHG,Europe,9411000.0,1.3202547971899903e-05
BLR,Belarus,1977,127.4336407022,Total GHG,Europe,9463000.0,1.3466515978252139e-05
BLR,Belarus,1978,131.62979538122,Total GHG,Europe,9525000.0,1.3819401089891862e-05
BLR,Belarus,1979,135.17645450395,Total GHG,Europe,9584000.0,1.4104387990812814e-05
BLR,Belarus,1980,138.73917059441,Total GHG,Europe,9643000.0,1.438755269049155e-05
BLR,Belarus,1981,140.47586150657,Total GHG,Europe,9710000.0,1.4467133007885685e-05
BLR,Belarus,1982,141.3571729074,Total GHG,Europe,9776000.0,1.4459612613277415e-05
BLR,Belarus,1983,142.54170402836,Total GHG,Europe,9843000.0,1.4481530430596362e-05
BLR,Belarus,1984,142.43587978324,Total GHG,Europe,9910000.0,1.4372944478631686e-05
BLR,Belarus,1985,142.59699110636,Total GHG,Europe,9975000.0,1.4295437704898247e-05
BLR,Belarus,1986,143.04204200695,Total GHG,Europe,10043000.0,1.4242959474952704e-05
BLR,Belarus,1987,143.92805378822,Total GHG,Europe,10111000.0,1.4234799108715261e-05
BLR,Belarus,1988,141.73816770166,Total GHG,Europe,10140000.0,1.3978123047500985e-05
BLR,Belarus,1989,138.49799318935,Total GHG,Europe,10170000.0,1.3618288415865291e-05
BLR,Belarus,1990,144.97128431405,Total GHG,Europe,10189348.0,1.422772922409265e-05
BLR,Belarus,1991,140.09172869923,Total GHG,Europe,10194050.0,1.3742499663944163e-05
BLR,Belarus,1992,128.47001603598,Total GHG,Europe,10216470.0,1.2574795015889049e-05
BLR,Belarus,1993,114.3185662637,Total GHG,Europe,10239050.0,1.1164958298250327e-05
BLR,Belarus,1994,100.76199394951,Total GHG,Europe,10226955.0,9.852589939968446e-06
BLR,Belarus,1995,92.071885242951,Total GHG,Europe,10193831.0,9.032118076408271e-06
BLR,Belarus,1996,91.931730693969,Total GHG,Europe,10159569.0,9.048782551107138e-06
BLR,Belarus,1997,91.917232799773,Total GHG,Europe,10117433.0,9.085034988595724e-06
BLR,Belarus,1998,90.292019697665,Total GHG,Europe,10071963.0,8.964689375612778e-06
BLR,Belarus,1999,87.73983769752,Total GHG,Europe,10026738.0,8.750586451697452e-06
BLR,Belarus,2000,84.980255321756,Total GHG,Europe,9979610.0,8.51538840914184e-06
BLR,Belarus,2001,83.599152599353,Total GHG,Europe,9928549.0,8.420077556081256e-06
BLR,Belarus,2002,83.451780802703,Total GHG,Europe,9865548.0,8.458909814508328e-06
BLR,Belarus,2003,83.825460790579,Total GHG,Europe,9796749.0,8.556456921635841e-06
BLR,Belarus,2004,87.235783400446,Total GHG,Europe,9730146.0,8.96551638592535e-06
BLR,Belarus,2005,87.962431115115,Total GHG,Europe,9663915.0,9.102152814373367e-06
BLR,Belarus,2006,90.829136427768,Total GHG,Europe,9604924.0,9.456517972215918e-06
BLR,Belarus,2007,89.579345377436,Total GHG,Europe,9560953.0,9.369290422977291e-06
BLR,Belarus,2008,96.342708069759,Total GHG,Europe,9527985.0,1.0111551190494002e-05
BLR,Belarus,2009,93.483943325791,Total GHG,Europe,9504583.0,9.835670152577025e-06
BLR,Belarus,2010,98.522142268855,Total GHG,Europe,9483836.0,1.0388427453707024e-05
BLR,Belarus,2011,96.136354068603,Total GHG,Europe,9461643.0,1.0160640606351666e-05
BLR,Belarus,2012,97.816119377749,Total GHG,Europe,9446836.0,1.0354378902920407e-05
BLR,Belarus,2013,98.195728847844,Total GHG,Europe,9443211.0,1.0398552870188329e-05
BLR,Belarus,2014,97.473913701615,Total GHG,Europe,9448515.0,1.0316320998761711e-05
BLR,Belarus,2015,92.587981004122,Total GHG,Europe,9461076.0,9.786199899897432e-06
BLR,Belarus,2016,91.703380233599,Total GHG,Europe,9469379.0,9.684202124933324e-06
BLR,Belarus,2017,93.459125691843,Total GHG,Europe,9458989.0,9.880456113422163e-06
BLR,Belarus,2018,96.677538745184,Total GHG,Europe,9438785.0,1.0242582996136048e-05
BLR,Belarus,2019,94.428171211498,Total GHG,Europe,9419758.0,1.0024479526066168e-05
BLR,Belarus,2020,91.71811316281,Total GHG,Europe,9379952.0,9.778100480984337e-06
BLR,Belarus,2021,91.891571065497,Total GHG,Europe,9302585.0,9.878068414908007e-06
BLR,Belarus,2022,89.203033970223,Total GHG,Europe,9228071.0,9.666487608322802e-06
BLR,Belarus,2023,86.933053671496,Total GHG,Europe,9178298.0,9.471587615862549e-06
BLR,Belarus,2024,87.491361226524,Total GHG,Europe,9133712.0,9.578948977866173e-06
BLZ,Belize,1970,0.24145996175844,Total GHG,North America,120736.0,1.9999002928574742e-06
BLZ,Belize,1971,0.25590432091314,Total GHG,North America,122805.0,2.0838265617290827e-06
BLZ,Belize,1972,0.27365538143576,Total GHG,North America,124676.0,2.19493231604928e-06
BLZ,Belize,1973,0.2802583371827,Total GHG,North America,126445.0,2.216444597909763e-06
BLZ,Belize,1974,0.28187491313082,Total GHG,North America,128185.0,2.1989695606414167e-06
BLZ,Belize,1975,0.29963668369009,Total GHG,North America,130387.0,2.298056429629411e-06
BLZ,Belize,1976,0.29426267162169,Total GHG,North America,133099.0,2.2108556159076326e-06
BLZ,Belize,1977,0.31002046464247,Total GHG,North America,135887.0,2.281457863095587e-06
BLZ,Belize,1978,0.31406574624626,Total GHG,North America,138713.0,2.2641406807311498e-06
BLZ,Belize,1979,0.31572085556753,Total GHG,North America,141678.0,2.2284395288437866e-06
BLZ,Belize,1980,0.31918484085409,Total GHG,North America,145062.0,2.2003339320710455e-06
BLZ,Belize,1981,0.31538415147839,Total GHG,North America,148786.0,2.119716582732179e-06
BLZ,Belize,1982,0.31575081302821,Total GHG,North America,152548.0,2.0698456422123527e-06
BLZ,Belize,1983,0.34097470144292,Total GHG,North America,156297.0,2.18158186940837e-06
BLZ,Belize,1984,0.33258574736498,Total GHG,North America,160044.0,2.0780894464333557e-06
BLZ,Belize,1985,0.33099909085874,Total GHG,North America,163796.0,2.020800818449413e-06
BLZ,Belize,1986,0.3580059986934,Total GHG,North America,167554.0,2.13666041212624e-06
BLZ,Belize,1987,0.34531042205498,Total GHG,North America,171338.0,2.0153755854216814e-06
BLZ,Belize,1988,0.33687653004687,Total GHG,North America,175180.0,1.923030768620105e-06
BLZ,Belize,1989,0.37736543877826,Total GHG,North America,179107.0,2.10692736061829e-06
BLZ,Belize,1990,0.43739248341154,Total GHG,North America,183076.0,2.389130652906662e-06
BLZ,Belize,1991,0.45533642586669,Total GHG,North America,187040.0,2.4344334145994975e-06
BLZ,Belize,1992,0.45441303372053,Total GHG,North America,190983.0,2.3793376045016047e-06
BLZ,Belize,1993,0.43387124744185,Total GHG,North America,194902.0,2.226099513816431e-06
BLZ,Belize,1994,0.43713371531318,Total GHG,North America,199097.0,2.1955816276145797e-06
BLZ,Belize,1995,0.4193044584482,Total GHG,North America,204146.0,2.053944032448346e-06
BLZ,Belize,1996,0.40156006726717,Total GHG,North America,210310.0,1.9093721994539965e-06
BLZ,Belize,1997,0.49571463233564,Total GHG,North America,217446.0,2.2797137327687796e-06
BLZ,Belize,1998,0.51639027304628,Total GHG,North America,225173.0,2.293304583792373e-06
BLZ,Belize,1999,0.53590405708766,Total GHG,North America,233059.0,2.299435151990097e-06
BLZ,Belize,2000,0.47111145343819,Total GHG,North America,240799.0,1.9564510377459624e-06
BLZ,Belize,2001,0.49274045902232,Total GHG,North America,248379.0,1.983824957111189e-06
BLZ,Belize,2002,0.50545047533012,Total GHG,North America,256009.0,1.974346508638837e-06
BLZ,Belize,2003,0.53461731512597,Total GHG,North America,263780.0,2.0267545497231404e-06
BLZ,Belize,2004,0.51392792933231,Total GHG,North America,271688.0,1.8916107054132314e-06
BLZ,Belize,2005,0.5377011276251,Total GHG,North America,279731.0,1.922207862643397e-06
BLZ,Belize,2006,0.63153339493291,Total GHG,North America,287878.0,2.1937535863557132e-06
BLZ,Belize,2007,0.65947876720019,Total GHG,North America,296100.0,2.2272163701458632e-06
BLZ,Belize,2008,0.67127095476251,Total GHG,North America,304361.0,2.20550909861155e-06
BLZ,Belize,2009,0.72925506778734,Total GHG,North America,312614.0,2.3327652241657122e-06
BLZ,Belize,2010,0.77092961121977,Total GHG,North America,320245.0,2.407311936860123e-06
BLZ,Belize,2011,0.74141000934586,Total GHG,North America,327298.0,2.265244545783537e-06
BLZ,Belize,2012,0.71632886097896,Total GHG,North America,334414.0,2.1420420825053974e-06
BLZ,Belize,2013,0.78082158300657,Total GHG,North America,341627.0,2.2855968146738108e-06
BLZ,Belize,2014,0.73660972093513,Total GHG,North America,348923.0,2.1110953446322826e-06
BLZ,Belize,2015,0.79041943456353,Total GHG,North America,356333.0,2.2182044171141322e-06
BLZ,Belize,2016,0.81471928552655,Total GHG,North America,364705.0,2.2339131230077734e-06
BLZ,Belize,2017,0.85625791909773,Total GHG,North America,373202.0,2.2943551189375457e-06
BLZ,Belize,2018,0.8568755851237,Total GHG,North America,380226.0,2.253595454081783e-06
BLZ,Belize,2019,0.99106396768016,Total GHG,North America,385829.0,2.5686611625361494e-06
BLZ,Belize,2020,0.91754012846781,Total GHG,North America,390812.0,2.3477788002103568e-06
BLZ,Belize,2021,0.94225127144978,Total GHG,North America,395346.0,2.3833585554167237e-06
BLZ,Belize,2022,0.9733959035653,Total GHG,North America,402733.0,2.4169757719513923e-06
BLZ,Belize,2023,1.0011666940305,Total GHG,North America,411106.0,2.4353006135412763e-06
BLZ,Belize,2024,1.0346841172425,Total GHG,North America,417072.0,2.4808285313866674e-06
BMU,Bermuda,1970,0.16078634542961,Total GHG,North America,52124.0,3.084689306837733e-06
BMU,Bermuda,1971,0.16241208782925,Total GHG,North America,52607.0,3.087271424510997e-06
BMU,Bermuda,1972,0.19328254466839,Total GHG,North America,52803.0,3.660446275181145e-06
BMU,Bermuda,1973,0.19467932453152,Total GHG,North America,52946.0,3.676941119848903e-06
BMU,Bermuda,1974,0.17538954084281,Total GHG,North America,53056.0,3.305743758346087e-06
BMU,Bermuda,1975,0.20839276273301,Total GHG,North America,53129.0,3.922391965461612e-06
BMU,Bermuda,1976,0.19117860076031,Total GHG,North America,53210.0,3.592907362531667e-06
BMU,Bermuda,1977,0.20915566491742,Total GHG,North America,53322.0,3.922502248929523e-06
BMU,Bermuda,1978,0.20937571602169,Total GHG,North America,53431.0,3.918618704903334e-06
BMU,Bermuda,1979,0.20767702447379,Total GHG,North America,53517.0,3.880580459924697e-06
BMU,Bermuda,1980,0.2061696257349,Total GHG,North America,53673.0,3.841216733458163e-06
BMU,Bermuda,1981,0.17919719171703,Total GHG,North America,53997.0,3.3186508827718207e-06
BMU,Bermuda,1982,0.17796698179399,Total GHG,North America,54387.0,3.272233838858367e-06
BMU,Bermuda,1983,0.18354779736057,Total GHG,North America,54777.0,3.3508187261180786e-06
BMU,Bermuda,1984,0.19690232906215,Total GHG,North America,55169.0,3.5690755508011745e-06
BMU,Bermuda,1985,0.19249008670959,Total GHG,North America,55547.0,3.4653552254773437e-06
BMU,Bermuda,1986,0.18884571724133,Total GHG,North America,55889.0,3.3789424974741007e-06
BMU,Bermuda,1987,0.27613929857641,Total GHG,North America,56265.0,4.9078343299815165e-06
BMU,Bermuda,1988,0.32035716269533,Total GHG,North America,56699.0,5.650137792471295e-06
BMU,Bermuda,1989,0.39323806888516,Total GHG,North America,57129.0,6.883335414328274e-06
BMU,Bermuda,1990,0.28193737347009,Total GHG,North America,57559.0,4.898232656406296e-06
BMU,Bermuda,1991,0.25679680600553,Total GHG,North America,57984.0,4.428752862954091e-06
BMU,Bermuda,1992,0.2078912078851,Total GHG,North America,58407.0,3.559354322000787e-06
BMU,Bermuda,1993,0.22934016804073,Total GHG,North America,58816.0,3.899281964783902e-06
BMU,Bermuda,1994,0.22746558437083,Total GHG,North America,59194.0,3.842713524526641e-06
BMU,Bermuda,1995,0.22862766553574,Total GHG,North America,59526.0,3.8408034394338605e-06
BMU,Bermuda,1996,0.23260382250208,Total GHG,North America,59813.0,3.888850626152843e-06
BMU,Bermuda,1997,0.23841221294521,Total GHG,North America,60177.0,3.961849426611662e-06
BMU,Bermuda,1998,0.24379580810821,Total GHG,North America,60639.0,4.02044572153581e-06
BMU,Bermuda,1999,0.24684269691666,Total GHG,North America,61124.0,4.038392397694196e-06
BMU,Bermuda,2000,0.1775697980107,Total GHG,North America,61550.0,2.8849682861202273e-06
BMU,Bermuda,2001,0.17602967648245,Total GHG,North America,61867.0,2.845291940492508e-06
BMU,Bermuda,2002,0.19320824428924,Total GHG,North America,62142.0,3.109141068669177e-06
BMU,Bermuda,2003,0.19884569693163,Total GHG,North America,62386.0,3.1873448679452123e-06
BMU,Bermuda,2004,0.2008548330664,Total GHG,North America,62555.0,3.210851779496443e-06
BMU,Bermuda,2005,0.21427194600719,Total GHG,North America,62711.0,3.416815965415796e-06
BMU,Bermuda,2006,0.26097162388715,Total GHG,North America,62834.0,4.153350477244008e-06
BMU,Bermuda,2007,0.30754324761194,Total GHG,North America,63010.0,4.880864110648151e-06
BMU,Bermuda,2008,0.30944344386871,Total GHG,North America,63300.0,4.888522020042811e-06
BMU,Bermuda,2009,0.27348542658665,Total GHG,North America,63565.0,4.302453025826319e-06
BMU,Bermuda,2010,0.33890710916938,Total GHG,North America,63725.0,5.318275546008317e-06
BMU,Bermuda,2011,0.17968456468111,Total GHG,North America,63733.0,2.8193332289568983e-06
BMU,Bermuda,2012,0.20431424158067,Total GHG,North America,63646.0,3.210166256805926e-06
BMU,Bermuda,2013,0.22475059339902,Total GHG,North America,63574.0,3.5352595935291158e-06
BMU,Bermuda,2014,0.30078115079467,Total GHG,North America,63529.0,4.734548801250925e-06
BMU,Bermuda,2015,0.2585776585229,Total GHG,North America,63464.0,4.07439900609637e-06
BMU,Bermuda,2016,0.34106247303125,Total GHG,North America,63449.0,5.375379801592617e-06
BMU,Bermuda,2017,0.31407936122507,Total GHG,North America,63578.0,4.9400635632619775e-06
BMU,Bermuda,2018,0.32899126289323,Total GHG,North America,63831.0,5.154098524121978e-06
BMU,Bermuda,2019,0.33002360875592,Total GHG,North America,64107.0,5.148012054158204e-06
BMU,Bermuda,2020,0.23998145548339,Total GHG,North America,64382.0,3.7274619533936503e-06
BMU,Bermuda,2021,0.27075122681624,Total GHG,North America,64648.0,4.188083572828857e-06
BMU,Bermuda,2022,0.28368499610795,Total GHG,North America,64749.0,4.381303126039785e-06
BMU,Bermuda,2023,0.29678539652536,Total GHG,North America,64698.0,4.5872422103520975e-06
BMU,Bermuda,2024,0.30567723229762,Total GHG,North America,64636.0,4.729210228009469e-06
BOL,Bolivia,1970,26.788216341566,Total GHG,South America,4590010.0,5.836199995548158e-06
BOL,Bolivia,1971,27.835308578226,Total GHG,South America,4694342.0,5.9295442424574096e-06
BOL,Bolivia,1972,32.473957332153,Total GHG,South America,4800978.0,6.76402960649955e-06
BOL,Bolivia,1973,34.048260508671,Total GHG,South America,4910200.0,6.934190156953077e-06
BOL,Bolivia,1974,33.856510706768,Total GHG,South America,5022475.0,6.741001340328822e-06
BOL,Bolivia,1975,32.581663134938,Total GHG,South America,5137539.0,6.341881421228724e-06
BOL,Bolivia,1976,33.948465029719,Total GHG,South America,5256496.0,6.4583831186628895e-06
BOL,Bolivia,1977,31.689369245866,Total GHG,South America,5379166.0,5.8911305666837575e-06
BOL,Bolivia,1978,32.807832219682,Total GHG,South America,5504123.0,5.960592126971363e-06
BOL,Bolivia,1979,30.787525973142,Total GHG,South America,5630849.0,5.467652564141215e-06
BOL,Bolivia,1980,30.10270591187,Total GHG,South America,5758900.0,5.227162463642362e-06
BOL,Bolivia,1981,27.910190607999,Total GHG,South America,5888109.0,4.740094079100607e-06
BOL,Bolivia,1982,29.249589687876,Total GHG,South America,6018088.0,4.860279492070571e-06
BOL,Bolivia,1983,30.134390824326,Total GHG,South America,6149060.0,4.900649989482295e-06
BOL,Bolivia,1984,28.39286690925,Total GHG,South America,6281868.0,4.519812722784051e-06
BOL,Bolivia,1985,28.634667237335,Total GHG,South America,6416185.0,4.462880549319417e-06
BOL,Bolivia,1986,26.340419867693,Total GHG,South America,6552479.0,4.019916716664487e-06
BOL,Bolivia,1987,27.459432974357,Total GHG,South America,6692162.0,4.1032229904710915e-06
BOL,Bolivia,1988,28.188064882806,Total GHG,South America,6835508.0,4.123770301023128e-06
BOL,Bolivia,1989,29.830515324861,Total GHG,South America,6981766.0,4.2726317846890025e-06
BOL,Bolivia,1990,29.429901070996,Total GHG,South America,7130142.0,4.127533655149645e-06
BOL,Bolivia,1991,31.311671938476,Total GHG,South America,7280289.0,4.3008831020960845e-06
BOL,Bolivia,1992,32.628468225918,Total GHG,South America,7430336.0,4.391250708705232e-06
BOL,Bolivia,1993,34.94655055531,Total GHG,South America,7579195.0,4.610852545067121e-06
BOL,Bolivia,1994,37.034286235284,Total GHG,South America,7727322.0,4.792641776191545e-06
BOL,Bolivia,1995,29.438460297917,Total GHG,South America,7874676.0,3.738370987951377e-06
BOL,Bolivia,1996,29.461187277001,Total GHG,South America,8021736.0,3.6726697658712525e-06
BOL,Bolivia,1997,33.889093191156,Total GHG,South America,8167900.0,4.1490582880735564e-06
BOL,Bolivia,1998,31.393902251988,Total GHG,South America,8313394.0,3.7763039081256103e-06
BOL,Bolivia,1999,30.55092665037,Total GHG,South America,8459806.0,3.611303456647824e-06
BOL,Bolivia,2000,29.995323468541,Total GHG,South America,8606326.0,3.4852646144871804e-06
BOL,Bolivia,2001,28.588179012108,Total GHG,South America,8752736.0,3.2661991647078126e-06
BOL,Bolivia,2002,29.755529624401,Total GHG,South America,8900355.0,3.343184583581329e-06
BOL,Bolivia,2003,30.782079442664,Total GHG,South America,9050700.0,3.401071678728054e-06
BOL,Bolivia,2004,32.109386144058,Total GHG,South America,9204287.0,3.488525090977498e-06
BOL,Bolivia,2005,32.704651159511,Total GHG,South America,9360754.0,3.493805216920667e-06
BOL,Bolivia,2006,33.837754554091,Total GHG,South America,9521689.0,3.553755489608094e-06
BOL,Bolivia,2007,35.846935616622,Total GHG,South America,9685960.0,3.700917164289549e-06
BOL,Bolivia,2008,37.058308305556,Total GHG,South America,9850858.0,3.7619371130470054e-06
BOL,Bolivia,2009,38.458757388099,Total GHG,South America,10016275.0,3.839626746280329e-06
BOL,Bolivia,2010,41.820609205103,Total GHG,South America,10182345.0,4.107168751903711e-06
BOL,Bolivia,2011,42.677327164238,Total GHG,South America,10348929.0,4.123839980372655e-06
BOL,Bolivia,2012,44.506838713507,Total GHG,South America,10515807.0,4.232375005884665e-06
BOL,Bolivia,2013,46.311532987302,Total GHG,South America,10682608.0,4.335227220478557e-06
BOL,Bolivia,2014,47.367151862129,Total GHG,South America,10848888.0,4.366083589592684e-06
BOL,Bolivia,2015,48.384075897101,Total GHG,South America,11014705.0,4.3926801396043745e-06
BOL,Bolivia,2016,50.110860789723,Total GHG,South America,11180020.0,4.482179887846623e-06
BOL,Bolivia,2017,50.772904349726,Total GHG,South America,11344587.0,4.475518090674081e-06
BOL,Bolivia,2018,51.474005514947,Total GHG,South America,11508368.0,4.472745876300358e-06
BOL,Bolivia,2019,52.395667511837,Total GHG,South America,11671386.0,4.489241253081425e-06
BOL,Bolivia,2020,49.243059468713,Total GHG,South America,11816299.0,4.167384345023175e-06
BOL,Bolivia,2021,53.385624564763,Total GHG,South America,11937360.0,4.4721466525901035e-06
BOL,Bolivia,2022,55.432030608113,Total GHG,South America,12077154.0,4.58982560031221e-06
BOL,Bolivia,2023,57.212834838355,Total GHG,South America,12244159.0,4.672663499253399e-06
BOL,Bolivia,2024,63.757197635886,Total GHG,South America,12413315.0,5.136194291040387e-06
BRA,Brazil,1970,336.3371151625,Total GHG,South America,95375651.0,3.52644633757205e-06
BRA,Brazil,1971,342.4555643199,Total GHG,South America,97739273.0,3.503766232432484e-06
BRA,Brazil,1972,363.45367068783,Total GHG,South America,100146797.0,3.6292091367418374e-06
BRA,Brazil,1973,390.3688089653,Total GHG,South America,102600976.0,3.804728026810388e-06
BRA,Brazil,1974,417.56903856204,Total GHG,South America,105089675.0,3.9734544669782264e-06
BRA,Brazil,1975,439.39466884008,Total GHG,South America,107619565.0,4.082851188258194e-06
BRA,Brazil,1976,474.9801134628,Total GHG,South America,110213349.0,4.309642323479345e-06
BRA,Brazil,1977,492.90922665663,Total GHG,South America,112875292.0,4.366847854148895e-06
BRA,Brazil,1978,506.69881960625,Total GHG,South America,115600942.0,4.383172064517e-06
BRA,Brazil,1979,530.30618550953,Total GHG,South America,118380821.0,4.479663014919705e-06
BRA,Brazil,1980,557.59191860853,Total GHG,South America,121207461.0,4.600310195496381e-06
BRA,Brazil,1981,543.51513480941,Total GHG,South America,124063109.0,4.380956911287868e-06
BRA,Brazil,1982,551.02651476558,Total GHG,South America,126923155.0,4.3414183547957035e-06
BRA,Brazil,1983,546.61132737655,Total GHG,South America,129790077.0,4.211503221286709e-06
BRA,Brazil,1984,567.56535591008,Total GHG,South America,132658864.0,4.278382452529369e-06
BRA,Brazil,1985,586.49211240671,Total GHG,South America,135515595.0,4.3278569703118674e-06
BRA,Brazil,1986,618.19006762175,Total GHG,South America,138336370.0,4.4687457652803094e-06
BRA,Brazil,1987,634.84090165901,Total GHG,South America,141104944.0,4.499069158476899e-06
BRA,Brazil,1988,650.31353279452,Total GHG,South America,143826357.0,4.5215184918750326e-06
BRA,Brazil,1989,660.05901493082,Total GHG,South America,146502972.0,4.505430885940116e-06
BRA,Brazil,1990,649.23598635773,Total GHG,South America,149143223.0,4.353104172609506e-06
BRA,Brazil,1991,676.33697298533,Total GHG,South America,151724256.0,4.457672034887619e-06
BRA,Brazil,1992,697.80573925836,Total GHG,South America,154275079.0,4.523126766691592e-06
BRA,Brazil,1993,723.73534087751,Total GHG,South America,156794577.0,4.615818701928129e-06
BRA,Brazil,1994,752.79566901867,Total GHG,South America,159265006.0,4.726685967780455e-06
BRA,Brazil,1995,789.78055991847,Total GHG,South America,161735073.0,4.883174349687714e-06
BRA,Brazil,1996,794.46382460052,Total GHG,South America,164202549.0,4.838316027606368e-06
BRA,Brazil,1997,818.73155607501,Total GHG,South America,166661659.0,4.912536938534915e-06
BRA,Brazil,1998,833.857714515,Total GHG,South America,169159655.0,4.929412480269009e-06
BRA,Brazil,1999,849.05362054094,Total GHG,South America,171641543.0,4.946667372600699e-06
BRA,Brazil,2000,870.33407681088,Total GHG,South America,174018282.0,5.0013944903264814e-06
BRA,Brazil,2001,882.10051670947,Total GHG,South America,176301203.0,5.0033720797099155e-06
BRA,Brazil,2002,904.52604445741,Total GHG,South America,178503484.0,5.067273893978506e-06
BRA,Brazil,2003,934.41984185592,Total GHG,South America,180622688.0,5.173324858590965e-06
BRA,Brazil,2004,983.41868069267,Total GHG,South America,182675143.0,5.383429100108437e-06
BRA,Brazil,2005,1000.6448674827,Total GHG,South America,184688101.0,5.418025644666193e-06
BRA,Brazil,2006,1004.579138526,Total GHG,South America,186653106.0,5.38206494418582e-06
BRA,Brazil,2007,1024.210210615,Total GHG,South America,188552320.0,5.431968223010993e-06
BRA,Brazil,2008,1057.6067051268,Total GHG,South America,190367302.0,5.555611147584579e-06
BRA,Brazil,2009,1032.2057891079,Total GHG,South America,192079951.0,5.373834092179147e-06
BRA,Brazil,2010,1110.0270883422,Total GHG,South America,193701929.0,5.730593877266963e-06
BRA,Brazil,2011,1146.6495469864,Total GHG,South America,195284734.0,5.871680409931071e-06
BRA,Brazil,2012,1180.0087898784,Total GHG,South America,196876111.0,5.993661617373171e-06
BRA,Brazil,2013,1215.9430902852,Total GHG,South America,198478299.0,6.126327645951863e-06
BRA,Brazil,2014,1248.6092966895,Total GHG,South America,200085127.0,6.240390354898793e-06
BRA,Brazil,2015,1233.2232042414,Total GHG,South America,201675532.0,6.1148875721889755e-06
BRA,Brazil,2016,1208.3075995997,Total GHG,South America,203218114.0,5.9458656308546395e-06
BRA,Brazil,2017,1219.2388585129,Total GHG,South America,204703445.0,5.956122812260927e-06
BRA,Brazil,2018,1195.9213743544,Total GHG,South America,206107261.0,5.802422333652768e-06
BRA,Brazil,2019,1200.3060407939,Total GHG,South America,207455459.0,5.7858493894532796e-06
BRA,Brazil,2020,1196.0099876051,Total GHG,South America,208660842.0,5.731837253896924e-06
BRA,Brazil,2021,1277.1870414328,Total GHG,South America,209550294.0,6.094895010897957e-06
BRA,Brazil,2022,1278.5421699747,Total GHG,South America,210306415.0,6.079425442037515e-06
BRA,Brazil,2023,1297.1707496717,Total GHG,South America,211140729.0,6.143631102418425e-06
BRA,Brazil,2024,1299.1802084395,Total GHG,South America,211998573.0,6.128249780433663e-06
BRB,Barbados,1970,0.60528100168508,Total GHG,North America,249387.0,2.4270751951187514e-06
BRB,Barbados,1971,0.61392372726718,Total GHG,North America,249168.0,2.4638947507993806e-06
BRB,Barbados,1972,0.66691138440269,Total GHG,North America,249658.0,2.6712998758409104e-06
BRB,Barbados,1973,0.67569119354817,Total GHG,North America,250322.0,2.6992880911313026e-06
BRB,Barbados,1974,0.63178312398553,Total GHG,North America,250777.0,2.5193025037604328e-06
BRB,Barbados,1975,0.67931199629711,Total GHG,North America,251175.0,2.7045366628729372e-06
BRB,Barbados,1976,0.65446977710873,Total GHG,North America,251442.0,2.602865778623818e-06
BRB,Barbados,1977,0.70752075958096,Total GHG,North America,251626.0,2.8117951228448567e-06
BRB,Barbados,1978,0.71124590943622,Total GHG,North America,251551.0,2.8274421864203284e-06
BRB,Barbados,1979,0.71479405758855,Total GHG,North America,251269.0,2.8447363486484602e-06
BRB,Barbados,1980,0.72634851945497,Total GHG,North America,251524.0,2.887790109313505e-06
BRB,Barbados,1981,0.71164121917549,Total GHG,North America,252270.0,2.820950644846751e-06
BRB,Barbados,1982,0.69362364448807,Total GHG,North America,253095.0,2.7405663663370275e-06
BRB,Barbados,1983,0.70401965083189,Total GHG,North America,253992.0,2.771818210147918e-06
BRB,Barbados,1984,0.70230618201321,Total GHG,North America,254920.0,2.7550062059203282e-06
BRB,Barbados,1985,0.76412487744706,Total GHG,North America,255820.0,2.9869630108946136e-06
BRB,Barbados,1986,0.79358032454623,Total GHG,North America,256618.0,3.092457756456016e-06
BRB,Barbados,1987,0.75039646079995,Total GHG,North America,257279.0,2.9166642469845967e-06
BRB,Barbados,1988,0.76182607354121,Total GHG,North America,257763.0,2.955529201402878e-06
BRB,Barbados,1989,0.84128977382352,Total GHG,North America,258109.0,3.259436028280765e-06
BRB,Barbados,1990,0.85618008858399,Total GHG,North America,258582.0,3.3110583435196184e-06
BRB,Barbados,1991,0.82757413384727,Total GHG,North America,259373.0,3.1906718657966325e-06
BRB,Barbados,1992,0.81562718359515,Total GHG,North America,260267.0,3.133809447971314e-06
BRB,Barbados,1993,0.77680839654407,Total GHG,North America,261027.0,2.9759695224787855e-06
BRB,Barbados,1994,0.76476756553828,Total GHG,North America,261620.0,2.923199929433071e-06
BRB,Barbados,1995,0.77664771025518,Total GHG,North America,262039.0,2.9638630518937257e-06
BRB,Barbados,1996,0.76982156646641,Total GHG,North America,262284.0,2.9350687288069803e-06
BRB,Barbados,1997,0.86661808464573,Total GHG,North America,262392.0,3.3027610774937115e-06
BRB,Barbados,1998,0.93318410678869,Total GHG,North America,262436.0,3.5558540245571874e-06
BRB,Barbados,1999,0.96717758079746,Total GHG,North America,262517.0,3.684247423204821e-06
BRB,Barbados,2000,0.83928519986541,Total GHG,North America,262063.0,3.2026085325490816e-06
BRB,Barbados,2001,0.80107819789073,Total GHG,North America,262425.0,3.052598639194932e-06
BRB,Barbados,2002,0.82920815499527,Total GHG,North America,264148.0,3.1391801376321985e-06
BRB,Barbados,2003,0.85834463091944,Total GHG,North America,265776.0,3.229579160343447e-06
BRB,Barbados,2004,0.85295699414237,Total GHG,North America,267298.0,3.1910339551450816e-06
BRB,Barbados,2005,0.86662049255795,Total GHG,North America,268706.0,3.2251624175044475e-06
BRB,Barbados,2006,0.90414402290359,Total GHG,North America,270002.0,3.3486567614446927e-06
BRB,Barbados,2007,0.87236578131461,Total GHG,North America,271288.0,3.215644559710013e-06
BRB,Barbados,2008,0.99404032373918,Total GHG,North America,272714.0,3.6449919099832795e-06
BRB,Barbados,2009,1.0034051968744,Total GHG,North America,274123.0,3.660419581262426e-06
BRB,Barbados,2010,1.0212373111947,Total GHG,North America,275243.0,3.7103116562263164e-06
BRB,Barbados,2011,0.88002187609841,Total GHG,North America,276139.0,3.186880071624834e-06
BRB,Barbados,2012,0.83988299992872,Total GHG,North America,276938.0,3.0327474016881754e-06
BRB,Barbados,2013,0.92401986660053,Total GHG,North America,277665.0,3.3278226157439e-06
BRB,Barbados,2014,0.86085576003012,Total GHG,North America,278348.0,3.0927319759082875e-06
BRB,Barbados,2015,0.91260360904892,Total GHG,North America,278990.0,3.2710979212477867e-06
BRB,Barbados,2016,0.96737267819955,Total GHG,North America,279598.0,3.459869806649368e-06
BRB,Barbados,2017,0.87778558288832,Total GHG,North America,280171.0,3.1330351210093836e-06
BRB,Barbados,2018,0.97655819864781,Total GHG,North America,280711.0,3.478873997270538e-06
BRB,Barbados,2019,1.0672491327361,Total GHG,North America,281207.0,3.795243833674482e-06
BRB,Barbados,2020,0.86547721575829,Total GHG,North America,281698.0,3.072358397142649e-06
BRB,Barbados,2021,0.85113582309136,Total GHG,North America,282147.0,3.016639634982332e-06
BRB,Barbados,2022,0.89075734817446,Total GHG,North America,282318.0,3.1551560586801407e-06
BRB,Barbados,2023,0.88888011823082,Total GHG,North America,282336.0,3.1483059837598464e-06
BRB,Barbados,2024,0.91205446117052,Total GHG,North America,282467.0,3.228888546876343e-06
BRN,Brunei,1970,2.7141917560586,Total GHG,Asia,135138.0,2.008459320145777e-05
BRN,Brunei,1971,2.5590491606768,Total GHG,Asia,137921.0,1.8554456251599105e-05
BRN,Brunei,1972,3.1319275972085,Total GHG,Asia,142189.0,2.2026511173216635e-05
BRN,Brunei,1973,3.9503067802133,Total GHG,Asia,147369.0,2.6805547843938005e-05
BRN,Brunei,1974,4.1135445915188,Total GHG,Asia,152656.0,2.6946497953036897e-05
BRN,Brunei,1975,4.264845371468,Total GHG,Asia,158070.0,2.6980738732637436e-05
BRN,Brunei,1976,5.0253804840245,Total GHG,Asia,163607.0,3.071617035960869e-05
BRN,Brunei,1977,5.2053799321406,Total GHG,Asia,169277.0,3.075066271342592e-05
BRN,Brunei,1978,5.3182599607774,Total GHG,Asia,174884.0,3.041021454665607e-05
BRN,Brunei,1979,5.1211962137668,Total GHG,Asia,180422.0,2.8384544089782842e-05
BRN,Brunei,1980,5.9958105371054,Total GHG,Asia,186111.0,3.2216314656873587e-05
BRN,Brunei,1981,4.9441907151899,Total GHG,Asia,191977.0,2.5754078432259593e-05
BRN,Brunei,1982,5.2910768010275,Total GHG,Asia,198165.0,2.670035980636086e-05
BRN,Brunei,1983,5.680294997023,Total GHG,Asia,204741.0,2.7743808016093503e-05
BRN,Brunei,1984,5.4988560368249,Total GHG,Asia,211661.0,2.597954293339302e-05
BRN,Brunei,1985,5.3619728362913,Total GHG,Asia,218919.0,2.4492953267150406e-05
BRN,Brunei,1986,5.1511835974118,Total GHG,Asia,226495.0,2.274303449264575e-05
BRN,Brunei,1987,5.1837659701352,Total GHG,Asia,233860.0,2.2166107800116308e-05
BRN,Brunei,1988,5.4975529382187,Total GHG,Asia,240913.0,2.281966078301586e-05
BRN,Brunei,1989,5.4492496283178,Total GHG,Asia,248064.0,2.1967111827261513e-05
BRN,Brunei,1990,5.8516262194088,Total GHG,Asia,255292.0,2.2921306658292465e-05
BRN,Brunei,1991,6.3736318715397,Total GHG,Asia,262596.0,2.427162588744573e-05
BRN,Brunei,1992,6.5871515993414,Total GHG,Asia,269839.0,2.4411414211220025e-05
BRN,Brunei,1993,6.9063025018158,Total GHG,Asia,276971.0,2.4935110541593885e-05
BRN,Brunei,1994,7.0391996269609,Total GHG,Asia,284091.0,2.4777974757950446e-05
BRN,Brunei,1995,7.3244191481436,Total GHG,Asia,291195.0,2.515297016825014e-05
BRN,Brunei,1996,7.6928905571273,Total GHG,Asia,298276.0,2.5791181848782002e-05
BRN,Brunei,1997,8.2021411498673,Total GHG,Asia,305341.0,2.686223320768354e-05
BRN,Brunei,1998,7.6705112038063,Total GHG,Asia,312385.0,2.455467197146566e-05
BRN,Brunei,1999,8.1543171263092,Total GHG,Asia,319411.0,2.552923076008403e-05
BRN,Brunei,2000,8.4861697885941,Total GHG,Asia,326424.0,2.5997383123159146e-05
BRN,Brunei,2001,8.7297945204979,Total GHG,Asia,333345.0,2.6188466965149922e-05
BRN,Brunei,2002,7.8976741551786,Total GHG,Asia,340099.0,2.3221691787328397e-05
BRN,Brunei,2003,8.9121171793105,Total GHG,Asia,346637.0,2.571023052735426e-05
BRN,Brunei,2004,8.41028880675,Total GHG,Asia,352911.0,2.3831189185800387e-05
BRN,Brunei,2005,8.0908404123945,Total GHG,Asia,358916.0,2.254243447601807e-05
BRN,Brunei,2006,11.323594218671,Total GHG,Asia,364663.0,3.105221593271322e-05
BRN,Brunei,2007,10.808777023866,Total GHG,Asia,370873.0,2.91441464433e-05
BRN,Brunei,2008,12.90579008751,Total GHG,Asia,377793.0,3.4161009038044646e-05
BRN,Brunei,2009,11.018418032499,Total GHG,Asia,384952.0,2.8622836178274172e-05
BRN,Brunei,2010,9.9790501373019,Total GHG,Asia,392332.0,2.543521848154599e-05
BRN,Brunei,2011,10.677933448945,Total GHG,Asia,399389.0,2.6735672361895293e-05
BRN,Brunei,2012,10.34150204035,Total GHG,Asia,405557.0,2.5499503251947325e-05
BRN,Brunei,2013,10.278764994167,Total GHG,Asia,411202.0,2.49968750010141e-05
BRN,Brunei,2014,10.487161680063,Total GHG,Asia,416750.0,2.5164155201110977e-05
BRN,Brunei,2015,9.7772350496438,Total GHG,Asia,422212.0,2.3157169975376824e-05
BRN,Brunei,2016,10.185274821718,Total GHG,Asia,427564.0,2.3821637981022725e-05
BRN,Brunei,2017,10.182884741014,Total GHG,Asia,432772.0,2.3529444467326907e-05
BRN,Brunei,2018,10.411959012167,Total GHG,Asia,437810.0,2.3781912272828394e-05
BRN,Brunei,2019,10.082144992559,Total GHG,Asia,442680.0,2.2775243951746182e-05
BRN,Brunei,2020,12.755638930939,Total GHG,Asia,447404.0,2.8510337258806358e-05
BRN,Brunei,2021,12.534260682919,Total GHG,Asia,451721.0,2.7747792736930536e-05
BRN,Brunei,2022,11.906791577557,Total GHG,Asia,455370.0,2.614750988768913e-05
BRN,Brunei,2023,12.061242736152,Total GHG,Asia,458949.0,2.6280137305347653e-05
BRN,Brunei,2024,11.865488060786,Total GHG,Asia,462721.0,2.5642856193658814e-05
BTN,Bhutan,1970,0.53398416048459,Total GHG,Asia,308528.0,1.7307478105215409e-06
BTN,Bhutan,1971,0.54417261566477,Total GHG,Asia,319211.0,1.7047426801230849e-06
BTN,Bhutan,1972,0.55788803141061,Total GHG,Asia,330264.0,1.6892184174194283e-06
BTN,Bhutan,1973,0.57036598303069,Total GHG,Asia,341705.0,1.6691765793028781e-06
BTN,Bhutan,1974,0.58381977557959,Total GHG,Asia,353538.0,1.6513635750035072e-06
BTN,Bhutan,1975,0.59373419352196,Total GHG,Asia,365791.0,1.6231514540323847e-06
BTN,Bhutan,1976,0.61097618583299,Total GHG,Asia,378490.0,1.6142465741049697e-06
BTN,Bhutan,1977,0.62741154680083,Total GHG,Asia,391639.0,1.6020149852308632e-06
BTN,Bhutan,1978,0.65132693784697,Total GHG,Asia,405243.0,1.607250311163845e-06
BTN,Bhutan,1979,0.66897532103659,Total GHG,Asia,419200.0,1.5958380749918653e-06
BTN,Bhutan,1980,0.68520528844847,Total GHG,Asia,433404.0,1.5809851511487432e-06
BTN,Bhutan,1981,0.72677258157328,Total GHG,Asia,447836.0,1.6228543073207156e-06
BTN,Bhutan,1982,0.75355786897649,Total GHG,Asia,462485.0,1.6293671556407019e-06
BTN,Bhutan,1983,0.7825794348592,Total GHG,Asia,477460.0,1.6390471135994639e-06
BTN,Bhutan,1984,0.80206949530247,Total GHG,Asia,492784.0,1.6276289313420687e-06
BTN,Bhutan,1985,0.84112600761518,Total GHG,Asia,508392.0,1.6544831697099481e-06
BTN,Bhutan,1986,0.85369032739994,Total GHG,Asia,524324.0,1.6281732810245954e-06
BTN,Bhutan,1987,0.92311653437652,Total GHG,Asia,540557.0,1.7077135887177854e-06
BTN,Bhutan,1988,0.90321623691971,Total GHG,Asia,556986.0,1.6216138949986354e-06
BTN,Bhutan,1989,0.91568677534366,Total GHG,Asia,573586.0,1.596424555940452e-06
BTN,Bhutan,1990,1.1310568648078,Total GHG,Asia,589287.0,1.919365037422852e-06
BTN,Bhutan,1991,1.0252444276168,Total GHG,Asia,599784.0,1.7093560808837849e-06
BTN,Bhutan,1992,0.99116664537391,Total GHG,Asia,577774.0,1.7154919490560495e-06
BTN,Bhutan,1993,1.0221256250778,Total GHG,Asia,554673.0,1.842753523387293e-06
BTN,Bhutan,1994,1.0953561133814,Total GHG,Asia,554497.0,1.9754049406604543e-06
BTN,Bhutan,1995,1.252343775177,Total GHG,Asia,547989.0,2.2853447335201984e-06
BTN,Bhutan,1996,1.2771953467188,Total GHG,Asia,548784.0,2.3273188480691856e-06
BTN,Bhutan,1997,1.2916888842049,Total GHG,Asia,558697.0,2.311966744415846e-06
BTN,Bhutan,1998,1.3132400652761,Total GHG,Asia,569435.0,2.3062159250416644e-06
BTN,Bhutan,1999,1.3451159194603,Total GHG,Asia,582579.0,2.3088987407034923e-06
BTN,Bhutan,2000,1.3503547850293,Total GHG,Asia,596863.0,2.2624199942521147e-06
BTN,Bhutan,2001,1.3646594638368,Total GHG,Asia,610794.0,2.234238489305396e-06
BTN,Bhutan,2002,1.4037827891931,Total GHG,Asia,624409.0,2.2481783401474033e-06
BTN,Bhutan,2003,1.435564566026,Total GHG,Asia,637663.0,2.251290361877669e-06
BTN,Bhutan,2004,1.4476521843018,Total GHG,Asia,650544.0,2.22529480604202e-06
BTN,Bhutan,2005,1.5783549246954,Total GHG,Asia,661865.0,2.384708248200766e-06
BTN,Bhutan,2006,1.6645112934498,Total GHG,Asia,670799.0,2.4813860686283074e-06
BTN,Bhutan,2007,1.6866103278566,Total GHG,Asia,678641.0,2.485276203260045e-06
BTN,Bhutan,2008,1.727774975537,Total GHG,Asia,686351.0,2.5173343894552494e-06
BTN,Bhutan,2009,1.8856401245988,Total GHG,Asia,693988.0,2.717107679958155e-06
BTN,Bhutan,2010,2.0083165869506,Total GHG,Asia,701632.0,2.8623503303022094e-06
BTN,Bhutan,2011,2.2328330262851,Total GHG,Asia,709377.0,3.147597153960588e-06
BTN,Bhutan,2012,2.1786220891032,Total GHG,Asia,717279.0,3.037342636691162e-06
BTN,Bhutan,2013,2.296131423682,Total GHG,Asia,725273.0,3.1658857060472404e-06
BTN,Bhutan,2014,2.3412318564088,Total GHG,Asia,733139.0,3.193435155419095e-06
BTN,Bhutan,2015,2.5308824273815,Total GHG,Asia,740618.0,3.417257516535515e-06
BTN,Bhutan,2016,2.6836480389136,Total GHG,Asia,747866.0,3.588407600978785e-06
BTN,Bhutan,2017,2.769377591623,Total GHG,Asia,754335.0,3.671283437230143e-06
BTN,Bhutan,2018,3.0685515740842,Total GHG,Asia,759759.0,4.038848600785512e-06
BTN,Bhutan,2019,3.115900869274,Total GHG,Asia,764824.0,4.074010320379591e-06
BTN,Bhutan,2020,2.7174092379235,Total GHG,Asia,770006.0,3.5290754071052693e-06
BTN,Bhutan,2021,2.8540981472597,Total GHG,Asia,775442.0,3.6806081528466347e-06
BTN,Bhutan,2022,2.7995287317068,Total GHG,Asia,780914.0,3.584938586972189e-06
BTN,Bhutan,2023,2.7927123378223,Total GHG,Asia,786385.0,3.5513296131313544e-06
BTN,Bhutan,2024,2.8063179135888,Total GHG,Asia,791524.0,3.5454615571843685e-06
BWA,Botswana,1970,3.4085559787568,Total GHG,Africa,590334.0,5.773944883331808e-06
BWA,Botswana,1971,3.5347974897661,Total GHG,Africa,600481.0,5.886610050552973e-06
BWA,Botswana,1972,4.1077267379426,Total GHG,Africa,622407.0,6.599743797776374e-06
BWA,Botswana,1973,4.3366364469159,Total GHG,Africa,652408.0,6.647123344465274e-06
BWA,Botswana,1974,4.9297773605094,Total GHG,Africa,685448.0,7.192051564100267e-06
BWA,Botswana,1975,5.495554728441,Total GHG,Africa,720380.0,7.6286886482703575e-06
BWA,Botswana,1976,6.3214822907672,Total GHG,Africa,758508.0,8.334101012470798e-06
BWA,Botswana,1977,6.871503303737,Total GHG,Africa,799574.0,8.593955410927568e-06
BWA,Botswana,1978,6.6264926079361,Total GHG,Africa,849239.0,7.802859510616093e-06
BWA,Botswana,1979,6.7095552335774,Total GHG,Africa,901742.0,7.440659560691861e-06
BWA,Botswana,1980,6.9173182143733,Total GHG,Africa,937485.0,7.378590819451298e-06
BWA,Botswana,1981,7.1610467495907,Total GHG,Africa,969996.0,7.382552865775426e-06
BWA,Botswana,1982,7.3742680243085,Total GHG,Africa,1009269.0,7.306543671021799e-06
BWA,Botswana,1983,7.0974850289852,Total GHG,Africa,1046137.0,6.784469939391495e-06
BWA,Botswana,1984,6.8471270449634,Total GHG,Africa,1083660.0,6.318519687875717e-06
BWA,Botswana,1985,6.5383416138205,Total GHG,Africa,1121945.0,5.827684613613413e-06
BWA,Botswana,1986,6.7108016343599,Total GHG,Africa,1160650.0,5.7819339459439965e-06
BWA,Botswana,1987,6.8317893970008,Total GHG,Africa,1199167.0,5.69711257648084e-06
BWA,Botswana,1988,7.8606187900471,Total GHG,Africa,1235476.0,6.362421277343388e-06
BWA,Botswana,1989,8.363134773529,Total GHG,Africa,1270274.0,6.583725065244978e-06
BWA,Botswana,1990,9.2706297352561,Total GHG,Africa,1305696.0,7.100144088100216e-06
BWA,Botswana,1991,8.2817370793455,Total GHG,Africa,1341756.0,6.17231231263024e-06
BWA,Botswana,1992,8.5290092604475,Total GHG,Africa,1380033.0,6.18029370344586e-06
BWA,Botswana,1993,8.3561338686462,Total GHG,Africa,1420115.0,5.8841247847154636e-06
BWA,Botswana,1994,8.4096799038081,Total GHG,Africa,1460023.0,5.759963989476946e-06
BWA,Botswana,1995,9.4412473650765,Total GHG,Africa,1498836.0,6.299052975159724e-06
BWA,Botswana,1996,8.5657680580932,Total GHG,Africa,1535914.0,5.576984165840796e-06
BWA,Botswana,1997,8.7969224865945,Total GHG,Africa,1571691.0,5.597106865531775e-06
BWA,Botswana,1998,9.6446059003088,Total GHG,Africa,1606899.0,6.0019988190351726e-06
BWA,Botswana,1999,10.345312416886,Total GHG,Africa,1641997.0,6.300445382595705e-06
BWA,Botswana,2000,10.949601272516,Total GHG,Africa,1677382.0,6.527792281374189e-06
BWA,Botswana,2001,10.247112327652,Total GHG,Africa,1712254.0,5.984574909827631e-06
BWA,Botswana,2002,10.038683735674,Total GHG,Africa,1744763.0,5.753608791379689e-06
BWA,Botswana,2003,9.4688385651937,Total GHG,Africa,1775736.0,5.332345892178623e-06
BWA,Botswana,2004,9.4273404929408,Total GHG,Africa,1807146.0,5.21670108167287e-06
BWA,Botswana,2005,10.135533403516,Total GHG,Africa,1839877.0,5.5088103191224195e-06
BWA,Botswana,2006,10.019284655047,Total GHG,Africa,1874516.0,5.344998204895024e-06
BWA,Botswana,2007,10.19765810362,Total GHG,Africa,1911201.0,5.335732925851336e-06
BWA,Botswana,2008,10.896960604478,Total GHG,Africa,1949970.0,5.588270898771776e-06
BWA,Botswana,2009,10.274069440103,Total GHG,Africa,1990673.0,5.161103526346618e-06
BWA,Botswana,2010,10.65108545623,Total GHG,Africa,2033111.0,5.238811582953415e-06
BWA,Botswana,2011,11.328507390456,Total GHG,Africa,2073535.0,5.46337891111363e-06
BWA,Botswana,2012,9.9088327935629,Total GHG,Africa,2108617.0,4.699209383953036e-06
BWA,Botswana,2013,11.812689826852,Total GHG,Africa,2140682.0,5.518189916508851e-06
BWA,Botswana,2014,12.854809703841,Total GHG,Africa,2172044.0,5.9183007820472325e-06
BWA,Botswana,2015,13.198307421464,Total GHG,Africa,2203273.0,5.9903186856390465e-06
BWA,Botswana,2016,12.378407040793,Total GHG,Africa,2234776.0,5.5389922930947e-06
BWA,Botswana,2017,12.84337752044,Total GHG,Africa,2266747.0,5.665995155365817e-06
BWA,Botswana,2018,13.753052821302,Total GHG,Africa,2299141.0,5.981822263750679e-06
BWA,Botswana,2019,12.420453340138,Total GHG,Africa,2332083.0,5.325905355914863e-06
BWA,Botswana,2020,10.95154740553,Total GHG,Africa,2365894.0,4.628925643131096e-06
BWA,Botswana,2021,12.256474398378,Total GHG,Africa,2401441.0,5.103799926118526e-06
BWA,Botswana,2022,12.532074498997,Total GHG,Africa,2439892.0,5.136323451610563e-06
BWA,Botswana,2023,12.607696837403,Total GHG,Africa,2480244.0,5.083248598687467e-06
BWA,Botswana,2024,12.097729590747,Total GHG,Africa,2521139.0,4.798517491795177e-06
CAF,Central African Republic,1970,1.5719649547902,Total GHG,Africa,2097505.0,7.494451525932953e-07
CAF,Central African Republic,1971,1.6455426779772,Total GHG,Africa,2141450.0,7.684245151543113e-07
CAF,Central African Republic,1972,1.7389619881497,Total GHG,Africa,2183769.0,7.963122418853368e-07
CAF,Central African Republic,1973,1.8214121394602,Total GHG,Africa,2226008.0,8.182415065265713e-07
CAF,Central African Republic,1974,1.9205730565965,Total GHG,Africa,2269338.0,8.46314236396914e-07
CAF,Central African Republic,1975,1.9744071629809,Total GHG,Africa,2313916.0,8.532752109328515e-07
CAF,Central African Republic,1976,2.0527716654882,Total GHG,Africa,2348566.0,8.740532160851345e-07
CAF,Central African Republic,1977,2.2129616365287,Total GHG,Africa,2372930.0,9.325861430925901e-07
CAF,Central African Republic,1978,2.4436798256627,Total GHG,Africa,2397961.0,1.0190657086010574e-06
CAF,Central African Republic,1979,3.0375372440862,Total GHG,Africa,2423794.0,1.2532159268016177e-06
CAF,Central African Republic,1980,3.2357885087988,Total GHG,Africa,2450535.0,1.3204416622487742e-06
CAF,Central African Republic,1981,3.3596176295204,Total GHG,Africa,2478402.0,1.3555579883813845e-06
CAF,Central African Republic,1982,6.5553633246414,Total GHG,Africa,2507375.0,2.614432753234518e-06
CAF,Central African Republic,1983,6.6780405214444,Total GHG,Africa,2537399.0,2.631844862177529e-06
CAF,Central African Republic,1984,6.247178835524,Total GHG,Africa,2568610.0,2.432124314521862e-06
CAF,Central African Republic,1985,6.4192098236865,Total GHG,Africa,2600932.0,2.468042157075425e-06
CAF,Central African Republic,1986,6.9705722086198,Total GHG,Africa,2634258.0,2.646123579626521e-06
CAF,Central African Republic,1987,6.8454489470537,Total GHG,Africa,2669155.0,2.5646502159124143e-06
CAF,Central African Republic,1988,6.6491651170841,Total GHG,Africa,2713965.0,2.4499818962603053e-06
CAF,Central African Republic,1989,7.4406053228508,Total GHG,Africa,2783970.0,2.6726600225041217e-06
CAF,Central African Republic,1990,7.6006664883438,Total GHG,Africa,2871910.0,2.646554553709483e-06
CAF,Central African Republic,1991,8.1008555382259,Total GHG,Africa,2963191.0,2.733828341887479e-06
CAF,Central African Republic,1992,8.082018052998,Total GHG,Africa,3058831.0,2.64219175658871e-06
CAF,Central African Republic,1993,7.5409715227386,Total GHG,Africa,3157839.0,2.38801646402448e-06
CAF,Central African Republic,1994,8.1913913873872,Total GHG,Africa,3257954.0,2.5142747219227775e-06
CAF,Central African Republic,1995,8.4009136700076,Total GHG,Africa,3348052.0,2.5091945017603073e-06
CAF,Central African Republic,1996,8.7379149098445,Total GHG,Africa,3435965.0,2.5430744812140113e-06
CAF,Central African Republic,1997,7.8481367612955,Total GHG,Africa,3531700.0,2.2221980239815102e-06
CAF,Central African Republic,1998,9.1633119426036,Total GHG,Africa,3628827.0,2.525144335236593e-06
CAF,Central African Republic,1999,8.9679424705329,Total GHG,Africa,3729450.0,2.404628690700479e-06
CAF,Central African Republic,2000,9.1683034691285,Total GHG,Africa,3833416.0,2.3916797626786394e-06
CAF,Central African Republic,2001,9.6033498524625,Total GHG,Africa,3919487.0,2.450154791293478e-06
CAF,Central African Republic,2002,8.5607624036959,Total GHG,Africa,4006077.0,2.136944048678021e-06
CAF,Central African Republic,2003,9.6962928942938,Total GHG,Africa,4103086.0,2.363170768122774e-06
CAF,Central African Republic,2004,9.0428230019391,Total GHG,Africa,4192826.0,2.1567370079128255e-06
CAF,Central African Republic,2005,9.752543339927,Total GHG,Africa,4288810.0,2.273950895452818e-06
CAF,Central African Republic,2006,9.8164221174915,Total GHG,Africa,4377579.0,2.24243174537604e-06
CAF,Central African Republic,2007,10.858212742374,Total GHG,Africa,4462770.0,2.4330657287680076e-06
CAF,Central African Republic,2008,10.892409025044,Total GHG,Africa,4558984.0,2.3892185243563038e-06
CAF,Central African Republic,2009,10.251402448648,Total GHG,Africa,4529047.0,2.263478928049985e-06
CAF,Central African Republic,2010,10.922752712108,Total GHG,Africa,4492995.0,2.431062734792271e-06
CAF,Central African Republic,2011,11.843823589634,Total GHG,Africa,4565021.0,2.594472969485573e-06
CAF,Central African Republic,2012,11.578664220742,Total GHG,Africa,4610848.0,2.5111789026101057e-06
CAF,Central African Republic,2013,11.525476602297,Total GHG,Africa,4642419.0,2.4826446303741646e-06
CAF,Central African Republic,2014,11.456124918385,Total GHG,Africa,4623182.0,2.4779740270629622e-06
CAF,Central African Republic,2015,11.878578041951,Total GHG,Africa,4629320.0,2.5659444674273975e-06
CAF,Central African Republic,2016,12.649902076815,Total GHG,Africa,4713663.0,2.6836670497689374e-06
CAF,Central African Republic,2017,12.141511966398,Total GHG,Africa,4793511.0,2.5329058317375302e-06
CAF,Central African Republic,2018,12.469420330272,Total GHG,Africa,4878657.0,2.5559124837577227e-06
CAF,Central African Republic,2019,12.274546364393,Total GHG,Africa,4944703.0,2.482362715089865e-06
CAF,Central African Republic,2020,12.602897457649,Total GHG,Africa,5026628.0,2.5072270034004904e-06
CAF,Central African Republic,2021,12.756293249512,Total GHG,Africa,5112100.0,2.495313716381135e-06
CAF,Central African Republic,2022,13.078996465871,Total GHG,Africa,5098039.0,2.565495569153355e-06
CAF,Central African Republic,2023,12.777664749913,Total GHG,Africa,5152421.0,2.47993414162255e-06
CAF,Central African Republic,2024,13.444289575371,Total GHG,Africa,5330690.0,2.5220542885388194e-06
CAN,Canada,1970,473.65057119626,Total GHG,North America,21324000.0,2.2212088313461826e-05
CAN,Canada,1971,483.22686638546,Total GHG,North America,21962032.0,2.2002830447813757e-05
CAN,Canada,1972,505.11614480856,Total GHG,North America,22218463.0,2.2734072325730182e-05
CAN,Canada,1973,532.73844908909,Total GHG,North America,22491777.0,2.3685920818488016e-05
CAN,Canada,1974,541.57370850606,Total GHG,North America,22807969.0,2.3744933558356733e-05
CAN,Canada,1975,526.6556640524,Total GHG,North America,23143275.0,2.2756315346570437e-05
CAN,Canada,1976,538.07709634219,Total GHG,North America,23449808.0,2.2945906266788622e-05
CAN,Canada,1977,559.14549937366,Total GHG,North America,23725843.0,2.3566939196793133e-05
CAN,Canada,1978,565.93765680553,Total GHG,North America,23963203.0,2.361694539772208e-05
CAN,Canada,1979,580.51421719832,Total GHG,North America,24201544.0,2.3986660404737813e-05
CAN,Canada,1980,585.66359763327,Total GHG,North America,24515667.0,2.3889360123600555e-05
CAN,Canada,1981,565.92179062832,Total GHG,North America,24819915.0,2.280111719271883e-05
CAN,Canada,1982,547.19930834601,Total GHG,North America,25116942.0,2.1786064097532652e-05
CAN,Canada,1983,548.81460838046,Total GHG,North America,25366451.0,2.1635451028622804e-05
CAN,Canada,1984,570.49270436344,Total GHG,North America,25607053.0,2.2278733299120362e-05
CAN,Canada,1985,566.40660730095,Total GHG,North America,25842116.0,2.1917965514161068e-05
CAN,Canada,1986,553.19043892752,Total GHG,North America,26100278.0,2.1194810221083466e-05
CAN,Canada,1987,569.61763039591,Total GHG,North America,26446601.0,2.153840602790166e-05
CAN,Canada,1988,604.15429436063,Total GHG,North America,26791747.0,2.2550014911705086e-05
CAN,Canada,1989,626.75892576294,Total GHG,North America,27276781.0,2.297774527584248e-05
CAN,Canada,1990,590.51561252222,Total GHG,North America,27691138.0,2.13250756441364e-05
CAN,Canada,1991,586.09227195866,Total GHG,North America,28037420.0,2.0903930246030484e-05
CAN,Canada,1992,602.67662222867,Total GHG,North America,28371264.0,2.1242501646337294e-05
CAN,Canada,1993,607.86395391777,Total GHG,North America,28684764.0,2.119117849175158e-05
CAN,Canada,1994,633.89562117524,Total GHG,North America,29000663.0,2.1857969977280863e-05
CAN,Canada,1995,649.80849241041,Total GHG,North America,29302311.0,2.2176015141277083e-05
CAN,Canada,1996,667.76040064692,Total GHG,North America,29610218.0,2.2551688091148802e-05
CAN,Canada,1997,681.39044718473,Total GHG,North America,29905948.0,2.2784445662271932e-05
CAN,Canada,1998,690.85131634766,Total GHG,North America,30155173.0,2.2909877398072298e-05
CAN,Canada,1999,701.35205814641,Total GHG,North America,30401286.0,2.3069815472490538e-05
CAN,Canada,2000,724.38900676769,Total GHG,North America,30685730.0,2.3606706008548275e-05
CAN,Canada,2001,715.45804527003,Total GHG,North America,31020855.0,2.30637758137237e-05
CAN,Canada,2002,737.71922747112,Total GHG,North America,31359199.0,2.3524810932547096e-05
CAN,Canada,2003,757.21962987757,Total GHG,North America,31642461.0,2.3930491053700597e-05
CAN,Canada,2004,745.88439063277,Total GHG,North America,31938807.0,2.3353545754942254e-05
CAN,Canada,2005,767.17294137536,Total GHG,North America,32242732.0,2.3793670504576348e-05
CAN,Canada,2006,763.16157371932,Total GHG,North America,32571193.0,2.343056865369715e-05
CAN,Canada,2007,784.75105186479,Total GHG,North America,32888886.0,2.386067597013745e-05
CAN,Canada,2008,760.7636664819,Total GHG,North America,33247298.0,2.2881969731251543e-05
CAN,Canada,2009,720.439799182,Total GHG,North America,33630069.0,2.1422489474583e-05
CAN,Canada,2010,741.34005452078,Total GHG,North America,34005902.0,2.1800334968935098e-05
CAN,Canada,2011,758.56296529785,Total GHG,North America,34339221.0,2.2090278789313538e-05
CAN,Canada,2012,754.66539323911,Total GHG,North America,34713395.0,2.1739890127114042e-05
CAN,Canada,2013,765.4783478238,Total GHG,North America,35080992.0,2.1820316478616115e-05
CAN,Canada,2014,776.27389200964,Total GHG,North America,35434066.0,2.1907559014244653e-05
CAN,Canada,2015,768.75448920582,Total GHG,North America,35704498.0,2.1531026404735336e-05
CAN,Canada,2016,765.24495954731,Total GHG,North America,36110803.0,2.119157969285009e-05
CAN,Canada,2017,785.92463434561,Total GHG,North America,36545075.0,2.1505623790500087e-05
CAN,Canada,2018,809.05959365771,Total GHG,North America,37072620.0,2.1823642182767498e-05
CAN,Canada,2019,805.49962381971,Total GHG,North America,37618495.0,2.141232986114171e-05
CAN,Canada,2020,728.511226705,Total GHG,North America,38028638.0,1.915691081823651e-05
CAN,Canada,2021,742.93013429329,Total GHG,North America,38239864.0,1.942815838187317e-05
CAN,Canada,2022,761.36260620929,Total GHG,North America,38935934.0,1.9554240209295864e-05
CAN,Canada,2023,755.23925203285,Total GHG,North America,40083484.0,1.884165687874961e-05
CAN,Canada,2024,768.05892108106,Total GHG,North America,41288599.0,1.860220350613156e-05
CHE,Switzerland and Liechtenstein,1970,50.602874934767,Total GHG,Europe,6180877.0,8.187005652234626e-06
CHE,Switzerland and Liechtenstein,1971,52.459065571965,Total GHG,Europe,6213399.0,8.442893426281653e-06
CHE,Switzerland and Liechtenstein,1972,53.208763435043,Total GHG,Europe,6260956.0,8.498504610964044e-06
CHE,Switzerland and Liechtenstein,1973,57.183001990938,Total GHG,Europe,6307347.0,9.066094189987962e-06
CHE,Switzerland and Liechtenstein,1974,52.533686152489,Total GHG,Europe,6341405.0,8.284234511514246e-06
CHE,Switzerland and Liechtenstein,1975,50.010250366812,Total GHG,Europe,6338632.0,7.88975450330797e-06
CHE,Switzerland and Liechtenstein,1976,51.890208366237,Total GHG,Europe,6302504.0,8.233268612957166e-06
CHE,Switzerland and Liechtenstein,1977,52.402726641808,Total GHG,Europe,6281174.0,8.342823593456892e-06
CHE,Switzerland and Liechtenstein,1978,53.70426821115,Total GHG,Europe,6281738.0,8.549269041648983e-06
CHE,Switzerland and Liechtenstein,1979,52.508153959317,Total GHG,Europe,6294365.0,8.342089147883385e-06
CHE,Switzerland and Liechtenstein,1980,53.33307797344,Total GHG,Europe,6319408.0,8.439568702232867e-06
CHE,Switzerland and Liechtenstein,1981,50.692306193669,Total GHG,Europe,6354074.0,7.977921911779591e-06
CHE,Switzerland and Liechtenstein,1982,48.373196302692,Total GHG,Europe,6391309.0,7.568589830767375e-06
CHE,Switzerland and Liechtenstein,1983,52.530737893287,Total GHG,Europe,6418773.0,8.183922050723245e-06
CHE,Switzerland and Liechtenstein,1984,52.090381416112,Total GHG,Europe,6441865.0,8.08622680172776e-06
CHE,Switzerland and Liechtenstein,1985,55.2185244407,Total GHG,Europe,6470365.0,8.53406638430753e-06
CHE,Switzerland and Liechtenstein,1986,55.126048201899,Total GHG,Europe,6504124.0,8.4755530801533e-06
CHE,Switzerland and Liechtenstein,1987,53.31682888077,Total GHG,Europe,6545106.0,8.146060412279037e-06
CHE,Switzerland and Liechtenstein,1988,53.190730497207,Total GHG,Europe,6593386.0,8.067285988899633e-06
CHE,Switzerland and Liechtenstein,1989,53.023159346957,Total GHG,Europe,6646912.0,7.977111679371864e-06
CHE,Switzerland and Liechtenstein,1990,53.974391400279,Total GHG,Europe,6715519.0,8.037262853441261e-06
CHE,Switzerland and Liechtenstein,1991,56.386876194621,Total GHG,Europe,6799978.0,8.292214503432365e-06
CHE,Switzerland and Liechtenstein,1992,56.143046218292,Total GHG,Europe,6875364.0,8.165828924591047e-06
CHE,Switzerland and Liechtenstein,1993,53.602703537481,Total GHG,Europe,6938265.0,7.725663914174654e-06
CHE,Switzerland and Liechtenstein,1994,52.63094356206,Total GHG,Europe,6993795.0,7.525376932274966e-06
CHE,Switzerland and Liechtenstein,1995,53.435079189589,Total GHG,Europe,7040687.0,7.589469492052267e-06
CHE,Switzerland and Liechtenstein,1996,54.022162041238,Total GHG,Europe,7071850.0,7.639042406334692e-06
CHE,Switzerland and Liechtenstein,1997,52.584751628375,Total GHG,Europe,7088906.0,7.417893766453526e-06
CHE,Switzerland and Liechtenstein,1998,54.132421411543,Total GHG,Europe,7110001.0,7.613560309139619e-06
CHE,Switzerland and Liechtenstein,1999,54.274840467567,Total GHG,Europe,7143991.0,7.597271674553762e-06
CHE,Switzerland and Liechtenstein,2000,53.516290026226,Total GHG,Europe,7184250.0,7.449112993872151e-06
CHE,Switzerland and Liechtenstein,2001,55.025343067098,Total GHG,Europe,7229854.0,7.6108512104252725e-06
CHE,Switzerland and Liechtenstein,2002,53.390153514826,Total GHG,Europe,7284753.0,7.329027286831276e-06
CHE,Switzerland and Liechtenstein,2003,54.643261801085,Total GHG,Europe,7339001.0,7.445599448901152e-06
CHE,Switzerland and Liechtenstein,2004,55.228616400265,Total GHG,Europe,7389625.0,7.473805017205202e-06
CHE,Switzerland and Liechtenstein,2005,55.928590261555,Total GHG,Europe,7437115.0,7.520199736262651e-06
CHE,Switzerland and Liechtenstein,2006,55.264341360577,Total GHG,Europe,7483934.0,7.38439721149024e-06
CHE,Switzerland and Liechtenstein,2007,53.239083428981,Total GHG,Europe,7551117.0,7.050491129852841e-06
CHE,Switzerland and Liechtenstein,2008,54.821662020374,Total GHG,Europe,7647675.0,7.168408963557421e-06
CHE,Switzerland and Liechtenstein,2009,53.349211823832,Total GHG,Europe,7743831.0,6.889253113069229e-06
CHE,Switzerland and Liechtenstein,2010,55.136216487828,Total GHG,Europe,7824909.0,7.04624379501768e-06
CHE,Switzerland and Liechtenstein,2011,51.125541151671,Total GHG,Europe,7912398.0,6.4614471051217345e-06
CHE,Switzerland and Liechtenstein,2012,52.487791073157,Total GHG,Europe,7996861.0,6.563549256784256e-06
CHE,Switzerland and Liechtenstein,2013,53.746214458908,Total GHG,Europe,8089346.0,6.644074126500214e-06
CHE,Switzerland and Liechtenstein,2014,50.090764211503,Total GHG,Europe,8188649.0,6.117097485983707e-06
CHE,Switzerland and Liechtenstein,2015,49.448320710527,Total GHG,Europe,8282396.0,5.970291774327984e-06
CHE,Switzerland and Liechtenstein,2016,49.949194207208,Total GHG,Europe,8373338.0,5.965266684231307e-06
CHE,Switzerland and Liechtenstein,2017,49.042535887092,Total GHG,Europe,8451840.0,5.802586878962688e-06
CHE,Switzerland and Liechtenstein,2018,47.752476452981,Total GHG,Europe,8514329.0,5.608483822152162e-06
CHE,Switzerland and Liechtenstein,2019,47.555392173302,Total GHG,Europe,8575280.0,5.545637247215485e-06
CHE,Switzerland and Liechtenstein,2020,45.172527532167,Total GHG,Europe,8638167.0,5.229411231823488e-06
CHE,Switzerland and Liechtenstein,2021,46.919912321765,Total GHG,Europe,8704546.0,5.390276795798999e-06
CHE,Switzerland and Liechtenstein,2022,43.68577646591,Total GHG,Europe,8777088.0,4.977251733822197e-06
CHE,Switzerland and Liechtenstein,2023,42.874886975355,Total GHG,Europe,8888093.0,4.823856700796785e-06
CHE,Switzerland and Liechtenstein,2024,42.992440730259,Total GHG,Europe,9034102.0,4.758905835937983e-06
CHL,Chile,1970,48.907857702215,Total GHG,South America,9845344.0,4.967612884040923e-06
CHL,Chile,1971,50.939882533141,Total GHG,South America,10009701.0,5.089051364585316e-06
CHL,Chile,1972,53.495472031368,Total GHG,South America,10174678.0,5.257706635174892e-06
CHL,Chile,1973,52.566741660881,Total GHG,South America,10340362.0,5.083646168372152e-06
CHL,Chile,1974,50.864613899721,Total GHG,South America,10505817.0,4.8415667148705336e-06
CHL,Chile,1975,47.624946288516,Total GHG,South America,10671559.0,4.462791827184388e-06
CHL,Chile,1976,47.652945554487,Total GHG,South America,10838251.0,4.39673758750254e-06
CHL,Chile,1977,45.51078545568,Total GHG,South America,11005519.0,4.135269354919109e-06
CHL,Chile,1978,46.065206603387,Total GHG,South America,11172695.0,4.1230165688213095e-06
CHL,Chile,1979,48.786264801081,Total GHG,South America,11339779.0,4.3022235972218684e-06
CHL,Chile,1980,51.354046773818,Total GHG,South America,11508550.0,4.462251697548171e-06
CHL,Chile,1981,50.779235448787,Total GHG,South America,11678717.0,4.348014893141687e-06
CHL,Chile,1982,47.044399687985,Total GHG,South America,11850214.0,3.96991984178387e-06
CHL,Chile,1983,46.905235418295,Total GHG,South America,12026138.0,3.900274171001114e-06
CHL,Chile,1984,47.91249793432,Total GHG,South America,12207733.0,3.924766206331675e-06
CHL,Chile,1985,45.750388602694,Total GHG,South America,12395274.0,3.690954197760695e-06
CHL,Chile,1986,45.505977042265,Total GHG,South America,12588914.0,3.614765899764269e-06
CHL,Chile,1987,46.001550433037,Total GHG,South America,12790150.0,3.596638853573805e-06
CHL,Chile,1988,49.926217787561,Total GHG,South America,12999424.0,3.840648461621146e-06
CHL,Chile,1989,55.232213019857,Total GHG,South America,13215005.0,4.179507538578835e-06
CHL,Chile,1990,54.782460600564,Total GHG,South America,13437176.0,4.076932578732615e-06
CHL,Chile,1991,53.334380411142,Total GHG,South America,13662491.0,3.903708365563937e-06
CHL,Chile,1992,55.169696386697,Total GHG,South America,13884577.0,3.973451721769918e-06
CHL,Chile,1993,57.666071338813,Total GHG,South America,14102276.0,4.089132232188123e-06
CHL,Chile,1994,61.416300855778,Total GHG,South America,14316256.0,4.289969448421291e-06
CHL,Chile,1995,66.522316829439,Total GHG,South America,14527381.0,4.5790990701929695e-06
CHL,Chile,1996,73.656482327682,Total GHG,South America,14734046.0,4.9990669452017454e-06
CHL,Chile,1997,80.358554464649,Total GHG,South America,14932434.0,5.3814772906177924e-06
CHL,Chile,1998,80.940076397333,Total GHG,South America,15127799.0,5.3504198725361834e-06
CHL,Chile,1999,84.37402839049,Total GHG,South America,15319313.0,5.5076900896593725e-06
CHL,Chile,2000,80.963598749094,Total GHG,South America,15503635.0,5.222233285877409e-06
CHL,Chile,2001,79.237910145394,Total GHG,South America,15683849.0,5.052197974195875e-06
CHL,Chile,2002,79.796138801282,Total GHG,South America,15857925.0,5.03194073633732e-06
CHL,Chile,2003,81.960810841378,Total GHG,South America,16024752.0,5.114638332086388e-06
CHL,Chile,2004,87.434592096553,Total GHG,South America,16187322.0,5.401424157532235e-06
CHL,Chile,2005,88.087176798786,Total GHG,South America,16348778.0,5.387997610511685e-06
CHL,Chile,2006,89.455777471636,Total GHG,South America,16509195.0,5.4185426649594965e-06
CHL,Chile,2007,98.218349129403,Total GHG,South America,16671581.0,5.891363820228147e-06
CHL,Chile,2008,102.60009674557,Total GHG,South America,16838988.0,6.093008483975997e-06
CHL,Chile,2009,98.962704778091,Total GHG,South America,17009731.0,5.818005280512137e-06
CHL,Chile,2010,101.60410261281,Total GHG,South America,17181464.0,5.913588190902126e-06
CHL,Chile,2011,112.20788122907,Total GHG,South America,17351816.0,6.46663618546151e-06
CHL,Chile,2012,116.22959764827,Total GHG,South America,17519119.0,6.634443070354737e-06
CHL,Chile,2013,118.72584631688,Total GHG,South America,17687006.0,6.712602817960258e-06
CHL,Chile,2014,110.95091917502,Total GHG,South America,17864195.0,6.210798705176472e-06
CHL,Chile,2015,116.64241676846,Total GHG,South America,18047625.0,6.46303415371607e-06
CHL,Chile,2016,121.92107158082,Total GHG,South America,18267221.0,6.6743086745827406e-06
CHL,Chile,2017,124.59915002215,Total GHG,South America,18558868.0,6.713725752139085e-06
CHL,Chile,2018,126.78671818273,Total GHG,South America,18893191.0,6.710709598115533e-06
CHL,Chile,2019,133.29766366996,Total GHG,South America,19197744.0,6.9434024992707475e-06
CHL,Chile,2020,126.15609430078,Total GHG,South America,19370624.0,6.512753244334308e-06
CHL,Chile,2021,127.20985080964,Total GHG,South America,19456334.0,6.538223018254107e-06
CHL,Chile,2022,129.52820065792,Total GHG,South America,19553036.0,6.624454670769286e-06
CHL,Chile,2023,116.83740980471,Total GHG,South America,19658835.0,5.943251968120695e-06
CHL,Chile,2024,118.1208787777,Total GHG,South America,19764771.0,5.976334295889388e-06
CHN,China,1970,1714.4214043698,Total GHG,Asia,818315000.0,2.09506290898957e-06
CHN,China,1971,1747.0062208942,Total GHG,Asia,841105000.0,2.077037017844621e-06
CHN,China,1972,1825.1622184254,Total GHG,Asia,862030000.0,2.1172838746045962e-06
CHN,China,1973,1880.9337882913,Total GHG,Asia,881940000.0,2.1327230744623216e-06
CHN,China,1974,1901.6714721629,Total GHG,Asia,900350000.0,2.1121469119374686e-06
CHN,China,1975,2089.2453817414,Total GHG,Asia,916395000.0,2.2798524454426308e-06
CHN,China,1976,2151.9246302762,Total GHG,Asia,930685000.0,2.3121943840033954e-06
CHN,China,1977,2337.5533879962,Total GHG,Asia,943455000.0,2.4776522335418223e-06
CHN,China,1978,2548.3540029768,Total GHG,Asia,956165000.0,2.6651822676805783e-06
CHN,China,1979,2606.6059710854,Total GHG,Asia,969005000.0,2.689981961997513e-06
CHN,China,1980,2584.9434708148,Total GHG,Asia,981235000.0,2.634377565837745e-06
CHN,China,1981,2564.3295267068,Total GHG,Asia,993885000.0,2.5801068802797107e-06
CHN,China,1982,2662.9985983308,Total GHG,Asia,1008630000.0,2.6402135553481457e-06
CHN,China,1983,2781.8180856832,Total GHG,Asia,1023310000.0,2.7184509930355414e-06
CHN,China,1984,2972.9750938418,Total GHG,Asia,1036825000.0,2.8673836894768163e-06
CHN,China,1985,2990.5890704901,Total GHG,Asia,1051040000.0,2.845361804013263e-06
CHN,China,1986,3132.1613239697,Total GHG,Asia,1066790000.0,2.9360617590807e-06
CHN,China,1987,3319.7289112718,Total GHG,Asia,1084035000.0,3.062381667816814e-06
CHN,China,1988,3510.8084678487,Total GHG,Asia,1101630000.0,3.1869216232752375e-06
CHN,China,1989,3634.8486218501,Total GHG,Asia,1118650000.0,3.249317142850847e-06
CHN,China,1990,3712.7437376016,Total GHG,Asia,1135185000.0,3.2706067624233935e-06
CHN,China,1991,3845.508827867,Total GHG,Asia,1150780000.0,3.3416542065963957e-06
CHN,China,1992,3965.0768260651,Total GHG,Asia,1164970000.0,3.4035870675340137e-06
CHN,China,1993,4171.7357904588,Total GHG,Asia,1178440000.0,3.54004937922915e-06
CHN,China,1994,4354.6010430087,Total GHG,Asia,1191835000.0,3.6536945491688864e-06
CHN,China,1995,4762.328291788,Total GHG,Asia,1204855000.0,3.952615287140776e-06
CHN,China,1996,4771.0043538283,Total GHG,Asia,1217550000.0,3.918528482467496e-06
CHN,China,1997,4794.6330043105,Total GHG,Asia,1230075000.0,3.897837940215434e-06
CHN,China,1998,4898.2087518264,Total GHG,Asia,1241935000.0,3.9440137783590925e-06
CHN,China,1999,4850.3923875741,Total GHG,Asia,1252735000.0,3.8718423190651654e-06
CHN,China,2000,5063.8922004881,Total GHG,Asia,1262645000.0,4.010543106326877e-06
CHN,China,2001,5255.0744978104,Total GHG,Asia,1271850000.0,4.131835120344695e-06
CHN,China,2002,5584.831119702,Total GHG,Asia,1280400000.0,4.361786254062793e-06
CHN,China,2003,6292.8849076484,Total GHG,Asia,1288400000.0,4.884263355827694e-06
CHN,China,2004,7131.5342696974,Total GHG,Asia,1296075000.0,5.502408633526147e-06
CHN,China,2005,7974.3960493985,Total GHG,Asia,1303720000.0,6.116647784339045e-06
CHN,China,2006,8759.3388854779,Total GHG,Asia,1311020000.0,6.681315987153438e-06
CHN,China,2007,9356.3433930604,Total GHG,Asia,1317885000.0,7.099514292264045e-06
CHN,China,2008,9576.2958707087,Total GHG,Asia,1324655000.0,7.229275449614201e-06
CHN,China,2009,10196.872228987,Total GHG,Asia,1331260000.0,7.65956479499647e-06
CHN,China,2010,11062.044556854,Total GHG,Asia,1337705000.0,8.269420056629825e-06
CHN,China,2011,12056.806000927,Total GHG,Asia,1345035000.0,8.963934768185957e-06
CHN,China,2012,12419.566977539,Total GHG,Asia,1354190000.0,9.171214510178779e-06
CHN,China,2013,12948.607991222,Total GHG,Asia,1363240000.0,9.49840673045245e-06
CHN,China,2014,13095.197441381,Total GHG,Asia,1371860000.0,9.545578587742918e-06
CHN,China,2015,12931.041648438,Total GHG,Asia,1379860000.0,9.371270743726176e-06
CHN,China,2016,12913.087021679,Total GHG,Asia,1387790000.0,9.304784601185338e-06
CHN,China,2017,13160.593470949,Total GHG,Asia,1396215000.0,9.425907522085782e-06
CHN,China,2018,13740.929919565,Total GHG,Asia,1402760000.0,9.795638540851606e-06
CHN,China,2019,14052.862249565,Total GHG,Asia,1407745000.0,9.982533945824706e-06
CHN,China,2020,14230.229554452,Total GHG,Asia,1411100000.0,1.0084494050352207e-05
CHN,China,2021,14866.493579587,Total GHG,Asia,1412360000.0,1.0525994491197004e-05
CHN,China,2022,14857.401090352,Total GHG,Asia,1412175000.0,1.0520934792325313e-05
CHN,China,2023,15411.783436584,Total GHG,Asia,1410710000.0,1.0924841701401422e-05
CHN,China,2024,15536.12168298,Total GHG,Asia,1408975000.0,1.1026541764743873e-05
CIV,Côte d’Ivoire,1970,6.0352941826268,Total GHG,Africa,5411567.0,1.1152581466009385e-06
CIV,Côte d’Ivoire,1971,6.1638940445354,Total GHG,Africa,5650868.0,1.0907871223563176e-06
CIV,Côte d’Ivoire,1972,6.5699121155846,Total GHG,Africa,5909716.0,1.1117136788949925e-06
CIV,Côte d’Ivoire,1973,6.7599055284541,Total GHG,Africa,6184944.0,1.092961476846694e-06
CIV,Côte d’Ivoire,1974,6.9690703629579,Total GHG,Africa,6474057.0,1.076461075791872e-06
CIV,Côte d’Ivoire,1975,7.4335025247309,Total GHG,Africa,6776297.0,1.0969859385931431e-06
CIV,Côte d’Ivoire,1976,8.0916876967412,Total GHG,Africa,7057958.0,1.146462999176419e-06
CIV,Côte d’Ivoire,1977,8.2713121623943,Total GHG,Africa,7321950.0,1.1296597439745287e-06
CIV,Côte d’Ivoire,1978,9.0424214141833,Total GHG,Africa,7603130.0,1.1893024865000731e-06
CIV,Côte d’Ivoire,1979,8.9114275037142,Total GHG,Africa,7902267.0,1.127705189373404e-06
CIV,Côte d’Ivoire,1980,8.862462465299,Total GHG,Africa,8220714.0,1.0780648086405876e-06
CIV,Côte d’Ivoire,1981,8.9236930310741,Total GHG,Africa,8556596.0,1.0429022278338372e-06
CIV,Côte d’Ivoire,1982,9.2783889155042,Total GHG,Africa,8907936.0,1.041586840711945e-06
CIV,Côte d’Ivoire,1983,10.711161439374,Total GHG,Africa,9272744.0,1.1551231695142236e-06
CIV,Côte d’Ivoire,1984,10.603066524453,Total GHG,Africa,9650516.0,1.0987046210226479e-06
CIV,Côte d’Ivoire,1985,10.521560444076,Total GHG,Africa,10040483.0,1.047913775071976e-06
CIV,Côte d’Ivoire,1986,10.46090932897,Total GHG,Africa,10440917.0,1.0019148058518233e-06
CIV,Côte d’Ivoire,1987,10.415793028245,Total GHG,Africa,10851475.0,9.598504376819742e-07
CIV,Côte d’Ivoire,1988,10.369546179035,Total GHG,Africa,11275189.0,9.196782580793102e-07
CIV,Côte d’Ivoire,1989,9.9927799620469,Total GHG,Africa,11719771.0,8.526429366279341e-07
CIV,Côte d’Ivoire,1990,9.9375553996287,Total GHG,Africa,12189778.0,8.152367827887185e-07
CIV,Côte d’Ivoire,1991,10.253780316213,Total GHG,Africa,12683870.0,8.084110225201771e-07
CIV,Côte d’Ivoire,1992,10.387011631576,Total GHG,Africa,13200310.0,7.86876340902297e-07
CIV,Côte d’Ivoire,1993,10.616739890633,Total GHG,Africa,13735951.0,7.729162611771838e-07
CIV,Côte d’Ivoire,1994,11.481084315424,Total GHG,Africa,14287201.0,8.035922722319089e-07
CIV,Côte d’Ivoire,1995,12.089023437801,Total GHG,Africa,14855565.0,8.137706938646225e-07
CIV,Côte d’Ivoire,1996,13.439841448432,Total GHG,Africa,15442312.0,8.703257289732264e-07
CIV,Côte d’Ivoire,1997,14.717517789808,Total GHG,Africa,16047170.0,9.171410155066594e-07
CIV,Côte d’Ivoire,1998,14.496673631662,Total GHG,Africa,16663948.0,8.699423228914301e-07
CIV,Côte d’Ivoire,1999,16.414779434418,Total GHG,Africa,17215935.0,9.534643012080379e-07
CIV,Côte d’Ivoire,2000,16.324105875046,Total GHG,Africa,17699004.0,9.223177685617791e-07
CIV,Côte d’Ivoire,2001,16.53203745338,Total GHG,Africa,18178913.0,9.094073695924503e-07
CIV,Côte d’Ivoire,2002,17.309918134011,Total GHG,Africa,18654771.0,9.279083690714295e-07
CIV,Côte d’Ivoire,2003,15.851384372973,Total GHG,Africa,19125542.0,8.288070671656259e-07
CIV,Côte d’Ivoire,2004,16.658894952666,Total GHG,Africa,19595000.0,8.501604977119673e-07
CIV,Côte d’Ivoire,2005,17.595768421501,Total GHG,Africa,20068458.0,8.767872659424555e-07
CIV,Côte d’Ivoire,2006,17.748174015343,Total GHG,Africa,20546802.0,8.637925267077086e-07
CIV,Côte d’Ivoire,2007,18.159115816998,Total GHG,Africa,21030558.0,8.634633383002961e-07
CIV,Côte d’Ivoire,2008,19.018118364989,Total GHG,Africa,21514439.0,8.839699870858357e-07
CIV,Côte d’Ivoire,2009,18.416821500466,Total GHG,Africa,21997940.0,8.372066430068452e-07
CIV,Côte d’Ivoire,2010,19.820327157725,Total GHG,Africa,22488065.0,8.813709475548475e-07
CIV,Côte d’Ivoire,2011,20.444484581403,Total GHG,Africa,22982000.0,8.895868323645897e-07
CIV,Côte d’Ivoire,2012,23.025069287947,Total GHG,Africa,23467078.0,9.811647316273036e-07
CIV,Côte d’Ivoire,2013,24.339416004428,Total GHG,Africa,23939775.0,1.0166935990178687e-06
CIV,Côte d’Ivoire,2014,25.286808791322,Total GHG,Africa,24527395.0,1.0309618608630064e-06
CIV,Côte d’Ivoire,2015,26.375052012701,Total GHG,Africa,25246342.0,1.0447078635273578e-06
CIV,Côte d’Ivoire,2016,27.502053381712,Total GHG,Africa,25989405.0,1.0582025014313333e-06
CIV,Côte d’Ivoire,2017,28.425436451337,Total GHG,Africa,26733372.0,1.0632940899238973e-06
CIV,Côte d’Ivoire,2018,27.906539431991,Total GHG,Africa,27464173.0,1.0161070363193168e-06
CIV,Côte d’Ivoire,2019,29.810581571347,Total GHG,Africa,28193009.0,1.0573749531788892e-06
CIV,Côte d’Ivoire,2020,30.140620788144,Total GHG,Africa,28915449.0,1.0423708374075047e-06
CIV,Côte d’Ivoire,2021,35.056125870319,Total GHG,Africa,29639736.0,1.1827408270545662e-06
CIV,Côte d’Ivoire,2022,36.520837077694,Total GHG,Africa,30395002.0,1.2015408677286482e-06
CIV,Côte d’Ivoire,2023,36.728828389278,Total GHG,Africa,31165654.0,1.1785033739153365e-06
CIV,Côte d’Ivoire,2024,38.0266971213,Total GHG,Africa,31934230.0,1.1907817135813201e-06
CMR,Cameroon,1970,7.7396761905927,Total GHG,Africa,6449793.0,1.1999883082437995e-06
CMR,Cameroon,1971,7.7767255335837,Total GHG,Africa,6624408.0,1.1739502659835717e-06
CMR,Cameroon,1972,7.5669223857512,Total GHG,Africa,6806872.0,1.1116592740029781e-06
CMR,Cameroon,1973,7.6011611551993,Total GHG,Africa,6996660.0,1.0863985323281823e-06
CMR,Cameroon,1974,7.7992159411383,Total GHG,Africa,7193583.0,1.084190721249522e-06
CMR,Cameroon,1975,8.4768147476178,Total GHG,Africa,7397120.0,1.1459615022627454e-06
CMR,Cameroon,1976,8.7874872303669,Total GHG,Africa,7597962.0,1.15655846006691e-06
CMR,Cameroon,1977,9.7764988658935,Total GHG,Africa,7796501.0,1.2539598040061176e-06
CMR,Cameroon,1978,10.647083218994,Total GHG,Africa,8011921.0,1.3289051675614375e-06
CMR,Cameroon,1979,12.904494629747,Total GHG,Africa,8239641.0,1.5661476792189125e-06
CMR,Cameroon,1980,15.826268344943,Total GHG,Africa,8512219.0,1.8592412090129494e-06
CMR,Cameroon,1981,18.581843146203,Total GHG,Africa,8816377.0,2.1076506989439084e-06
CMR,Cameroon,1982,20.423406359084,Total GHG,Africa,9028678.0,2.262059446475331e-06
CMR,Cameroon,1983,23.000339947128,Total GHG,Africa,9215397.0,2.495859912180452e-06
CMR,Cameroon,1984,25.729205886184,Total GHG,Africa,9475078.0,2.7154611166455836e-06
CMR,Cameroon,1985,29.939973696775,Total GHG,Africa,9761730.0,3.0670766039190796e-06
CMR,Cameroon,1986,30.401685481074,Total GHG,Africa,10060342.0,3.021933596400003e-06
CMR,Cameroon,1987,30.29805574281,Total GHG,Africa,10370749.0,2.9214915665985165e-06
CMR,Cameroon,1988,27.775646339836,Total GHG,Africa,10684968.0,2.5995067406693218e-06
CMR,Cameroon,1989,30.432700338984,Total GHG,Africa,11002745.0,2.765918899236872e-06
CMR,Cameroon,1990,30.084819927896,Total GHG,Africa,11331821.0,2.6548972074211197e-06
CMR,Cameroon,1991,29.300289935223,Total GHG,Africa,11667180.0,2.5113429239304614e-06
CMR,Cameroon,1992,28.259970771567,Total GHG,Africa,12006353.0,2.353751449050932e-06
CMR,Cameroon,1993,27.493230585934,Total GHG,Africa,12353131.0,2.225608275823676e-06
CMR,Cameroon,1994,26.68698188012,Total GHG,Africa,12704903.0,2.100526220477244e-06
CMR,Cameroon,1995,27.283524019699,Total GHG,Africa,13058516.0,2.0893280691082357e-06
CMR,Cameroon,1996,28.548150585996,Total GHG,Africa,13414757.0,2.128115372197648e-06
CMR,Cameroon,1997,28.043487960695,Total GHG,Africa,13775214.0,2.035793270485308e-06
CMR,Cameroon,1998,28.715463507671,Total GHG,Africa,14144860.0,2.030098813821487e-06
CMR,Cameroon,1999,29.365155615655,Total GHG,Africa,14525140.0,2.0216779745775257e-06
CMR,Cameroon,2000,30.692924045612,Total GHG,Africa,14912631.0,2.058183029246281e-06
CMR,Cameroon,2001,30.810404952385,Total GHG,Africa,15309490.0,2.0125036792463368e-06
CMR,Cameroon,2002,29.61255399608,Total GHG,Africa,15725528.0,1.8830880588607262e-06
CMR,Cameroon,2003,30.355209999191,Total GHG,Africa,16160340.0,1.878376940039071e-06
CMR,Cameroon,2004,30.109821076742,Total GHG,Africa,16610487.0,1.8126994757433664e-06
CMR,Cameroon,2005,30.305190601685,Total GHG,Africa,17074594.0,1.77487034840682e-06
CMR,Cameroon,2006,29.593375929285,Total GHG,Africa,17550407.0,1.6861931423747038e-06
CMR,Cameroon,2007,30.400991232963,Total GHG,Africa,18049896.0,1.6842751466802358e-06
CMR,Cameroon,2008,30.189855379362,Total GHG,Africa,18574056.0,1.6253776439223615e-06
CMR,Cameroon,2009,31.069625070866,Total GHG,Africa,19113974.0,1.6254926929829454e-06
CMR,Cameroon,2010,30.500421389757,Total GHG,Africa,19668066.0,1.5507585438119335e-06
CMR,Cameroon,2011,30.193393962067,Total GHG,Africa,20232304.0,1.4923359179491866e-06
CMR,Cameroon,2012,30.969385023518,Total GHG,Africa,20809529.0,1.4882309457132836e-06
CMR,Cameroon,2013,32.889617505268,Total GHG,Africa,21402376.0,1.5367273944382624e-06
CMR,Cameroon,2014,35.292466449735,Total GHG,Africa,22059893.0,1.5998475808443406e-06
CMR,Cameroon,2015,38.553460122724,Total GHG,Africa,22763414.0,1.693658961820226e-06
CMR,Cameroon,2016,38.979242762882,Total GHG,Africa,23454161.0,1.6619329407213502e-06
CMR,Cameroon,2017,37.754640941301,Total GHG,Africa,24128601.0,1.5647256524031791e-06
CMR,Cameroon,2018,38.16957040827,Total GHG,Africa,24806383.0,1.5386995519770052e-06
CMR,Cameroon,2019,38.891898755973,Total GHG,Africa,25506095.0,1.5248080412141884e-06
CMR,Cameroon,2020,39.594725602089,Total GHG,Africa,26210558.0,1.5106403153297614e-06
CMR,Cameroon,2021,39.836205655317,Total GHG,Africa,26915758.0,1.4800328363524819e-06
CMR,Cameroon,2022,40.348450612803,Total GHG,Africa,27632771.0,1.4601666482454112e-06
CMR,Cameroon,2023,40.358043083049,Total GHG,Africa,28372687.0,1.422425838026867e-06
CMR,Cameroon,2024,40.621855916018,Total GHG,Africa,29123744.0,1.3948019841136496e-06
COD,Democratic Republic of the Congo,1970,9.7211690362357,Total GHG,Africa,20137436.0,4.827411511691807e-07
COD,Democratic Republic of the Congo,1971,9.9629084773791,Total GHG,Africa,20695569.0,4.814029745874153e-07
COD,Democratic Republic of the Congo,1972,10.243400086672,Total GHG,Africa,21251160.0,4.820160446145999e-07
COD,Democratic Republic of the Congo,1973,10.458208349125,Total GHG,Africa,21827665.0,4.791262990853579e-07
COD,Democratic Republic of the Congo,1974,10.811502902992,Total GHG,Africa,22418878.0,4.822499548368121e-07
COD,Democratic Republic of the Congo,1975,10.974856441809,Total GHG,Africa,23021101.0,4.767303024216349e-07
COD,Democratic Republic of the Congo,1976,15.720056894641,Total GHG,Africa,23624031.0,6.654265266855178e-07
COD,Democratic Republic of the Congo,1977,15.592771889527,Total GHG,Africa,24229061.0,6.43556590555738e-07
COD,Democratic Republic of the Congo,1978,14.917488165539,Total GHG,Africa,24992689.0,5.968740764764848e-07
COD,Democratic Republic of the Congo,1979,15.974120889723,Total GHG,Africa,25886782.0,6.170763476790201e-07
COD,Democratic Republic of the Congo,1980,15.671337508977,Total GHG,Africa,26711099.0,5.866975937222576e-07
COD,Democratic Republic of the Congo,1981,16.169905042697,Total GHG,Africa,27500515.0,5.879855356416779e-07
COD,Democratic Republic of the Congo,1982,20.891415978161,Total GHG,Africa,28338190.0,7.372177255555488e-07
COD,Democratic Republic of the Congo,1983,22.955811346094,Total GHG,Africa,29250963.0,7.847882254712092e-07
COD,Democratic Republic of the Congo,1984,26.285440897513,Total GHG,Africa,30245081.0,8.690815176693691e-07
COD,Democratic Republic of the Congo,1985,23.570440407404,Total GHG,Africa,31264816.0,7.538966615829116e-07
COD,Democratic Republic of the Congo,1986,24.805955338188,Total GHG,Africa,32265196.0,7.68814649016482e-07
COD,Democratic Republic of the Congo,1987,26.057968502723,Total GHG,Africa,33298904.0,7.825473325705555e-07
COD,Democratic Republic of the Congo,1988,27.165929920432,Total GHG,Africa,34382752.0,7.901034193083788e-07
COD,Democratic Republic of the Congo,1989,24.419262498781,Total GHG,Africa,35486866.0,6.881211346975808e-07
COD,Democratic Republic of the Congo,1990,25.332282493472,Total GHG,Africa,36684063.0,6.90552802002112e-07
COD,Democratic Republic of the Congo,1991,23.022431242309,Total GHG,Africa,37925817.0,6.070385047290873e-07
COD,Democratic Republic of the Congo,1992,23.640967289301,Total GHG,Africa,39228910.0,6.026414521662977e-07
COD,Democratic Republic of the Congo,1993,25.475719857821,Total GHG,Africa,40656336.0,6.266113074680661e-07
COD,Democratic Republic of the Congo,1994,23.338185918577,Total GHG,Africa,42626876.0,5.474993269170605e-07
COD,Democratic Republic of the Congo,1995,23.985552741728,Total GHG,Africa,44433704.0,5.398053860584749e-07
COD,Democratic Republic of the Congo,1996,25.085128727228,Total GHG,Africa,45296124.0,5.538029860397768e-07
COD,Democratic Republic of the Congo,1997,23.766171446776,Total GHG,Africa,46029902.0,5.16320270392407e-07
COD,Democratic Republic of the Congo,1998,24.499508540265,Total GHG,Africa,47297600.0,5.179862940247497e-07
COD,Democratic Republic of the Congo,1999,23.934302343397,Total GHG,Africa,48912971.0,4.893242396459009e-07
COD,Democratic Republic of the Congo,2000,26.349049001005,Total GHG,Africa,50507442.0,5.216864675309631e-07
COD,Democratic Republic of the Congo,2001,24.366935967041,Total GHG,Africa,52132646.0,4.674026322592757e-07
COD,Democratic Republic of the Congo,2002,23.23550640607,Total GHG,Africa,53750524.0,4.3228427700667627e-07
COD,Democratic Republic of the Congo,2003,24.507560953473,Total GHG,Africa,55343867.0,4.428234288990504e-07
COD,Democratic Republic of the Congo,2004,25.034610705486,Total GHG,Africa,56997741.0,4.392211036133169e-07
COD,Democratic Republic of the Congo,2005,25.669678763557,Total GHG,Africa,58775724.0,4.367394736567941e-07
COD,Democratic Republic of the Congo,2006,26.236202531458,Total GHG,Africa,60615908.0,4.328270151699782e-07
COD,Democratic Republic of the Congo,2007,27.004448287214,Total GHG,Africa,62477752.0,4.322250308752146e-07
COD,Democratic Republic of the Congo,2008,27.682345186735,Total GHG,Africa,64390664.0,4.29912404486697e-07
COD,Democratic Republic of the Congo,2009,27.674250156629,Total GHG,Africa,66412044.0,4.167052915376163e-07
COD,Democratic Republic of the Congo,2010,28.802807429307,Total GHG,Africa,68563038.0,4.2009234522698655e-07
COD,Democratic Republic of the Congo,2011,29.878623620886,Total GHG,Africa,70849311.0,4.2172073657690193e-07
COD,Democratic Republic of the Congo,2012,36.802196998936,Total GHG,Africa,73254618.0,5.023873989614689e-07
COD,Democratic Republic of the Congo,2013,38.760122251005,Total GHG,Africa,75789395.0,5.114188106529284e-07
COD,Democratic Republic of the Congo,2014,40.734680409619,Total GHG,Africa,78403242.0,5.19553520626341e-07
COD,Democratic Republic of the Congo,2015,42.257046658535,Total GHG,Africa,81035531.0,5.214631919735925e-07
COD,Democratic Republic of the Congo,2016,42.751251229887,Total GHG,Africa,83956415.0,5.092076791259727e-07
COD,Democratic Republic of the Congo,2017,44.424352097502,Total GHG,Africa,87083398.0,5.101357218226832e-07
COD,Democratic Republic of the Congo,2018,45.108591846286,Total GHG,Africa,90047644.0,5.009413888306283e-07
COD,Democratic Republic of the Congo,2019,46.792635287617,Total GHG,Africa,92947442.0,5.034311249535732e-07
COD,Democratic Republic of the Congo,2020,49.627779909128,Total GHG,Africa,95989998.0,5.170099066897366e-07
COD,Democratic Republic of the Congo,2021,52.844035735655,Total GHG,Africa,99148932.0,5.329763485062552e-07
COD,Democratic Republic of the Congo,2022,55.977968255537,Total GHG,Africa,102396968.0,5.466760329811426e-07
COD,Democratic Republic of the Congo,2023,57.201028579943,Total GHG,Africa,105789731.0,5.407049251306159e-07
COD,Democratic Republic of the Congo,2024,58.4916909867,Total GHG,Africa,109276265.0,5.352643685863532e-07
COG,Congo,1970,2.4693030156544,Total GHG,Africa,1397638.0,1.766768659448584e-06
COG,Congo,1971,2.7484581538431,Total GHG,Africa,1441039.0,1.9072753435841084e-06
COG,Congo,1972,2.9577972763777,Total GHG,Africa,1486468.0,1.9898156410886076e-06
COG,Congo,1973,11.465574187619,Total GHG,Africa,1533680.0,7.475858189204397e-06
COG,Congo,1974,15.782801750033,Total GHG,Africa,1582301.0,9.974588747673799e-06
COG,Congo,1975,10.314196749231,Total GHG,Africa,1627032.0,6.339270984978169e-06
COG,Congo,1976,10.308045466573,Total GHG,Africa,1667225.0,6.182756056664818e-06
COG,Congo,1977,4.8503756031576,Total GHG,Africa,1707568.0,2.84051680703644e-06
COG,Congo,1978,4.4578097713171,Total GHG,Africa,1748089.0,2.5501045835292712e-06
COG,Congo,1979,4.6081414437411,Total GHG,Africa,1788524.0,2.576505232102616e-06
COG,Congo,1980,5.5402444722801,Total GHG,Africa,1828985.0,3.029136090388986e-06
COG,Congo,1981,6.5846726587885,Total GHG,Africa,1869759.0,3.5216691877340873e-06
COG,Congo,1982,7.399902851327,Total GHG,Africa,1910430.0,3.873422659467764e-06
COG,Congo,1983,7.5391929384077,Total GHG,Africa,1950321.0,3.8656164489884996e-06
COG,Congo,1984,9.0336428306886,Total GHG,Africa,1999528.0,4.517887636826591e-06
COG,Congo,1985,8.8573408800493,Total GHG,Africa,2059311.0,4.301118616881714e-06
COG,Congo,1986,8.7701036266464,Total GHG,Africa,2120602.0,4.135666959970046e-06
COG,Congo,1987,9.3947188642626,Total GHG,Africa,2183473.0,4.302649432469557e-06
COG,Congo,1988,10.268525006099,Total GHG,Africa,2247653.0,4.5685544014574315e-06
COG,Congo,1989,10.911888129758,Total GHG,Africa,2313558.0,4.716496465512427e-06
COG,Congo,1990,10.902987084142,Total GHG,Africa,2380560.0,4.580009360882313e-06
COG,Congo,1991,10.783756291867,Total GHG,Africa,2449229.0,4.402918751928464e-06
COG,Congo,1992,10.85850975098,Total GHG,Africa,2519465.0,4.309847428315138e-06
COG,Congo,1993,11.196785475014,Total GHG,Africa,2595124.0,4.314547387721742e-06
COG,Congo,1994,9.8096151543887,Total GHG,Africa,2673144.0,3.669692001025272e-06
COG,Congo,1995,12.133795048027,Total GHG,Africa,2749461.0,4.413154086574423e-06
COG,Congo,1996,15.665642700258,Total GHG,Africa,2826785.0,5.541858577945617e-06
COG,Congo,1997,16.315447832532,Total GHG,Africa,2887862.0,5.649663256946489e-06
COG,Congo,1998,19.579491637801,Total GHG,Africa,2952061.0,6.632482065174466e-06
COG,Congo,1999,19.945691904663,Total GHG,Africa,3032874.0,6.576498695515541e-06
COG,Congo,2000,21.669680041858,Total GHG,Africa,3151345.0,6.876327422690312e-06
COG,Congo,2001,20.209072119711,Total GHG,Africa,3272537.0,6.175353286979184e-06
COG,Congo,2002,13.245354844477,Total GHG,Africa,3350771.0,3.952927503693031e-06
COG,Congo,2003,14.971799640293,Total GHG,Africa,3445753.0,4.3450008286412284e-06
COG,Congo,2004,16.161654353087,Total GHG,Africa,3565554.0,4.532718997689279e-06
COG,Congo,2005,19.767828986347,Total GHG,Africa,3696393.0,5.347869933296324e-06
COG,Congo,2006,21.764295683285,Total GHG,Africa,3837409.0,5.6716121954383805e-06
COG,Congo,2007,18.708580925426,Total GHG,Africa,3980430.0,4.700140669582432e-06
COG,Congo,2008,18.528063702332,Total GHG,Africa,4113517.0,4.504190380720925e-06
COG,Congo,2009,20.203369853573,Total GHG,Africa,4281219.0,4.719069464461641e-06
COG,Congo,2010,22.004105352944,Total GHG,Africa,4462290.0,4.9311240087363215e-06
COG,Congo,2011,21.125323114434,Total GHG,Africa,4609724.0,4.582773960964691e-06
COG,Congo,2012,20.359624331474,Total GHG,Africa,4740450.0,4.2948716538459425e-06
COG,Congo,2013,19.778768357845,Total GHG,Africa,4857099.0,4.072136136785559e-06
COG,Congo,2014,20.212240246218,Total GHG,Africa,4975880.0,4.062043346346374e-06
COG,Congo,2015,20.050350814537,Total GHG,Africa,5097581.0,3.93330695766031e-06
COG,Congo,2016,19.751841902108,Total GHG,Africa,5222536.0,3.782040353978987e-06
COG,Congo,2017,21.421595710674,Total GHG,Africa,5351011.0,4.003280073741953e-06
COG,Congo,2018,25.101548053479,Total GHG,Africa,5483118.0,4.577969697803148e-06
COG,Congo,2019,26.268698187585,Total GHG,Africa,5616661.0,4.676924277179092e-06
COG,Congo,2020,25.154414606251,Total GHG,Africa,5752791.0,4.372558399262375e-06
COG,Congo,2021,23.297999367495,Total GHG,Africa,5892183.0,3.954052236241644e-06
COG,Congo,2022,24.421010691158,Total GHG,Africa,6035104.0,4.046493762354054e-06
COG,Congo,2023,24.416633406909,Total GHG,Africa,6182885.0,3.94906801710027e-06
COG,Congo,2024,24.623026459752,Total GHG,Africa,6332961.0,3.8880748609934595e-06
COK,Cook Islands,1970,0.027527577486815,Total GHG,Oceania,,
COK,Cook Islands,1971,0.027746245629249,Total GHG,Oceania,,
COK,Cook Islands,1972,0.028179025691289,Total GHG,Oceania,,
COK,Cook Islands,1973,0.032798212523542,Total GHG,Oceania,,
COK,Cook Islands,1974,0.039161417281372,Total GHG,Oceania,,
COK,Cook Islands,1975,0.034439124700891,Total GHG,Oceania,,
COK,Cook Islands,1976,0.041098333476171,Total GHG,Oceania,,
COK,Cook Islands,1977,0.041944605777622,Total GHG,Oceania,,
COK,Cook Islands,1978,0.041901226665623,Total GHG,Oceania,,
COK,Cook Islands,1979,0.042569347741897,Total GHG,Oceania,,
COK,Cook Islands,1980,0.044211245659649,Total GHG,Oceania,,
COK,Cook Islands,1981,0.072348924774877,Total GHG,Oceania,,
COK,Cook Islands,1982,0.070576873269977,Total GHG,Oceania,,
COK,Cook Islands,1983,0.069008922182624,Total GHG,Oceania,,
COK,Cook Islands,1984,0.061650183770167,Total GHG,Oceania,,
COK,Cook Islands,1985,0.066182465734105,Total GHG,Oceania,,
COK,Cook Islands,1986,0.046053136387162,Total GHG,Oceania,,
COK,Cook Islands,1987,0.051370769480411,Total GHG,Oceania,,
COK,Cook Islands,1988,0.051935264300411,Total GHG,Oceania,,
COK,Cook Islands,1989,0.050238835100304,Total GHG,Oceania,,
COK,Cook Islands,1990,0.051927840650382,Total GHG,Oceania,,
COK,Cook Islands,1991,0.039895438440839,Total GHG,Oceania,,
COK,Cook Islands,1992,0.057946239906788,Total GHG,Oceania,,
COK,Cook Islands,1993,0.059697135650504,Total GHG,Oceania,,
COK,Cook Islands,1994,0.062024912138314,Total GHG,Oceania,,
COK,Cook Islands,1995,0.057736700876947,Total GHG,Oceania,,
COK,Cook Islands,1996,0.058570207194068,Total GHG,Oceania,,
COK,Cook Islands,1997,0.060345172113774,Total GHG,Oceania,,
COK,Cook Islands,1998,0.062367925488993,Total GHG,Oceania,,
COK,Cook Islands,1999,0.060820367731381,Total GHG,Oceania,,
COK,Cook Islands,2000,0.073816523867573,Total GHG,Oceania,,
COK,Cook Islands,2001,0.073628961312169,Total GHG,Oceania,,
COK,Cook Islands,2002,0.04589081883241,Total GHG,Oceania,,
COK,Cook Islands,2003,0.043010391090651,Total GHG,Oceania,,
COK,Cook Islands,2004,0.062668509127401,Total GHG,Oceania,,
COK,Cook Islands,2005,0.094920169080512,Total GHG,Oceania,,
COK,Cook Islands,2006,0.097834008720143,Total GHG,Oceania,,
COK,Cook Islands,2007,0.08568759740655,Total GHG,Oceania,,
COK,Cook Islands,2008,0.087527317789641,Total GHG,Oceania,,
COK,Cook Islands,2009,0.079233874559241,Total GHG,Oceania,,
COK,Cook Islands,2010,0.096504600218452,Total GHG,Oceania,,
COK,Cook Islands,2011,0.10715955484262,Total GHG,Oceania,,
COK,Cook Islands,2012,0.11212062355927,Total GHG,Oceania,,
COK,Cook Islands,2013,0.11722089490377,Total GHG,Oceania,,
COK,Cook Islands,2014,0.12420663815353,Total GHG,Oceania,,
COK,Cook Islands,2015,0.11316963743617,Total GHG,Oceania,,
COK,Cook Islands,2016,0.11866637862497,Total GHG,Oceania,,
COK,Cook Islands,2017,0.11366546012703,Total GHG,Oceania,,
COK,Cook Islands,2018,0.12228239815023,Total GHG,Oceania,,
COK,Cook Islands,2019,0.12217240784344,Total GHG,Oceania,,
COK,Cook Islands,2020,0.086325323666681,Total GHG,Oceania,,
COK,Cook Islands,2021,0.097218247447805,Total GHG,Oceania,,
COK,Cook Islands,2022,0.10711086297954,Total GHG,Oceania,,
COK,Cook Islands,2023,0.1075029245548,Total GHG,Oceania,,
COK,Cook Islands,2024,0.11208129613633,Total GHG,Oceania,,
COL,Colombia,1970,82.171727182545,Total GHG,South America,20811782.0,3.948327307221697e-06
COL,Colombia,1971,84.949868165843,Total GHG,South America,21319096.0,3.9846843489912985e-06
COL,Colombia,1972,86.874322318638,Total GHG,South America,21819563.0,3.981487728174849e-06
COL,Colombia,1973,88.9806547019,Total GHG,South America,22325374.0,3.985628850020608e-06
COL,Colombia,1974,91.664025862505,Total GHG,South America,22833469.0,4.014459032156043e-06
COL,Colombia,1975,95.744256196039,Total GHG,South America,23344644.0,4.101337171645839e-06
COL,Colombia,1976,99.927388712581,Total GHG,South America,23858810.0,4.188280501524637e-06
COL,Colombia,1977,102.3835222463,Total GHG,South America,24393494.0,4.197165123056993e-06
COL,Colombia,1978,106.07027579595,Total GHG,South America,24950337.0,4.251256237378678e-06
COL,Colombia,1979,106.60672010271,Total GHG,South America,25515626.0,4.178095418968361e-06
COL,Colombia,1980,107.55652913072,Total GHG,South America,26104498.0,4.120229744725219e-06
COL,Colombia,1981,109.19412833102,Total GHG,South America,26713267.0,4.087636616330754e-06
COL,Colombia,1982,111.55188793581,Total GHG,South America,27338331.0,4.080420561731073e-06
COL,Colombia,1983,112.75119677967,Total GHG,South America,27988173.0,4.028530078746834e-06
COL,Colombia,1984,112.83537404418,Total GHG,South America,28642690.0,3.939412605596053e-06
COL,Colombia,1985,114.98488907925,Total GHG,South America,29268470.0,3.928626575945036e-06
COL,Colombia,1986,118.01697433995,Total GHG,South America,29879112.0,3.949815320480408e-06
COL,Colombia,1987,122.91131364764,Total GHG,South America,30499467.0,4.029949561008394e-06
COL,Colombia,1988,124.95514050091,Total GHG,South America,31130524.0,4.013910607508888e-06
COL,Colombia,1989,128.87429860029,Total GHG,South America,31776279.0,4.05567620426199e-06
COL,Colombia,1990,132.23509654693,Total GHG,South America,32440069.0,4.076289003791269e-06
COL,Colombia,1991,133.8009533205,Total GHG,South America,33098372.0,4.04252370238935e-06
COL,Colombia,1992,139.08379702623,Total GHG,South America,33760571.0,4.119711038839657e-06
COL,Colombia,1993,143.61364599748,Total GHG,South America,34441473.0,4.169788150392987e-06
COL,Colombia,1994,144.95811788108,Total GHG,South America,35127410.0,4.1266383681882606e-06
COL,Colombia,1995,150.11125309013,Total GHG,South America,35804662.0,4.192505799667373e-06
COL,Colombia,1996,150.2391618803,Total GHG,South America,36462745.0,4.12034699747098e-06
COL,Colombia,1997,157.59248305851,Total GHG,South America,37121149.0,4.2453557420464e-06
COL,Colombia,1998,159.55530582154,Total GHG,South America,37792165.0,4.221914934525185e-06
COL,Colombia,1999,147.7485525936,Total GHG,South America,38454863.0,3.842129215064425e-06
COL,Colombia,2000,153.07252967977,Total GHG,South America,39089934.0,3.915906577887034e-06
COL,Colombia,2001,153.85387536346,Total GHG,South America,39709262.0,3.874508555798897e-06
COL,Colombia,2002,152.60714098007,Total GHG,South America,40324680.0,3.784460062177059e-06
COL,Colombia,2003,153.2679317871,Total GHG,South America,40937429.0,3.743955972103182e-06
COL,Colombia,2004,153.866474191,Total GHG,South America,41543171.0,3.703772978499884e-06
COL,Colombia,2005,157.56634042269,Total GHG,South America,42128977.0,3.7400941499882607e-06
COL,Colombia,2006,156.40889510988,Total GHG,South America,42691084.0,3.6637367912672354e-06
COL,Colombia,2007,161.21390453942,Total GHG,South America,43235374.0,3.728750086432004e-06
COL,Colombia,2008,162.34200236275,Total GHG,South America,43758808.0,3.709927435929014e-06
COL,Colombia,2009,167.79374482966,Total GHG,South America,44271541.0,3.7901040045039317e-06
COL,Colombia,2010,173.79823254232,Total GHG,South America,44777319.0,3.881389873795704e-06
COL,Colombia,2011,177.25466698152,Total GHG,South America,45259614.0,3.9163981155809235e-06
COL,Colombia,2012,175.2878486521,Total GHG,South America,45715810.0,3.834293839529475e-06
COL,Colombia,2013,185.40222052234,Total GHG,South America,46151584.0,4.017245009886118e-06
COL,Colombia,2014,185.35139224063,Total GHG,South America,46565429.0,3.980450652363366e-06
COL,Colombia,2015,187.04439301576,Total GHG,South America,46969940.0,3.982214859456069e-06
COL,Colombia,2016,190.77260580193,Total GHG,South America,47437512.0,4.021555890239986e-06
COL,Colombia,2017,187.12576748371,Total GHG,South America,48131078.0,3.88783661740778e-06
COL,Colombia,2018,195.87830528146,Total GHG,South America,49024465.0,3.995521527495711e-06
COL,Colombia,2019,201.09332846844,Total GHG,South America,49907985.0,4.029281656401075e-06
COL,Colombia,2020,199.64551722584,Total GHG,South America,50629997.0,3.943225934337701e-06
COL,Colombia,2021,212.69888567241,Total GHG,South America,51188173.0,4.155234953832206e-06
COL,Colombia,2022,209.76076348353,Total GHG,South America,51737944.0,4.054292599712312e-06
COL,Colombia,2023,215.47661935261,Total GHG,South America,52321152.0,4.118346235048685e-06
COL,Colombia,2024,217.58573010569,Total GHG,South America,52886363.0,4.114212393574691e-06
COM,Comoros,1970,0.19372576370256,Total GHG,Africa,244185.0,7.933565276432213e-07
COM,Comoros,1971,0.19757039512041,Total GHG,Africa,251865.0,7.844297346610684e-07
COM,Comoros,1972,0.20035970320908,Total GHG,Africa,260077.0,7.70386090308178e-07
COM,Comoros,1973,0.20511886625831,Total GHG,Africa,268820.0,7.630342469247451e-07
COM,Comoros,1974,0.21143315493455,Total GHG,Africa,278075.0,7.603457877714645e-07
COM,Comoros,1975,0.2165261053089,Total GHG,Africa,287692.0,7.526316522840399e-07
COM,Comoros,1976,0.2244090439728,Total GHG,Africa,297538.0,7.542197768782476e-07
COM,Comoros,1977,0.2295178638518,Total GHG,Africa,307579.0,7.462078485585817e-07
COM,Comoros,1978,0.23513400911042,Total GHG,Africa,317688.0,7.401412993579235e-07
COM,Comoros,1979,0.24106470885238,Total GHG,Africa,327791.0,7.354219879507979e-07
COM,Comoros,1980,0.24103686184099,Total GHG,Africa,337721.0,7.137159425709091e-07
COM,Comoros,1981,0.24013924055521,Total GHG,Africa,347382.0,6.912829120541939e-07
COM,Comoros,1982,0.23744190271079,Total GHG,Africa,357139.0,6.648445079108974e-07
COM,Comoros,1983,0.23769539555476,Total GHG,Africa,367233.0,6.472604465142294e-07
COM,Comoros,1984,0.2389560569782,Total GHG,Africa,377637.0,6.32766537649118e-07
COM,Comoros,1985,0.23576952452139,Total GHG,Africa,388352.0,6.07102640185682e-07
COM,Comoros,1986,0.22366699931239,Total GHG,Africa,399318.0,5.601225071556754e-07
COM,Comoros,1987,0.25701855976612,Total GHG,Africa,410439.0,6.262040394945899e-07
COM,Comoros,1988,0.25872846980724,Total GHG,Africa,421687.0,6.13555717409453e-07
COM,Comoros,1989,0.26247841694704,Total GHG,Africa,433103.0,6.060415581213707e-07
COM,Comoros,1990,0.31172790552095,Total GHG,Africa,444596.0,7.01148695716898e-07
COM,Comoros,1991,0.30076628327262,Total GHG,Africa,455556.0,6.602180264832864e-07
COM,Comoros,1992,0.29842744155062,Total GHG,Africa,465113.0,6.416235227796686e-07
COM,Comoros,1993,0.30445592187065,Total GHG,Africa,473682.0,6.427432789733408e-07
COM,Comoros,1994,0.31058931172142,Total GHG,Africa,482142.0,6.441863843461471e-07
COM,Comoros,1995,0.32147593971068,Total GHG,Africa,490586.0,6.552896733919843e-07
COM,Comoros,1996,0.33204129349577,Total GHG,Africa,499107.0,6.652707605699179e-07
COM,Comoros,1997,0.33797555721626,Total GHG,Africa,507777.0,6.655983969661091e-07
COM,Comoros,1998,0.35981557463589,Total GHG,Africa,516597.0,6.965111578965614e-07
COM,Comoros,1999,0.38603133564123,Total GHG,Africa,525886.0,7.340589702734623e-07
COM,Comoros,2000,0.4194010001091,Total GHG,Africa,536080.0,7.823477841163632e-07
COM,Comoros,2001,0.42404321199643,Total GHG,Africa,547220.0,7.749044479303206e-07
COM,Comoros,2002,0.4358424454761,Total GHG,Africa,558923.0,7.797897840598794e-07
COM,Comoros,2003,0.46018104299333,Total GHG,Africa,569798.0,8.076213728256856e-07
COM,Comoros,2004,0.479461159043,Total GHG,Africa,580704.0,8.256549964233069e-07
COM,Comoros,2005,0.48438212657772,Total GHG,Africa,592677.0,8.17278427503885e-07
COM,Comoros,2006,0.51538729660607,Total GHG,Africa,604753.0,8.522277634109628e-07
COM,Comoros,2007,0.46508706905412,Total GHG,Africa,616927.0,7.538769887752036e-07
COM,Comoros,2008,0.47127224366493,Total GHG,Africa,629307.0,7.488749428576672e-07
COM,Comoros,2009,0.50607150145791,Total GHG,Africa,641947.0,7.883384476567536e-07
COM,Comoros,2010,0.53504216764884,Total GHG,Africa,654836.0,8.170628487878493e-07
COM,Comoros,2011,0.52901780645775,Total GHG,Africa,668056.0,7.918764391873586e-07
COM,Comoros,2012,0.54247694514199,Total GHG,Africa,681630.0,7.958525081671727e-07
COM,Comoros,2013,0.58196119205338,Total GHG,Africa,696192.0,8.359205392382849e-07
COM,Comoros,2014,0.57048257054652,Total GHG,Africa,711503.0,8.017992482765638e-07
COM,Comoros,2015,0.59263437725975,Total GHG,Africa,726682.0,8.155346867814945e-07
COM,Comoros,2016,0.63249655814867,Total GHG,Africa,741741.0,8.527188845549457e-07
COM,Comoros,2017,0.70221153584893,Total GHG,Africa,756669.0,9.280300049941653e-07
COM,Comoros,2018,0.65680103504561,Total GHG,Africa,771590.0,8.512306212439379e-07
COM,Comoros,2019,0.69216677286988,Total GHG,Africa,786578.0,8.799721996672677e-07
COM,Comoros,2020,0.74524135909571,Total GHG,Africa,802163.0,9.29039807490136e-07
COM,Comoros,2021,0.87592659441439,Total GHG,Africa,818174.0,1.070587178783963e-06
COM,Comoros,2022,0.91950198867091,Total GHG,Africa,834188.0,1.1022718963481974e-06
COM,Comoros,2023,0.93689596414486,Total GHG,Africa,850387.0,1.1017289353492704e-06
COM,Comoros,2024,0.94938908784032,Total GHG,Africa,866628.0,1.0954978235648051e-06
CPV,Cabo Verde,1970,0.22829343008487,Total GHG,Africa,287885.0,7.930021713005887e-07
CPV,Cabo Verde,1971,0.22642992802891,Total GHG,Africa,294046.0,7.700493393173517e-07
CPV,Cabo Verde,1972,0.22914819025822,Total GHG,Africa,297386.0,7.705412839145757e-07
CPV,Cabo Verde,1973,0.23096895995853,Total GHG,Africa,299881.0,7.702020466736139e-07
CPV,Cabo Verde,1974,0.23901291022209,Total GHG,Africa,302570.0,7.89942526430545e-07
CPV,Cabo Verde,1975,0.24472841439037,Total GHG,Africa,305847.0,8.001661431708337e-07
CPV,Cabo Verde,1976,0.25266572127108,Total GHG,Africa,309455.0,8.164861491043286e-07
CPV,Cabo Verde,1977,0.26072671307773,Total GHG,Africa,312834.0,8.334347068340717e-07
CPV,Cabo Verde,1978,0.2664586183449,Total GHG,Africa,316147.0,8.428313991431201e-07
CPV,Cabo Verde,1979,0.29771345876094,Total GHG,Africa,319480.0,9.318688455018781e-07
CPV,Cabo Verde,1980,0.29700267023389,Total GHG,Africa,323301.0,9.186568251687746e-07
CPV,Cabo Verde,1981,0.29039401742745,Total GHG,Africa,327846.0,8.857634908690362e-07
CPV,Cabo Verde,1982,0.17365830357271,Total GHG,Africa,332724.0,5.219289969245081e-07
CPV,Cabo Verde,1983,0.17014462718438,Total GHG,Africa,337654.0,5.039022999413009e-07
CPV,Cabo Verde,1984,0.18662845713994,Total GHG,Africa,342505.0,5.448926501509175e-07
CPV,Cabo Verde,1985,0.19281226298286,Total GHG,Africa,347365.0,5.550710721657622e-07
CPV,Cabo Verde,1986,0.12819783015056,Total GHG,Africa,352312.0,3.638758547837144e-07
CPV,Cabo Verde,1987,0.154608412181,Total GHG,Africa,357302.0,4.327107382018572e-07
CPV,Cabo Verde,1988,0.17926221256262,Total GHG,Africa,362329.0,4.94749833887489e-07
CPV,Cabo Verde,1989,0.19297483445606,Total GHG,Africa,367803.0,5.246690061148496e-07
CPV,Cabo Verde,1990,0.21566807874607,Total GHG,Africa,375428.0,5.74459227191552e-07
CPV,Cabo Verde,1991,0.24029081973664,Total GHG,Africa,384586.0,6.248038663306517e-07
CPV,Cabo Verde,1992,0.2686481470138,Total GHG,Africa,393415.0,6.828619829284598e-07
CPV,Cabo Verde,1993,0.2718567882994,Total GHG,Africa,401965.0,6.763195509544364e-07
CPV,Cabo Verde,1994,0.2688676544366,Total GHG,Africa,410228.0,6.55410294852131e-07
CPV,Cabo Verde,1995,0.29799676722973,Total GHG,Africa,418104.0,7.127335955401766e-07
CPV,Cabo Verde,1996,0.28626762149085,Total GHG,Africa,425581.0,6.726513201737155e-07
CPV,Cabo Verde,1997,0.30170940378663,Total GHG,Africa,432798.0,6.971136737846063e-07
CPV,Cabo Verde,1998,0.32234272816668,Total GHG,Africa,439784.0,7.329569246873011e-07
CPV,Cabo Verde,1999,0.34235689910065,Total GHG,Africa,446519.0,7.667241463423729e-07
CPV,Cabo Verde,2000,0.52915666132472,Total GHG,Africa,453317.0,1.1672993982681433e-06
CPV,Cabo Verde,2001,0.56569064602996,Total GHG,Africa,460293.0,1.2289794674912719e-06
CPV,Cabo Verde,2002,0.60616347068201,Total GHG,Africa,467046.0,1.2978667426377916e-06
CPV,Cabo Verde,2003,0.54387642457611,Total GHG,Africa,473383.0,1.148914144732933e-06
CPV,Cabo Verde,2004,0.5805348356846,Total GHG,Africa,479370.0,1.2110370604848028e-06
CPV,Cabo Verde,2005,0.8030059941697,Total GHG,Africa,485115.0,1.655289970769199e-06
CPV,Cabo Verde,2006,0.85471192601593,Total GHG,Africa,490728.0,1.7417223513146387e-06
CPV,Cabo Verde,2007,0.94128554791236,Total GHG,Africa,496190.0,1.897026437276769e-06
CPV,Cabo Verde,2008,0.91721665934203,Total GHG,Africa,501355.0,1.8294754402410068e-06
CPV,Cabo Verde,2009,0.90833615700496,Total GHG,Africa,506141.0,1.794630660240842e-06
CPV,Cabo Verde,2010,0.95586417948247,Total GHG,Africa,509784.0,1.8750376227627192e-06
CPV,Cabo Verde,2011,1.0802545724533,Total GHG,Africa,511447.0,2.112153502617671e-06
CPV,Cabo Verde,2012,0.95680288342389,Total GHG,Africa,511955.0,1.8689198922246877e-06
CPV,Cabo Verde,2013,0.94274079880355,Total GHG,Africa,512225.0,1.8404818171771195e-06
CPV,Cabo Verde,2014,0.98928310513318,Total GHG,Africa,512326.0,1.9309640836755893e-06
CPV,Cabo Verde,2015,1.0092450448583,Total GHG,Africa,512394.0,1.9696660086931147e-06
CPV,Cabo Verde,2016,1.055018903092,Total GHG,Africa,512554.0,2.0583565889486766e-06
CPV,Cabo Verde,2017,1.0987161809081,Total GHG,Africa,512893.0,2.142193753683712e-06
CPV,Cabo Verde,2018,1.003850124488,Total GHG,Africa,513415.0,1.9552411294722594e-06
CPV,Cabo Verde,2019,1.0508936509656,Total GHG,Africa,514104.0,2.0441265793800476e-06
CPV,Cabo Verde,2020,0.84416988593557,Total GHG,Africa,514679.0,1.6401871573069233e-06
CPV,Cabo Verde,2021,0.87258365874284,Total GHG,Africa,516649.0,1.6889293480541722e-06
CPV,Cabo Verde,2022,0.9098127024477,Total GHG,Africa,519741.0,1.7505117018817065e-06
CPV,Cabo Verde,2023,0.88304039943934,Total GHG,Africa,522331.0,1.6905762810159458e-06
CPV,Cabo Verde,2024,0.91256444810314,Total GHG,Africa,524877.0,1.7386253314645906e-06
CRI,Costa Rica,1970,5.9664372282425,Total GHG,North America,1838949.0,3.2444821624974374e-06
CRI,Costa Rica,1971,6.1096379088658,Total GHG,North America,1888539.0,3.235113444236947e-06
CRI,Costa Rica,1972,6.4695326025567,Total GHG,North America,1938248.0,3.337824985531624e-06
CRI,Costa Rica,1973,7.010656000133,Total GHG,North America,1988343.0,3.5258785833897875e-06
CRI,Costa Rica,1974,7.0099902367581,Total GHG,North America,2039643.0,3.436871176356892e-06
CRI,Costa Rica,1975,7.3848886310499,Total GHG,North America,2092719.0,3.528848656245726e-06
CRI,Costa Rica,1976,7.476022350842,Total GHG,North America,2147774.0,3.4808235646962858e-06
CRI,Costa Rica,1977,8.2429426700843,Total GHG,North America,2205025.0,3.738253611675287e-06
CRI,Costa Rica,1978,8.6632851150302,Total GHG,North America,2264510.0,3.82567757043696e-06
CRI,Costa Rica,1979,8.8746183312164,Total GHG,North America,2326490.0,3.814595519953406e-06
CRI,Costa Rica,1980,8.7185555581365,Total GHG,North America,2390633.0,3.6469652841471278e-06
CRI,Costa Rica,1981,8.8168047558977,Total GHG,North America,2456637.0,3.58897336313737e-06
CRI,Costa Rica,1982,8.4378153581985,Total GHG,North America,2524806.0,3.341965821611047e-06
CRI,Costa Rica,1983,8.7731052149352,Total GHG,North America,2595153.0,3.3805734054736658e-06
CRI,Costa Rica,1984,8.9707980355682,Total GHG,North America,2667595.0,3.3628785612389434e-06
CRI,Costa Rica,1985,8.862055992688,Total GHG,North America,2741894.0,3.2320928499380354e-06
CRI,Costa Rica,1986,8.9361878444627,Total GHG,North America,2817216.0,3.171992436668931e-06
CRI,Costa Rica,1987,8.9556232898898,Total GHG,North America,2892699.0,3.0959402585231995e-06
CRI,Costa Rica,1988,9.0729235180325,Total GHG,North America,2968103.0,3.056808849973367e-06
CRI,Costa Rica,1989,9.3715790709345,Total GHG,North America,3043827.0,3.078880327605511e-06
CRI,Costa Rica,1990,9.594853169389,Total GHG,North America,3121706.0,3.0735928269314916e-06
CRI,Costa Rica,1991,9.8803544590681,Total GHG,North America,3202176.0,3.0855126198772645e-06
CRI,Costa Rica,1992,11.073719778096,Total GHG,North America,3284258.0,3.371756962484677e-06
CRI,Costa Rica,1993,11.079818762369,Total GHG,North America,3367434.0,3.2902853515077056e-06
CRI,Costa Rica,1994,11.499462511323,Total GHG,North America,3451122.0,3.332093884633171e-06
CRI,Costa Rica,1995,10.958065414896,Total GHG,North America,3535176.0,3.099722733718491e-06
CRI,Costa Rica,1996,10.913964130093,Total GHG,North America,3619013.0,3.015729462727268e-06
CRI,Costa Rica,1997,10.931364683699,Total GHG,North America,3701711.0,2.953057298016782e-06
CRI,Costa Rica,1998,11.49302981595,Total GHG,North America,3782838.0,3.038203014760347e-06
CRI,Costa Rica,1999,11.252743179214,Total GHG,North America,3862101.0,2.9136325485050754e-06
CRI,Costa Rica,2000,10.988073832694,Total GHG,North America,3937739.0,2.7904525497230772e-06
CRI,Costa Rica,2001,11.137422024842,Total GHG,North America,4008947.0,2.778141498214369e-06
CRI,Costa Rica,2002,11.151765531605,Total GHG,North America,4075705.0,2.7361562064980167e-06
CRI,Costa Rica,2003,11.584122186409,Total GHG,North America,4138784.0,2.7989192444952427e-06
CRI,Costa Rica,2004,11.85626567798,Total GHG,North America,4200078.0,2.8228679748280863e-06
CRI,Costa Rica,2005,12.262374796819,Total GHG,North America,4261240.0,2.8776541093247506e-06
CRI,Costa Rica,2006,12.83173094579,Total GHG,North America,4321340.0,2.9693870294376282e-06
CRI,Costa Rica,2007,13.941919016096,Total GHG,North America,4380248.0,3.1829063140023123e-06
CRI,Costa Rica,2008,14.123072558477,Total GHG,North America,4440056.0,3.1808320792523787e-06
CRI,Costa Rica,2009,13.948231643614,Total GHG,North America,4499791.0,3.0997509981272462e-06
CRI,Costa Rica,2010,14.106786414905,Total GHG,North America,4555962.0,3.096335398518469e-06
CRI,Costa Rica,2011,14.527613608704,Total GHG,North America,4609833.0,3.151440325214384e-06
CRI,Costa Rica,2012,14.128325380875,Total GHG,North America,4663934.0,3.02927215112285e-06
CRI,Costa Rica,2013,14.47252405185,Total GHG,North America,4716147.0,3.068717758765789e-06
CRI,Costa Rica,2014,14.692409985608,Total GHG,North America,4767119.0,3.082031303520638e-06
CRI,Costa Rica,2015,14.490792125701,Total GHG,North America,4818038.0,3.007612668414197e-06
CRI,Costa Rica,2016,15.171875426787,Total GHG,North America,4866998.0,3.117296416967297e-06
CRI,Costa Rica,2017,15.51893921605,Total GHG,North America,4913177.0,3.158636299089164e-06
CRI,Costa Rica,2018,15.998293292845,Total GHG,North America,4957818.0,3.2268819252431213e-06
CRI,Costa Rica,2019,15.852932488955,Total GHG,North America,4999553.0,3.170869973566637e-06
CRI,Costa Rica,2020,14.347653510813,Total GHG,North America,5034320.0,2.849968518253309e-06
CRI,Costa Rica,2021,15.427772353322,Total GHG,North America,5059988.0,3.048974099014069e-06
CRI,Costa Rica,2022,15.685039253825,Total GHG,North America,5081765.0,3.08653376412034e-06
CRI,Costa Rica,2023,16.726718362,Total GHG,North America,5105525.0,3.27619948232552e-06
CRI,Costa Rica,2024,17.076872282267,Total GHG,North America,5129910.0,3.3288834077531576e-06
CUB,Cuba,1970,42.484450761779,Total GHG,North America,8824382.0,4.814439216454931e-06
CUB,Cuba,1971,40.832039977929,Total GHG,North America,8979085.0,4.547461125262652e-06
CUB,Cuba,1972,39.94252882875,Total GHG,North America,9123891.0,4.377795485363646e-06
CUB,Cuba,1973,41.792439199737,Total GHG,North America,9255328.0,4.51550060675721e-06
CUB,Cuba,1974,44.02781500877,Total GHG,North America,9374183.0,4.6967095701854766e-06
CUB,Cuba,1975,45.006123708839,Total GHG,North America,9479726.0,4.747618624086709e-06
CUB,Cuba,1976,46.913986326451,Total GHG,North America,9571242.0,4.90155680176627e-06
CUB,Cuba,1977,49.439629474422,Total GHG,North America,9648440.0,5.124106018633271e-06
CUB,Cuba,1978,52.167971506447,Total GHG,North America,9711980.0,5.371507304014939e-06
CUB,Cuba,1979,53.207233098882,Total GHG,North America,9763355.0,5.449687438271168e-06
CUB,Cuba,1980,53.615383173123,Total GHG,North America,9804796.0,5.4682813567077785e-06
CUB,Cuba,1981,54.162171090977,Total GHG,North America,9849320.0,5.499077204413807e-06
CUB,Cuba,1982,53.52581469158,Total GHG,North America,9912681.0,5.39973138362669e-06
CUB,Cuba,1983,55.802621853489,Total GHG,North America,9991026.0,5.585274410604977e-06
CUB,Cuba,1984,58.741845362099,Total GHG,North America,10073299.0,5.8314406593211415e-06
CUB,Cuba,1985,55.972185138839,Total GHG,North America,10157228.0,5.51057681671013e-06
CUB,Cuba,1986,56.690879838198,Total GHG,North America,10244247.0,5.53392356101898e-06
CUB,Cuba,1987,59.613364423434,Total GHG,North America,10335342.0,5.767914058715619e-06
CUB,Cuba,1988,61.298275875092,Total GHG,North America,10432585.0,5.87565554223541e-06
CUB,Cuba,1989,62.815706363403,Total GHG,North America,10533243.0,5.963567570158877e-06
CUB,Cuba,1990,59.0317552648,Total GHG,North America,10631799.0,5.5523769086304204e-06
CUB,Cuba,1991,49.708768734819,Total GHG,North America,10717640.0,4.6380330683638375e-06
CUB,Cuba,1992,42.952430625576,Total GHG,North America,10785801.0,3.982312544573741e-06
CUB,Cuba,1993,39.149082099865,Total GHG,North America,10841031.0,3.6111954757684025e-06
CUB,Cuba,1994,40.149865458931,Total GHG,North America,10886021.0,3.6882039322660683e-06
CUB,Cuba,1995,41.107782665195,Total GHG,North America,10925362.0,3.762601428235971e-06
CUB,Cuba,1996,43.859734419135,Total GHG,North America,10962010.0,4.001066813397817e-06
CUB,Cuba,1997,46.362031662252,Total GHG,North America,10997934.0,4.215521902773012e-06
CUB,Cuba,1998,45.234801019815,Total GHG,North America,11034712.0,4.099318679075177e-06
CUB,Cuba,1999,45.725691155289,Total GHG,North America,11072230.0,4.129763485340261e-06
CUB,Cuba,2000,46.02786189535,Total GHG,North America,11109109.0,4.143254143545626e-06
CUB,Cuba,2001,44.457096434386,Total GHG,North America,11144132.0,3.989283008706825e-06
CUB,Cuba,2002,43.060714234956,Total GHG,North America,11177418.0,3.852474179184853e-06
CUB,Cuba,2003,42.151622094824,Total GHG,North America,11209383.0,3.7603873553811123e-06
CUB,Cuba,2004,41.309979603339,Total GHG,North America,11238756.0,3.6756718985036248e-06
CUB,Cuba,2005,41.511861951061,Total GHG,North America,11262554.0,3.685830225636299e-06
CUB,Cuba,2006,42.843634741321,Total GHG,North America,11278550.0,3.7986828751320867e-06
CUB,Cuba,2007,43.846134967568,Total GHG,North America,11287272.0,3.8845643985161335e-06
CUB,Cuba,2008,43.267656686909,Total GHG,North America,11291762.0,3.831789643362036e-06
CUB,Cuba,2009,43.749147347546,Total GHG,North America,11294719.0,3.873416182159645e-06
CUB,Cuba,2010,44.540775216467,Total GHG,North America,11297409.0,3.942565522454485e-06
CUB,Cuba,2011,44.365676313055,Total GHG,North America,11301571.0,3.925620279964175e-06
CUB,Cuba,2012,45.492353699521,Total GHG,North America,11303175.0,4.02474116339179e-06
CUB,Cuba,2013,46.009716039593,Total GHG,North America,11298167.0,4.072316866938947e-06
CUB,Cuba,2014,44.113426076353,Total GHG,North America,11285775.0,3.90876356088554e-06
CUB,Cuba,2015,46.213801062955,Total GHG,North America,11275065.0,4.0987613874469906e-06
CUB,Cuba,2016,44.140763213636,Total GHG,North America,11265612.0,3.918185999450008e-06
CUB,Cuba,2017,43.109804134505,Total GHG,North America,11247829.0,3.832722219950623e-06
CUB,Cuba,2018,43.453037504848,Total GHG,North America,11227118.0,3.87036437176914e-06
CUB,Cuba,2019,38.999650523631,Total GHG,North America,11202846.0,3.4812270492365064e-06
CUB,Cuba,2020,34.483964845756,Total GHG,North America,11176354.0,3.085439566942493e-06
CUB,Cuba,2021,37.742251571502,Total GHG,North America,11122168.0,3.3934257755773876e-06
CUB,Cuba,2022,34.996992806992,Total GHG,North America,11059820.0,3.1643365630717315e-06
CUB,Cuba,2023,35.099949896185,Total GHG,North America,11019931.0,3.185133363918976e-06
CUB,Cuba,2024,35.985717152786,Total GHG,North America,10979783.0,3.2774524918011586e-06
CYM,Cayman Islands,1970,0.036091552068827,Total GHG,North America,10517.0,3.43173453159903e-06
CYM,Cayman Islands,1971,0.038473334285093,Total GHG,North America,11098.0,3.4666907807796902e-06
CYM,Cayman Islands,1972,0.047158649730118,Total GHG,North America,11764.0,4.008725750605066e-06
CYM,Cayman Islands,1973,0.05019108452798,Total GHG,North America,12438.0,4.035301859461328e-06
CYM,Cayman Islands,1974,0.0486610919004,Total GHG,North America,13114.0,3.7106216181485437e-06
CYM,Cayman Islands,1975,0.059315497316883,Total GHG,North America,13788.0,4.3019652826285905e-06
CYM,Cayman Islands,1976,0.057944044444703,Total GHG,North America,14454.0,4.0088587549953645e-06
CYM,Cayman Islands,1977,0.065764355036828,Total GHG,North America,15105.0,4.353813640306388e-06
CYM,Cayman Islands,1978,0.068687195098718,Total GHG,North America,15727.0,4.367469644478794e-06
CYM,Cayman Islands,1979,0.070866976175157,Total GHG,North America,16351.0,4.334106548538744e-06
CYM,Cayman Islands,1980,0.073323629652809,Total GHG,North America,17079.0,4.293203914328064e-06
CYM,Cayman Islands,1981,0.075168957338082,Total GHG,North America,17905.0,4.198210407041721e-06
CYM,Cayman Islands,1982,0.076109022285072,Total GHG,North America,18750.0,4.0591478552038405e-06
CYM,Cayman Islands,1983,0.085006624885772,Total GHG,North America,19598.0,4.337515301855904e-06
CYM,Cayman Islands,1984,0.085080019076402,Total GHG,North America,20454.0,4.1595785213846684e-06
CYM,Cayman Islands,1985,0.087986788021144,Total GHG,North America,21324.0,4.126185894820109e-06
CYM,Cayman Islands,1986,0.096667772562474,Total GHG,North America,22197.0,4.354992682005406e-06
CYM,Cayman Islands,1987,0.10736077424225,Total GHG,North America,23073.0,4.653091242675421e-06
CYM,Cayman Islands,1988,0.12047714867871,Total GHG,North America,23951.0,5.030151086748361e-06
CYM,Cayman Islands,1989,0.12337601444587,Total GHG,North America,24874.0,4.960039175278202e-06
CYM,Cayman Islands,1990,0.12979280133436,Total GHG,North America,25999.0,4.992222829122659e-06
CYM,Cayman Islands,1991,0.12797066405919,Total GHG,North America,27294.0,4.688600573722796e-06
CYM,Cayman Islands,1992,0.13081092094464,Total GHG,North America,28621.0,4.570452497978407e-06
CYM,Cayman Islands,1993,0.12234794624184,Total GHG,North America,29976.0,4.081530098807046e-06
CYM,Cayman Islands,1994,0.14312310278261,Total GHG,North America,31352.0,4.565039001741835e-06
CYM,Cayman Islands,1995,0.14994256617107,Total GHG,North America,32743.0,4.579377765356565e-06
CYM,Cayman Islands,1996,0.14944821270638,Total GHG,North America,34143.0,4.377125990873092e-06
CYM,Cayman Islands,1997,0.15377676939924,Total GHG,North America,35543.0,4.3264994344664215e-06
CYM,Cayman Islands,1998,0.1581334059886,Total GHG,North America,36922.0,4.282904663577271e-06
CYM,Cayman Islands,1999,0.16064736669969,Total GHG,North America,38284.0,4.196201198926183e-06
CYM,Cayman Islands,2000,0.15122822028423,Total GHG,North America,39674.0,3.811771444377426e-06
CYM,Cayman Islands,2001,0.15086149390469,Total GHG,North America,41089.0,3.671578619696026e-06
CYM,Cayman Islands,2002,0.16386122835437,Total GHG,North America,42514.0,3.854288666189255e-06
CYM,Cayman Islands,2003,0.17213691853781,Total GHG,North America,43934.0,3.918079813761779e-06
CYM,Cayman Islands,2004,0.16135262196212,Total GHG,North America,45352.0,3.557784043969836e-06
CYM,Cayman Islands,2005,0.16918974359186,Total GHG,North America,46788.0,3.6160926646118666e-06
CYM,Cayman Islands,2006,0.18739608820825,Total GHG,North America,48232.0,3.885306191081647e-06
CYM,Cayman Islands,2007,0.23049528895788,Total GHG,North America,49687.0,4.638945578478877e-06
CYM,Cayman Islands,2008,0.24913880198647,Total GHG,North America,51151.0,4.870653593995621e-06
CYM,Cayman Islands,2009,0.253244048308,Total GHG,North America,52618.0,4.81287864054126e-06
CYM,Cayman Islands,2010,0.27345009640092,Total GHG,North America,54099.0,5.054623863674374e-06
CYM,Cayman Islands,2011,0.22512857924567,Total GHG,North America,55606.0,4.048638262879366e-06
CYM,Cayman Islands,2012,0.21639864424799,Total GHG,North America,57136.0,3.787430766031749e-06
CYM,Cayman Islands,2013,0.2427472289965,Total GHG,North America,58655.0,4.138559866959339e-06
CYM,Cayman Islands,2014,0.25883105765482,Total GHG,North America,60160.0,4.302377953038896e-06
CYM,Cayman Islands,2015,0.2783586792764,Total GHG,North America,61642.0,4.5157308211349405e-06
CYM,Cayman Islands,2016,0.29148534001544,Total GHG,North America,63100.0,4.6194190176773376e-06
CYM,Cayman Islands,2017,0.30985491552388,Total GHG,North America,64535.0,4.8013467966821106e-06
CYM,Cayman Islands,2018,0.33891426825909,Total GHG,North America,65941.0,5.13965921443548e-06
CYM,Cayman Islands,2019,0.42541374776828,Total GHG,North America,67327.0,6.318620282624802e-06
CYM,Cayman Islands,2020,0.36328229016326,Total GHG,North America,68684.0,5.289183655047173e-06
CYM,Cayman Islands,2021,0.34577378708337,Total GHG,North America,70108.0,4.93201613344226e-06
CYM,Cayman Islands,2022,0.39121953456236,Total GHG,North America,71591.0,5.464646876875027e-06
CYM,Cayman Islands,2023,0.39272670534022,Total GHG,North America,73038.0,5.377018885240833e-06
CYM,Cayman Islands,2024,0.40593654355496,Total GHG,North America,74457.0,5.45195943369945e-06
CYP,Cyprus,1970,2.9681034088726,Total GHG,Europe,647446.0,4.5843258107588896e-06
CYP,Cyprus,1971,3.0130693058363,Total GHG,Europe,654050.0,4.606787410498127e-06
CYP,Cyprus,1972,3.5098099672232,Total GHG,Europe,661063.0,5.309342630313904e-06
CYP,Cyprus,1973,3.6296956887914,Total GHG,Europe,665937.0,5.45050911541392e-06
CYP,Cyprus,1974,2.8886759497232,Total GHG,Europe,663254.0,4.3553087500764416e-06
CYP,Cyprus,1975,2.8159461366079,Total GHG,Europe,659405.0,4.270434917247973e-06
CYP,Cyprus,1976,3.2617989165136,Total GHG,Europe,662032.0,4.9269505348889475e-06
CYP,Cyprus,1977,3.4448476220867,Total GHG,Europe,667101.0,5.1639071476233735e-06
CYP,Cyprus,1978,3.5853569503632,Total GHG,Europe,672249.0,5.333376398273854e-06
CYP,Cyprus,1979,3.782626296865,Total GHG,Europe,677549.0,5.58280847121758e-06
CYP,Cyprus,1980,3.9695897638519,Total GHG,Europe,683076.0,5.811344219167267e-06
CYP,Cyprus,1981,3.8490865900328,Total GHG,Europe,688893.0,5.587350415859647e-06
CYP,Cyprus,1982,3.9392562860539,Total GHG,Europe,696497.0,5.655812280675868e-06
CYP,Cyprus,1983,3.9432756094052,Total GHG,Europe,707225.0,5.575701664117077e-06
CYP,Cyprus,1984,4.0262846302467,Total GHG,Europe,719334.0,5.597239432929209e-06
CYP,Cyprus,1985,3.9871518144926,Total GHG,Europe,731277.0,5.4523139856615205e-06
CYP,Cyprus,1986,4.3499878831264,Total GHG,Europe,743105.0,5.853799776783093e-06
CYP,Cyprus,1987,4.944674140716,Total GHG,Europe,754785.0,6.5511028183072e-06
CYP,Cyprus,1988,5.0165440310733,Total GHG,Europe,766235.0,6.5470045496137605e-06
CYP,Cyprus,1989,5.2713918862442,Total GHG,Europe,777420.0,6.780622940295079e-06
CYP,Cyprus,1990,5.5814290109518,Total GHG,Europe,788351.0,7.079878139244829e-06
CYP,Cyprus,1991,6.1216259388991,Total GHG,Europe,798944.0,7.662146456947045e-06
CYP,Cyprus,1992,6.5270663420836,Total GHG,Europe,810341.0,8.054715659313301e-06
CYP,Cyprus,1993,6.8144541675767,Total GHG,Europe,826034.0,8.249604940688519e-06
CYP,Cyprus,1994,7.0931876416509,Total GHG,Europe,844667.0,8.397614257039638e-06
CYP,Cyprus,1995,6.9855066380933,Total GHG,Europe,862695.0,8.097307435528546e-06
CYP,Cyprus,1996,7.3822559978121,Total GHG,Europe,880290.0,8.386163648129708e-06
CYP,Cyprus,1997,7.4602744476349,Total GHG,Europe,897568.0,8.31165376621593e-06
CYP,Cyprus,1998,7.7920594402176,Total GHG,Europe,914548.0,8.520120803082616e-06
CYP,Cyprus,1999,8.0719443720069,Total GHG,Europe,931234.0,8.668008655189674e-06
CYP,Cyprus,2000,8.3371228494882,Total GHG,Europe,947667.0,8.79752365492119e-06
CYP,Cyprus,2001,8.2625192946883,Total GHG,Europe,964127.0,8.569949077962032e-06
CYP,Cyprus,2002,8.489635614872,Total GHG,Europe,981440.0,8.650183011566678e-06
CYP,Cyprus,2003,9.1693327489768,Total GHG,Europe,999590.0,9.173093717400934e-06
CYP,Cyprus,2004,9.1238350938336,Total GHG,Europe,1017875.0,8.963610555160112e-06
CYP,Cyprus,2005,9.2335410038361,Total GHG,Europe,1036151.0,8.911385506394434e-06
CYP,Cyprus,2006,9.3520519019972,Total GHG,Europe,1054418.0,8.869397053158424e-06
CYP,Cyprus,2007,9.665153161639,Total GHG,Europe,1072714.0,9.010000020172198e-06
CYP,Cyprus,2008,9.8766584416924,Total GHG,Europe,1091026.0,9.052633431002011e-06
CYP,Cyprus,2009,9.6836837701103,Total GHG,Europe,1109371.0,8.72898585785125e-06
CYP,Cyprus,2010,9.3535098851227,Total GHG,Europe,1127816.0,8.293471528265869e-06
CYP,Cyprus,2011,9.1366996066167,Total GHG,Europe,1146493.0,7.969258954582976e-06
CYP,Cyprus,2012,8.6039705110521,Total GHG,Europe,1165397.0,7.382866534796383e-06
CYP,Cyprus,2013,7.9245811696753,Total GHG,Europe,1183895.0,6.6936520296777165e-06
CYP,Cyprus,2014,8.3397058689177,Total GHG,Europe,1201801.0,6.939340097834584e-06
CYP,Cyprus,2015,8.4064757378929,Total GHG,Europe,1219502.0,6.8933677336264305e-06
CYP,Cyprus,2016,8.8287000627848,Total GHG,Europe,1237112.0,7.136540638830437e-06
CYP,Cyprus,2017,9.0329485599461,Total GHG,Europe,1254275.0,7.201728934999182e-06
CYP,Cyprus,2018,8.9344400386437,Total GHG,Europe,1270737.0,7.030912012984355e-06
CYP,Cyprus,2019,8.9768700599922,Total GHG,Europe,1286671.0,6.976818518480792e-06
CYP,Cyprus,2020,8.6129084147312,Total GHG,Europe,1302247.0,6.613882323960969e-06
CYP,Cyprus,2021,8.7563372373692,Total GHG,Europe,1317309.0,6.647139917338453e-06
CYP,Cyprus,2022,9.0554263581847,Total GHG,Europe,1331370.0,6.8015851027022545e-06
CYP,Cyprus,2023,9.10776435639,Total GHG,Europe,1344976.0,6.771692845366757e-06
CYP,Cyprus,2024,9.3431805128348,Total GHG,Europe,1358282.0,6.8786750563099565e-06
CZE,Czechia,1970,220.09436463309,Total GHG,Europe,9858071.0,2.232631157080224e-05
CZE,Czechia,1971,221.01533705123,Total GHG,Europe,9826815.0,2.2491044865628386e-05
CZE,Czechia,1972,221.11566558015,Total GHG,Europe,9867632.0,2.2408179143704387e-05
CZE,Czechia,1973,219.3419262041,Total GHG,Europe,9922266.0,2.210603164681334e-05
CZE,Czechia,1974,202.90179221039,Total GHG,Europe,9988459.0,2.0313623173543588e-05
CZE,Czechia,1975,210.73342197928,Total GHG,Europe,10058620.0,2.0950530189954485e-05
CZE,Czechia,1976,216.59518063371,Total GHG,Europe,10125939.0,2.1390132869031702e-05
CZE,Czechia,1977,228.44908704184,Total GHG,Europe,10186755.0,2.2426090255615256e-05
CZE,Czechia,1978,226.52639250556,Total GHG,Europe,10242098.0,2.2117186586728617e-05
CZE,Czechia,1979,236.92220076714,Total GHG,Europe,10292341.0,2.3019272366426648e-05
CZE,Czechia,1980,229.79466908748,Total GHG,Europe,10304193.0,2.230108355768181e-05
CZE,Czechia,1981,230.19270475612,Total GHG,Europe,10300591.0,2.2347524016449154e-05
CZE,Czechia,1982,232.15217642209,Total GHG,Europe,10314826.0,2.2506649789544682e-05
CZE,Czechia,1983,233.25285465114,Total GHG,Europe,10323856.0,2.2593578857661323e-05
CZE,Czechia,1984,236.51898640855,Total GHG,Europe,10330213.0,2.289584797608239e-05
CZE,Czechia,1985,233.32890574228,Total GHG,Europe,10337118.0,2.2571949526190955e-05
CZE,Czechia,1986,231.82858889542,Total GHG,Europe,10342227.0,2.241573201742913e-05
CZE,Czechia,1987,231.54468443063,Total GHG,Europe,10347318.0,2.2377265725343516e-05
CZE,Czechia,1988,227.65671104453,Total GHG,Europe,10355276.0,2.1984610651085495e-05
CZE,Czechia,1989,219.74387670809,Total GHG,Europe,10361068.0,2.120861253956542e-05
CZE,Czechia,1990,199.58164157111,Total GHG,Europe,10333355.0,1.9314311912356635e-05
CZE,Czechia,1991,179.99606424781,Total GHG,Europe,10308578.0,1.7460804414324653e-05
CZE,Czechia,1992,172.19071337501,Total GHG,Europe,10319123.0,1.668656467948003e-05
CZE,Czechia,1993,165.74691089114,Total GHG,Europe,10329855.0,1.6045424731628858e-05
CZE,Czechia,1994,158.00295663289,Total GHG,Europe,10333587.0,1.529023335584149e-05
CZE,Czechia,1995,156.9917974414,Total GHG,Europe,10327253.0,1.5201699565353922e-05
CZE,Czechia,1996,162.08669318249,Total GHG,Europe,10315241.0,1.5713321015232703e-05
CZE,Czechia,1997,158.49156892908,Total GHG,Europe,10304131.0,1.5381361992494076e-05
CZE,Czechia,1998,152.06160720207,Total GHG,Europe,10294373.0,1.4771332571888546e-05
CZE,Czechia,1999,144.05647467029,Total GHG,Europe,10283860.0,1.4008015926927243e-05
CZE,Czechia,2000,158.1380646175,Total GHG,Europe,10255063.0,1.5420486896813796e-05
CZE,Czechia,2001,158.19369502034,Total GHG,Europe,10216605.0,1.548397877967681e-05
CZE,Czechia,2002,152.42682872138,Total GHG,Europe,10196916.0,1.4948326407845273e-05
CZE,Czechia,2003,155.50172069869,Total GHG,Europe,10193998.0,1.525424281019969e-05
CZE,Czechia,2004,156.2949694036,Total GHG,Europe,10197101.0,1.5327392501417806e-05
CZE,Czechia,2005,153.14573672698,Total GHG,Europe,10211216.0,1.4997796220056456e-05
CZE,Czechia,2006,154.85289213496,Total GHG,Europe,10238905.0,1.5123970008019412e-05
CZE,Czechia,2007,156.69098392466,Total GHG,Europe,10298828.0,1.5214448083282876e-05
CZE,Czechia,2008,150.34017572123,Total GHG,Europe,10384603.0,1.4477219371913398e-05
CZE,Czechia,2009,143.23211412531,Total GHG,Europe,10443936.0,1.3714380682274384e-05
CZE,Czechia,2010,145.06872256391,Total GHG,Europe,10474410.0,1.384982281235029e-05
CZE,Czechia,2011,142.57957389458,Total GHG,Europe,10496088.0,1.3584068073226901e-05
CZE,Czechia,2012,138.26925657633,Total GHG,Europe,10510785.0,1.3154988573767802e-05
CZE,Czechia,2013,133.77776472723,Total GHG,Europe,10514272.0,1.272344530626847e-05
CZE,Czechia,2014,131.91134668607,Total GHG,Europe,10525347.0,1.2532731385109678e-05
CZE,Czechia,2015,133.52596516873,Total GHG,Europe,10546059.0,1.2661219244907507e-05
CZE,Czechia,2016,134.68525768485,Total GHG,Europe,10566332.0,1.2746642608319519e-05
CZE,Czechia,2017,135.47861173571,Total GHG,Europe,10594438.0,1.2787711036272995e-05
CZE,Czechia,2018,133.85902352583,Total GHG,Europe,10629928.0,1.2592655709975646e-05
CZE,Czechia,2019,128.1938797923,Total GHG,Europe,10671870.0,1.2012316472398934e-05
CZE,Czechia,2020,118.24765737874,Total GHG,Europe,10697858.0,1.1053395677783346e-05
CZE,Czechia,2021,123.5248968198,Total GHG,Europe,10505772.0,1.1757812450127417e-05
CZE,Czechia,2022,121.91621526589,Total GHG,Europe,10672118.0,1.1423806901862405e-05
CZE,Czechia,2023,108.83311329713,Total GHG,Europe,10864042.0,1.0017736796040553e-05
CZE,Czechia,2024,100.3792060908,Total GHG,Europe,10882164.0,9.224195306264452e-06
DEU,Germany,1970,1325.3148454735,Total GHG,Europe,78169289.0,1.6954418575733753e-05
DEU,Germany,1971,1317.7546082779,Total GHG,Europe,78312842.0,1.682680100254694e-05
DEU,Germany,1972,1341.9600699787,Total GHG,Europe,78688452.0,1.7054091621712167e-05
DEU,Germany,1973,1396.9020315733,Total GHG,Europe,78936666.0,1.769649140708958e-05
DEU,Germany,1974,1363.1178140737,Total GHG,Europe,78967433.0,1.7261771875928902e-05
DEU,Germany,1975,1298.8183463977,Total GHG,Europe,78673554.0,1.6508957335239997e-05
DEU,Germany,1976,1361.9326602514,Total GHG,Europe,78336950.0,1.738557169064407e-05
DEU,Germany,1977,1337.8385121504,Total GHG,Europe,78159814.0,1.711670542294791e-05
DEU,Germany,1978,1379.5641399344,Total GHG,Europe,78091820.0,1.7665923779653234e-05
DEU,Germany,1979,1433.0430014111,Total GHG,Europe,78126350.0,1.8342633457355938e-05
DEU,Germany,1980,1379.3718426017,Total GHG,Europe,78288576.0,1.761906925732945e-05
DEU,Germany,1981,1342.7340196315,Total GHG,Europe,78407907.0,1.712498230097508e-05
DEU,Germany,1982,1292.2030402838,Total GHG,Europe,78333366.0,1.6496202145632298e-05
DEU,Germany,1983,1305.5014949773,Total GHG,Europe,78128282.0,1.6709717167175132e-05
DEU,Germany,1984,1322.5721192589,Total GHG,Europe,77858685.0,1.6986828370642276e-05
DEU,Germany,1985,1323.1335421043,Total GHG,Europe,77684873.0,1.703206159716963e-05
DEU,Germany,1986,1311.8177995751,Total GHG,Europe,77720436.0,1.687867267722353e-05
DEU,Germany,1987,1300.5715550799,Total GHG,Europe,77839920.0,1.6708284837393204e-05
DEU,Germany,1988,1293.0853694666,Total GHG,Europe,78144619.0,1.6547337308875997e-05
DEU,Germany,1989,1280.5786808683,Total GHG,Europe,78751283.0,1.6261051656368567e-05
DEU,Germany,1990,1235.6328891216,Total GHG,Europe,79433029.0,1.5555656188329418e-05
DEU,Germany,1991,1210.1666848614,Total GHG,Europe,80013896.0,1.5124456442683405e-05
DEU,Germany,1992,1146.5931996048,Total GHG,Europe,80624598.0,1.4221381911321903e-05
DEU,Germany,1993,1132.9111219597,Total GHG,Europe,81156363.0,1.395960932797962e-05
DEU,Germany,1994,1118.7801797712,Total GHG,Europe,81438348.0,1.3737756318082483e-05
DEU,Germany,1995,1110.4873240762,Total GHG,Europe,81678051.0,1.3595908698607413e-05
DEU,Germany,1996,1137.3093941916,Total GHG,Europe,81914831.0,1.3884047373443277e-05
DEU,Germany,1997,1099.1762885844,Total GHG,Europe,82034771.0,1.339890725829417e-05
DEU,Germany,1998,1079.0991680329,Total GHG,Europe,82047195.0,1.3152176232629281e-05
DEU,Germany,1999,1037.3483446175,Total GHG,Europe,82100243.0,1.2635143413856888e-05
DEU,Germany,2000,1033.1249977011,Total GHG,Europe,82211508.0,1.2566671294985856e-05
DEU,Germany,2001,1041.65238895,Total GHG,Europe,82349925.0,1.2649099424802147e-05
DEU,Germany,2002,1021.9460653117,Total GHG,Europe,82488495.0,1.2388952729852812e-05
DEU,Germany,2003,1024.375599237,Total GHG,Europe,82534176.0,1.2411532396434175e-05
DEU,Germany,2004,1007.1599480203,Total GHG,Europe,82516260.0,1.2205593758373199e-05
DEU,Germany,2005,980.81668039396,Total GHG,Europe,82469422.0,1.189309512068558e-05
DEU,Germany,2006,987.456886714,Total GHG,Europe,82376451.0,1.1987125868216876e-05
DEU,Germany,2007,959.37790169002,Total GHG,Europe,82266372.0,1.1661847707226228e-05
DEU,Germany,2008,958.30795510982,Total GHG,Europe,82110097.0,1.1671012337372101e-05
DEU,Germany,2009,892.94034222117,Total GHG,Europe,81902307.0,1.0902505374130304e-05
DEU,Germany,2010,939.30620305091,Total GHG,Europe,81776930.0,1.1486200362998585e-05
DEU,Germany,2011,910.54293550338,Total GHG,Europe,80274983.0,1.1342798235203364e-05
DEU,Germany,2012,921.43537497475,Total GHG,Europe,80425823.0,1.1456959227818532e-05
DEU,Germany,2013,938.53720711025,Total GHG,Europe,80645605.0,1.1637797337006152e-05
DEU,Germany,2014,899.22316491628,Total GHG,Europe,80982500.0,1.110391954948637e-05
DEU,Germany,2015,904.24434935404,Total GHG,Europe,81686611.0,1.106967639230424e-05
DEU,Germany,2016,906.92101336254,Total GHG,Europe,82348669.0,1.101318362975047e-05
DEU,Germany,2017,890.45648529721,Total GHG,Europe,82657002.0,1.0772910506688955e-05
DEU,Germany,2018,859.3059440003,Total GHG,Europe,82905782.0,1.036484939012215e-05
DEU,Germany,2019,806.04325378077,Total GHG,Europe,83092962.0,9.700499709960635e-06
DEU,Germany,2020,747.0267869605,Total GHG,Europe,83160871.0,8.982912011112774e-06
DEU,Germany,2021,773.68859129479,Total GHG,Europe,83196078.0,9.299580099133878e-06
DEU,Germany,2022,758.38718342957,Total GHG,Europe,83797985.0,9.05018400418065e-06
DEU,Germany,2023,685.65835961194,Total GHG,Europe,83901923.0,8.172141175023366e-06
DEU,Germany,2024,674.35832625518,Total GHG,Europe,83510950.0,8.075088671068644e-06
DJI,Djibouti,1970,0.98260560152142,Total GHG,Africa,145175.0,6.768421570665886e-06
DJI,Djibouti,1971,0.99787312938784,Total GHG,Africa,155136.0,6.4322473789954625e-06
DJI,Djibouti,1972,1.0035000159599,Total GHG,Africa,166256.0,6.0358724855638285e-06
DJI,Djibouti,1973,1.0347254234797,Total GHG,Africa,178449.0,5.798437780428582e-06
DJI,Djibouti,1974,1.1102259422332,Total GHG,Africa,192613.0,5.764023935213095e-06
DJI,Djibouti,1975,1.1692470547358,Total GHG,Africa,209908.0,5.570283432436115e-06
DJI,Djibouti,1976,1.218514854398,Total GHG,Africa,230737.0,5.2809686110073375e-06
DJI,Djibouti,1977,1.2965141034156,Total GHG,Africa,254613.0,5.092097039096983e-06
DJI,Djibouti,1978,1.3401997076358,Total GHG,Africa,280031.0,4.785897660029783e-06
DJI,Djibouti,1979,1.4965164851253,Total GHG,Africa,304513.0,4.914458447177296e-06
DJI,Djibouti,1980,1.5143227067754,Total GHG,Africa,325815.0,4.647799232004051e-06
DJI,Djibouti,1981,1.2718405019204,Total GHG,Africa,343047.0,3.707481779232583e-06
DJI,Djibouti,1982,1.2228687114673,Total GHG,Africa,356880.0,3.4265543360998096e-06
DJI,Djibouti,1983,1.1320242395486,Total GHG,Africa,369553.0,3.063225679533382e-06
DJI,Djibouti,1984,1.0416031960407,Total GHG,Africa,384053.0,2.7121339920289646e-06
DJI,Djibouti,1985,1.074810106118,Total GHG,Africa,402687.0,2.669095615497893e-06
DJI,Djibouti,1986,1.0711673929846,Total GHG,Africa,426341.0,2.512466295722438e-06
DJI,Djibouti,1987,1.3137583622403,Total GHG,Africa,454399.0,2.8911999415498273e-06
DJI,Djibouti,1988,1.2932113660866,Total GHG,Africa,484523.0,2.6690402026046237e-06
DJI,Djibouti,1989,1.9938917734713,Total GHG,Africa,523355.0,3.809826548846003e-06
DJI,Djibouti,1990,1.8507067596459,Total GHG,Africa,579538.0,3.193417445699678e-06
DJI,Djibouti,1991,2.1240378894889,Total GHG,Africa,631092.0,3.365654911627623e-06
DJI,Djibouti,1992,1.9615744688695,Total GHG,Africa,626010.0,3.133455486125621e-06
DJI,Djibouti,1993,1.9785423576923,Total GHG,Africa,614245.0,3.2210963991441524e-06
DJI,Djibouti,1994,2.010444879316,Total GHG,Africa,626710.0,3.2079348970273334e-06
DJI,Djibouti,1995,2.0885754217692,Total GHG,Africa,633074.0,3.299101561222227e-06
DJI,Djibouti,1996,2.155332702136,Total GHG,Africa,648348.0,3.3243454165602425e-06
DJI,Djibouti,1997,2.1746995632314,Total GHG,Africa,671817.0,3.237041580119884e-06
DJI,Djibouti,1998,2.2212837115407,Total GHG,Africa,699352.0,3.1762027012730353e-06
DJI,Djibouti,1999,2.3255572599156,Total GHG,Africa,724218.0,3.211128776025451e-06
DJI,Djibouti,2000,1.8682117247794,Total GHG,Africa,747318.0,2.4998885678913126e-06
DJI,Djibouti,2001,1.881406153964,Total GHG,Africa,771313.0,2.439225261293405e-06
DJI,Djibouti,2002,1.9158219344491,Total GHG,Africa,795574.0,2.408100232598225e-06
DJI,Djibouti,2003,1.9755585185094,Total GHG,Africa,813519.0,2.428411037123165e-06
DJI,Djibouti,2004,1.9559686457189,Total GHG,Africa,826124.0,2.367645348299892e-06
DJI,Djibouti,2005,1.9348616260897,Total GHG,Africa,839167.0,2.3056931767928195e-06
DJI,Djibouti,2006,1.9140560615927,Total GHG,Africa,855764.0,2.2366634511298677e-06
DJI,Djibouti,2007,1.9505013391647,Total GHG,Africa,874528.0,2.2303475007829367e-06
DJI,Djibouti,2008,2.0403928549402,Total GHG,Africa,892734.0,2.285555221309147e-06
DJI,Djibouti,2009,1.9345344057083,Total GHG,Africa,911527.0,2.1223007170476574e-06
DJI,Djibouti,2010,2.0146250737883,Total GHG,Africa,930251.0,2.165679019735856e-06
DJI,Djibouti,2011,1.8430952606386,Total GHG,Africa,948558.0,1.9430496191467467e-06
DJI,Djibouti,2012,2.0372909254873,Total GHG,Africa,966747.0,2.107367207229296e-06
DJI,Djibouti,2013,2.1360950270709,Total GHG,Africa,984824.0,2.1690119524614547e-06
DJI,Djibouti,2014,2.1581433686647,Total GHG,Africa,1002717.0,2.1522955815695755e-06
DJI,Djibouti,2015,2.0957645073878,Total GHG,Africa,1020313.0,2.054040777082915e-06
DJI,Djibouti,2016,2.0777637415243,Total GHG,Africa,1037653.0,2.0023685582023085e-06
DJI,Djibouti,2017,2.0224005250146,Total GHG,Africa,1054841.0,1.9172562737081703e-06
DJI,Djibouti,2018,2.0927153223503,Total GHG,Africa,1071882.0,1.9523747225443658e-06
DJI,Djibouti,2019,2.2215680716459,Total GHG,Africa,1088709.0,2.0405526836334595e-06
DJI,Djibouti,2020,2.1626205231597,Total GHG,Africa,1105188.0,1.956789725512492e-06
DJI,Djibouti,2021,2.2601871389853,Total GHG,Africa,1121248.0,2.015778078520809e-06
DJI,Djibouti,2022,2.3451528499679,Total GHG,Africa,1137096.0,2.062405328985328e-06
DJI,Djibouti,2023,2.3883531920742,Total GHG,Africa,1152944.0,2.071525756735973e-06
DJI,Djibouti,2024,2.4173445719381,Total GHG,Africa,1168722.0,2.0683657635760256e-06
DMA,Dominica,1970,0.032204862123168,Total GHG,North America,68908.0,4.6736027925883784e-07
DMA,Dominica,1971,0.03425813365886,Total GHG,North America,69532.0,4.926959336544325e-07
DMA,Dominica,1972,0.036778996242837,Total GHG,North America,70060.0,5.249642626725235e-07
DMA,Dominica,1973,0.038117648933364,Total GHG,North America,70585.0,5.400247776916342e-07
DMA,Dominica,1974,0.038308704824641,Total GHG,North America,71091.0,5.388685603612413e-07
DMA,Dominica,1975,0.04127033060017,Total GHG,North America,71570.0,5.766428755088724e-07
DMA,Dominica,1976,0.041685975059629,Total GHG,North America,72017.0,5.788352064044463e-07
DMA,Dominica,1977,0.044226204916424,Total GHG,North America,72406.0,6.108085644342181e-07
DMA,Dominica,1978,0.045643579596333,Total GHG,North America,72724.0,6.276274626853996e-07
DMA,Dominica,1979,0.047173232829798,Total GHG,North America,72959.0,6.465718119738209e-07
DMA,Dominica,1980,0.048262484551655,Total GHG,North America,73083.0,6.603790833936073e-07
DMA,Dominica,1981,0.053766222361463,Total GHG,North America,72986.0,7.366648721873099e-07
DMA,Dominica,1982,0.053867793083735,Total GHG,North America,72688.0,7.410823393646131e-07
DMA,Dominica,1983,0.054280255093416,Total GHG,North America,72365.0,7.500898928130449e-07
DMA,Dominica,1984,0.0571563805171,Total GHG,North America,72056.0,7.932216681067503e-07
DMA,Dominica,1985,0.05961874492527,Total GHG,North America,71744.0,8.309927649039641e-07
DMA,Dominica,1986,0.060111572146583,Total GHG,North America,71406.0,8.41828027708918e-07
DMA,Dominica,1987,0.071652261727605,Total GHG,North America,71023.0,1.0088599711023893e-06
DMA,Dominica,1988,0.075583679960805,Total GHG,North America,70608.0,1.070469068105668e-06
DMA,Dominica,1989,0.079037169080345,Total GHG,North America,70153.0,1.1266399025037418e-06
DMA,Dominica,1990,0.079487122613282,Total GHG,North America,69627.0,1.1416134920832723e-06
DMA,Dominica,1991,0.079253199056108,Total GHG,North America,69296.0,1.1436908199045833e-06
DMA,Dominica,1992,0.079486513360067,Total GHG,North America,69325.0,1.146577906383945e-06
DMA,Dominica,1993,0.097027589695954,Total GHG,North America,69433.0,1.3974275876881886e-06
DMA,Dominica,1994,0.10977124438813,Total GHG,North America,69477.0,1.5799652314885503e-06
DMA,Dominica,1995,0.1176427082054,Total GHG,North America,69469.0,1.6934561920482517e-06
DMA,Dominica,1996,0.12361060983668,Total GHG,North America,69410.0,1.7808760961919032e-06
DMA,Dominica,1997,0.12136181897477,Total GHG,North America,69299.0,1.7512780700265517e-06
DMA,Dominica,1998,0.095334330262373,Total GHG,North America,69124.0,1.3791784367567413e-06
DMA,Dominica,1999,0.12124910791813,Total GHG,North America,68870.0,1.760550427154494e-06
DMA,Dominica,2000,0.11390979112552,Total GHG,North America,68511.0,1.6626496639301718e-06
DMA,Dominica,2001,0.11417021303568,Total GHG,North America,68288.0,1.6718927635262416e-06
DMA,Dominica,2002,0.1088451457777,Total GHG,North America,68367.0,1.5920714054690128e-06
DMA,Dominica,2003,0.11622883204337,Total GHG,North America,68531.0,1.6960037361685953e-06
DMA,Dominica,2004,0.12040055754552,Total GHG,North America,68649.0,1.7538574130070357e-06
DMA,Dominica,2005,0.11959126603086,Total GHG,North America,68734.0,1.739914249583321e-06
DMA,Dominica,2006,0.12355485304691,Total GHG,North America,68806.0,1.795698820552132e-06
DMA,Dominica,2007,0.13751805551359,Total GHG,North America,68847.0,1.9974444131710894e-06
DMA,Dominica,2008,0.13579923343804,Total GHG,North America,68854.0,1.9722780584721298e-06
DMA,Dominica,2009,0.13760811668736,Total GHG,North America,68864.0,1.9982591294052043e-06
DMA,Dominica,2010,0.14046517246614,Total GHG,North America,68859.0,2.0398956195434144e-06
DMA,Dominica,2011,0.12450588486744,Total GHG,North America,69053.0,1.803048163981869e-06
DMA,Dominica,2012,0.12009095704615,Total GHG,North America,69118.0,1.7374773148260945e-06
DMA,Dominica,2013,0.12570862992039,Total GHG,North America,69715.0,1.8031790851379188e-06
DMA,Dominica,2014,0.13338430054751,Total GHG,North America,70373.0,1.8953902853013228e-06
DMA,Dominica,2015,0.13882502858544,Total GHG,North America,70410.0,1.9716663625257773e-06
DMA,Dominica,2016,0.14447312479913,Total GHG,North America,69606.0,2.0755843576578168e-06
DMA,Dominica,2017,0.13550510335645,Total GHG,North America,68496.0,1.9782922120481486e-06
DMA,Dominica,2018,0.13791579503061,Total GHG,North America,68174.0,2.0229969641008303e-06
DMA,Dominica,2019,0.15326241548198,Total GHG,North America,67880.0,2.257843480877725e-06
DMA,Dominica,2020,0.14406641809472,Total GHG,North America,67573.0,2.1320115740713006e-06
DMA,Dominica,2021,0.1437878600291,Total GHG,North America,67202.0,2.1396366183908217e-06
DMA,Dominica,2022,0.14881881912821,Total GHG,North America,66826.0,2.2269598528747793e-06
DMA,Dominica,2023,0.14927497543071,Total GHG,North America,66510.0,2.244398969037889e-06
DMA,Dominica,2024,0.15235689674337,Total GHG,North America,66205.0,2.3012898835944415e-06
DNK,Denmark,1970,80.295834677888,Total GHG,Europe,4928757.0,1.6291295082692856e-05
DNK,Denmark,1971,75.788000063598,Total GHG,Europe,4963126.0,1.5270214792773345e-05
DNK,Denmark,1972,77.451235450876,Total GHG,Europe,4991596.0,1.551632693248332e-05
DNK,Denmark,1973,76.982505151307,Total GHG,Europe,5021861.0,1.5329477488784933e-05
DNK,Denmark,1974,71.628661624672,Total GHG,Europe,5045297.0,1.419711498147126e-05
DNK,Denmark,1975,73.320095963959,Total GHG,Europe,5059862.0,1.4490532738631806e-05
DNK,Denmark,1976,77.726522944041,Total GHG,Europe,5072596.0,1.53228293646963e-05
DNK,Denmark,1977,81.09656551931,Total GHG,Europe,5088419.0,1.5937477931614908e-05
DNK,Denmark,1978,81.042298714923,Total GHG,Europe,5104248.0,1.587742184841391e-05
DNK,Denmark,1979,84.151210113681,Total GHG,Europe,5116801.0,1.6446058799957434e-05
DNK,Denmark,1980,84.630870829518,Total GHG,Europe,5123027.0,1.6519700331370108e-05
DNK,Denmark,1981,72.463257157491,Total GHG,Europe,5121572.0,1.4148635840224642e-05
DNK,Denmark,1982,75.385501994113,Total GHG,Europe,5117810.0,1.4730031398999377e-05
DNK,Denmark,1983,73.262637556807,Total GHG,Europe,5114297.0,1.4325065117807393e-05
DNK,Denmark,1984,72.312226675584,Total GHG,Europe,5111619.0,1.414663860424339e-05
DNK,Denmark,1985,79.801077957724,Total GHG,Europe,5113691.0,1.560537739916706e-05
DNK,Denmark,1986,80.803750741674,Total GHG,Europe,5120534.0,1.5780336726926136e-05
DNK,Denmark,1987,78.316772932763,Total GHG,Europe,5127024.0,1.527528892643432e-05
DNK,Denmark,1988,73.862211328739,Total GHG,Europe,5129516.0,1.4399450421587337e-05
DNK,Denmark,1989,68.72711279896,Total GHG,Europe,5132594.0,1.3390327152110609e-05
DNK,Denmark,1990,69.021493712442,Total GHG,Europe,5140939.0,1.3425853470045451e-05
DNK,Denmark,1991,79.72645302388,Total GHG,Europe,5154298.0,1.5467955679683247e-05
DNK,Denmark,1992,73.711689666098,Total GHG,Europe,5171370.0,1.425380308624175e-05
DNK,Denmark,1993,76.310527565977,Total GHG,Europe,5188628.0,1.4707265112468459e-05
DNK,Denmark,1994,80.075459879963,Total GHG,Europe,5206180.0,1.5380847354483135e-05
DNK,Denmark,1995,77.063978989569,Total GHG,Europe,5233373.0,1.4725489467226775e-05
DNK,Denmark,1996,90.523639131502,Total GHG,Europe,5263074.0,1.7199765599249032e-05
DNK,Denmark,1997,80.63306384609,Total GHG,Europe,5284991.0,1.5256991704638664e-05
DNK,Denmark,1998,76.592075059908,Total GHG,Europe,5304219.0,1.4439840259217804e-05
DNK,Denmark,1999,73.52466064989,Total GHG,Europe,5321799.0,1.3815753028231617e-05
DNK,Denmark,2000,69.52347417769,Total GHG,Europe,5339616.0,1.3020313479038569e-05
DNK,Denmark,2001,71.100208823762,Total GHG,Europe,5358783.0,1.3267976856641145e-05
DNK,Denmark,2002,70.265053505683,Total GHG,Europe,5375931.0,1.3070304195809618e-05
DNK,Denmark,2003,75.768550386263,Total GHG,Europe,5390574.0,1.4055748123717994e-05
DNK,Denmark,2004,69.687659969399,Total GHG,Europe,5404523.0,1.2894322027938265e-05
DNK,Denmark,2005,65.970917947487,Total GHG,Europe,5419432.0,1.2173031776667184e-05
DNK,Denmark,2006,73.174731407787,Total GHG,Europe,5437272.0,1.3457986175381145e-05
DNK,Denmark,2007,68.677066954691,Total GHG,Europe,5461438.0,1.2574905538557977e-05
DNK,Denmark,2008,64.976293764322,Total GHG,Europe,5493621.0,1.182758944680057e-05
DNK,Denmark,2009,62.742585173429,Total GHG,Europe,5523095.0,1.1360040914275238e-05
DNK,Denmark,2010,63.129205606312,Total GHG,Europe,5547683.0,1.1379382276585018e-05
DNK,Denmark,2011,57.817043244082,Total GHG,Europe,5570572.0,1.0379013724996644e-05
DNK,Denmark,2012,52.959777871074,Total GHG,Europe,5591572.0,9.471357584427778e-06
DNK,Denmark,2013,54.554243077379,Total GHG,Europe,5614932.0,9.715922308120382e-06
DNK,Denmark,2014,50.384964759007,Total GHG,Europe,5643475.0,8.928003536651974e-06
DNK,Denmark,2015,48.238523329447,Total GHG,Europe,5683483.0,8.487493202574372e-06
DNK,Denmark,2016,49.983956993417,Total GHG,Europe,5728010.0,8.726234240760229e-06
DNK,Denmark,2017,47.703040832768,Total GHG,Europe,5764980.0,8.274623820510738e-06
DNK,Denmark,2018,47.66809862171,Total GHG,Europe,5793636.0,8.227665428361395e-06
DNK,Denmark,2019,44.030439700907,Total GHG,Europe,5814422.0,7.5726253961110845e-06
DNK,Denmark,2020,41.874224296563,Total GHG,Europe,5831404.0,7.1808134535976244e-06
DNK,Denmark,2021,43.256276246017,Total GHG,Europe,5856733.0,7.385734716951755e-06
DNK,Denmark,2022,41.553504228974,Total GHG,Europe,5903037.0,7.0393433463103825e-06
DNK,Denmark,2023,38.946056059571,Total GHG,Europe,5946952.0,6.548910443462634e-06
DNK,Denmark,2024,38.264629313957,Total GHG,Europe,5976992.0,6.401987707856561e-06
DOM,Dominican Republic,1970,8.6468956460242,Total GHG,North America,4399290.0,1.965520719485235e-06
DOM,Dominican Republic,1971,9.2288550455766,Total GHG,North America,4524234.0,2.039871289941369e-06
DOM,Dominican Republic,1972,10.575059685547,Total GHG,North America,4651883.0,2.2732858254489635e-06
DOM,Dominican Republic,1973,10.773839686074,Total GHG,North America,4782227.0,2.2528917356022623e-06
DOM,Dominican Republic,1974,11.755641566888,Total GHG,North America,4914197.0,2.3921795497591977e-06
DOM,Dominican Republic,1975,12.25742390156,Total GHG,North America,5046776.0,2.4287632146859697e-06
DOM,Dominican Republic,1976,12.606982398231,Total GHG,North America,5180404.0,2.433590584485496e-06
DOM,Dominican Republic,1977,13.165084234301,Total GHG,North America,5315443.0,2.4767614353687923e-06
DOM,Dominican Republic,1978,13.157314888639,Total GHG,North America,5451882.0,2.4133528364405173e-06
DOM,Dominican Republic,1979,13.811449438863,Total GHG,North America,5589690.0,2.4708793222634887e-06
DOM,Dominican Republic,1980,14.066585448485,Total GHG,North America,5729037.0,2.455314121463171e-06
DOM,Dominican Republic,1981,13.483907937641,Total GHG,North America,5868453.0,2.2976937768166498e-06
DOM,Dominican Republic,1982,13.764307072246,Total GHG,North America,6007114.0,2.2913344198638483e-06
DOM,Dominican Republic,1983,15.260349208736,Total GHG,North America,6147248.0,2.4824684490907153e-06
DOM,Dominican Republic,1984,15.588552296729,Total GHG,North America,6289040.0,2.478685506329901e-06
DOM,Dominican Republic,1985,14.562770372066,Total GHG,North America,6430404.0,2.264674252514461e-06
DOM,Dominican Republic,1986,15.452615537793,Total GHG,North America,6571208.0,2.3515639038960568e-06
DOM,Dominican Republic,1987,16.879905121409,Total GHG,North America,6712515.0,2.5146916053683303e-06
DOM,Dominican Republic,1988,16.969677833607,Total GHG,North America,6855734.0,2.4752532454740805e-06
DOM,Dominican Republic,1989,18.004073817411,Total GHG,North America,7002295.0,2.571167569691223e-06
DOM,Dominican Republic,1990,16.654740214747,Total GHG,North America,7151166.0,2.328954497035449e-06
DOM,Dominican Republic,1991,17.458979752983,Total GHG,North America,7299853.0,2.391689223465596e-06
DOM,Dominican Republic,1992,18.711162462629,Total GHG,North America,7447474.0,2.5124172924442573e-06
DOM,Dominican Republic,1993,18.777021778794,Total GHG,North America,7594572.0,2.4724265934662286e-06
DOM,Dominican Republic,1994,20.448924559307,Total GHG,North America,7741694.0,2.6414018119686725e-06
DOM,Dominican Republic,1995,21.183341297344,Total GHG,North America,7888115.0,2.6854757185137388e-06
DOM,Dominican Republic,1996,22.386642038361,Total GHG,North America,8032894.0,2.7868713365769545e-06
DOM,Dominican Republic,1997,24.293190209759,Total GHG,North America,8174078.0,2.9719792507190416e-06
DOM,Dominican Republic,1998,26.454709065925,Total GHG,North America,8310362.0,3.1833401560515657e-06
DOM,Dominican Republic,1999,27.060289336558,Total GHG,North America,8446208.0,3.20383885129966e-06
DOM,Dominican Republic,2000,27.61603923494,Total GHG,North America,8584190.0,3.217081545834843e-06
DOM,Dominican Republic,2001,28.231433152757,Total GHG,North America,8720283.0,3.2374446050382766e-06
DOM,Dominican Republic,2002,30.623877312107,Total GHG,North America,8852235.0,3.459451461931026e-06
DOM,Dominican Republic,2003,28.32485590028,Total GHG,North America,8980620.0,3.153997819780817e-06
DOM,Dominican Republic,2004,27.775044768282,Total GHG,North America,9104892.0,3.050562792868054e-06
DOM,Dominican Republic,2005,28.967989346391,Total GHG,North America,9225034.0,3.1401498733111446e-06
DOM,Dominican Republic,2006,31.196367198796,Total GHG,North America,9341183.0,3.339659141545134e-06
DOM,Dominican Republic,2007,32.302439729512,Total GHG,North America,9455658.0,3.4162022071348185e-06
DOM,Dominican Republic,2008,32.561252120288,Total GHG,North America,9573130.0,3.4013172410996197e-06
DOM,Dominican Republic,2009,32.129434492351,Total GHG,North America,9695265.0,3.3139305106514366e-06
DOM,Dominican Republic,2010,33.534093098554,Total GHG,North America,9820175.0,3.4148162429441433e-06
DOM,Dominican Republic,2011,33.900640227145,Total GHG,North America,9945621.0,3.4085996467334717e-06
DOM,Dominican Republic,2012,34.788212466427,Total GHG,North America,10070411.0,3.454497782307693e-06
DOM,Dominican Republic,2013,34.486938513236,Total GHG,North America,10193833.0,3.3831178628525696e-06
DOM,Dominican Republic,2014,34.999873034485,Total GHG,North America,10315528.0,3.392930835385741e-06
DOM,Dominican Republic,2015,37.411383373908,Total GHG,North America,10434829.0,3.585241633946086e-06
DOM,Dominican Republic,2016,38.795050991273,Total GHG,North America,10551430.0,3.676757651927085e-06
DOM,Dominican Republic,2017,38.038086783672,Total GHG,North America,10666843.0,3.5660116853385766e-06
DOM,Dominican Republic,2018,40.384690768341,Total GHG,North America,10782053.0,3.7455474173926806e-06
DOM,Dominican Republic,2019,43.59509902934,Total GHG,North America,10894043.0,4.001737374209006e-06
DOM,Dominican Republic,2020,42.512872127351,Total GHG,North America,11008300.0,3.861892583537059e-06
DOM,Dominican Republic,2021,45.820340978362,Total GHG,North America,11123476.0,4.119246625637705e-06
DOM,Dominican Republic,2022,48.846827443696,Total GHG,North America,11230734.0,4.349388690329234e-06
DOM,Dominican Republic,2023,49.801773913648,Total GHG,North America,11331265.0,4.395076270270619e-06
DOM,Dominican Republic,2024,51.580798483369,Total GHG,North America,11427557.0,4.5137205164121255e-06
DZA,Algeria,1970,56.304942147123,Total GHG,Africa,13783719.0,4.0848875508215885e-06
DZA,Algeria,1971,59.69422459941,Total GHG,Africa,14098936.0,4.233952448568459e-06
DZA,Algeria,1972,81.804490214933,Total GHG,Africa,14427072.0,5.6702073861510495e-06
DZA,Algeria,1973,94.510852096998,Total GHG,Africa,14771147.0,6.398342125834778e-06
DZA,Algeria,1974,84.231328876865,Total GHG,Africa,15133502.0,5.565884808213261e-06
DZA,Algeria,1975,80.582437624033,Total GHG,Africa,15678596.0,5.1396462810849264e-06
DZA,Algeria,1976,94.976919657209,Total GHG,Africa,16409170.0,5.788039227895683e-06
DZA,Algeria,1977,103.38249772793,Total GHG,Africa,17015994.0,6.0756073214371136e-06
DZA,Algeria,1978,112.01387977179,Total GHG,Africa,17506974.0,6.398243338442726e-06
DZA,Algeria,1979,113.44893606847,Total GHG,Africa,18036655.0,6.289909967700219e-06
DZA,Algeria,1980,109.09372909219,Total GHG,Africa,18607174.0,5.862992902210191e-06
DZA,Algeria,1981,102.35434896701,Total GHG,Africa,19220704.0,5.325213320334677e-06
DZA,Algeria,1982,105.50356688993,Total GHG,Africa,19872348.0,5.309063976231193e-06
DZA,Algeria,1983,108.09387662255,Total GHG,Africa,20558115.0,5.257966337018253e-06
DZA,Algeria,1984,113.29583423491,Total GHG,Africa,21271969.0,5.326062398591781e-06
DZA,Algeria,1985,124.0419623943,Total GHG,Africa,22008544.0,5.636082168556902e-06
DZA,Algeria,1986,128.88373079833,Total GHG,Africa,22745499.0,5.666339999765667e-06
DZA,Algeria,1987,126.83657009296,Total GHG,Africa,23443624.0,5.410280001631147e-06
DZA,Algeria,1988,126.85243669446,Total GHG,Africa,24109536.0,5.26150468820553e-06
DZA,Algeria,1989,129.77281242491,Total GHG,Africa,24754485.0,5.242395970867905e-06
DZA,Algeria,1990,132.00256031317,Total GHG,Africa,25375810.0,5.2019052914239975e-06
DZA,Algeria,1991,132.8174545778,Total GHG,Africa,25987928.0,5.110736591920679e-06
DZA,Algeria,1992,142.90801012631,Total GHG,Africa,26628568.0,5.366717809471016e-06
DZA,Algeria,1993,145.90615835669,Total GHG,Africa,27277048.0,5.349045041702827e-06
DZA,Algeria,1994,144.37055359511,Total GHG,Africa,27887279.0,5.1769322347694805e-06
DZA,Algeria,1995,152.52305740485,Total GHG,Africa,28470191.0,5.3572895736754975e-06
DZA,Algeria,1996,151.54786154522,Total GHG,Africa,29033044.0,5.2198405907840735e-06
DZA,Algeria,1997,142.03939838143,Total GHG,Africa,29579301.0,4.801986307297458e-06
DZA,Algeria,1998,141.16031335447,Total GHG,Africa,30054133.0,4.696868592232223e-06
DZA,Algeria,1999,145.38042007316,Total GHG,Africa,30474354.0,4.770582505970758e-06
DZA,Algeria,2000,153.67618649858,Total GHG,Africa,30903893.0,4.972712871435971e-06
DZA,Algeria,2001,142.93411658996,Total GHG,Africa,31331221.0,4.562034674293735e-06
DZA,Algeria,2002,142.31880278096,Total GHG,Africa,31750835.0,4.482364094706801e-06
DZA,Algeria,2003,155.93634684928,Total GHG,Africa,32175818.0,4.846383294724007e-06
DZA,Algeria,2004,153.91694666628,Total GHG,Africa,32628286.0,4.717285690896543e-06
DZA,Algeria,2005,158.96405194278,Total GHG,Africa,33109249.0,4.80119775422209e-06
DZA,Algeria,2006,167.19788111493,Total GHG,Africa,33623506.0,4.972648632029331e-06
DZA,Algeria,2007,166.84751333041,Total GHG,Africa,34189416.0,4.8800925213349655e-06
DZA,Algeria,2008,174.85894715926,Total GHG,Africa,34816961.0,5.022234627521339e-06
DZA,Algeria,2009,170.94136099985,Total GHG,Africa,35490445.0,4.816546002729749e-06
DZA,Algeria,2010,178.73936187176,Total GHG,Africa,36188236.0,4.939156522350523e-06
DZA,Algeria,2011,185.31489956791,Total GHG,Africa,36903376.0,5.021624568112956e-06
DZA,Algeria,2012,201.46905116592,Total GHG,Africa,37646166.0,5.351648589285826e-06
DZA,Algeria,2013,206.29204741005,Total GHG,Africa,38414171.0,5.370206932489836e-06
DZA,Algeria,2014,218.97971297929,Total GHG,Africa,39205031.0,5.585500314469589e-06
DZA,Algeria,2015,228.83340989641,Total GHG,Africa,40019529.0,5.718043555595319e-06
DZA,Algeria,2016,226.68757741776,Total GHG,Africa,40850721.0,5.549169558543655e-06
DZA,Algeria,2017,231.71541868264,Total GHG,Africa,41689299.0,5.558150994158957e-06
DZA,Algeria,2018,240.5805887437,Total GHG,Africa,42505035.0,5.660049185789401e-06
DZA,Algeria,2019,247.08992922285,Total GHG,Africa,43294546.0,5.707183746027733e-06
DZA,Algeria,2020,233.83105005476,Total GHG,Africa,44042091.0,5.309263133186841e-06
DZA,Algeria,2021,245.87622098272,Total GHG,Africa,44761099.0,5.493078286185959e-06
DZA,Algeria,2022,255.86334801048,Total GHG,Africa,45477389.0,5.626166181406764e-06
DZA,Algeria,2023,258.93895957405,Total GHG,Africa,46164219.0,5.60908351063082e-06
DZA,Algeria,2024,252.69999712007,Total GHG,Africa,46814308.0,5.39792230016665e-06
ECU,Ecuador,1970,12.426988006473,Total GHG,South America,6155387.0,2.0188800487236625e-06
ECU,Ecuador,1971,11.750488189418,Total GHG,South America,6340052.0,1.8533741031489964e-06
ECU,Ecuador,1972,13.403870475065,Total GHG,South America,6529034.0,2.052963803690561e-06
ECU,Ecuador,1973,17.212362231875,Total GHG,South America,6722033.0,2.5605887730505043e-06
ECU,Ecuador,1974,18.091525235224,Total GHG,South America,6918573.0,2.6149214925135575e-06
ECU,Ecuador,1975,18.677375557516,Total GHG,South America,7118251.0,2.6238714478480742e-06
ECU,Ecuador,1976,20.64082084488,Total GHG,South America,7320912.0,2.8194329948072043e-06
ECU,Ecuador,1977,22.29598103045,Total GHG,South America,7526819.0,2.962205020533907e-06
ECU,Ecuador,1978,23.84326317019,Total GHG,South America,7736167.0,3.0820512496938083e-06
ECU,Ecuador,1979,25.298286849173,Total GHG,South America,7948869.0,3.182627220196106e-06
ECU,Ecuador,1980,26.319574145316,Total GHG,South America,8165877.0,3.2231166530326136e-06
ECU,Ecuador,1981,27.978914771825,Total GHG,South America,8386910.0,3.336021821126613e-06
ECU,Ecuador,1982,28.269591780854,Total GHG,South America,8611298.0,3.2828490874260766e-06
ECU,Ecuador,1983,27.952233346513,Total GHG,South America,8840417.0,3.161868195415782e-06
ECU,Ecuador,1984,29.937010156524,Total GHG,South America,9074782.0,3.2989233412465443e-06
ECU,Ecuador,1985,31.385647893814,Total GHG,South America,9311154.0,3.3707581137433663e-06
ECU,Ecuador,1986,32.355757926055,Total GHG,South America,9545998.0,3.3894578572146147e-06
ECU,Ecuador,1987,29.240376004288,Total GHG,South America,9779290.0,2.9900305650295674e-06
ECU,Ecuador,1988,33.836036325091,Total GHG,South America,10010808.0,3.3799505819201607e-06
ECU,Ecuador,1989,33.771233643514,Total GHG,South America,10241852.0,3.297375674195839e-06
ECU,Ecuador,1990,35.325707586534,Total GHG,South America,10473673.0,3.3728098620736014e-06
ECU,Ecuador,1991,35.992567921955,Total GHG,South America,10702380.0,3.3630433531564943e-06
ECU,Ecuador,1992,38.41182208463,Total GHG,South America,10930128.0,3.5143067020468565e-06
ECU,Ecuador,1993,39.344127347237,Total GHG,South America,11154274.0,3.5272692196047e-06
ECU,Ecuador,1994,41.517332532024,Total GHG,South America,11372197.0,3.6507750025807677e-06
ECU,Ecuador,1995,44.218853418113,Total GHG,South America,11590514.0,3.815089944942304e-06
ECU,Ecuador,1996,48.558085858461,Total GHG,South America,11810950.0,4.111276896309018e-06
ECU,Ecuador,1997,49.828697086352,Total GHG,South America,12031127.0,4.141648333223646e-06
ECU,Ecuador,1998,47.797708078803,Total GHG,South America,12251184.0,3.901476631058924e-06
ECU,Ecuador,1999,44.33881528488,Total GHG,South America,12470795.0,3.5554120875918497e-06
ECU,Ecuador,2000,42.726125848726,Total GHG,South America,12689206.0,3.367123667842259e-06
ECU,Ecuador,2001,46.675447975401,Total GHG,South America,12910740.0,3.615241881983604e-06
ECU,Ecuador,2002,46.875245968848,Total GHG,South America,13138472.0,3.5677852012660225e-06
ECU,Ecuador,2003,48.951810611906,Total GHG,South America,13372306.0,3.6606857943503535e-06
ECU,Ecuador,2004,52.709456048587,Total GHG,South America,13608701.0,3.873217293008863e-06
ECU,Ecuador,2005,53.567912261366,Total GHG,South America,13846163.0,3.868791105620091e-06
ECU,Ecuador,2006,56.086405125195,Total GHG,South America,14086131.0,3.981675672702107e-06
ECU,Ecuador,2007,56.322024501767,Total GHG,South America,14328773.0,3.930694170517392e-06
ECU,Ecuador,2008,57.915508130651,Total GHG,South America,14575202.0,3.9735646978100884e-06
ECU,Ecuador,2009,62.05559740944,Total GHG,South America,14825954.0,4.185605689147558e-06
ECU,Ecuador,2010,66.046757041885,Total GHG,South America,15076695.0,4.380718522321039e-06
ECU,Ecuador,2011,66.623054826297,Total GHG,South America,15326227.0,4.346996480366433e-06
ECU,Ecuador,2012,66.962873941701,Total GHG,South America,15572194.0,4.300156672958288e-06
ECU,Ecuador,2013,70.253571563882,Total GHG,South America,15807128.0,4.444423526138461e-06
ECU,Ecuador,2014,72.194819144033,Total GHG,South America,16035124.0,4.502292538806248e-06
ECU,Ecuador,2015,70.910668059378,Total GHG,South America,16266225.0,4.359380745033221e-06
ECU,Ecuador,2016,70.110174000186,Total GHG,South America,16505139.0,4.24777846464583e-06
ECU,Ecuador,2017,68.626177825459,Total GHG,South America,16759519.0,4.0947581983384485e-06
ECU,Ecuador,2018,69.314972972065,Total GHG,South America,17049547.0,4.0655023251975545e-06
ECU,Ecuador,2019,69.753591338886,Total GHG,South America,17340021.0,4.022693590675928e-06
ECU,Ecuador,2020,63.962622918768,Total GHG,South America,17546065.0,3.6454112599473442e-06
ECU,Ecuador,2021,68.466690751486,Total GHG,South America,17682454.0,3.872012942970812e-06
ECU,Ecuador,2022,70.856512207292,Total GHG,South America,17823897.0,3.975365892615515e-06
ECU,Ecuador,2023,73.199767914986,Total GHG,South America,17980083.0,4.071158509946033e-06
ECU,Ecuador,2024,74.408550594854,Total GHG,South America,18135478.0,4.102927454950678e-06
EGY,Egypt,1970,59.15851668854,Total GHG,Africa,34623990.0,1.7085990577209615e-06
EGY,Egypt,1971,58.562861453182,Total GHG,Africa,35433368.0,1.6527602302209037e-06
EGY,Egypt,1972,59.465954268645,Total GHG,Africa,36258328.0,1.6400633329988354e-06
EGY,Egypt,1973,56.641655930014,Total GHG,Africa,37102043.0,1.5266452019910062e-06
EGY,Egypt,1974,60.988758724618,Total GHG,Africa,37969667.0,1.6062495023887885e-06
EGY,Egypt,1975,65.536943737704,Total GHG,Africa,38875327.0,1.6858236006015845e-06
EGY,Egypt,1976,73.340410231325,Total GHG,Africa,39795557.0,1.8429296072253744e-06
EGY,Egypt,1977,77.011500075394,Total GHG,Africa,40748870.0,1.8899051697726587e-06
EGY,Egypt,1978,80.072673499353,Total GHG,Africa,41761431.0,1.9173833746107265e-06
EGY,Egypt,1979,84.062650212114,Total GHG,Africa,42818628.0,1.963226150359465e-06
EGY,Egypt,1980,90.221378061589,Total GHG,Africa,43950413.0,2.052799323218851e-06
EGY,Egypt,1981,97.219448141377,Total GHG,Africa,45147224.0,2.1533870640945057e-06
EGY,Egypt,1982,103.61738989778,Total GHG,Africa,46407611.0,2.2327671617868888e-06
EGY,Egypt,1983,111.32502389279,Total GHG,Africa,47786402.0,2.3296381236819213e-06
EGY,Egypt,1984,120.27393945875,Total GHG,Africa,49247334.0,2.4422426492924467e-06
EGY,Egypt,1985,125.76478748803,Total GHG,Africa,50734968.0,2.478858121838768e-06
EGY,Egypt,1986,128.44932603905,Total GHG,Africa,52206295.0,2.4604183468497426e-06
EGY,Egypt,1987,137.48067758738,Total GHG,Africa,53674435.0,2.561380992410633e-06
EGY,Egypt,1988,139.09242867048,Total GHG,Africa,55187681.0,2.520352842339579e-06
EGY,Egypt,1989,145.35741190139,Total GHG,Africa,56710642.0,2.5631417098291712e-06
EGY,Egypt,1990,149.18363561638,Total GHG,Africa,58396618.0,2.5546622514403147e-06
EGY,Egypt,1991,159.03244975409,Total GHG,Africa,60028997.0,2.6492604857963896e-06
EGY,Egypt,1992,162.02993899396,Total GHG,Africa,61480660.0,2.635461932158178e-06
EGY,Egypt,1993,163.86772946151,Total GHG,Africa,62915681.0,2.6045610070009416e-06
EGY,Egypt,1994,159.53387782766,Total GHG,Africa,64285589.0,2.481642935987722e-06
EGY,Egypt,1995,169.66797745516,Total GHG,Africa,65652622.0,2.5843290379957713e-06
EGY,Egypt,1996,180.0638789814,Total GHG,Africa,67028048.0,2.686395984281088e-06
EGY,Egypt,1997,187.43755346674,Total GHG,Africa,68431740.0,2.7390440965952353e-06
EGY,Egypt,1998,192.16760953463,Total GHG,Africa,69943294.0,2.747477256856533e-06
EGY,Egypt,1999,205.28263580526,Total GHG,Africa,71520954.0,2.8702446531300464e-06
EGY,Egypt,2000,205.51787914024,Total GHG,Africa,73083284.0,2.8121051476044786e-06
EGY,Egypt,2001,219.47270976881,Total GHG,Africa,74652029.0,2.9399429956392746e-06
EGY,Egypt,2002,225.65170456722,Total GHG,Africa,76239137.0,2.9597882852113082e-06
EGY,Egypt,2003,230.89764446897,Total GHG,Africa,77853548.0,2.9657947569578974e-06
EGY,Egypt,2004,245.70409530388,Total GHG,Africa,79477443.0,3.091494718871114e-06
EGY,Egypt,2005,264.58869984353,Total GHG,Africa,81101004.0,3.262458993029605e-06
EGY,Egypt,2006,276.77986559259,Total GHG,Africa,82700403.0,3.3467777127106623e-06
EGY,Egypt,2007,291.11988890522,Total GHG,Africa,84276225.0,3.4543536911533474e-06
EGY,Egypt,2008,294.11354333809,Total GHG,Africa,85864789.0,3.4253102670302955e-06
EGY,Egypt,2009,301.72063870058,Total GHG,Africa,87501636.0,3.4481713999105117e-06
EGY,Egypt,2010,301.70433053404,Total GHG,Africa,89196072.0,3.3824844947660927e-06
EGY,Egypt,2011,311.47540406692,Total GHG,Africa,91093059.0,3.419309961551736e-06
EGY,Egypt,2012,326.25029568592,Total GHG,Africa,93161001.0,3.502005047003735e-06
EGY,Egypt,2013,320.18962611841,Total GHG,Africa,95333553.0,3.3586247028725553e-06
EGY,Egypt,2014,325.13765840647,Total GHG,Africa,97528654.0,3.333765463496195e-06
EGY,Egypt,2015,331.5431729058,Total GHG,Africa,99597342.0,3.32883555171382e-06
EGY,Egypt,2016,344.76205791414,Total GHG,Africa,101644589.0,3.391838771802599e-06
EGY,Egypt,2017,357.55413930484,Total GHG,Africa,103696057.0,3.44809773533472e-06
EGY,Egypt,2018,352.98561964348,Total GHG,Africa,105682094.0,3.340070264348471e-06
EGY,Egypt,2019,326.42487160026,Total GHG,Africa,107553158.0,3.0350096423971113e-06
EGY,Egypt,2020,335.72421813677,Total GHG,Africa,109315124.0,3.0711598345419246e-06
EGY,Egypt,2021,352.54795739785,Total GHG,Africa,110957008.0,3.177338356112216e-06
EGY,Egypt,2022,350.40040612342,Total GHG,Africa,112618250.0,3.1113998496994935e-06
EGY,Egypt,2023,369.72616918545,Total GHG,Africa,114535772.0,3.228041010501505e-06
EGY,Egypt,2024,386.59822846755,Total GHG,Africa,116538258.0,3.317350328572356e-06
ERI,Eritrea,1970,4.1060279159802,Total GHG,Africa,1243453.0,3.302117503420073e-06
ERI,Eritrea,1971,4.1369256835974,Total GHG,Africa,1276154.0,3.2417135264218893e-06
ERI,Eritrea,1972,4.0877036723904,Total GHG,Africa,1309235.0,3.122207756736109e-06
ERI,Eritrea,1973,4.1317788407023,Total GHG,Africa,1342669.0,3.07728773115511e-06
ERI,Eritrea,1974,4.0968433852635,Total GHG,Africa,1375688.0,2.978032362907505e-06
ERI,Eritrea,1975,4.0061878721665,Total GHG,Africa,1408210.0,2.844879579158293e-06
ERI,Eritrea,1976,4.0080814994705,Total GHG,Africa,1443807.0,2.7760507460280358e-06
ERI,Eritrea,1977,3.9957276554829,Total GHG,Africa,1482565.0,2.6951450057723606e-06
ERI,Eritrea,1978,4.053521665725,Total GHG,Africa,1522378.0,2.6626249628705884e-06
ERI,Eritrea,1979,4.1269195066065,Total GHG,Africa,1563332.0,2.6398228313669135e-06
ERI,Eritrea,1980,4.1785727276791,Total GHG,Africa,1605797.0,2.602179931634634e-06
ERI,Eritrea,1981,4.2419591310955,Total GHG,Africa,1649939.0,2.5709793702042924e-06
ERI,Eritrea,1982,4.2515969025066,Total GHG,Africa,1695461.0,2.507634739169229e-06
ERI,Eritrea,1983,4.36785742543,Total GHG,Africa,1736160.0,2.515815031696388e-06
ERI,Eritrea,1984,4.2728925437053,Total GHG,Africa,1771730.0,2.411706379473904e-06
ERI,Eritrea,1985,4.3783772675671,Total GHG,Africa,1807816.0,2.4219153207887865e-06
ERI,Eritrea,1986,4.469504568203,Total GHG,Africa,1845164.0,2.4222803871108476e-06
ERI,Eritrea,1987,4.4277605032822,Total GHG,Africa,1888669.0,2.344381415315336e-06
ERI,Eritrea,1988,4.4956231016329,Total GHG,Africa,1938255.0,2.319417776109387e-06
ERI,Eritrea,1989,4.6314997445168,Total GHG,Africa,1987017.0,2.330880784873406e-06
ERI,Eritrea,1990,4.7043802404753,Total GHG,Africa,2032737.0,2.3143083637850343e-06
ERI,Eritrea,1991,4.8044294410187,Total GHG,Africa,1919571.0,2.5028662347048897e-06
ERI,Eritrea,1992,5.0362243639568,Total GHG,Africa,1798748.0,2.799849875556109e-06
ERI,Eritrea,1993,4.255754022888,Total GHG,Africa,1856006.0,2.292963504906773e-06
ERI,Eritrea,1994,4.4650910566736,Total GHG,Africa,1913915.0,2.332962047255808e-06
ERI,Eritrea,1995,4.5882438548974,Total GHG,Africa,2025267.0,2.265500724051397e-06
ERI,Eritrea,1996,5.0685083836756,Total GHG,Africa,2128464.0,2.381298618945681e-06
ERI,Eritrea,1997,5.4615728253188,Total GHG,Africa,2152135.0,2.5377463891990048e-06
ERI,Eritrea,1998,5.2094394464491,Total GHG,Africa,2180419.0,2.3891919151544267e-06
ERI,Eritrea,1999,5.3377860321117,Total GHG,Africa,2212780.0,2.412253379057882e-06
ERI,Eritrea,2000,5.4322787810002,Total GHG,Africa,2247031.0,2.4175361982100823e-06
ERI,Eritrea,2001,5.3509743591597,Total GHG,Africa,2312079.0,2.314356195943002e-06
ERI,Eritrea,2002,5.3056699151135,Total GHG,Africa,2392978.0,2.2171829056153045e-06
ERI,Eritrea,2003,5.4240771020812,Total GHG,Africa,2493903.0,2.174935072487262e-06
ERI,Eritrea,2004,5.4954491159115,Total GHG,Africa,2598284.0,2.115030195279461e-06
ERI,Eritrea,2005,5.4644897946942,Total GHG,Africa,2661215.0,2.053381554926678e-06
ERI,Eritrea,2006,5.3164406501906,Total GHG,Africa,2703502.0,1.966501467426545e-06
ERI,Eritrea,2007,5.5336868726869,Total GHG,Africa,2743222.0,2.0172216731591174e-06
ERI,Eritrea,2008,5.4812842349671,Total GHG,Africa,2816327.0,1.946252773547638e-06
ERI,Eritrea,2009,5.5425750623028,Total GHG,Africa,2887885.0,1.9192506150012207e-06
ERI,Eritrea,2010,5.5367005727963,Total GHG,Africa,2945186.0,1.8799154188551418e-06
ERI,Eritrea,2011,5.8191661188222,Total GHG,Africa,2998485.0,1.9407020941649534e-06
ERI,Eritrea,2012,5.8893248157115,Total GHG,Africa,3036988.0,1.9391992380975824e-06
ERI,Eritrea,2013,5.9200660257489,Total GHG,Africa,3074360.0,1.925625504413569e-06
ERI,Eritrea,2014,5.9738002808504,Total GHG,Africa,3095173.0,1.9300376039886622e-06
ERI,Eritrea,2015,6.0065704152253,Total GHG,Africa,3105546.0,1.9341431153250667e-06
ERI,Eritrea,2016,6.0938990376548,Total GHG,Africa,3124698.0,1.9502361628723157e-06
ERI,Eritrea,2017,6.0952208060076,Total GHG,Africa,3150347.0,1.9347775994224126e-06
ERI,Eritrea,2018,6.2093923470414,Total GHG,Africa,3192760.0,1.9448352983128706e-06
ERI,Eritrea,2019,6.2722487043714,Total GHG,Africa,3240194.0,1.9357633229280096e-06
ERI,Eritrea,2020,6.309533273989,Total GHG,Africa,3291271.0,1.9170506694796632e-06
ERI,Eritrea,2021,6.4029139211978,Total GHG,Africa,3350183.0,1.911213184831336e-06
ERI,Eritrea,2022,6.4950197363487,Total GHG,Africa,3409447.0,1.9050068050181453e-06
ERI,Eritrea,2023,6.5370067416552,Total GHG,Africa,3470390.0,1.883651907035002e-06
ERI,Eritrea,2024,6.5792579891564,Total GHG,Africa,3535603.0,1.8608588094184781e-06
ESH,Western Sahara,1970,0.22217703694347,Total GHG,Africa,,
ESH,Western Sahara,1971,0.22535423103095,Total GHG,Africa,,
ESH,Western Sahara,1972,0.23826661857095,Total GHG,Africa,,
ESH,Western Sahara,1973,0.24293404848747,Total GHG,Africa,,
ESH,Western Sahara,1974,0.25308096654575,Total GHG,Africa,,
ESH,Western Sahara,1975,0.26514798029015,Total GHG,Africa,,
ESH,Western Sahara,1976,0.27351612974739,Total GHG,Africa,,
ESH,Western Sahara,1977,0.28495734914912,Total GHG,Africa,,
ESH,Western Sahara,1978,0.28957523199596,Total GHG,Africa,,
ESH,Western Sahara,1979,0.30784834688625,Total GHG,Africa,,
ESH,Western Sahara,1980,0.32715759403947,Total GHG,Africa,,
ESH,Western Sahara,1981,0.31918237321664,Total GHG,Africa,,
ESH,Western Sahara,1982,0.33026782007166,Total GHG,Africa,,
ESH,Western Sahara,1983,0.33431115020082,Total GHG,Africa,,
ESH,Western Sahara,1984,0.3377178592396,Total GHG,Africa,,
ESH,Western Sahara,1985,0.35833922080675,Total GHG,Africa,,
ESH,Western Sahara,1986,0.36770171994741,Total GHG,Africa,,
ESH,Western Sahara,1987,0.41380751520619,Total GHG,Africa,,
ESH,Western Sahara,1988,0.40732450992516,Total GHG,Africa,,
ESH,Western Sahara,1989,0.39895711694942,Total GHG,Africa,,
ESH,Western Sahara,1990,0.40359729102313,Total GHG,Africa,,
ESH,Western Sahara,1991,0.44081014854563,Total GHG,Africa,,
ESH,Western Sahara,1992,0.42391770705074,Total GHG,Africa,,
ESH,Western Sahara,1993,0.41775006337009,Total GHG,Africa,,
ESH,Western Sahara,1994,0.42266830446347,Total GHG,Africa,,
ESH,Western Sahara,1995,0.45198923364612,Total GHG,Africa,,
ESH,Western Sahara,1996,0.4613069742531,Total GHG,Africa,,
ESH,Western Sahara,1997,0.4754826186983,Total GHG,Africa,,
ESH,Western Sahara,1998,0.48345504196603,Total GHG,Africa,,
ESH,Western Sahara,1999,0.49743704895845,Total GHG,Africa,,
ESH,Western Sahara,2000,0.56351802919638,Total GHG,Africa,,
ESH,Western Sahara,2001,0.57944688508306,Total GHG,Africa,,
ESH,Western Sahara,2002,0.58537338612657,Total GHG,Africa,,
ESH,Western Sahara,2003,0.60139002950908,Total GHG,Africa,,
ESH,Western Sahara,2004,0.60931841692275,Total GHG,Africa,,
ESH,Western Sahara,2005,0.61404570870481,Total GHG,Africa,,
ESH,Western Sahara,2006,0.61819948339545,Total GHG,Africa,,
ESH,Western Sahara,2007,0.61646009526975,Total GHG,Africa,,
ESH,Western Sahara,2008,0.62222016333785,Total GHG,Africa,,
ESH,Western Sahara,2009,0.62261116898907,Total GHG,Africa,,
ESH,Western Sahara,2010,0.62208243245747,Total GHG,Africa,,
ESH,Western Sahara,2011,0.6124722557534,Total GHG,Africa,,
ESH,Western Sahara,2012,0.61698832395317,Total GHG,Africa,,
ESH,Western Sahara,2013,0.61858522132356,Total GHG,Africa,,
ESH,Western Sahara,2014,0.6163942020112,Total GHG,Africa,,
ESH,Western Sahara,2015,0.62397361911375,Total GHG,Africa,,
ESH,Western Sahara,2016,0.62841633846976,Total GHG,Africa,,
ESH,Western Sahara,2017,0.60407284255875,Total GHG,Africa,,
ESH,Western Sahara,2018,0.61700843591143,Total GHG,Africa,,
ESH,Western Sahara,2019,0.6326725745174,Total GHG,Africa,,
ESH,Western Sahara,2020,0.6044407606976,Total GHG,Africa,,
ESH,Western Sahara,2021,0.65654630985133,Total GHG,Africa,,
ESH,Western Sahara,2022,0.68790570618044,Total GHG,Africa,,
ESH,Western Sahara,2023,0.71442591056688,Total GHG,Africa,,
ESH,Western Sahara,2024,0.7354140234676,Total GHG,Africa,,
ESP,Spain and Andorra,1970,188.71975815621,Total GHG,Europe,33814531.0,5.581025451933963e-06
ESP,Spain and Andorra,1971,186.31241979844,Total GHG,Europe,34224490.0,5.44383334268648e-06
ESP,Spain and Andorra,1972,199.63998308914,Total GHG,Europe,34604469.0,5.769196547681168e-06
ESP,Spain and Andorra,1973,213.98069856388,Total GHG,Europe,34988947.0,6.115665571869882e-06
ESP,Spain and Andorra,1974,227.53261584348,Total GHG,Europe,35373335.0,6.432320159902366e-06
ESP,Spain and Andorra,1975,233.86496041829,Total GHG,Europe,35757900.0,6.540231960442028e-06
ESP,Spain and Andorra,1976,252.61563307283,Total GHG,Europe,36137812.0,6.99034111619237e-06
ESP,Spain and Andorra,1977,245.41973272016,Total GHG,Europe,36511638.0,6.721685089016275e-06
ESP,Spain and Andorra,1978,246.08977322661,Total GHG,Europe,36864898.0,6.675449725280943e-06
ESP,Spain and Andorra,1979,258.8852434679,Total GHG,Europe,37191330.0,6.960903077892079e-06
ESP,Spain and Andorra,1980,272.19103208801,Total GHG,Europe,37491165.0,7.260138010862292e-06
ESP,Spain and Andorra,1981,277.12158240603,Total GHG,Europe,37758631.0,7.33929104596059e-06
ESP,Spain and Andorra,1982,272.92467475576,Total GHG,Europe,37986012.0,7.184873072639476e-06
ESP,Spain and Andorra,1983,275.10186081164,Total GHG,Europe,38171525.0,7.206991620367276e-06
ESP,Spain and Andorra,1984,265.98390011168,Total GHG,Europe,38330364.0,6.939247957876946e-06
ESP,Spain and Andorra,1985,258.8968750472,Total GHG,Europe,38469512.0,6.729923557314687e-06
ESP,Spain and Andorra,1986,264.10916715722,Total GHG,Europe,38584624.0,6.844933027135887e-06
ESP,Spain and Andorra,1987,262.43638518454,Total GHG,Europe,38684815.0,6.783963815893651e-06
ESP,Spain and Andorra,1988,270.19137786841,Total GHG,Europe,38766939.0,6.969634044834181e-06
ESP,Spain and Andorra,1989,289.6131858154,Total GHG,Europe,38827764.0,7.458920009285109e-06
ESP,Spain and Andorra,1990,294.54700952116,Total GHG,Europe,38867322.0,7.578268693715508e-06
ESP,Spain and Andorra,1991,302.75438625285,Total GHG,Europe,38966376.0,7.769631598608246e-06
ESP,Spain and Andorra,1992,310.60375541939,Total GHG,Europe,39157685.0,7.932127637764847e-06
ESP,Spain and Andorra,1993,296.11122754212,Total GHG,Europe,39361262.0,7.522909899131791e-06
ESP,Spain and Andorra,1994,308.87332121829,Total GHG,Europe,39549108.0,7.809868207856673e-06
ESP,Spain and Andorra,1995,325.02281463773,Total GHG,Europe,39724050.0,8.182016049162408e-06
ESP,Spain and Andorra,1996,317.19300318976,Total GHG,Europe,39889852.0,7.951721735888116e-06
ESP,Spain and Andorra,1997,339.83323610402,Total GHG,Europe,40057389.0,8.483659184676765e-06
ESP,Spain and Andorra,1998,349.86607117912,Total GHG,Europe,40223509.0,8.69804947099767e-06
ESP,Spain and Andorra,1999,374.34805866446,Total GHG,Europe,40386875.0,9.269052350905089e-06
ESP,Spain and Andorra,2000,392.44556252028,Total GHG,Europe,40567864.0,9.673803938020498e-06
ESP,Spain and Andorra,2001,389.99988220827,Total GHG,Europe,40850412.0,9.54702445126551e-06
ESP,Spain and Andorra,2002,408.12961010815,Total GHG,Europe,41431558.0,9.850694248769259e-06
ESP,Spain and Andorra,2003,417.12989579631,Total GHG,Europe,42187645.0,9.887489472245013e-06
ESP,Spain and Andorra,2004,434.20365269998,Total GHG,Europe,42921895.0,1.0116134264341777e-05
ESP,Spain and Andorra,2005,448.86069719111,Total GHG,Europe,43653155.0,1.028243427516545e-05
ESP,Spain and Andorra,2006,440.45479012335,Total GHG,Europe,44397319.0,9.920751974310657e-06
ESP,Spain and Andorra,2007,457.46133513123,Total GHG,Europe,45226803.0,1.0114828039718615e-05
ESP,Spain and Andorra,2008,422.14643742525,Total GHG,Europe,45954106.0,9.186261558983434e-06
ESP,Spain and Andorra,2009,381.98983657454,Total GHG,Europe,46362946.0,8.239119157236902e-06
ESP,Spain and Andorra,2010,369.07975209771,Total GHG,Europe,46576897.0,7.92409490262329e-06
ESP,Spain and Andorra,2011,368.77555899972,Total GHG,Europe,46742697.0,7.889479697752998e-06
ESP,Spain and Andorra,2012,363.88899715107,Total GHG,Europe,46773055.0,7.779885174296825e-06
ESP,Spain and Andorra,2013,334.10255856624,Total GHG,Europe,46604197.0,7.168937135988847e-06
ESP,Spain and Andorra,2014,332.75152494805,Total GHG,Europe,46460733.0,7.161994731078608e-06
ESP,Spain and Andorra,2015,344.15435509669,Total GHG,Europe,46422303.0,7.413556261883216e-06
ESP,Spain and Andorra,2016,336.15896244286,Total GHG,Europe,46458139.0,7.235738875439242e-06
ESP,Spain and Andorra,2017,350.31640183882,Total GHG,Europe,46571232.0,7.522163077816366e-06
ESP,Spain and Andorra,2018,342.65067583147,Total GHG,Europe,46782011.0,7.3244109970276816e-06
ESP,Spain and Andorra,2019,324.23357178537,Total GHG,Europe,47118501.0,6.881236985560512e-06
ESP,Spain and Andorra,2020,283.71126462507,Total GHG,Europe,47359424.0,5.9905978718210336e-06
ESP,Spain and Andorra,2021,302.67530582376,Total GHG,Europe,47443821.0,6.3796570226449515e-06
ESP,Spain and Andorra,2022,306.61682413149,Total GHG,Europe,47786102.0,6.416443511786962e-06
ESP,Spain and Andorra,2023,286.86512318192,Total GHG,Europe,48347910.0,5.9333510627847205e-06
ESP,Spain and Andorra,2024,285.63832224712,Total GHG,Europe,48807137.0,5.852388396539629e-06
EST,Estonia,1970,26.16228101646,Total GHG,Europe,1360076.0,1.923589638848123e-05
EST,Estonia,1971,26.322667599952,Total GHG,Europe,1376955.0,1.9116577956397992e-05
EST,Estonia,1972,28.285441080135,Total GHG,Europe,1392518.0,2.031244197930296e-05
EST,Estonia,1973,31.676803850701,Total GHG,Europe,1405951.0,2.253051767145583e-05
EST,Estonia,1974,34.810963637665,Total GHG,Europe,1418169.0,2.454641417043032e-05
EST,Estonia,1975,37.45826735049,Total GHG,Europe,1429352.0,2.6206467931265356e-05
EST,Estonia,1976,39.10797823998,Total GHG,Europe,1439576.0,2.716631719338194e-05
EST,Estonia,1977,40.536357311197,Total GHG,Europe,1450211.0,2.7952040986585402e-05
EST,Estonia,1978,42.957306192084,Total GHG,Europe,1460188.0,2.9419024257207975e-05
EST,Estonia,1979,44.486383145074,Total GHG,Europe,1468333.0,3.0297203117463138e-05
EST,Estonia,1980,45.970548593746,Total GHG,Europe,1477219.0,3.111965699990726e-05
EST,Estonia,1981,47.03906032044,Total GHG,Europe,1487666.0,3.161936907910781e-05
EST,Estonia,1982,47.234254128885,Total GHG,Europe,1498414.0,3.152283289457053e-05
EST,Estonia,1983,47.0672307022,Total GHG,Europe,1508745.0,3.1196279492028145e-05
EST,Estonia,1984,46.080040855078,Total GHG,Europe,1518617.0,3.0343424876106354e-05
EST,Estonia,1985,45.305212726662,Total GHG,Europe,1528781.0,2.9634861191146408e-05
EST,Estonia,1986,44.316299685324,Total GHG,Europe,1540190.0,2.8773268028830207e-05
EST,Estonia,1987,43.732259485861,Total GHG,Europe,1552221.0,2.817399035695368e-05
EST,Estonia,1988,41.727375317949,Total GHG,Europe,1561900.0,2.6715779062647416e-05
EST,Estonia,1989,38.455534345912,Total GHG,Europe,1568131.0,2.452316442051844e-05
EST,Estonia,1990,45.608799549753,Total GHG,Europe,1569174.0,2.906548257220232e-05
EST,Estonia,1991,41.932114407096,Total GHG,Europe,1561314.0,2.685693871130087e-05
EST,Estonia,1992,31.463405105872,Total GHG,Europe,1533091.0,2.052285552904035e-05
EST,Estonia,1993,26.372420692261,Total GHG,Europe,1494128.0,1.7650710442653507e-05
EST,Estonia,1994,26.650639785368,Total GHG,Europe,1462514.0,1.8222485244837316e-05
EST,Estonia,1995,24.611767366341,Total GHG,Europe,1436634.0,1.7131550113905837e-05
EST,Estonia,1996,25.610869264271,Total GHG,Europe,1415594.0,1.80919594631448e-05
EST,Estonia,1997,25.142186692924,Total GHG,Europe,1399535.0,1.7964671618018842e-05
EST,Estonia,1998,22.990724728053,Total GHG,Europe,1386156.0,1.6585957661369284e-05
EST,Estonia,1999,21.373189325233,Total GHG,Europe,1390244.0,1.5373696505960824e-05
EST,Estonia,2000,21.761021328867,Total GHG,Europe,1396985.0,1.5577133132329264e-05
EST,Estonia,2001,22.256148478898,Total GHG,Europe,1388115.0,1.6033360693384916e-05
EST,Estonia,2002,21.540281270601,Total GHG,Europe,1379350.0,1.5616254953855802e-05
EST,Estonia,2003,23.564185185335,Total GHG,Europe,1370720.0,1.719110043286375e-05
EST,Estonia,2004,24.151907959843,Total GHG,Europe,1362550.0,1.7725520501884704e-05
EST,Estonia,2005,24.0825906325,Total GHG,Europe,1354775.0,1.777608136590947e-05
EST,Estonia,2006,23.417555959401,Total GHG,Europe,1346810.0,1.7387423585658704e-05
EST,Estonia,2007,27.22877979221,Total GHG,Europe,1340680.0,2.030967851553689e-05
EST,Estonia,2008,25.166603198251,Total GHG,Europe,1337090.0,1.8821921634483095e-05
EST,Estonia,2009,21.817344774443,Total GHG,Europe,1334515.0,1.6348519705243477e-05
EST,Estonia,2010,26.756682191155,Total GHG,Europe,1331475.0,2.0095519774051335e-05
EST,Estonia,2011,26.87632691967,Total GHG,Europe,1327439.0,2.0246751014298963e-05
EST,Estonia,2012,25.853045502817,Total GHG,Europe,1322696.0,1.9545719880317927e-05
EST,Estonia,2013,28.403114191984,Total GHG,Europe,1317997.0,2.155021156496107e-05
EST,Estonia,2014,27.631832019221,Total GHG,Europe,1314545.0,2.1020073119764633e-05
EST,Estonia,2015,25.91060282734,Total GHG,Europe,1315407.0,1.9697783900602628e-05
EST,Estonia,2016,25.299001451704,Total GHG,Europe,1315790.0,1.9227233412401675e-05
EST,Estonia,2017,26.782138130818,Total GHG,Europe,1317384.0,2.0329788528491313e-05
EST,Estonia,2018,28.544661495782,Total GHG,Europe,1321977.0,2.159240402501859e-05
EST,Estonia,2019,19.875288235544,Total GHG,Europe,1326898.0,1.4978761167432614e-05
EST,Estonia,2020,16.016245599115,Total GHG,Europe,1329522.0,1.2046619461065706e-05
EST,Estonia,2021,16.718913150154,Total GHG,Europe,1330932.0,1.2561808680048266e-05
EST,Estonia,2022,18.744019475847,Total GHG,Europe,1348840.0,1.3896399480922126e-05
EST,Estonia,2023,14.984304728256,Total GHG,Europe,1370286.0,1.0935165891103025e-05
EST,Estonia,2024,14.129201839084,Total GHG,Europe,1371986.0,1.0298357154580294e-05
ETH,Ethiopia,1970,55.658078670685,Total GHG,Africa,27829128.0,1.9999936279241305e-06
ETH,Ethiopia,1971,55.990402266101,Total GHG,Africa,28600106.0,1.957699117132678e-06
ETH,Ethiopia,1972,55.452896500131,Total GHG,Africa,29374608.0,1.8877833705944602e-06
ETH,Ethiopia,1973,56.014683294274,Total GHG,Africa,30166785.0,1.856833046487188e-06
ETH,Ethiopia,1974,55.933704495224,Total GHG,Africa,30957273.0,1.8068033478021141e-06
ETH,Ethiopia,1975,54.396982514451,Total GHG,Africa,31723252.0,1.7147353781526244e-06
ETH,Ethiopia,1976,54.228596928703,Total GHG,Africa,32534418.0,1.666807038893488e-06
ETH,Ethiopia,1977,54.866597288018,Total GHG,Africa,33167272.0,1.6542390730240944e-06
ETH,Ethiopia,1978,55.431401150643,Total GHG,Africa,33734592.0,1.6431620441902188e-06
ETH,Ethiopia,1979,55.942452358414,Total GHG,Africa,34238652.0,1.6338976300356101e-06
ETH,Ethiopia,1980,55.913779130992,Total GHG,Africa,34428514.0,1.624054385007497e-06
ETH,Ethiopia,1981,56.355588660116,Total GHG,Africa,35304012.0,1.5962941735946612e-06
ETH,Ethiopia,1982,57.416786792127,Total GHG,Africa,36701290.0,1.5644351136466048e-06
ETH,Ethiopia,1983,58.997772190189,Total GHG,Africa,37740817.0,1.5632351623492677e-06
ETH,Ethiopia,1984,57.511248406456,Total GHG,Africa,38735722.0,1.4847083115284646e-06
ETH,Ethiopia,1985,59.89985235485,Total GHG,Africa,39842136.0,1.5034297447016897e-06
ETH,Ethiopia,1986,63.264684504759,Total GHG,Africa,41037656.0,1.5416251967402574e-06
ETH,Ethiopia,1987,61.05781930345,Total GHG,Africa,42460039.0,1.4380066703059317e-06
ETH,Ethiopia,1988,61.920820912525,Total GHG,Africa,44150825.0,1.402483892713783e-06
ETH,Ethiopia,1989,64.979293202681,Total GHG,Africa,45879690.0,1.4162975644055356e-06
ETH,Ethiopia,1990,66.775771951486,Total GHG,Africa,47609755.0,1.4025649145114486e-06
ETH,Ethiopia,1991,67.666946118862,Total GHG,Africa,49717198.0,1.3610370021026125e-06
ETH,Ethiopia,1992,69.514186397384,Total GHG,Africa,51853747.0,1.3405817403587824e-06
ETH,Ethiopia,1993,64.498409962344,Total GHG,Africa,53708891.0,1.2008888800616643e-06
ETH,Ethiopia,1994,67.107361498283,Total GHG,Africa,55611508.0,1.2067171690126258e-06
ETH,Ethiopia,1995,68.223773324687,Total GHG,Africa,57537335.0,1.1857305056740463e-06
ETH,Ethiopia,1996,71.673398940407,Total GHG,Africa,59467635.0,1.2052505356973922e-06
ETH,Ethiopia,1997,74.060545415968,Total GHG,Africa,61404539.0,1.2061086463977523e-06
ETH,Ethiopia,1998,79.056113045914,Total GHG,Africa,63363524.0,1.2476596637193665e-06
ETH,Ethiopia,1999,79.145390340267,Total GHG,Africa,65374561.0,1.2106450755404231e-06
ETH,Ethiopia,2000,77.080886189159,Total GHG,Africa,67411494.0,1.1434383309938064e-06
ETH,Ethiopia,2001,82.543820596938,Total GHG,Africa,69487762.0,1.187890043097632e-06
ETH,Ethiopia,2002,90.308590522354,Total GHG,Africa,71635517.0,1.260667812620854e-06
ETH,Ethiopia,2003,89.589476592291,Total GHG,Africa,73832663.0,1.2134125054149952e-06
ETH,Ethiopia,2004,92.117861058351,Total GHG,Africa,76077206.0,1.2108470578999838e-06
ETH,Ethiopia,2005,95.532477938642,Total GHG,Africa,78367470.0,1.2190323094345396e-06
ETH,Ethiopia,2006,101.34727018402,Total GHG,Africa,80703490.0,1.2557978618275369e-06
ETH,Ethiopia,2007,110.99988510753,Total GHG,Africa,83103217.0,1.3356869819796506e-06
ETH,Ethiopia,2008,116.47153808084,Total GHG,Africa,85543668.0,1.3615448203698724e-06
ETH,Ethiopia,2009,121.15473111707,Total GHG,Africa,88007636.0,1.3766388534407401e-06
ETH,Ethiopia,2010,126.80176958514,Total GHG,Africa,90538514.0,1.400528504202532e-06
ETH,Ethiopia,2011,126.66539810867,Total GHG,Africa,93149970.0,1.3598007396961051e-06
ETH,Ethiopia,2012,131.86417475024,Total GHG,Africa,95798767.0,1.3764704795233952e-06
ETH,Ethiopia,2013,137.03576216843,Total GHG,Africa,98438751.0,1.3920916384689807e-06
ETH,Ethiopia,2014,143.17328116093,Total GHG,Africa,101115610.0,1.4159364826155923e-06
ETH,Ethiopia,2015,147.71791966517,Total GHG,Africa,103867135.0,1.4221815174277215e-06
ETH,Ethiopia,2016,154.29162113182,Total GHG,Africa,106718162.0,1.4457859678263573e-06
ETH,Ethiopia,2017,157.84142465662,Total GHG,Africa,109666481.0,1.4392859442314011e-06
ETH,Ethiopia,2018,162.68217642057,Total GHG,Africa,112664152.0,1.4439568712199598e-06
ETH,Ethiopia,2019,173.87424962575,Total GHG,Africa,115737383.0,1.502317100307599e-06
ETH,Ethiopia,2020,181.53339365857,Total GHG,Africa,118917671.0,1.5265468296849674e-06
ETH,Ethiopia,2021,176.96056360398,Total GHG,Africa,122138588.0,1.4488505762321405e-06
ETH,Ethiopia,2022,180.46355443559,Total GHG,Africa,125384287.0,1.4392836515120113e-06
ETH,Ethiopia,2023,188.44693508356,Total GHG,Africa,128691692.0,1.4643286769713153e-06
ETH,Ethiopia,2024,192.70400670949,Total GHG,Africa,132059767.0,1.4592181334795932e-06
EU27,EU27,1970,4571.8962845156,Total GHG,,,
EU27,EU27,1971,4595.0609789029,Total GHG,,,
EU27,EU27,1972,4746.069322123,Total GHG,,,
EU27,EU27,1973,4964.9437272372,Total GHG,,,
EU27,EU27,1974,4925.7555600683,Total GHG,,,
EU27,EU27,1975,4839.4122936284,Total GHG,,,
EU27,EU27,1976,5103.7985842273,Total GHG,,,
EU27,EU27,1977,5093.3490763839,Total GHG,,,
EU27,EU27,1978,5263.4061881574,Total GHG,,,
EU27,EU27,1979,5421.8396552758,Total GHG,,,
EU27,EU27,1980,5333.4922713801,Total GHG,,,
EU27,EU27,1981,5128.3571672296,Total GHG,,,
EU27,EU27,1982,5044.0288986556,Total GHG,,,
EU27,EU27,1983,5023.4867574775,Total GHG,,,
EU27,EU27,1984,5062.1968450291,Total GHG,,,
EU27,EU27,1985,5066.2415078782,Total GHG,,,
EU27,EU27,1986,5065.0573602749,Total GHG,,,
EU27,EU27,1987,5100.572814735,Total GHG,,,
EU27,EU27,1988,5082.2249683615,Total GHG,,,
EU27,EU27,1989,5070.8464108018,Total GHG,,,
EU27,EU27,1990,4864.277232281,Total GHG,,,
EU27,EU27,1991,4783.0809504642,Total GHG,,,
EU27,EU27,1992,4607.8550304382,Total GHG,,,
EU27,EU27,1993,4520.5485749167,Total GHG,,,
EU27,EU27,1994,4506.6141674266,Total GHG,,,
EU27,EU27,1995,4557.6539116629,Total GHG,,,
EU27,EU27,1996,4666.628953511,Total GHG,,,
EU27,EU27,1997,4582.938136352,Total GHG,,,
EU27,EU27,1998,4534.4280265683,Total GHG,,,
EU27,EU27,1999,4454.0451018542,Total GHG,,,
EU27,EU27,2000,4468.6582488051,Total GHG,,,
EU27,EU27,2001,4500.9492400828,Total GHG,,,
EU27,EU27,2002,4484.565749249,Total GHG,,,
EU27,EU27,2003,4578.940754955,Total GHG,,,
EU27,EU27,2004,4585.1651013053,Total GHG,,,
EU27,EU27,2005,4552.2243946851,Total GHG,,,
EU27,EU27,2006,4550.1063180102,Total GHG,,,
EU27,EU27,2007,4518.749216941,Total GHG,,,
EU27,EU27,2008,4409.4267948419,Total GHG,,,
EU27,EU27,2009,4118.7673789891,Total GHG,,,
EU27,EU27,2010,4235.0787549045,Total GHG,,,
EU27,EU27,2011,4127.2786919669,Total GHG,,,
EU27,EU27,2012,4063.456432769,Total GHG,,,
EU27,EU27,2013,3973.9871439881,Total GHG,,,
EU27,EU27,2014,3831.0179262745,Total GHG,,,
EU27,EU27,2015,3885.9443551883,Total GHG,,,
EU27,EU27,2016,3894.3909481539,Total GHG,,,
EU27,EU27,2017,3915.2257892049,Total GHG,,,
EU27,EU27,2018,3834.9115469894,Total GHG,,,
EU27,EU27,2019,3683.7541399763,Total GHG,,,
EU27,EU27,2020,3395.6038279731,Total GHG,,,
EU27,EU27,2021,3572.3656090663,Total GHG,,,
EU27,EU27,2022,3483.1060412387,Total GHG,,,
EU27,EU27,2023,3222.5190164785,Total GHG,,,
EU27,EU27,2024,3164.6646501606,Total GHG,,,
FIN,Finland,1970,58.243254971867,Total GHG,Europe,4606307.0,1.2644240814141785e-05
FIN,Finland,1971,57.60683534615,Total GHG,Europe,4612124.0,1.2490304975787728e-05
FIN,Finland,1972,61.245264089165,Total GHG,Europe,4639657.0,1.3200386168452754e-05
FIN,Finland,1973,65.616627169733,Total GHG,Europe,4666081.0,1.4062470662153742e-05
FIN,Finland,1974,61.836599306764,Total GHG,Europe,4690574.0,1.3183162509911153e-05
FIN,Finland,1975,61.592241800318,Total GHG,Europe,4711440.0,1.3072912273172958e-05
FIN,Finland,1976,67.498390704365,Total GHG,Europe,4725664.0,1.4283366465403591e-05
FIN,Finland,1977,66.956748092061,Total GHG,Europe,4738902.0,1.4129169181397085e-05
FIN,Finland,1978,74.035498710793,Total GHG,Europe,4752528.0,1.5578129936487065e-05
FIN,Finland,1979,74.213153446237,Total GHG,Europe,4764690.0,1.557565202484044e-05
FIN,Finland,1980,75.101374637656,Total GHG,Europe,4779535.0,1.5713113229143838e-05
FIN,Finland,1981,65.478336195823,Total GHG,Europe,4799964.0,1.3641422351464095e-05
FIN,Finland,1982,63.537515763388,Total GHG,Europe,4826933.0,1.316312361563502e-05
FIN,Finland,1983,62.591533602883,Total GHG,Europe,4855787.0,1.289009044319345e-05
FIN,Finland,1984,62.944674521838,Total GHG,Europe,4881803.0,1.289373506506469e-05
FIN,Finland,1985,67.071709560964,Total GHG,Europe,4902206.0,1.3681944324853748e-05
FIN,Finland,1986,67.325692192035,Total GHG,Europe,4918154.0,1.3689220018737723e-05
FIN,Finland,1987,72.008451569333,Total GHG,Europe,4932123.0,1.4599889655901324e-05
FIN,Finland,1988,70.533825917715,Total GHG,Europe,4946481.0,1.4259394894615992e-05
FIN,Finland,1989,70.510586746282,Total GHG,Europe,4964371.0,1.42033274197843e-05
FIN,Finland,1990,73.040685191794,Total GHG,Europe,4986431.0,1.4647888478110696e-05
FIN,Finland,1991,73.417123224698,Total GHG,Europe,5013740.0,1.4643185172086706e-05
FIN,Finland,1992,70.14129390092,Total GHG,Europe,5041992.0,1.3911425067893801e-05
FIN,Finland,1993,71.622526340168,Total GHG,Europe,5066447.0,1.4136637833212899e-05
FIN,Finland,1994,78.66325718081,Total GHG,Europe,5088333.0,1.5459534032228238e-05
FIN,Finland,1995,75.322809864931,Total GHG,Europe,5107790.0,1.4746653614367663e-05
FIN,Finland,1996,81.589630087915,Total GHG,Europe,5124573.0,1.592125433434454e-05
FIN,Finland,1997,79.632068929728,Total GHG,Europe,5139835.0,1.5493117761509466e-05
FIN,Finland,1998,76.887728885522,Total GHG,Europe,5153498.0,1.4919522407017912e-05
FIN,Finland,1999,76.149720833167,Total GHG,Europe,5165474.0,1.4742058682933454e-05
FIN,Finland,2000,74.687583004506,Total GHG,Europe,5176209.0,1.4429012237432066e-05
FIN,Finland,2001,80.71707814831,Total GHG,Europe,5188008.0,1.555839508117759e-05
FIN,Finland,2002,83.012541074014,Total GHG,Europe,5200598.0,1.5962114563366366e-05
FIN,Finland,2003,91.622076087921,Total GHG,Europe,5213014.0,1.7575643588895214e-05
FIN,Finland,2004,87.935032111263,Total GHG,Europe,5228172.0,1.6819460436891325e-05
FIN,Finland,2005,75.205857038303,Total GHG,Europe,5246096.0,1.4335585364488754e-05
FIN,Finland,2006,87.463743528624,Total GHG,Europe,5266268.0,1.6608297095518875e-05
FIN,Finland,2007,85.633395273,Total GHG,Europe,5288720.0,1.6191705227919043e-05
FIN,Finland,2008,76.728085512003,Total GHG,Europe,5313399.0,1.4440490072739315e-05
FIN,Finland,2009,73.119751469308,Total GHG,Europe,5338871.0,1.3695732949776835e-05
FIN,Finland,2010,82.938131233895,Total GHG,Europe,5363352.0,1.5463861263235193e-05
FIN,Finland,2011,74.701455276504,Total GHG,Europe,5388272.0,1.386371275921186e-05
FIN,Finland,2012,68.641860516234,Total GHG,Europe,5413971.0,1.2678653157956333e-05
FIN,Finland,2013,69.564003421873,Total GHG,Europe,5438972.0,1.2789917547263158e-05
FIN,Finland,2014,65.562628801406,Total GHG,Europe,5461512.0,1.2004483154373003e-05
FIN,Finland,2015,61.791193424014,Total GHG,Europe,5479531.0,1.127673033039032e-05
FIN,Finland,2016,64.607363581884,Total GHG,Europe,5495303.0,1.1756833714516561e-05
FIN,Finland,2017,61.547330137214,Total GHG,Europe,5508214.0,1.1173736194202694e-05
FIN,Finland,2018,62.980313220931,Total GHG,Europe,5515525.0,1.1418734068095241e-05
FIN,Finland,2019,59.607039174265,Total GHG,Europe,5521606.0,1.0795235874175918e-05
FIN,Finland,2020,54.346469827616,Total GHG,Europe,5529543.0,9.828383616442806e-06
FIN,Finland,2021,55.402597408924,Total GHG,Europe,5541017.0,9.99863335718407e-06
FIN,Finland,2022,54.091559722637,Total GHG,Europe,5556106.0,9.735516155134009e-06
FIN,Finland,2023,49.873984130358,Total GHG,Europe,5583911.0,8.931729773335928e-06
FIN,Finland,2024,48.678995972021,Total GHG,Europe,5637214.0,8.63529324450358e-06
FJI,Fiji,1970,1.3631203257324,Total GHG,Oceania,531188.0,2.5661730418089267e-06
FJI,Fiji,1971,1.3852811358887,Total GHG,Oceania,541121.0,2.560021022818741e-06
FJI,Fiji,1972,1.4481682980197,Total GHG,Oceania,550499.0,2.630646555252053e-06
FJI,Fiji,1973,1.6199754485482,Total GHG,Oceania,559222.0,2.896837836401644e-06
FJI,Fiji,1974,1.8414379446806,Total GHG,Oceania,567489.0,3.244887468621594e-06
FJI,Fiji,1975,1.6808479538025,Total GHG,Oceania,575906.0,2.918615110456394e-06
FJI,Fiji,1976,1.6779825444157,Total GHG,Oceania,585534.0,2.8657303323388562e-06
FJI,Fiji,1977,1.765251498954,Total GHG,Oceania,597805.0,2.952888481953145e-06
FJI,Fiji,1978,1.7549625073875,Total GHG,Oceania,612091.0,2.867159470385122e-06
FJI,Fiji,1979,1.8865949054362,Total GHG,Oceania,626862.0,3.009585691007271e-06
FJI,Fiji,1980,1.985593919256,Total GHG,Oceania,641975.0,3.092945861218895e-06
FJI,Fiji,1981,2.042013036611,Total GHG,Oceania,657471.0,3.1058602381108823e-06
FJI,Fiji,1982,2.0326934902456,Total GHG,Oceania,673414.0,3.0184900970956948e-06
FJI,Fiji,1983,1.8391369546782,Total GHG,Oceania,689835.0,2.666053410856509e-06
FJI,Fiji,1984,1.7354297476424,Total GHG,Oceania,706716.0,2.455625382250296e-06
FJI,Fiji,1985,1.8577806593727,Total GHG,Oceania,723761.0,2.5668427276030348e-06
FJI,Fiji,1986,1.9172306777525,Total GHG,Oceania,739306.0,2.5932843474183897e-06
FJI,Fiji,1987,1.8482794170455,Total GHG,Oceania,750540.0,2.4625994844318756e-06
FJI,Fiji,1988,1.8543303841974,Total GHG,Oceania,758697.0,2.4440987432366278e-06
FJI,Fiji,1989,1.9960077029426,Total GHG,Oceania,766321.0,2.6046626713121524e-06
FJI,Fiji,1990,2.1304314112952,Total GHG,Oceania,773316.0,2.7549299526910085e-06
FJI,Fiji,1991,2.0223105203408,Total GHG,Oceania,779656.0,2.5938497495572405e-06
FJI,Fiji,1992,2.159959475554,Total GHG,Oceania,785346.0,2.750328486493851e-06
FJI,Fiji,1993,2.315800996494,Total GHG,Oceania,790369.0,2.9300250851108785e-06
FJI,Fiji,1994,2.425234420127,Total GHG,Oceania,794771.0,3.0514883156619956e-06
FJI,Fiji,1995,2.4637922158782,Total GHG,Oceania,798746.0,3.084575341695858e-06
FJI,Fiji,1996,2.5120847187093,Total GHG,Oceania,803789.0,3.1253036788377295e-06
FJI,Fiji,1997,2.5509024122732,Total GHG,Oceania,812139.0,3.1409677558560785e-06
FJI,Fiji,1998,2.5183979855635,Total GHG,Oceania,822258.0,3.0627831964705723e-06
FJI,Fiji,1999,2.6108289555537,Total GHG,Oceania,831828.0,3.138664430090956e-06
FJI,Fiji,2000,2.786074709956,Total GHG,Oceania,840909.0,3.313170283533652e-06
FJI,Fiji,2001,2.9279102568265,Total GHG,Oceania,849596.0,3.4462382789308095e-06
FJI,Fiji,2002,2.6248657662351,Total GHG,Oceania,858049.0,3.059109405447824e-06
FJI,Fiji,2003,2.8551422156179,Total GHG,Oceania,866286.0,3.2958424996108674e-06
FJI,Fiji,2004,3.3455000293255,Total GHG,Oceania,874366.0,3.826200960839626e-06
FJI,Fiji,2005,3.0962344153883,Total GHG,Oceania,882379.0,3.5089620394278425e-06
FJI,Fiji,2006,3.2404627174598,Total GHG,Oceania,890365.0,3.6394767510625416e-06
FJI,Fiji,2007,3.106535403841,Total GHG,Oceania,897832.0,3.460040858246309e-06
FJI,Fiji,2008,2.6754535062788,Total GHG,Oceania,903399.0,2.961541363537927e-06
FJI,Fiji,2009,2.4327510219574,Total GHG,Oceania,907239.0,2.681488584548724e-06
FJI,Fiji,2010,3.0726480037224,Total GHG,Oceania,910419.0,3.3749822924635803e-06
FJI,Fiji,2011,2.6149380051818,Total GHG,Oceania,912989.0,2.8641506142810043e-06
FJI,Fiji,2012,2.5818898431438,Total GHG,Oceania,914918.0,2.8219904331795856e-06
FJI,Fiji,2013,2.7743279133634,Total GHG,Oceania,916352.0,3.0275788270919907e-06
FJI,Fiji,2014,2.4793415660363,Total GHG,Oceania,917585.0,2.7020293117654495e-06
FJI,Fiji,2015,2.5391100269518,Total GHG,Oceania,918578.0,2.764174655774251e-06
FJI,Fiji,2016,2.5338120219692,Total GHG,Oceania,919166.0,2.756642458456035e-06
FJI,Fiji,2017,2.5377756755107,Total GHG,Oceania,918759.0,2.7621777588145535e-06
FJI,Fiji,2018,2.6768943969257,Total GHG,Oceania,917180.0,2.9186140091647227e-06
FJI,Fiji,2019,2.7570060463262,Total GHG,Oceania,914899.0,3.0134539947318773e-06
FJI,Fiji,2020,2.1479268974257,Total GHG,Oceania,914963.0,2.3475560185774724e-06
FJI,Fiji,2021,2.3723391972978,Total GHG,Oceania,916711.0,2.587881237705013e-06
FJI,Fiji,2022,2.5255983677891,Total GHG,Oceania,919422.0,2.746941412962818e-06
FJI,Fiji,2023,2.6489059423742,Total GHG,Oceania,924145.0,2.8663315198093375e-06
FJI,Fiji,2024,2.7508988098211,Total GHG,Oceania,928784.0,2.9618283797105678e-06
FLK,Falkland Islands,1970,0.15574633778749,Total GHG,South America,,
FLK,Falkland Islands,1971,0.15639096700922,Total GHG,South America,,
FLK,Falkland Islands,1972,0.15562328592023,Total GHG,South America,,
FLK,Falkland Islands,1973,0.14773764769033,Total GHG,South America,,
FLK,Falkland Islands,1974,0.14896474495921,Total GHG,South America,,
FLK,Falkland Islands,1975,0.15331677213456,Total GHG,South America,,
FLK,Falkland Islands,1976,0.15315079878602,Total GHG,South America,,
FLK,Falkland Islands,1977,0.15211711156475,Total GHG,South America,,
FLK,Falkland Islands,1978,0.15357455981301,Total GHG,South America,,
FLK,Falkland Islands,1979,0.1540334067223,Total GHG,South America,,
FLK,Falkland Islands,1980,0.15426093873531,Total GHG,South America,,
FLK,Falkland Islands,1981,0.15082526014675,Total GHG,South America,,
FLK,Falkland Islands,1982,0.15219735980729,Total GHG,South America,,
FLK,Falkland Islands,1983,0.15396406285572,Total GHG,South America,,
FLK,Falkland Islands,1984,0.15594659481408,Total GHG,South America,,
FLK,Falkland Islands,1985,0.158792985652,Total GHG,South America,,
FLK,Falkland Islands,1986,0.16022376992943,Total GHG,South America,,
FLK,Falkland Islands,1987,0.15489092342643,Total GHG,South America,,
FLK,Falkland Islands,1988,0.16124574659454,Total GHG,South America,,
FLK,Falkland Islands,1989,0.17311663674697,Total GHG,South America,,
FLK,Falkland Islands,1990,0.16478890148368,Total GHG,South America,,
FLK,Falkland Islands,1991,0.16293610529753,Total GHG,South America,,
FLK,Falkland Islands,1992,0.15725524486569,Total GHG,South America,,
FLK,Falkland Islands,1993,0.15733840166075,Total GHG,South America,,
FLK,Falkland Islands,1994,0.16127742901556,Total GHG,South America,,
FLK,Falkland Islands,1995,0.16564433815961,Total GHG,South America,,
FLK,Falkland Islands,1996,0.15185769072283,Total GHG,South America,,
FLK,Falkland Islands,1997,0.16217478136192,Total GHG,South America,,
FLK,Falkland Islands,1998,0.15461573037848,Total GHG,South America,,
FLK,Falkland Islands,1999,0.15213232472792,Total GHG,South America,,
FLK,Falkland Islands,2000,0.15472668976172,Total GHG,South America,,
FLK,Falkland Islands,2001,0.15196111581612,Total GHG,South America,,
FLK,Falkland Islands,2002,0.15309787905964,Total GHG,South America,,
FLK,Falkland Islands,2003,0.15546529360044,Total GHG,South America,,
FLK,Falkland Islands,2004,0.15570526265622,Total GHG,South America,,
FLK,Falkland Islands,2005,0.15592236292574,Total GHG,South America,,
FLK,Falkland Islands,2006,0.15898436157535,Total GHG,South America,,
FLK,Falkland Islands,2007,0.16179970470511,Total GHG,South America,,
FLK,Falkland Islands,2008,0.16257386112263,Total GHG,South America,,
FLK,Falkland Islands,2009,0.16418505252093,Total GHG,South America,,
FLK,Falkland Islands,2010,0.16400366507298,Total GHG,South America,,
FLK,Falkland Islands,2011,0.16001502336263,Total GHG,South America,,
FLK,Falkland Islands,2012,0.16083075000872,Total GHG,South America,,
FLK,Falkland Islands,2013,0.16279994209018,Total GHG,South America,,
FLK,Falkland Islands,2014,0.16380926826617,Total GHG,South America,,
FLK,Falkland Islands,2015,0.16431080385852,Total GHG,South America,,
FLK,Falkland Islands,2016,0.16603117199109,Total GHG,South America,,
FLK,Falkland Islands,2017,0.16428672603526,Total GHG,South America,,
FLK,Falkland Islands,2018,0.16149759080494,Total GHG,South America,,
FLK,Falkland Islands,2019,0.16438176697242,Total GHG,South America,,
FLK,Falkland Islands,2020,0.16519664060211,Total GHG,South America,,
FLK,Falkland Islands,2021,0.16800777119728,Total GHG,South America,,
FLK,Falkland Islands,2022,0.16955147941356,Total GHG,South America,,
FLK,Falkland Islands,2023,0.17143413695019,Total GHG,South America,,
FLK,Falkland Islands,2024,0.17289495721293,Total GHG,South America,,
FRA,France and Monaco,1970,634.00247388345,Total GHG,Europe,52007169.0,1.2190674594947669e-05
FRA,France and Monaco,1971,644.72023346838,Total GHG,Europe,52499553.0,1.2280489958997937e-05
FRA,France and Monaco,1972,661.46841485503,Total GHG,Europe,52962356.0,1.2489406907333012e-05
FRA,France and Monaco,1973,699.0736088841,Total GHG,Europe,53392161.0,1.3093188134567171e-05
FRA,France and Monaco,1974,680.40515973507,Total GHG,Europe,53746571.0,1.265950826397967e-05
FRA,France and Monaco,1975,638.47886027985,Total GHG,Europe,54002853.0,1.1823057946213508e-05
FRA,France and Monaco,1976,683.17875578282,Total GHG,Europe,54232383.0,1.2597247585134143e-05
FRA,France and Monaco,1977,665.65324400044,Total GHG,Europe,54486467.0,1.2216854581531961e-05
FRA,France and Monaco,1978,683.17961808491,Total GHG,Europe,54734030.0,1.2481807352480896e-05
FRA,France and Monaco,1979,692.00372067333,Total GHG,Europe,54979851.0,1.2586496836328822e-05
FRA,France and Monaco,1980,668.98621630271,Total GHG,Europe,55274184.0,1.2103050065880846e-05
FRA,France and Monaco,1981,617.92002543751,Total GHG,Europe,55603353.0,1.1112999344437197e-05
FRA,France and Monaco,1982,597.7787482746,Total GHG,Europe,55806789.0,1.0711577551516179e-05
FRA,France and Monaco,1983,581.97817738965,Total GHG,Europe,56108330.0,1.0372402411364766e-05
FRA,France and Monaco,1984,569.84011604393,Total GHG,Europe,56383085.0,1.0106579234604315e-05
FRA,France and Monaco,1985,554.19651990019,Total GHG,Europe,56665619.0,9.78011940362268e-06
FRA,France and Monaco,1986,541.26695324954,Total GHG,Europe,56956002.0,9.503246966834856e-06
FRA,France and Monaco,1987,531.36885063504,Total GHG,Europe,57266167.0,9.278931670685065e-06
FRA,France and Monaco,1988,528.39422898577,Total GHG,Europe,57598186.0,9.17379983087957e-06
FRA,France and Monaco,1989,536.44561861694,Total GHG,Europe,57943062.0,9.258151021030612e-06
FRA,France and Monaco,1990,530.89995737483,Total GHG,Europe,58261012.0,9.1124396770662e-06
FRA,France and Monaco,1991,561.69627382559,Total GHG,Europe,58554242.0,9.59275117634671e-06
FRA,France and Monaco,1992,546.91129334034,Total GHG,Europe,58846584.0,9.293849466951896e-06
FRA,France and Monaco,1993,524.33864960202,Total GHG,Europe,59103094.0,8.871593923695772e-06
FRA,France and Monaco,1994,518.61184640588,Total GHG,Europe,59324863.0,8.741897076203614e-06
FRA,France and Monaco,1995,529.17876884378,Total GHG,Europe,59541294.0,8.887592682211104e-06
FRA,France and Monaco,1996,547.15462656108,Total GHG,Europe,59754504.0,9.156709368068389e-06
FRA,France and Monaco,1997,533.36283802943,Total GHG,Europe,59968066.0,8.894114377966266e-06
FRA,France and Monaco,1998,545.64492601611,Total GHG,Europe,60190684.0,9.0652720613062e-06
FRA,France and Monaco,1999,538.16586188857,Total GHG,Europe,60501986.0,8.89501151067289e-06
FRA,France and Monaco,2000,538.06129641246,Total GHG,Europe,60918661.0,8.832454416758438e-06
FRA,France and Monaco,2001,542.46649469994,Total GHG,Europe,61364377.0,8.840088031855028e-06
FRA,France and Monaco,2002,536.07928147557,Total GHG,Europe,61812142.0,8.67271807981626e-06
FRA,France and Monaco,2003,539.64765627094,Total GHG,Europe,62249855.0,8.669058847943341e-06
FRA,France and Monaco,2004,541.16370652563,Total GHG,Europe,62707588.0,8.629955700506772e-06
FRA,France and Monaco,2005,541.8791571116,Total GHG,Europe,63180854.0,8.5766355280921e-06
FRA,France and Monaco,2006,528.19812834364,Total GHG,Europe,63622342.0,8.30208558408051e-06
FRA,France and Monaco,2007,522.87574586897,Total GHG,Europe,64016890.0,8.167778001539436e-06
FRA,France and Monaco,2008,515.5236224921,Total GHG,Europe,64375116.0,8.008119511459987e-06
FRA,France and Monaco,2009,501.29228583724,Total GHG,Europe,64706436.0,7.747178129811385e-06
FRA,France and Monaco,2010,510.80510358267,Total GHG,Europe,65026211.0,7.855372406408086e-06
FRA,France and Monaco,2011,493.17144946944,Total GHG,Europe,65340830.0,7.547676536545985e-06
FRA,France and Monaco,2012,495.35334479169,Total GHG,Europe,65657659.0,7.544486847934831e-06
FRA,France and Monaco,2013,490.00105394072,Total GHG,Europe,65997932.0,7.424491027093394e-06
FRA,France and Monaco,2014,455.85409552049,Total GHG,Europe,66312067.0,6.8743762054723765e-06
FRA,France and Monaco,2015,461.67068103406,Total GHG,Europe,66548272.0,6.937380448196461e-06
FRA,France and Monaco,2016,462.96219484381,Total GHG,Europe,66724104.0,6.938455027343791e-06
FRA,France and Monaco,2017,465.77039680646,Total GHG,Europe,66918020.0,6.960313482175055e-06
FRA,France and Monaco,2018,452.3490709987,Total GHG,Europe,67158348.0,6.735559829415399e-06
FRA,France and Monaco,2019,443.9014209685,Total GHG,Europe,67382061.0,6.587827893369127e-06
FRA,France and Monaco,2020,401.58636708789,Total GHG,Europe,67601110.0,5.940529187877093e-06
FRA,France and Monaco,2021,430.87821946809,Total GHG,Europe,67842811.0,6.351125684755161e-06
FRA,France and Monaco,2022,417.18101989961,Total GHG,Europe,68065015.0,6.129154895501162e-06
FRA,France and Monaco,2023,390.74290511362,Total GHG,Europe,68287487.0,5.7220278894377825e-06
FRA,France and Monaco,2024,378.12019029289,Total GHG,Europe,68516699.0,5.518657434049618e-06
FRO,Faroes,1970,0.08792297047779,Total GHG,,38269.0,2.297498509963417e-06
FRO,Faroes,1971,0.087032916257382,Total GHG,,38703.0,2.2487382439961244e-06
FRO,Faroes,1972,0.087961542444031,Total GHG,,39172.0,2.2455208425413815e-06
FRO,Faroes,1973,0.088109466756917,Total GHG,,39636.0,2.22296565639613e-06
FRO,Faroes,1974,0.088262674370146,Total GHG,,40106.0,2.2007349117375455e-06
FRO,Faroes,1975,0.088219663129642,Total GHG,,40568.0,2.1746120866111714e-06
FRO,Faroes,1976,0.08950103733109,Total GHG,,41020.0,2.1818877945170647e-06
FRO,Faroes,1977,0.089613969529581,Total GHG,,41468.0,2.161039103153781e-06
FRO,Faroes,1978,0.089391256747931,Total GHG,,41968.0,2.129986102457372e-06
FRO,Faroes,1979,0.088826376605606,Total GHG,,42521.0,2.0890001788670537e-06
FRO,Faroes,1980,0.088840677211436,Total GHG,,43072.0,2.062608590532968e-06
FRO,Faroes,1981,0.088618451061067,Total GHG,,43626.0,2.031321942444116e-06
FRO,Faroes,1982,0.088493401190613,Total GHG,,44171.0,2.0034276151912567e-06
FRO,Faroes,1983,0.08881920401781,Total GHG,,44670.0,1.988341258513768e-06
FRO,Faroes,1984,0.08894880298247,Total GHG,,45141.0,1.9704659396661573e-06
FRO,Faroes,1985,0.08883566441363,Total GHG,,45707.0,1.9435899186914478e-06
FRO,Faroes,1986,0.088851849835203,Total GHG,,46131.0,1.9260768211225205e-06
FRO,Faroes,1987,0.08942344112845,Total GHG,,46701.0,1.9148078441243228e-06
FRO,Faroes,1988,0.089560571539041,Total GHG,,47355.0,1.891259033661514e-06
FRO,Faroes,1989,0.08969501903919,Total GHG,,47958.0,1.8702827273695734e-06
FRO,Faroes,1990,0.090076220338839,Total GHG,,47740.0,1.8868081344541055e-06
FRO,Faroes,1991,0.089834235794974,Total GHG,,47446.0,1.893399565716267e-06
FRO,Faroes,1992,0.08966428060976,Total GHG,,47286.0,1.8962119995296706e-06
FRO,Faroes,1993,0.089799173655919,Total GHG,,46473.0,1.9322869979540592e-06
FRO,Faroes,1994,0.089817238200835,Total GHG,,44694.0,2.0096039334325636e-06
FRO,Faroes,1995,0.089682169727244,Total GHG,,43610.0,2.0564588334612245e-06
FRO,Faroes,1996,0.089641040278941,Total GHG,,43580.0,2.056930708557618e-06
FRO,Faroes,1997,0.089797897299048,Total GHG,,44131.0,2.034803138361877e-06
FRO,Faroes,1998,0.089744122205506,Total GHG,,44674.0,2.0088669518177464e-06
FRO,Faroes,1999,0.089922564639056,Total GHG,,45146.0,1.991816875006778e-06
FRO,Faroes,2000,0.090155397923687,Total GHG,,45754.0,1.97043751199211e-06
FRO,Faroes,2001,0.090853024055985,Total GHG,,46635.0,1.948172489674815e-06
FRO,Faroes,2002,0.091053261097338,Total GHG,,47335.0,1.923592713580606e-06
FRO,Faroes,2003,0.091189161947937,Total GHG,,48032.0,1.8985085348920927e-06
FRO,Faroes,2004,0.091296709849057,Total GHG,,48384.0,1.8869194330575603e-06
FRO,Faroes,2005,0.091151452722208,Total GHG,,48359.0,1.8848911830726028e-06
FRO,Faroes,2006,0.091078390548515,Total GHG,,48335.0,1.8843155177100446e-06
FRO,Faroes,2007,0.091140926676389,Total GHG,,48378.0,1.8839333307782256e-06
FRO,Faroes,2008,0.091027745697085,Total GHG,,48547.0,1.8750436833807443e-06
FRO,Faroes,2009,0.091186514636756,Total GHG,,48791.0,1.8689207976216105e-06
FRO,Faroes,2010,0.091169053906753,Total GHG,,48657.0,1.873708899166677e-06
FRO,Faroes,2011,0.091495279060995,Total GHG,,48543.0,1.884829513235585e-06
FRO,Faroes,2012,0.091777235096389,Total GHG,,48291.0,1.9005039261226524e-06
FRO,Faroes,2013,0.091872676916857,Total GHG,,48246.0,1.9042547966019358e-06
FRO,Faroes,2014,0.094211182859237,Total GHG,,48428.0,1.9453866122746553e-06
FRO,Faroes,2015,0.094426104103391,Total GHG,,48901.0,1.930964685863091e-06
FRO,Faroes,2016,0.094709277887069,Total GHG,,49464.0,1.914711262475113e-06
FRO,Faroes,2017,0.095113204376033,Total GHG,,50180.0,1.895440501714488e-06
FRO,Faroes,2018,0.095409323899811,Total GHG,,50996.0,1.8709177955096674e-06
FRO,Faroes,2019,0.095250453040274,Total GHG,,51793.0,1.8390603564241114e-06
FRO,Faroes,2020,0.095788238246676,Total GHG,,52567.0,1.8222123812786728e-06
FRO,Faroes,2021,0.096081678423538,Total GHG,,53305.0,1.802489042745296e-06
FRO,Faroes,2022,0.095653913170767,Total GHG,,53927.0,1.7737666321280065e-06
FRO,Faroes,2023,0.096459070097079,Total GHG,,54439.0,1.7718743933040468e-06
FRO,Faroes,2024,0.096616747976757,Total GHG,,54719.0,1.7656892117318848e-06
GAB,Gabon,1970,6.8307314180439,Total GHG,Africa,595846.0,1.1463920909167637e-05
GAB,Gabon,1971,7.3508519798119,Total GHG,Africa,608348.0,1.2083300972160507e-05
GAB,Gabon,1972,7.9203753074814,Total GHG,Africa,620960.0,1.2755049129543611e-05
GAB,Gabon,1973,11.874806099941,Total GHG,Africa,633995.0,1.8730125789542504e-05
GAB,Gabon,1974,14.550255588998,Total GHG,Africa,647691.0,2.2464810517666604e-05
GAB,Gabon,1975,16.758356968877,Total GHG,Africa,662197.0,2.5307207626849714e-05
GAB,Gabon,1976,17.623219650449,Total GHG,Africa,677628.0,2.600721878442006e-05
GAB,Gabon,1977,17.399560659447,Total GHG,Africa,693984.0,2.507199108257107e-05
GAB,Gabon,1978,17.373415597832,Total GHG,Africa,711245.0,2.4426766582305676e-05
GAB,Gabon,1979,16.475471703238,Total GHG,Africa,729375.0,2.2588478770506257e-05
GAB,Gabon,1980,15.388835143755,Total GHG,Africa,748389.0,2.0562615356124956e-05
GAB,Gabon,1981,14.521903543324,Total GHG,Africa,768385.0,1.889925433646414e-05
GAB,Gabon,1982,14.891284648107,Total GHG,Africa,789286.0,1.886677914989877e-05
GAB,Gabon,1983,14.433780650677,Total GHG,Africa,811005.0,1.7797400325123768e-05
GAB,Gabon,1984,15.820438680728,Total GHG,Africa,833501.0,1.8980707498524895e-05
GAB,Gabon,1985,17.091600714769,Total GHG,Africa,856726.0,1.9949903136789358e-05
GAB,Gabon,1986,14.609927149971,Total GHG,Africa,880705.0,1.658889997214845e-05
GAB,Gabon,1987,13.624219557978,Total GHG,Africa,905479.0,1.504642245483109e-05
GAB,Gabon,1988,14.238671017676,Total GHG,Africa,931020.0,1.529362529019355e-05
GAB,Gabon,1989,17.345208134903,Total GHG,Africa,957138.0,1.81219512075615e-05
GAB,Gabon,1990,20.424204718532,Total GHG,Africa,983734.0,2.076191807798856e-05
GAB,Gabon,1991,19.600566599256,Total GHG,Africa,1010818.0,1.9390796957766875e-05
GAB,Gabon,1992,20.893022179034,Total GHG,Africa,1038380.0,2.0120786397112807e-05
GAB,Gabon,1993,21.550584264501,Total GHG,Africa,1066405.0,2.0208630177560122e-05
GAB,Gabon,1994,21.094725617885,Total GHG,Africa,1094720.0,1.92695169704445e-05
GAB,Gabon,1995,23.581471612112,Total GHG,Africa,1123213.0,2.0994656945843756e-05
GAB,Gabon,1996,26.568680795402,Total GHG,Africa,1152015.0,2.3062790671477368e-05
GAB,Gabon,1997,24.535939963669,Total GHG,Africa,1181439.0,2.0767843251889434e-05
GAB,Gabon,1998,28.520649235129,Total GHG,Africa,1211736.0,2.3537015682565345e-05
GAB,Gabon,1999,27.158211632945,Total GHG,Africa,1243016.0,2.184864203915718e-05
GAB,Gabon,2000,27.948366910268,Total GHG,Africa,1275572.0,2.1910458139774156e-05
GAB,Gabon,2001,28.014791821746,Total GHG,Africa,1309589.0,2.1392048819702978e-05
GAB,Gabon,2002,27.092750898882,Total GHG,Africa,1345135.0,2.014128760227189e-05
GAB,Gabon,2003,30.188272506924,Total GHG,Africa,1382350.0,2.183837125686259e-05
GAB,Gabon,2004,27.929602651693,Total GHG,Africa,1421609.0,1.9646472871016572e-05
GAB,Gabon,2005,26.277553384568,Total GHG,Africa,1463495.0,1.7955342098584554e-05
GAB,Gabon,2006,22.636205053566,Total GHG,Africa,1508337.0,1.5007392282736551e-05
GAB,Gabon,2007,19.562392378954,Total GHG,Africa,1556237.0,1.2570316975469676e-05
GAB,Gabon,2008,21.040694290185,Total GHG,Africa,1607175.0,1.3091725723822858e-05
GAB,Gabon,2009,20.463042285145,Total GHG,Africa,1661556.0,1.2315589895943922e-05
GAB,Gabon,2010,21.005668170401,Total GHG,Africa,1719879.0,1.2213456975985521e-05
GAB,Gabon,2011,20.704050181292,Total GHG,Africa,1781985.0,1.1618532244262438e-05
GAB,Gabon,2012,20.592693997833,Total GHG,Africa,1846889.0,1.1149935918094157e-05
GAB,Gabon,2013,20.360928639668,Total GHG,Africa,1913059.0,1.0643126343551348e-05
GAB,Gabon,2014,20.538764341185,Total GHG,Africa,1978399.0,1.0381507643900446e-05
GAB,Gabon,2015,21.399145047559,Total GHG,Africa,2040989.0,1.0484693963347671e-05
GAB,Gabon,2016,21.443633629366,Total GHG,Africa,2100306.0,1.020976640040356e-05
GAB,Gabon,2017,19.695807111532,Total GHG,Africa,2156900.0,9.131534661566137e-06
GAB,Gabon,2018,18.344462416214,Total GHG,Africa,2212318.0,8.291964544072778e-06
GAB,Gabon,2019,20.255247302733,Total GHG,Africa,2267706.0,8.932042911529538e-06
GAB,Gabon,2020,20.08623514586,Total GHG,Africa,2322539.0,8.648395202775928e-06
GAB,Gabon,2021,19.169095280259,Total GHG,Africa,2376722.0,8.06535020934674e-06
GAB,Gabon,2022,19.938195052174,Total GHG,Africa,2430747.0,8.202497031642535e-06
GAB,Gabon,2023,21.553322123783,Total GHG,Africa,2484789.0,8.674105577488873e-06
GAB,Gabon,2024,21.781991821997,Total GHG,Africa,2538952.0,8.5791270658118e-06
GBR,United Kingdom,1970,869.87157926265,Total GHG,Europe,55663250.0,1.5627394722058988e-05
GBR,United Kingdom,1971,865.60661705709,Total GHG,Europe,55896223.0,1.548595898969936e-05
GBR,United Kingdom,1972,845.46636010115,Total GHG,Europe,56086065.0,1.507444603398634e-05
GBR,United Kingdom,1973,886.36579003795,Total GHG,Europe,56194527.0,1.577316933440778e-05
GBR,United Kingdom,1974,836.54909906212,Total GHG,Europe,56229974.0,1.4877280559690816e-05
GBR,United Kingdom,1975,825.17654357041,Total GHG,Europe,56225800.0,1.4676119211650345e-05
GBR,United Kingdom,1976,832.34537470811,Total GHG,Europe,56211968.0,1.4807262658160447e-05
GBR,United Kingdom,1977,837.72616102916,Total GHG,Europe,56193492.0,1.4907885792702828e-05
GBR,United Kingdom,1978,835.78176194358,Total GHG,Europe,56196504.0,1.4872486764364916e-05
GBR,United Kingdom,1979,875.8532769947,Total GHG,Europe,56246951.0,1.557156897259551e-05
GBR,United Kingdom,1980,811.02080813501,Total GHG,Europe,56314216.0,1.4401706456057385e-05
GBR,United Kingdom,1981,790.56356098556,Total GHG,Europe,56333829.0,1.4033549201591818e-05
GBR,United Kingdom,1982,774.04384055847,Total GHG,Europe,56313641.0,1.3745228097726269e-05
GBR,United Kingdom,1983,766.99661739074,Total GHG,Europe,56332848.0,1.361544187133482e-05
GBR,United Kingdom,1984,722.82894874493,Total GHG,Europe,56422072.0,1.281110251932843e-05
GBR,United Kingdom,1985,765.22910525523,Total GHG,Europe,56550268.0,1.3531838704199068e-05
GBR,United Kingdom,1986,788.68833796892,Total GHG,Europe,56681396.0,1.3914412728453618e-05
GBR,United Kingdom,1987,788.8466251396,Total GHG,Europe,56802050.0,1.3887643582222824e-05
GBR,United Kingdom,1988,785.76790743715,Total GHG,Europe,56928327.0,1.3802757763057925e-05
GBR,United Kingdom,1989,769.85520497439,Total GHG,Europe,57076711.0,1.348807931442283e-05
GBR,United Kingdom,1990,778.13109213431,Total GHG,Europe,57247586.0,1.3592382605168889e-05
GBR,United Kingdom,1991,788.37889280674,Total GHG,Europe,57424897.0,1.3728869079325298e-05
GBR,United Kingdom,1992,770.69526693392,Total GHG,Europe,57580402.0,1.338468020653833e-05
GBR,United Kingdom,1993,750.4328521462,Total GHG,Europe,57718614.0,1.3001574364661633e-05
GBR,United Kingdom,1994,737.40148005675,Total GHG,Europe,57865745.0,1.2743316102760795e-05
GBR,United Kingdom,1995,734.72609942279,Total GHG,Europe,58019030.0,1.2663536419391877e-05
GBR,United Kingdom,1996,755.90600251112,Total GHG,Europe,58166950.0,1.2995455366167903e-05
GBR,United Kingdom,1997,735.47729107984,Total GHG,Europe,58316954.0,1.2611723360582928e-05
GBR,United Kingdom,1998,730.33160710706,Total GHG,Europe,58487141.0,1.2487045778268765e-05
GBR,United Kingdom,1999,717.65521482682,Total GHG,Europe,58682466.0,1.2229465865098786e-05
GBR,United Kingdom,2000,718.07914795242,Total GHG,Europe,58892514.0,1.219304626649866e-05
GBR,United Kingdom,2001,724.32804200348,Total GHG,Europe,59119673.0,1.2251895270183244e-05
GBR,United Kingdom,2002,705.81749824351,Total GHG,Europe,59370479.0,1.1888357819102488e-05
GBR,United Kingdom,2003,715.57737498106,Total GHG,Europe,59647577.0,1.1996755123532678e-05
GBR,United Kingdom,2004,710.54958683837,Total GHG,Europe,59987905.0,1.1844880844536412e-05
GBR,United Kingdom,2005,703.62845086188,Total GHG,Europe,60401206.0,1.1649245064111468e-05
GBR,United Kingdom,2006,698.53366874399,Total GHG,Europe,60846820.0,1.1480200094992474e-05
GBR,United Kingdom,2007,685.42829391298,Total GHG,Europe,61322463.0,1.1177442333211242e-05
GBR,United Kingdom,2008,663.27729993201,Total GHG,Europe,61806995.0,1.0731427728075277e-05
GBR,United Kingdom,2009,607.93046506858,Total GHG,Europe,62276270.0,9.761831674706595e-06
GBR,United Kingdom,2010,622.72414088149,Total GHG,Europe,62766365.0,9.921303247073333e-06
GBR,United Kingdom,2011,578.6500235257799,Total GHG,Europe,63258810.0,9.147342852731183e-06
GBR,United Kingdom,2012,599.4118244913,Total GHG,Europe,63711000.0,9.408294085657108e-06
GBR,United Kingdom,2013,585.77844188927,Total GHG,Europe,64139000.0,9.132952523258392e-06
GBR,United Kingdom,2014,544.70896429334,Total GHG,Europe,64620000.0,8.42941758423615e-06
GBR,United Kingdom,2015,527.8980282403,Total GHG,Europe,65088000.0,8.110527720014443e-06
GBR,United Kingdom,2016,502.47847879811,Total GHG,Europe,65607000.0,7.658915646167483e-06
GBR,United Kingdom,2017,490.83997318668,Total GHG,Europe,65966000.0,7.440802431353728e-06
GBR,United Kingdom,2018,482.16798168312,Total GHG,Europe,66289000.0,7.273725379521791e-06
GBR,United Kingdom,2019,464.70900637397,Total GHG,Europe,66631000.0,6.974366381623719e-06
GBR,United Kingdom,2020,421.54114387014,Total GHG,Europe,66744000.0,6.315790840676914e-06
GBR,United Kingdom,2021,437.86944037325,Total GHG,Europe,66984000.0,6.53692583860698e-06
GBR,United Kingdom,2022,423.3671644979,Total GHG,Europe,67604000.0,6.2624573175832786e-06
GBR,United Kingdom,2023,400.60949906759,Total GHG,Europe,68492000.0,5.848996949535566e-06
GBR,United Kingdom,2024,386.69571660351,Total GHG,Europe,69226000.0,5.585989608001473e-06
GEO,Georgia,1970,29.390795381659,Total GHG,Asia,4119900.0,7.133861351406345e-06
GEO,Georgia,1971,29.368730211602,Total GHG,Asia,4163000.0,7.054703389767475e-06
GEO,Georgia,1972,31.000648875202,Total GHG,Asia,4205300.0,7.371804360022352e-06
GEO,Georgia,1973,32.677737477748,Total GHG,Asia,4242500.0,7.702472004183384e-06
GEO,Georgia,1974,34.151336390602,Total GHG,Asia,4279500.0,7.980216471691085e-06
GEO,Georgia,1975,36.218872604236,Total GHG,Asia,4311200.0,8.401111663628688e-06
GEO,Georgia,1976,36.727609519281,Total GHG,Asia,4342400.0,8.457905655692935e-06
GEO,Georgia,1977,37.084932878469,Total GHG,Asia,4372100.0,8.482178559152123e-06
GEO,Georgia,1978,37.964276266743,Total GHG,Asia,4397700.0,8.632757183696705e-06
GEO,Georgia,1979,39.142617387917,Total GHG,Asia,4430200.0,8.835406389760508e-06
GEO,Georgia,1980,40.030888328616,Total GHG,Asia,4467700.0,8.960066326883183e-06
GEO,Georgia,1981,40.42271198072,Total GHG,Asia,4504500.0,8.973851033570873e-06
GEO,Georgia,1982,39.9709097904,Total GHG,Asia,4542800.0,8.79873861724047e-06
GEO,Georgia,1983,39.386331685686,Total GHG,Asia,4582900.0,8.594194000673373e-06
GEO,Georgia,1984,39.201629603055,Total GHG,Asia,4622200.0,8.481162563942494e-06
GEO,Georgia,1985,38.785732759065,Total GHG,Asia,4662900.0,8.317942216016856e-06
GEO,Georgia,1986,38.425183374186,Total GHG,Asia,4704500.0,8.167750743795514e-06
GEO,Georgia,1987,38.910227589652,Total GHG,Asia,4743500.0,8.202851816096133e-06
GEO,Georgia,1988,38.370558599022,Total GHG,Asia,4790700.0,8.009384557376166e-06
GEO,Georgia,1989,37.153613210866,Total GHG,Asia,4803300.0,7.73501826054296e-06
GEO,Georgia,1990,40.819561484449,Total GHG,Asia,4802000.0,8.500533420335068e-06
GEO,Georgia,1991,32.724829579052,Total GHG,Asia,4835900.0,6.767060853006059e-06
GEO,Georgia,1992,26.866924559168,Total GHG,Asia,4873500.0,5.512860276837592e-06
GEO,Georgia,1993,22.492318105301,Total GHG,Asia,4911100.0,4.579894138848934e-06
GEO,Georgia,1994,16.291752789915,Total GHG,Asia,4836076.0,3.368795856375086e-06
GEO,Georgia,1995,13.746103045328,Total GHG,Asia,4657722.0,2.951250213157419e-06
GEO,Georgia,1996,12.466695060113,Total GHG,Asia,4491699.0,2.7754965459869416e-06
GEO,Georgia,1997,11.755474298341,Total GHG,Asia,4349913.0,2.70246193391477e-06
GEO,Georgia,1998,11.14366987178,Total GHG,Asia,4243607.0,2.6259900767860927e-06
GEO,Georgia,1999,10.689989983004,Total GHG,Asia,4157192.0,2.571444855807478e-06
GEO,Georgia,2000,11.241373420251,Total GHG,Asia,4077131.0,2.7571773926937837e-06
GEO,Georgia,2001,9.6209489640263,Total GHG,Asia,4014373.0,2.39662556619086e-06
GEO,Georgia,2002,9.6896747371026,Total GHG,Asia,3978515.0,2.4355003656144565e-06
GEO,Georgia,2003,10.247252580285,Total GHG,Asia,3951736.0,2.593101507865151e-06
GEO,Georgia,2004,10.534202506823,Total GHG,Asia,3927340.0,2.682274136393335e-06
GEO,Georgia,2005,11.151712725524,Total GHG,Asia,3902469.0,2.8576044359414514e-06
GEO,Georgia,2006,11.785809176935,Total GHG,Asia,3880347.0,3.037308049237607e-06
GEO,Georgia,2007,12.669212878099,Total GHG,Asia,3860158.0,3.282045159317054e-06
GEO,Georgia,2008,11.780926390563,Total GHG,Asia,3848449.0,3.061214112636805e-06
GEO,Georgia,2009,12.781206061135,Total GHG,Asia,3814419.0,3.3507609051693063e-06
GEO,Georgia,2010,12.189638117516,Total GHG,Asia,3786695.0,3.2190704869328e-06
GEO,Georgia,2011,13.624603933813,Total GHG,Asia,3756441.0,3.626997983946241e-06
GEO,Georgia,2012,14.797951959562,Total GHG,Asia,3728874.0,3.968477336472619e-06
GEO,Georgia,2013,15.735138478707,Total GHG,Asia,3717668.0,4.232529230341978e-06
GEO,Georgia,2014,16.534606756413,Total GHG,Asia,3719414.0,4.445487046188728e-06
GEO,Georgia,2015,16.789568496303,Total GHG,Asia,3725276.0,4.506932773921449e-06
GEO,Georgia,2016,17.210260304267,Total GHG,Asia,3727505.0,4.617099186793043e-06
GEO,Georgia,2017,17.287613504044,Total GHG,Asia,3728004.0,4.637230406416946e-06
GEO,Georgia,2018,17.146679470417,Total GHG,Asia,3726549.0,4.601222061058904e-06
GEO,Georgia,2019,17.878982797255,Total GHG,Asia,3720161.0,4.805970170983191e-06
GEO,Georgia,2020,17.527547706749,Total GHG,Asia,3722716.0,4.708268830270426e-06
GEO,Georgia,2021,18.560313848092,Total GHG,Asia,3708610.0,5.004655072410418e-06
GEO,Georgia,2022,19.706446338088,Total GHG,Asia,3712502.0,5.308130834161975e-06
GEO,Georgia,2023,19.652808348284,Total GHG,Asia,3715483.0,5.289435679905951e-06
GEO,Georgia,2024,19.602824699722,Total GHG,Asia,3673850.0,5.335771656361038e-06
GHA,Ghana,1970,6.8451526178007,Total GHG,Africa,8925813.0,7.668940204999478e-07
GHA,Ghana,1971,6.9400586453384,Total GHG,Africa,9176264.0,7.563054686894797e-07
GHA,Ghana,1972,7.3584949038505,Total GHG,Africa,9438187.0,7.796513147970579e-07
GHA,Ghana,1973,7.4971840207808,Total GHG,Africa,9714617.0,7.717426246223398e-07
GHA,Ghana,1974,8.1001434693883,Total GHG,Africa,10000523.0,8.099719854039933e-07
GHA,Ghana,1975,8.1878133822603,Total GHG,Africa,10294308.0,7.953728781245228e-07
GHA,Ghana,1976,8.3100663835251,Total GHG,Africa,10594913.0,7.843449383232406e-07
GHA,Ghana,1977,8.4864256951845,Total GHG,Africa,10911871.0,7.77724158871059e-07
GHA,Ghana,1978,8.2962752300043,Total GHG,Africa,11248450.0,7.375483048779431e-07
GHA,Ghana,1979,8.3808256968173,Total GHG,Africa,11597255.0,7.226559816799148e-07
GHA,Ghana,1980,8.4215983755208,Total GHG,Africa,11941448.0,7.052409704016464e-07
GHA,Ghana,1981,9.0443334551962,Total GHG,Africa,12281712.0,7.364065738714766e-07
GHA,Ghana,1982,8.9632620341134,Total GHG,Africa,12643819.0,7.089046461447606e-07
GHA,Ghana,1983,7.4525352786126,Total GHG,Africa,13029836.0,5.719592540238111e-07
GHA,Ghana,1984,7.9218725616098,Total GHG,Africa,13370590.0,5.924848912134618e-07
GHA,Ghana,1985,8.56219572586,Total GHG,Africa,13661229.0,6.267514969451139e-07
GHA,Ghana,1986,9.1938177961949,Total GHG,Africa,13965217.0,6.58336909207705e-07
GHA,Ghana,1987,9.6438751600918,Total GHG,Africa,14289108.0,6.749109293660459e-07
GHA,Ghana,1988,9.8628010036511,Total GHG,Africa,14636568.0,6.738465604540012e-07
GHA,Ghana,1989,10.55923979597,Total GHG,Africa,15006813.0,7.036297311074644e-07
GHA,Ghana,1990,10.473498857064,Total GHG,Africa,15394648.0,6.803337664533804e-07
GHA,Ghana,1991,10.703971646709,Total GHG,Africa,15787496.0,6.780031264431674e-07
GHA,Ghana,1992,11.249599109276,Total GHG,Africa,16184855.0,6.950695022770361e-07
GHA,Ghana,1993,11.577065564383,Total GHG,Africa,16589519.0,6.9785420327033e-07
GHA,Ghana,1994,11.979671633707,Total GHG,Africa,16993190.0,7.049689689638614e-07
GHA,Ghana,1995,12.390178833486,Total GHG,Africa,17399017.0,7.121194739614314e-07
GHA,Ghana,1996,13.065740970912,Total GHG,Africa,17810181.0,7.336107909802826e-07
GHA,Ghana,1997,13.42182617652,Total GHG,Africa,18238958.0,7.358877725646389e-07
GHA,Ghana,1998,15.154464120761,Total GHG,Africa,18688036.0,8.109179648819705e-07
GHA,Ghana,1999,16.078071211789,Total GHG,Africa,19149864.0,8.395919266992705e-07
GHA,Ghana,2000,15.540592438227,Total GHG,Africa,19637087.0,7.913899061621003e-07
GHA,Ghana,2001,16.155412659287,Total GHG,Africa,20167069.0,8.010788607549763e-07
GHA,Ghana,2002,17.541933641028,Total GHG,Africa,20729388.0,8.462349993655384e-07
GHA,Ghana,2003,17.210550608031,Total GHG,Africa,21296705.0,8.081320846596222e-07
GHA,Ghana,2004,17.119755544369,Total GHG,Africa,21868298.0,7.828572458802692e-07
GHA,Ghana,2005,17.876649692345,Total GHG,Africa,22449438.0,7.963072257018194e-07
GHA,Ghana,2006,19.819738321205,Total GHG,Africa,23040702.0,8.602054885829868e-07
GHA,Ghana,2007,20.373495483676,Total GHG,Africa,23642279.0,8.617399144843862e-07
GHA,Ghana,2008,22.037284140195,Total GHG,Africa,24249946.0,9.087560087843081e-07
GHA,Ghana,2009,23.153297098743,Total GHG,Africa,24862664.0,9.312476369685485e-07
GHA,Ghana,2010,24.49869063993,Total GHG,Africa,25474995.0,9.616759744184444e-07
GHA,Ghana,2011,27.522180908209,Total GHG,Africa,26095088.0,1.0546881814772572e-06
GHA,Ghana,2012,30.363766087992,Total GHG,Africa,26734268.0,1.135762014804071e-06
GHA,Ghana,2013,32.470467089069,Total GHG,Africa,27386193.0,1.1856509989931422e-06
GHA,Ghana,2014,32.665552722415,Total GHG,Africa,28041592.0,1.1648965123811444e-06
GHA,Ghana,2015,33.959980642908,Total GHG,Africa,28696068.0,1.1834367218152676e-06
GHA,Ghana,2016,34.630669633928,Total GHG,Africa,29356742.0,1.1796496230381423e-06
GHA,Ghana,2017,38.432092841918,Total GHG,Africa,30008354.0,1.2807131254822573e-06
GHA,Ghana,2018,40.457490942,Total GHG,Africa,30637585.0,1.3205182765547612e-06
GHA,Ghana,2019,42.694728938838,Total GHG,Africa,31258945.0,1.3658403678959094e-06
GHA,Ghana,2020,45.700023840003,Total GHG,Africa,31887809.0,1.4331503252544883e-06
GHA,Ghana,2021,46.52969894348,Total GHG,Africa,32518665.0,1.4308612897694293e-06
GHA,Ghana,2022,46.917918621924,Total GHG,Africa,33149152.0,1.4153580345561782e-06
GHA,Ghana,2023,46.82251111631,Total GHG,Africa,33787914.0,1.3857769117179e-06
GHA,Ghana,2024,48.093948904038,Total GHG,Africa,34427414.0,1.39696664129458e-06
GIB,Gibraltar,1970,0.081467146652152,Total GHG,,26634.0,3.0587649865642413e-06
GIB,Gibraltar,1971,0.082546608975255,Total GHG,,27020.0,3.05501883698205e-06
GIB,Gibraltar,1972,0.072507266630239,Total GHG,,27290.0,2.6569170623026383e-06
GIB,Gibraltar,1973,0.073048035996408,Total GHG,,27537.0,2.6527230996988776e-06
GIB,Gibraltar,1974,0.073062601944585,Total GHG,,27755.0,2.6324122480484595e-06
GIB,Gibraltar,1975,0.076223914007751,Total GHG,,27951.0,2.7270549893653535e-06
GIB,Gibraltar,1976,0.075610838698893,Total GHG,,28134.0,2.6875253678429302e-06
GIB,Gibraltar,1977,0.072526729769798,Total GHG,,28300.0,2.56278197066424e-06
GIB,Gibraltar,1978,0.069364217747535,Total GHG,,28446.0,2.4384524273196583e-06
GIB,Gibraltar,1979,0.092316629689989,Total GHG,,28575.0,3.230678204374068e-06
GIB,Gibraltar,1980,0.10769115146161,Total GHG,,28675.0,3.7555763369349607e-06
GIB,Gibraltar,1981,0.10123336051683,Total GHG,,28740.0,3.52238554338309e-06
GIB,Gibraltar,1982,0.11135428540366,Total GHG,,28765.0,3.87117279345246e-06
GIB,Gibraltar,1983,0.10170627271315,Total GHG,,28733.0,3.5397025271691086e-06
GIB,Gibraltar,1984,0.098372279493334,Total GHG,,28643.0,3.434426543774535e-06
GIB,Gibraltar,1985,0.1046507653873,Total GHG,,28512.0,3.6704112439429013e-06
GIB,Gibraltar,1986,0.13073925690258,Total GHG,,28328.0,4.615195456882943e-06
GIB,Gibraltar,1987,0.14254500822238,Total GHG,,28096.0,5.07349829948676e-06
GIB,Gibraltar,1988,0.15821467333088,Total GHG,,27839.0,5.683202461686123e-06
GIB,Gibraltar,1989,0.15152953493484,Total GHG,,27544.0,5.50136272635928e-06
GIB,Gibraltar,1990,0.15786347952746,Total GHG,,27200.0,5.803804394391912e-06
GIB,Gibraltar,1991,0.21771583147707,Total GHG,,26898.0,8.094127127558554e-06
GIB,Gibraltar,1992,0.25646405212739,Total GHG,,26878.0,9.541783321950665e-06
GIB,Gibraltar,1993,0.25962657474854,Total GHG,,27070.0,9.590933681142963e-06
GIB,Gibraltar,1994,0.30439757832688,Total GHG,,27239.0,1.1175064368254342e-05
GIB,Gibraltar,1995,0.29803463244158,Total GHG,,27377.0,1.0886314513700552e-05
GIB,Gibraltar,1996,0.30433141136547,Total GHG,,27487.0,1.107183073327282e-05
GIB,Gibraltar,1997,0.3139148508905,Total GHG,,27582.0,1.138114896999855e-05
GIB,Gibraltar,1998,0.32977998522923,Total GHG,,27650.0,1.1926943407928754e-05
GIB,Gibraltar,1999,0.34243439126617,Total GHG,,27692.0,1.236582374932002e-05
GIB,Gibraltar,2000,0.35822428759059,Total GHG,,27709.0,1.2928084289963188e-05
GIB,Gibraltar,2001,0.36765006765481,Total GHG,,27657.0,1.3293201274715624e-05
GIB,Gibraltar,2002,0.37400287013317,Total GHG,,27831.0,1.3438355435779168e-05
GIB,Gibraltar,2003,0.38037110402825,Total GHG,,28274.0,1.3453034732554643e-05
GIB,Gibraltar,2004,0.41216503226708,Total GHG,,28715.0,1.4353649042907193e-05
GIB,Gibraltar,2005,0.42480373701896,Total GHG,,29163.0,1.4566530775947605e-05
GIB,Gibraltar,2006,0.4438396369431,Total GHG,,29594.0,1.4997622387750896e-05
GIB,Gibraltar,2007,0.44074233328146,Total GHG,,30006.0,1.468847341469906e-05
GIB,Gibraltar,2008,0.45010851895735,Total GHG,,30413.0,1.4799872388693979e-05
GIB,Gibraltar,2009,0.49124005306509,Total GHG,,30823.0,1.5937451028942347e-05
GIB,Gibraltar,2010,0.4945004770559,Total GHG,,31248.0,1.5825028067585127e-05
GIB,Gibraltar,2011,0.47876386036431,Total GHG,,31660.0,1.5122042336206886e-05
GIB,Gibraltar,2012,0.48842493735723,Total GHG,,32029.0,1.524945946976896e-05
GIB,Gibraltar,2013,0.52013929439188,Total GHG,,32407.0,1.605021428678619e-05
GIB,Gibraltar,2014,0.55824565917471,Total GHG,,32813.0,1.7012941796687596e-05
GIB,Gibraltar,2015,0.60894196653757,Total GHG,,33193.0,1.8345493523862563e-05
GIB,Gibraltar,2016,0.63468557271279,Total GHG,,33658.0,1.88569009659751e-05
GIB,Gibraltar,2017,0.6729981962104,Total GHG,,34245.0,1.9652451342105418e-05
GIB,Gibraltar,2018,0.7136762979042,Total GHG,,34854.0,2.0476166233551384e-05
GIB,Gibraltar,2019,0.74174104397695,Total GHG,,35494.0,2.089764591133572e-05
GIB,Gibraltar,2020,0.6624023408873,Total GHG,,36173.0,1.8312065377140408e-05
GIB,Gibraltar,2021,0.66468647917034,Total GHG,,36858.0,1.8033709891213303e-05
GIB,Gibraltar,2022,0.65907095264,Total GHG,,37609.0,1.752428813954107e-05
GIB,Gibraltar,2023,0.65270141409658,Total GHG,,38471.0,1.6966063114984793e-05
GIB,Gibraltar,2024,0.65890452694286,Total GHG,,39329.0,1.6753655748756897e-05
GIN,Guinea,1970,4.3246503553354,Total GHG,Africa,4277535.0,1.011014604283869e-06
GIN,Guinea,1971,4.3426727673158,Total GHG,Africa,4355200.0,9.97123614831879e-07
GIN,Guinea,1972,4.4056777810876,Total GHG,Africa,4431292.0,9.94219695088385e-07
GIN,Guinea,1973,4.5305210604007,Total GHG,Africa,4506324.0,1.0053695784858567e-06
GIN,Guinea,1974,4.6439166518149,Total GHG,Africa,4580510.0,1.013842705684498e-06
GIN,Guinea,1975,4.7838033973885,Total GHG,Africa,4653876.0,1.0279181046913368e-06
GIN,Guinea,1976,4.8458177251601,Total GHG,Africa,4727022.0,1.0251311978577845e-06
GIN,Guinea,1977,4.9057105848964,Total GHG,Africa,4801128.0,1.0217829195339927e-06
GIN,Guinea,1978,4.9513068088748,Total GHG,Africa,4877854.0,1.0150584271023282e-06
GIN,Guinea,1979,5.0800181597494,Total GHG,Africa,4959283.0,1.0243452853465713e-06
GIN,Guinea,1980,5.1062308423261,Total GHG,Africa,5047419.0,1.0116518645125558e-06
GIN,Guinea,1981,5.1342902867574,Total GHG,Africa,5143288.0,9.982505912088532e-07
GIN,Guinea,1982,5.4162627629469,Total GHG,Africa,5247672.0,1.0321267722043032e-06
GIN,Guinea,1983,5.5669725478145,Total GHG,Africa,5359814.0,1.0386503240251434e-06
GIN,Guinea,1984,5.5517775563424,Total GHG,Africa,5480096.0,1.0130803468301284e-06
GIN,Guinea,1985,5.3816434006813,Total GHG,Africa,5610373.0,9.59230946085278e-07
GIN,Guinea,1986,5.1105861293012,Total GHG,Africa,5750668.0,8.886943446050441e-07
GIN,Guinea,1987,5.7679379499628,Total GHG,Africa,5900198.0,9.775837946392308e-07
GIN,Guinea,1988,5.9841271877837,Total GHG,Africa,6056574.0,9.880383179968905e-07
GIN,Guinea,1989,6.219523329406,Total GHG,Africa,6215811.0,1.0005972397497286e-06
GIN,Guinea,1990,6.8976943792273,Total GHG,Africa,6434374.0,1.072007063814957e-06
GIN,Guinea,1991,7.2111553591347,Total GHG,Africa,6697166.0,1.0767472926809192e-06
GIN,Guinea,1992,6.763424442983,Total GHG,Africa,6914366.0,9.78169863004504e-07
GIN,Guinea,1993,7.0907514551948,Total GHG,Africa,7128177.0,9.947496330681463e-07
GIN,Guinea,1994,7.5490054916076,Total GHG,Africa,7345107.0,1.0277597714516073e-06
GIN,Guinea,1995,7.8087155049863,Total GHG,Africa,7553249.0,1.033822068488183e-06
GIN,Guinea,1996,8.8502690736253,Total GHG,Africa,7770035.0,1.1390256380602275e-06
GIN,Guinea,1997,8.16034152374,Total GHG,Africa,7931370.0,1.0288691012700202e-06
GIN,Guinea,1998,8.5491650737061,Total GHG,Africa,8081990.0,1.05780446074619e-06
GIN,Guinea,1999,9.7478519167551,Total GHG,Africa,8265123.0,1.1793958682472239e-06
GIN,Guinea,2000,10.500149035484,Total GHG,Africa,8428832.0,1.2457418816134905e-06
GIN,Guinea,2001,10.772130421229,Total GHG,Africa,8539960.0,1.261379493724678e-06
GIN,Guinea,2002,11.188400137916,Total GHG,Africa,8674066.0,1.2898679970749588e-06
GIN,Guinea,2003,11.676275053962,Total GHG,Africa,8870781.0,1.3162623509657154e-06
GIN,Guinea,2004,12.093625990889,Total GHG,Africa,9062726.0,1.334435796788847e-06
GIN,Guinea,2005,12.561409220629,Total GHG,Africa,9245844.0,1.3586006015923479e-06
GIN,Guinea,2006,13.092197511819,Total GHG,Africa,9441171.0,1.3867133125561438e-06
GIN,Guinea,2007,13.562777102181,Total GHG,Africa,9662281.0,1.4036827434620251e-06
GIN,Guinea,2008,14.155790568532,Total GHG,Africa,9898870.0,1.4300410621143625e-06
GIN,Guinea,2009,14.729940959502,Total GHG,Africa,10143534.0,1.4521507947330783e-06
GIN,Guinea,2010,16.597929052953,Total GHG,Africa,10396086.0,1.5965555741798402e-06
GIN,Guinea,2011,16.852543663787,Total GHG,Africa,10656810.0,1.5813872691534333e-06
GIN,Guinea,2012,17.433164409184,Total GHG,Africa,10921581.0,1.596212527214146e-06
GIN,Guinea,2013,17.899567478583,Total GHG,Africa,11191873.0,1.5993361860506279e-06
GIN,Guinea,2014,18.494722129202,Total GHG,Africa,11472924.0,1.6120321314080003e-06
GIN,Guinea,2015,19.743246861371,Total GHG,Africa,11767070.0,1.6778388215053534e-06
GIN,Guinea,2016,20.959714460468,Total GHG,Africa,12073030.0,1.7360773940318213e-06
GIN,Guinea,2017,21.690289033677,Total GHG,Africa,12385659.0,1.7512422256802808e-06
GIN,Guinea,2018,23.010293665708,Total GHG,Africa,12704774.0,1.8111533243887693e-06
GIN,Guinea,2019,24.910676725913,Total GHG,Africa,13034346.0,1.911156626186922e-06
GIN,Guinea,2020,26.291240552511,Total GHG,Africa,13371183.0,1.9662613661417242e-06
GIN,Guinea,2021,27.113104025822,Total GHG,Africa,13710513.0,1.9775411777678924e-06
GIN,Guinea,2022,28.636728008435,Total GHG,Africa,14055137.0,2.0374563412960684e-06
GIN,Guinea,2023,28.615129628361,Total GHG,Africa,14405468.0,1.986407496678414e-06
GIN,Guinea,2024,29.37591393664,Total GHG,Africa,14754785.0,1.9909415106109643e-06
GLOBAL TOTAL,GLOBAL TOTAL,1970,23228.506264144,Total GHG,,,
GLOBAL TOTAL,GLOBAL TOTAL,1971,23262.161477333,Total GHG,,,
GLOBAL TOTAL,GLOBAL TOTAL,1972,24200.867463974,Total GHG,,,
GLOBAL TOTAL,GLOBAL TOTAL,1973,25423.897138325,Total GHG,,,
GLOBAL TOTAL,GLOBAL TOTAL,1974,25424.679820613,Total GHG,,,
GLOBAL TOTAL,GLOBAL TOTAL,1975,25445.008530766,Total GHG,,,
GLOBAL TOTAL,GLOBAL TOTAL,1976,26585.873374706,Total GHG,,,
GLOBAL TOTAL,GLOBAL TOTAL,1977,27272.383081009,Total GHG,,,
GLOBAL TOTAL,GLOBAL TOTAL,1978,27997.100227568,Total GHG,,,
GLOBAL TOTAL,GLOBAL TOTAL,1979,28713.071569548,Total GHG,,,
GLOBAL TOTAL,GLOBAL TOTAL,1980,28439.689463453,Total GHG,,,
GLOBAL TOTAL,GLOBAL TOTAL,1981,27937.885010194,Total GHG,,,
GLOBAL TOTAL,GLOBAL TOTAL,1982,27775.597673728,Total GHG,,,
GLOBAL TOTAL,GLOBAL TOTAL,1983,28027.897097014,Total GHG,,,
GLOBAL TOTAL,GLOBAL TOTAL,1984,28823.531704294,Total GHG,,,
GLOBAL TOTAL,GLOBAL TOTAL,1985,29138.665368561,Total GHG,,,
GLOBAL TOTAL,GLOBAL TOTAL,1986,29635.808788082,Total GHG,,,
GLOBAL TOTAL,GLOBAL TOTAL,1987,30395.987733477,Total GHG,,,
GLOBAL TOTAL,GLOBAL TOTAL,1988,31352.639359195,Total GHG,,,
GLOBAL TOTAL,GLOBAL TOTAL,1989,31920.673697577,Total GHG,,,
GLOBAL TOTAL,GLOBAL TOTAL,1990,32249.866915951,Total GHG,,,
GLOBAL TOTAL,GLOBAL TOTAL,1991,32322.913657496,Total GHG,,,
GLOBAL TOTAL,GLOBAL TOTAL,1992,32283.661302712,Total GHG,,,
GLOBAL TOTAL,GLOBAL TOTAL,1993,32363.428422874,Total GHG,,,
GLOBAL TOTAL,GLOBAL TOTAL,1994,32721.435459621,Total GHG,,,
GLOBAL TOTAL,GLOBAL TOTAL,1995,33546.502835837,Total GHG,,,
GLOBAL TOTAL,GLOBAL TOTAL,1996,34183.677838211,Total GHG,,,
GLOBAL TOTAL,GLOBAL TOTAL,1997,34587.073305376,Total GHG,,,
GLOBAL TOTAL,GLOBAL TOTAL,1998,34692.80850079,Total GHG,,,
GLOBAL TOTAL,GLOBAL TOTAL,1999,34923.598002336,Total GHG,,,
GLOBAL TOTAL,GLOBAL TOTAL,2000,35793.980384717,Total GHG,,,
GLOBAL TOTAL,GLOBAL TOTAL,2001,36099.483795785,Total GHG,,,
GLOBAL TOTAL,GLOBAL TOTAL,2002,36555.718923811,Total GHG,,,
GLOBAL TOTAL,GLOBAL TOTAL,2003,38064.796728653,Total GHG,,,
GLOBAL TOTAL,GLOBAL TOTAL,2004,39626.760851867,Total GHG,,,
GLOBAL TOTAL,GLOBAL TOTAL,2005,40919.624603104,Total GHG,,,
GLOBAL TOTAL,GLOBAL TOTAL,2006,42078.825888044,Total GHG,,,
GLOBAL TOTAL,GLOBAL TOTAL,2007,43350.586881897,Total GHG,,,
GLOBAL TOTAL,GLOBAL TOTAL,2008,43642.407234328,Total GHG,,,
GLOBAL TOTAL,GLOBAL TOTAL,2009,43188.41693082,Total GHG,,,
GLOBAL TOTAL,GLOBAL TOTAL,2010,45433.102837788,Total GHG,,,
GLOBAL TOTAL,GLOBAL TOTAL,2011,46808.098605241,Total GHG,,,
GLOBAL TOTAL,GLOBAL TOTAL,2012,47430.072884895,Total GHG,,,
GLOBAL TOTAL,GLOBAL TOTAL,2013,48193.437523686,Total GHG,,,
GLOBAL TOTAL,GLOBAL TOTAL,2014,48549.137332215,Total GHG,,,
GLOBAL TOTAL,GLOBAL TOTAL,2015,48451.420672913,Total GHG,,,
GLOBAL TOTAL,GLOBAL TOTAL,2016,48655.806379257,Total GHG,,,
GLOBAL TOTAL,GLOBAL TOTAL,2017,49478.56006411,Total GHG,,,
GLOBAL TOTAL,GLOBAL TOTAL,2018,50566.421973899,Total GHG,,,
GLOBAL TOTAL,GLOBAL TOTAL,2019,50829.629009719,Total GHG,,,
GLOBAL TOTAL,GLOBAL TOTAL,2020,48962.126893051,Total GHG,,,
GLOBAL TOTAL,GLOBAL TOTAL,2021,51187.953401185,Total GHG,,,
GLOBAL TOTAL,GLOBAL TOTAL,2022,51748.121503622,Total GHG,,,
GLOBAL TOTAL,GLOBAL TOTAL,2023,52540.765868581,Total GHG,,,
GLOBAL TOTAL,GLOBAL TOTAL,2024,53206.40126586,Total GHG,,,
GLP,Guadeloupe,1970,0.4127711637603,Total GHG,North America,,
GLP,Guadeloupe,1971,0.41984697005671,Total GHG,North America,,
GLP,Guadeloupe,1972,0.44634399418704,Total GHG,North America,,
GLP,Guadeloupe,1973,0.45797866974297,Total GHG,North America,,
GLP,Guadeloupe,1974,0.4397395161614,Total GHG,North America,,
GLP,Guadeloupe,1975,0.47350305169506,Total GHG,North America,,
GLP,Guadeloupe,1976,0.47368370129414,Total GHG,North America,,
GLP,Guadeloupe,1977,0.49403152358297,Total GHG,North America,,
GLP,Guadeloupe,1978,0.50451655785278,Total GHG,North America,,
GLP,Guadeloupe,1979,0.50780594279616,Total GHG,North America,,
GLP,Guadeloupe,1980,0.50558545744491,Total GHG,North America,,
GLP,Guadeloupe,1981,0.57253551805105,Total GHG,North America,,
GLP,Guadeloupe,1982,0.61433263161876,Total GHG,North America,,
GLP,Guadeloupe,1983,0.64994265449803,Total GHG,North America,,
GLP,Guadeloupe,1984,0.71041994643377,Total GHG,North America,,
GLP,Guadeloupe,1985,0.69232968730668,Total GHG,North America,,
GLP,Guadeloupe,1986,0.69111003837199,Total GHG,North America,,
GLP,Guadeloupe,1987,0.75749167345801,Total GHG,North America,,
GLP,Guadeloupe,1988,0.83830252265612,Total GHG,North America,,
GLP,Guadeloupe,1989,0.88686008769856,Total GHG,North America,,
GLP,Guadeloupe,1990,0.93281486380464,Total GHG,North America,,
GLP,Guadeloupe,1991,0.98363562951206,Total GHG,North America,,
GLP,Guadeloupe,1992,0.93205213823949,Total GHG,North America,,
GLP,Guadeloupe,1993,0.97645153420531,Total GHG,North America,,
GLP,Guadeloupe,1994,1.0184495849745,Total GHG,North America,,
GLP,Guadeloupe,1995,0.99847990016174,Total GHG,North America,,
GLP,Guadeloupe,1996,1.0306253531419,Total GHG,North America,,
GLP,Guadeloupe,1997,1.0728746479795,Total GHG,North America,,
GLP,Guadeloupe,1998,1.0827608260692,Total GHG,North America,,
GLP,Guadeloupe,1999,1.0568645503478,Total GHG,North America,,
GLP,Guadeloupe,2000,0.87381253054788,Total GHG,North America,,
GLP,Guadeloupe,2001,0.90229622620955,Total GHG,North America,,
GLP,Guadeloupe,2002,0.98832804821784,Total GHG,North America,,
GLP,Guadeloupe,2003,0.98766403253724,Total GHG,North America,,
GLP,Guadeloupe,2004,0.95451065601421,Total GHG,North America,,
GLP,Guadeloupe,2005,0.96308375119936,Total GHG,North America,,
GLP,Guadeloupe,2006,1.0473891253691,Total GHG,North America,,
GLP,Guadeloupe,2007,1.0943641154843,Total GHG,North America,,
GLP,Guadeloupe,2008,1.1098879864869,Total GHG,North America,,
GLP,Guadeloupe,2009,1.1703289556739,Total GHG,North America,,
GLP,Guadeloupe,2010,1.2969890220666,Total GHG,North America,,
GLP,Guadeloupe,2011,1.3945815115424,Total GHG,North America,,
GLP,Guadeloupe,2012,1.393856174981,Total GHG,North America,,
GLP,Guadeloupe,2013,1.3962914175862,Total GHG,North America,,
GLP,Guadeloupe,2014,1.400118752103,Total GHG,North America,,
GLP,Guadeloupe,2015,1.4083138860222,Total GHG,North America,,
GLP,Guadeloupe,2016,1.4098172735423,Total GHG,North America,,
GLP,Guadeloupe,2017,1.4091646436549,Total GHG,North America,,
GLP,Guadeloupe,2018,1.4119334773777,Total GHG,North America,,
GLP,Guadeloupe,2019,1.410610318618,Total GHG,North America,,
GLP,Guadeloupe,2020,1.4091955361077,Total GHG,North America,,
GLP,Guadeloupe,2021,1.40890588922,Total GHG,North America,,
GLP,Guadeloupe,2022,1.4086142816027,Total GHG,North America,,
GLP,Guadeloupe,2023,1.4110365749909,Total GHG,North America,,
GLP,Guadeloupe,2024,1.4489095538072,Total GHG,North America,,
GMB,The Gambia,1970,0.60523376505665,Total GHG,Africa,524105.0,1.1547948694567884e-06
GMB,The Gambia,1971,0.62485939242771,Total GHG,Africa,539388.0,1.1584599442844669e-06
GMB,The Gambia,1972,0.62636554496376,Total GHG,Africa,555370.0,1.1278346777171253e-06
GMB,The Gambia,1973,0.63129509219642,Total GHG,Africa,571991.0,1.1036801141913422e-06
GMB,The Gambia,1974,0.65024799968621,Total GHG,Africa,589085.0,1.1038271211899981e-06
GMB,The Gambia,1975,0.66955695579826,Total GHG,Africa,606821.0,1.1033846155592176e-06
GMB,The Gambia,1976,0.6641062693579,Total GHG,Africa,625667.0,1.0614372651233003e-06
GMB,The Gambia,1977,0.67404913212567,Total GHG,Africa,645770.0,1.043791337667699e-06
GMB,The Gambia,1978,0.70785350249681,Total GHG,Africa,667103.0,1.0610857731067167e-06
GMB,The Gambia,1979,0.7243694551591,Total GHG,Africa,689781.0,1.0501441111876088e-06
GMB,The Gambia,1980,0.7491550060459,Total GHG,Africa,713913.0,1.049364566895266e-06
GMB,The Gambia,1981,0.7583287024749,Total GHG,Africa,739125.0,1.02598167086068e-06
GMB,The Gambia,1982,0.75573147875302,Total GHG,Africa,765753.0,9.86912854083523e-07
GMB,The Gambia,1983,0.74900286733399,Total GHG,Africa,794525.0,9.427052230376514e-07
GMB,The Gambia,1984,0.7419436104501,Total GHG,Africa,825631.0,8.986382663079512e-07
GMB,The Gambia,1985,0.76691320677303,Total GHG,Africa,858874.0,8.929286563256426e-07
GMB,The Gambia,1986,0.78061249829842,Total GHG,Africa,894019.0,8.731497857410414e-07
GMB,The Gambia,1987,0.87578162915844,Total GHG,Africa,931091.0,9.405972446929892e-07
GMB,The Gambia,1988,0.88996728519414,Total GHG,Africa,970160.0,9.173407326566134e-07
GMB,The Gambia,1989,0.88310559589336,Total GHG,Africa,1011357.0,8.731887907962866e-07
GMB,The Gambia,1990,0.92666575031085,Total GHG,Africa,1054696.0,8.786093341691349e-07
GMB,The Gambia,1991,0.99434499672901,Total GHG,Africa,1099959.0,9.039836909639451e-07
GMB,The Gambia,1992,0.97666840901105,Total GHG,Africa,1145582.0,8.52552160396244e-07
GMB,The Gambia,1993,0.98788127969588,Total GHG,Africa,1188365.0,8.31294492597712e-07
GMB,The Gambia,1994,1.0302365331759,Total GHG,Africa,1227226.0,8.394839525693719e-07
GMB,The Gambia,1995,1.0417780538601,Total GHG,Africa,1264313.0,8.239874571091968e-07
GMB,The Gambia,1996,1.0572445327586,Total GHG,Africa,1301410.0,8.123839011215527e-07
GMB,The Gambia,1997,1.0588282255745,Total GHG,Africa,1338889.0,7.90825994966349e-07
GMB,The Gambia,1998,1.0880220531306,Total GHG,Africa,1376987.0,7.901469317652236e-07
GMB,The Gambia,1999,1.1308742586907,Total GHG,Africa,1415779.0,7.987646791559275e-07
GMB,The Gambia,2000,1.2472153457182,Total GHG,Africa,1455084.0,8.571431929140861e-07
GMB,The Gambia,2001,1.2411166941724,Total GHG,Africa,1495011.0,8.301722824597276e-07
GMB,The Gambia,2002,1.2665013738941,Total GHG,Africa,1535691.0,8.247110739687216e-07
GMB,The Gambia,2003,1.3922069966239,Total GHG,Africa,1577611.0,8.824779978232275e-07
GMB,The Gambia,2004,1.4468675590111,Total GHG,Africa,1621312.0,8.924053846582891e-07
GMB,The Gambia,2005,1.481832455776,Total GHG,Africa,1667037.0,8.889019594502102e-07
GMB,The Gambia,2006,1.5433799132786,Total GHG,Africa,1715275.0,8.997856980825814e-07
GMB,The Gambia,2007,1.5774435111544,Total GHG,Africa,1765774.0,8.933439450090442e-07
GMB,The Gambia,2008,1.6545121711177,Total GHG,Africa,1817852.0,9.101467947433015e-07
GMB,The Gambia,2009,1.8325351309105,Total GHG,Africa,1871422.0,9.792206840095392e-07
GMB,The Gambia,2010,1.8793748019109,Total GHG,Africa,1926630.0,9.75472613792425e-07
GMB,The Gambia,2011,1.7368182616706,Total GHG,Africa,1983784.0,8.755077476532727e-07
GMB,The Gambia,2012,1.7334969473167,Total GHG,Africa,2043094.0,8.484665645911054e-07
GMB,The Gambia,2013,1.8160700884562,Total GHG,Africa,2103820.0,8.632250327766634e-07
GMB,The Gambia,2014,1.9296988984077,Total GHG,Africa,2164528.0,8.915102499980134e-07
GMB,The Gambia,2015,2.0224918244546,Total GHG,Africa,2224529.0,9.091775492495716e-07
GMB,The Gambia,2016,1.9730756909158,Total GHG,Africa,2283769.0,8.63955895239755e-07
GMB,The Gambia,2017,1.9154046355384,Total GHG,Africa,2342189.0,8.177839770993716e-07
GMB,The Gambia,2018,1.7616974681462,Total GHG,Africa,2399632.0,7.341531818821386e-07
GMB,The Gambia,2019,1.8055266717616,Total GHG,Africa,2456844.0,7.34896750368196e-07
GMB,The Gambia,2020,1.7470006067931,Total GHG,Africa,2515733.0,6.944300554920177e-07
GMB,The Gambia,2021,1.740892650756,Total GHG,Africa,2576010.0,6.758097409388939e-07
GMB,The Gambia,2022,1.8162668347012,Total GHG,Africa,2636470.0,6.889010057771187e-07
GMB,The Gambia,2023,1.8423963356211,Total GHG,Africa,2697845.0,6.829140798011375e-07
GMB,The Gambia,2024,1.8595051534366,Total GHG,Africa,2759988.0,6.737366805350603e-07
GNB,Guinea-Bissau,1970,0.67309763584168,Total GHG,Africa,584403.0,1.151769644991008e-06
GNB,Guinea-Bissau,1971,0.67043244174847,Total GHG,Africa,586221.0,1.1436513563118177e-06
GNB,Guinea-Bissau,1972,0.70388948148592,Total GHG,Africa,586620.0,1.199907063321946e-06
GNB,Guinea-Bissau,1973,0.70909130230766,Total GHG,Africa,592808.0,1.1961567696584056e-06
GNB,Guinea-Bissau,1974,0.76222729809759,Total GHG,Africa,613338.0,1.2427524433470452e-06
GNB,Guinea-Bissau,1975,0.86646677550684,Total GHG,Africa,650966.0,1.3310476668625397e-06
GNB,Guinea-Bissau,1976,0.93057217304724,Total GHG,Africa,694191.0,1.3405131628719474e-06
GNB,Guinea-Bissau,1977,0.94168493471927,Total GHG,Africa,741789.0,1.2694781598530983e-06
GNB,Guinea-Bissau,1978,0.92200312505928,Total GHG,Africa,791694.0,1.1645953172049806e-06
GNB,Guinea-Bissau,1979,0.9595648677384,Total GHG,Africa,819867.0,1.1703908899106806e-06
GNB,Guinea-Bissau,1980,0.9944193287526,Total GHG,Africa,829303.0,1.1991025339985505e-06
GNB,Guinea-Bissau,1981,1.0832402776288,Total GHG,Africa,842432.0,1.2858489203031222e-06
GNB,Guinea-Bissau,1982,1.2626533107722,Total GHG,Africa,855891.0,1.4752501320520953e-06
GNB,Guinea-Bissau,1983,1.2414956396938,Total GHG,Africa,869592.0,1.4276760132266627e-06
GNB,Guinea-Bissau,1984,1.2673878080778,Total GHG,Africa,883519.0,1.4344771397986915e-06
GNB,Guinea-Bissau,1985,1.2541363632177,Total GHG,Africa,897697.0,1.3970597687390067e-06
GNB,Guinea-Bissau,1986,1.2793762628932,Total GHG,Africa,912126.0,1.4026310651085486e-06
GNB,Guinea-Bissau,1987,1.4027843829236,Total GHG,Africa,926862.0,1.5134770687800342e-06
GNB,Guinea-Bissau,1988,1.4254668533697,Total GHG,Africa,942061.0,1.513136467139283e-06
GNB,Guinea-Bissau,1989,1.5052538368015,Total GHG,Africa,957789.0,1.5715923202307606e-06
GNB,Guinea-Bissau,1990,1.6513640849889,Total GHG,Africa,973669.0,1.6960220413599487e-06
GNB,Guinea-Bissau,1991,1.7258836900713,Total GHG,Africa,994639.0,1.7351860223370488e-06
GNB,Guinea-Bissau,1992,1.7190014014279,Total GHG,Africa,1024356.0,1.6781288940835999e-06
GNB,Guinea-Bissau,1993,1.7522344675656,Total GHG,Africa,1058745.0,1.6550108548948048e-06
GNB,Guinea-Bissau,1994,1.7860807923012,Total GHG,Africa,1092031.0,1.63555869045952e-06
GNB,Guinea-Bissau,1995,1.8428930498849,Total GHG,Africa,1119949.0,1.6455151528193696e-06
GNB,Guinea-Bissau,1996,1.8646740670364,Total GHG,Africa,1143535.0,1.6306226456001783e-06
GNB,Guinea-Bissau,1997,1.8603996619532,Total GHG,Africa,1165545.0,1.5961628782699937e-06
GNB,Guinea-Bissau,1998,1.871278505537,Total GHG,Africa,1187473.0,1.5758493081838493e-06
GNB,Guinea-Bissau,1999,1.9553955956015,Total GHG,Africa,1210206.0,1.6157543390145975e-06
GNB,Guinea-Bissau,2000,2.0011107372487,Total GHG,Africa,1234741.0,1.6206724626854538e-06
GNB,Guinea-Bissau,2001,1.9677169110374,Total GHG,Africa,1261273.0,1.5601038879270387e-06
GNB,Guinea-Bissau,2002,2.0091610460152,Total GHG,Africa,1289307.0,1.5583263303582466e-06
GNB,Guinea-Bissau,2003,2.0733269017695,Total GHG,Africa,1318806.0,1.5721242561601177e-06
GNB,Guinea-Bissau,2004,2.0942513243911,Total GHG,Africa,1349563.0,1.5517996006048626e-06
GNB,Guinea-Bissau,2005,2.1522309385058,Total GHG,Africa,1381585.0,1.557798426087284e-06
GNB,Guinea-Bissau,2006,2.2498989631757,Total GHG,Africa,1415303.0,1.5896941949361373e-06
GNB,Guinea-Bissau,2007,2.3590063648182,Total GHG,Africa,1450986.0,1.6257954003816716e-06
GNB,Guinea-Bissau,2008,2.438001272068,Total GHG,Africa,1488054.0,1.6383822576788209e-06
GNB,Guinea-Bissau,2009,2.5747557729583,Total GHG,Africa,1526377.0,1.6868413065437308e-06
GNB,Guinea-Bissau,2010,2.7030972485155,Total GHG,Africa,1566347.0,1.7257333454946444e-06
GNB,Guinea-Bissau,2011,2.7010739172488,Total GHG,Africa,1608076.0,1.67969294812484e-06
GNB,Guinea-Bissau,2012,2.8103995923871,Total GHG,Africa,1651417.0,1.701810985588195e-06
GNB,Guinea-Bissau,2013,2.8916818278095,Total GHG,Africa,1695973.0,1.7050282214454474e-06
GNB,Guinea-Bissau,2014,2.7553350068278,Total GHG,Africa,1741122.0,1.5825054228410187e-06
GNB,Guinea-Bissau,2015,2.8965418164514,Total GHG,Africa,1786457.0,1.6213890490794907e-06
GNB,Guinea-Bissau,2016,2.9618657964665,Total GHG,Africa,1831893.0,1.616833404825773e-06
GNB,Guinea-Bissau,2017,2.8698415402217,Total GHG,Africa,1877072.0,1.5288926265064419e-06
GNB,Guinea-Bissau,2018,2.9733858823659,Total GHG,Africa,1922168.0,1.5468917817619998e-06
GNB,Guinea-Bissau,2019,3.0381219072141,Total GHG,Africa,1967696.0,1.543999635723252e-06
GNB,Guinea-Bissau,2020,3.0456823396483,Total GHG,Africa,2013255.0,1.5128149884879461e-06
GNB,Guinea-Bissau,2021,3.0879855291269,Total GHG,Africa,2058841.0,1.4998659581419352e-06
GNB,Guinea-Bissau,2022,3.1453610920222,Total GHG,Africa,2105529.0,1.4938578818065198e-06
GNB,Guinea-Bissau,2023,3.1488255053156,Total GHG,Africa,2153339.0,1.462299018090324e-06
GNB,Guinea-Bissau,2024,3.1886332502392,Total GHG,Africa,2201352.0,1.4484885880309918e-06
GNQ,Equatorial Guinea,1970,0.12512401265672,Total GHG,Africa,320803.0,3.900337984891662e-07
GNQ,Equatorial Guinea,1971,0.12545674146119,Total GHG,Africa,315940.0,3.97090401535703e-07
GNQ,Equatorial Guinea,1972,0.13148067809513,Total GHG,Africa,309468.0,4.2486033481694396e-07
GNQ,Equatorial Guinea,1973,0.10865669600135,Total GHG,Africa,302281.0,3.594559234664104e-07
GNQ,Equatorial Guinea,1974,0.11551564529531,Total GHG,Africa,294953.0,3.9164085564584866e-07
GNQ,Equatorial Guinea,1975,0.11899845510305,Total GHG,Africa,287901.0,4.1333116280613824e-07
GNQ,Equatorial Guinea,1976,0.12239483493358,Total GHG,Africa,281031.0,4.355207608184862e-07
GNQ,Equatorial Guinea,1977,0.12300399372944,Total GHG,Africa,276779.0,4.4441230631456866e-07
GNQ,Equatorial Guinea,1978,0.15904615255554,Total GHG,Africa,276531.0,5.75147641875739e-07
GNQ,Equatorial Guinea,1979,0.15702924011576,Total GHG,Africa,279846.0,5.611273347332461e-07
GNQ,Equatorial Guinea,1980,0.16243522123799,Total GHG,Africa,288644.0,5.627528070494797e-07
GNQ,Equatorial Guinea,1981,0.17324315687351,Total GHG,Africa,303252.0,5.712844659672814e-07
GNQ,Equatorial Guinea,1982,0.17098807134448,Total GHG,Africa,322216.0,5.306628824902549e-07
GNQ,Equatorial Guinea,1983,0.14491775615987,Total GHG,Africa,343421.0,4.219828029149935e-07
GNQ,Equatorial Guinea,1984,0.15683913171337,Total GHG,Africa,364899.0,4.2981518643068356e-07
GNQ,Equatorial Guinea,1985,0.14817293759972,Total GHG,Africa,385547.0,3.8431874090505176e-07
GNQ,Equatorial Guinea,1986,0.15645775295953,Total GHG,Africa,404728.0,3.865750651290002e-07
GNQ,Equatorial Guinea,1987,0.17740874885136,Total GHG,Africa,422522.0,4.198805005452023e-07
GNQ,Equatorial Guinea,1988,0.17532135554695,Total GHG,Africa,439651.0,3.9877392647111005e-07
GNQ,Equatorial Guinea,1989,0.1919657814284,Total GHG,Africa,456808.0,4.202329675233359e-07
GNQ,Equatorial Guinea,1990,0.18519744423433,Total GHG,Africa,474274.0,3.904861835865554e-07
GNQ,Equatorial Guinea,1991,0.19256068406134,Total GHG,Africa,492217.0,3.9121095789324627e-07
GNQ,Equatorial Guinea,1992,0.19500109311769,Total GHG,Africa,510770.0,3.8177867360590874e-07
GNQ,Equatorial Guinea,1993,0.21298280650886,Total GHG,Africa,530023.0,4.0183691369782066e-07
GNQ,Equatorial Guinea,1994,2.8208673824674,Total GHG,Africa,550138.0,5.127563234074724e-06
GNQ,Equatorial Guinea,1995,3.2123000853772,Total GHG,Africa,571264.0,5.6231446150592366e-06
GNQ,Equatorial Guinea,1996,5.3322085595558,Total GHG,Africa,593492.0,8.984465771325984e-06
GNQ,Equatorial Guinea,1997,7.6380687082039,Total GHG,Africa,616893.0,1.2381513014743075e-05
GNQ,Equatorial Guinea,1998,9.4808664449228,Total GHG,Africa,641474.0,1.477981406093279e-05
GNQ,Equatorial Guinea,1999,10.376611402793,Total GHG,Africa,667214.0,1.5552148790032883e-05
GNQ,Equatorial Guinea,2000,12.066560745934,Total GHG,Africa,703279.0,1.715757294890648e-05
GNQ,Equatorial Guinea,2001,13.3403215705,Total GHG,Africa,749836.0,1.779098572287807e-05
GNQ,Equatorial Guinea,2002,10.484416863085,Total GHG,Africa,797957.0,1.313907499161609e-05
GNQ,Equatorial Guinea,2003,11.723297588526,Total GHG,Africa,847862.0,1.3826893513951563e-05
GNQ,Equatorial Guinea,2004,16.184586405717,Total GHG,Africa,899917.0,1.798453235766965e-05
GNQ,Equatorial Guinea,2005,15.595021834895,Total GHG,Africa,947367.0,1.6461436628988553e-05
GNQ,Equatorial Guinea,2006,16.94131623078,Total GHG,Africa,990343.0,1.710651383488347e-05
GNQ,Equatorial Guinea,2007,18.133397924995,Total GHG,Africa,1036044.0,1.7502536499410255e-05
GNQ,Equatorial Guinea,2008,16.989691735712,Total GHG,Africa,1084530.0,1.5665488032338432e-05
GNQ,Equatorial Guinea,2009,14.346217835844,Total GHG,Africa,1135673.0,1.2632349132051215e-05
GNQ,Equatorial Guinea,2010,14.990990674043,Total GHG,Africa,1189085.0,1.2607164899097205e-05
GNQ,Equatorial Guinea,2011,15.046624106143,Total GHG,Africa,1241835.0,1.2116443896445985e-05
GNQ,Equatorial Guinea,2012,14.843838979168,Total GHG,Africa,1293483.0,1.1475867080717721e-05
GNQ,Equatorial Guinea,2013,13.988250110385,Total GHG,Africa,1346218.0,1.0390776315860432e-05
GNQ,Equatorial Guinea,2014,14.064652049983,Total GHG,Africa,1399828.0,1.00474144323324e-05
GNQ,Equatorial Guinea,2015,14.281477263562,Total GHG,Africa,1453923.0,9.822719128565956e-06
GNQ,Equatorial Guinea,2016,13.173477496676,Total GHG,Africa,1508186.0,8.734650432158898e-06
GNQ,Equatorial Guinea,2017,11.777839937703,Total GHG,Africa,1562396.0,7.538319310663238e-06
GNQ,Equatorial Guinea,2018,10.649481049105,Total GHG,Africa,1616422.0,6.588304940853936e-06
GNQ,Equatorial Guinea,2019,10.024381031649,Total GHG,Africa,1670177.0,6.001987233478248e-06
GNQ,Equatorial Guinea,2020,9.7695217288281,Total GHG,Africa,1716468.0,5.691642214610525e-06
GNQ,Equatorial Guinea,2021,9.2975215156492,Total GHG,Africa,1758786.0,5.2863290449487315e-06
GNQ,Equatorial Guinea,2022,9.1254761127559,Total GHG,Africa,1803545.0,5.059744066688605e-06
GNQ,Equatorial Guinea,2023,7.9746753103412,Total GHG,Africa,1847549.0,4.316353888498329e-06
GNQ,Equatorial Guinea,2024,8.1387019428792,Total GHG,Africa,1892516.0,4.300466650152073e-06
GRC,Greece,1970,44.557516902191,Total GHG,Europe,8792806.0,5.0674968721237564e-06
GRC,Greece,1971,46.131152336475,Total GHG,Europe,8831036.0,5.2237531742000595e-06
GRC,Greece,1972,53.501343104168,Total GHG,Europe,8888628.0,6.019077759151131e-06
GRC,Greece,1973,56.915913189594,Total GHG,Europe,8929086.0,6.3742149184803465e-06
GRC,Greece,1974,57.109044681667,Total GHG,Europe,8962022.0,6.372339264695735e-06
GRC,Greece,1975,59.137645495422,Total GHG,Europe,9046541.0,6.537044987185931e-06
GRC,Greece,1976,64.406322018729,Total GHG,Europe,9188150.0,7.0097159949205226e-06
GRC,Greece,1977,66.639627361416,Total GHG,Europe,9308479.0,7.1590243004701414e-06
GRC,Greece,1978,69.560632736123,Total GHG,Europe,9429959.0,7.376557282605682e-06
GRC,Greece,1979,72.964824659563,Total GHG,Europe,9548258.0,7.641689684083004e-06
GRC,Greece,1980,73.174593563499,Total GHG,Europe,9642505.0,7.588753499583252e-06
GRC,Greece,1981,72.735932218795,Total GHG,Europe,9729350.0,7.475929246948152e-06
GRC,Greece,1982,74.337167112283,Total GHG,Europe,9789513.0,7.593551090057595e-06
GRC,Greece,1983,78.00092931721,Total GHG,Europe,9846627.0,7.92158871430897e-06
GRC,Greece,1984,79.91187272811,Total GHG,Europe,9895801.0,8.075331418660298e-06
GRC,Greece,1985,83.377661036924,Total GHG,Europe,9934300.0,8.392907506006864e-06
GRC,Greece,1986,82.931227546854,Total GHG,Europe,9967213.0,8.320402859540977e-06
GRC,Greece,1987,87.981146122411,Total GHG,Europe,10000595.0,8.797591155567344e-06
GRC,Greece,1988,92.920435452624,Total GHG,Europe,10036983.0,9.257805403538493e-06
GRC,Greece,1989,97.545793885226,Total GHG,Europe,10089498.0,9.668052254455674e-06
GRC,Greece,1990,98.293584841221,Total GHG,Europe,10196792.0,9.639657731688653e-06
GRC,Greece,1991,98.062244883468,Total GHG,Europe,10319927.0,9.502222727299137e-06
GRC,Greece,1992,99.944412878824,Total GHG,Europe,10399061.0,9.610907453934927e-06
GRC,Greece,1993,99.928781839599,Total GHG,Europe,10460415.0,9.553041809488343e-06
GRC,Greece,1994,102.41649518457,Total GHG,Europe,10512922.0,9.741962813437596e-06
GRC,Greece,1995,106.703736701,Total GHG,Europe,10562153.0,1.0102460805197576e-05
GRC,Greece,1996,107.58290186903,Total GHG,Europe,10608800.0,1.0140911495082384e-05
GRC,Greece,1997,108.73331479163,Total GHG,Europe,10661259.0,1.0198918794828078e-05
GRC,Greece,1998,112.83080268382,Total GHG,Europe,10720509.0,1.0524761714562247e-05
GRC,Greece,1999,113.91438851989,Total GHG,Europe,10761698.0,1.0585168671327703e-05
GRC,Greece,2000,120.00408930626,Total GHG,Europe,10805808.0,1.110551745008425e-05
GRC,Greece,2001,120.79539977412,Total GHG,Europe,10862132.0,1.1120781792572581e-05
GRC,Greece,2002,121.3174001882,Total GHG,Europe,10902022.0,1.1127972424583257e-05
GRC,Greece,2003,124.61914440896,Total GHG,Europe,10928070.0,1.1403582188708527e-05
GRC,Greece,2004,124.71294134369,Total GHG,Europe,10955141.0,1.1383964966191673e-05
GRC,Greece,2005,126.78304257858,Total GHG,Europe,10987314.0,1.1539038802256858e-05
GRC,Greece,2006,123.34174152226,Total GHG,Europe,11020362.0,1.1192167872730496e-05
GRC,Greece,2007,127.74550132409,Total GHG,Europe,11048473.0,1.1562276644391492e-05
GRC,Greece,2008,123.23124092324,Total GHG,Europe,11077841.0,1.1124120749091812e-05
GRC,Greece,2009,117.48570108086,Total GHG,Europe,11107017.0,1.0577610629466039e-05
GRC,Greece,2010,110.79493983856,Total GHG,Europe,11121341.0,9.962372328890913e-06
GRC,Greece,2011,107.93401474088,Total GHG,Europe,11104899.0,9.71949539936203e-06
GRC,Greece,2012,103.42960741761,Total GHG,Europe,11045011.0,9.364373418696459e-06
GRC,Greece,2013,95.849567220154,Total GHG,Europe,10965211.0,8.741242391063336e-06
GRC,Greece,2014,93.022120546515,Total GHG,Europe,10892413.0,8.540083868148867e-06
GRC,Greece,2015,91.440436998434,Total GHG,Europe,10820883.0,8.450367405177009e-06
GRC,Greece,2016,89.956677716967,Total GHG,Europe,10775971.0,8.347895304930478e-06
GRC,Greece,2017,90.425829982722,Total GHG,Europe,10754679.0,8.408045463999622e-06
GRC,Greece,2018,87.920421049567,Total GHG,Europe,10732882.0,8.191688033984441e-06
GRC,Greece,2019,82.08057942038,Total GHG,Europe,10721582.0,7.655640690000785e-06
GRC,Greece,2020,72.283348819195,Total GHG,Europe,10698599.0,6.756337798920681e-06
GRC,Greece,2021,73.506035167586,Total GHG,Europe,10569207.0,6.954735125122065e-06
GRC,Greece,2022,74.624308598441,Total GHG,Europe,10436882.0,7.150057708656762e-06
GRC,Greece,2023,70.597990903103,Total GHG,Europe,10405588.0,6.78462292598006e-06
GRC,Greece,2024,71.500075445737,Total GHG,Europe,10388805.0,6.88241577792027e-06
GRD,Grenada,1970,0.052309980986094,Total GHG,North America,98414.0,5.315298736571422e-07
GRD,Grenada,1971,0.054611251951139,Total GHG,North America,98648.0,5.535971530202235e-07
GRD,Grenada,1972,0.054983585018671,Total GHG,North America,98777.0,5.566436014322261e-07
GRD,Grenada,1973,0.055756402779536,Total GHG,North America,98709.0,5.648563229243129e-07
GRD,Grenada,1974,0.053194456966294,Total GHG,North America,98486.0,5.401220170003249e-07
GRD,Grenada,1975,0.054323797843992,Total GHG,North America,98126.0,5.536126800643255e-07
GRD,Grenada,1976,0.05536041298202,Total GHG,North America,97632.0,5.670314341816207e-07
GRD,Grenada,1977,0.058103353922329,Total GHG,North America,97017.0,5.988986870582372e-07
GRD,Grenada,1978,0.059599010129574,Total GHG,North America,96305.0,6.188568623599398e-07
GRD,Grenada,1979,0.059114290606793,Total GHG,North America,95490.0,6.190626307130904e-07
GRD,Grenada,1980,0.058855581435491,Total GHG,North America,94538.0,6.225600439557744e-07
GRD,Grenada,1981,0.063547779986592,Total GHG,North America,94052.0,6.756664396992302e-07
GRD,Grenada,1982,0.062514654967843,Total GHG,North America,94383.0,6.623507937641631e-07
GRD,Grenada,1983,0.062262723875384,Total GHG,North America,94948.0,6.557560335697856e-07
GRD,Grenada,1984,0.063861114147329,Total GHG,North America,95498.0,6.687167704803137e-07
GRD,Grenada,1985,0.063105606180756,Total GHG,North America,96111.0,6.565908811765146e-07
GRD,Grenada,1986,0.06604981412949,Total GHG,North America,96790.0,6.824032868012191e-07
GRD,Grenada,1987,0.072645699815224,Total GHG,North America,97526.0,7.448854645450853e-07
GRD,Grenada,1988,0.075753625831847,Total GHG,North America,98308.0,7.705743767734772e-07
GRD,Grenada,1989,0.076423731194432,Total GHG,North America,99121.0,7.710145296600318e-07
GRD,Grenada,1990,0.092846040633889,Total GHG,North America,99957.0,9.288598160597957e-07
GRD,Grenada,1991,0.093310790262506,Total GHG,North America,100793.0,9.257665736956534e-07
GRD,Grenada,1992,0.095349456918006,Total GHG,North America,101602.0,9.384604330427157e-07
GRD,Grenada,1993,0.10250742825906,Total GHG,North America,102382.0,1.0012251006921138e-06
GRD,Grenada,1994,0.1134245838124,Total GHG,North America,103138.0,1.09973611871861e-06
GRD,Grenada,1995,0.10712369817265,Total GHG,North America,103869.0,1.0313346443370976e-06
GRD,Grenada,1996,0.11176091470093,Total GHG,North America,104584.0,1.0686234481462747e-06
GRD,Grenada,1997,0.13704352715527,Total GHG,North America,105293.0,1.3015445201036155e-06
GRD,Grenada,1998,0.12599676310238,Total GHG,North America,106009.0,1.1885477940776728e-06
GRD,Grenada,1999,0.12783926496108,Total GHG,North America,106727.0,1.1978155945644494e-06
GRD,Grenada,2000,0.10373949241089,Total GHG,North America,107451.0,9.654586035578078e-07
GRD,Grenada,2001,0.10508029413941,Total GHG,North America,107987.0,9.730828168150797e-07
GRD,Grenada,2002,0.11060758238243,Total GHG,North America,108404.0,1.0203275006681487e-06
GRD,Grenada,2003,0.11786066018003,Total GHG,North America,108884.0,1.082442417435344e-06
GRD,Grenada,2004,0.11462202002879,Total GHG,North America,109323.0,1.0484712277269194e-06
GRD,Grenada,2005,0.12039212369972,Total GHG,North America,109734.0,1.097126904147484e-06
GRD,Grenada,2006,0.13074047578572,Total GHG,North America,110135.0,1.1870928931376947e-06
GRD,Grenada,2007,0.1407764397754,Total GHG,North America,110522.0,1.2737413345343008e-06
GRD,Grenada,2008,0.14983240749484,Total GHG,North America,110896.0,1.3511074114020344e-06
GRD,Grenada,2009,0.15731535896207,Total GHG,North America,111254.0,1.4140198011942942e-06
GRD,Grenada,2010,0.16963369357126,Total GHG,North America,111586.0,1.5202058822008137e-06
GRD,Grenada,2011,0.14232454645825,Total GHG,North America,112079.0,1.269859174852113e-06
GRD,Grenada,2012,0.14564449055796,Total GHG,North America,112775.0,1.2914607896959432e-06
GRD,Grenada,2013,0.1739722427819,Total GHG,North America,113487.0,1.5329706731334865e-06
GRD,Grenada,2014,0.16205535814752,Total GHG,North America,114132.0,1.419894141410998e-06
GRD,Grenada,2015,0.16980624862551,Total GHG,North America,114676.0,1.4807479213218983e-06
GRD,Grenada,2016,0.1807162764402,Total GHG,North America,115130.0,1.5696714708607661e-06
GRD,Grenada,2017,0.18171958942681,Total GHG,North America,115438.0,1.5741747901627713e-06
GRD,Grenada,2018,0.1983079140503,Total GHG,North America,115691.0,1.714117036332126e-06
GRD,Grenada,2019,0.23700689813409,Total GHG,North America,115981.0,2.0434976257670656e-06
GRD,Grenada,2020,0.21068118374566,Total GHG,North America,116341.0,1.8108936982289993e-06
GRD,Grenada,2021,0.21837665378787,Total GHG,North America,116688.0,1.8714576802059338e-06
GRD,Grenada,2022,0.22894437159644,Total GHG,North America,116913.0,1.9582456321918005e-06
GRD,Grenada,2023,0.23355176439514,Total GHG,North America,117081.0,1.994787919433042e-06
GRD,Grenada,2024,0.24099091876012,Total GHG,North America,117207.0,2.056113702766217e-06
GRL,Greenland,1970,0.056463308049773,Total GHG,,46400.0,1.2168816390037286e-06
GRL,Greenland,1971,0.057479336115869,Total GHG,,47200.0,1.217782544827733e-06
GRL,Greenland,1972,0.058592414821288,Total GHG,,48300.0,1.213093474560828e-06
GRL,Greenland,1973,0.055225016955938,Total GHG,,49000.0,1.1270411623660815e-06
GRL,Greenland,1974,0.056021375329854,Total GHG,,49500.0,1.1317449561586666e-06
GRL,Greenland,1975,0.056285509252907,Total GHG,,49600.0,1.1347884930021572e-06
GRL,Greenland,1976,0.0562787733738,Total GHG,,49700.0,1.1323696855895373e-06
GRL,Greenland,1977,0.054819601315144,Total GHG,,49400.0,1.1097085286466395e-06
GRL,Greenland,1978,0.055708228253768,Total GHG,,49200.0,1.1322810620684552e-06
GRL,Greenland,1979,0.055980637852071,Total GHG,,49600.0,1.1286418921788508e-06
GRL,Greenland,1980,0.056560058364829,Total GHG,,50200.0,1.1266943897376294e-06
GRL,Greenland,1981,0.057856866800592,Total GHG,,51000.0,1.1344483686390588e-06
GRL,Greenland,1982,0.058510817794582,Total GHG,,51500.0,1.1361323843608155e-06
GRL,Greenland,1983,0.058718059658689,Total GHG,,52100.0,1.1270260970957582e-06
GRL,Greenland,1984,0.058814328528442,Total GHG,,52700.0,1.1160214142019354e-06
GRL,Greenland,1985,0.059346662516025,Total GHG,,53200.0,1.1155387690982144e-06
GRL,Greenland,1986,0.05965848005421,Total GHG,,53500.0,1.1151117767142055e-06
GRL,Greenland,1987,0.060087808229502,Total GHG,,54100.0,1.1106803739279482e-06
GRL,Greenland,1988,0.060428339811338,Total GHG,,54800.0,1.1027069308638321e-06
GRL,Greenland,1989,0.060797841615686,Total GHG,,55300.0,1.099418474063038e-06
GRL,Greenland,1990,0.061139998829006,Total GHG,,55600.0,1.099640266708741e-06
GRL,Greenland,1991,0.061085517828323,Total GHG,,55500.0,1.1006399608706846e-06
GRL,Greenland,1992,0.06114386303833,Total GHG,,55300.0,1.105675642646112e-06
GRL,Greenland,1993,0.060972607185614,Total GHG,,55200.0,1.1045762171306885e-06
GRL,Greenland,1994,0.060807544370838,Total GHG,,55500.0,1.0956314301051892e-06
GRL,Greenland,1995,0.060682236039878,Total GHG,,55800.0,1.0874952695318637e-06
GRL,Greenland,1996,0.060571753695725,Total GHG,,55900.0,1.0835734113725402e-06
GRL,Greenland,1997,0.060340996853983,Total GHG,,56000.0,1.0775178009639822e-06
GRL,Greenland,1998,0.0602617318104,Total GHG,,56100.0,1.0741841677433155e-06
GRL,Greenland,1999,0.060064945126567,Total GHG,,56100.0,1.0706763837177719e-06
GRL,Greenland,2000,0.059308122200421,Total GHG,,56185.0,1.05558640563177e-06
GRL,Greenland,2001,0.059486505769527,Total GHG,,56379.0,1.0551181427397967e-06
GRL,Greenland,2002,0.05934470055349,Total GHG,,56595.0,1.0485855738756073e-06
GRL,Greenland,2003,0.059703211451323,Total GHG,,56751.0,1.0520204305003083e-06
GRL,Greenland,2004,0.6685328146581,Total GHG,,56898.0,1.1749671599319835e-05
GRL,Greenland,2005,0.67555982529203,Total GHG,,56935.0,1.1865457544428383e-05
GRL,Greenland,2006,0.6895594132075,Total GHG,,56775.0,1.2145476234390137e-05
GRL,Greenland,2007,0.68012041404076,Total GHG,,56555.0,1.2025822898784546e-05
GRL,Greenland,2008,0.69732110152205,Total GHG,,56328.0,1.2379653130273575e-05
GRL,Greenland,2009,0.61481251518305,Total GHG,,56323.0,1.0915833943203488e-05
GRL,Greenland,2010,0.70791483447507,Total GHG,,56534.0,1.2521930775729119e-05
GRL,Greenland,2011,0.74843773110905,Total GHG,,56890.0,1.3155875041466866e-05
GRL,Greenland,2012,0.60367893319486,Total GHG,,56810.0,1.0626279408464355e-05
GRL,Greenland,2013,0.60250935313603,Total GHG,,56483.0,1.0667091923871431e-05
GRL,Greenland,2014,0.54541778440308,Total GHG,,56295.0,9.688565314913936e-06
GRL,Greenland,2015,0.58452606647851,Total GHG,,56114.0,1.0416759925838651e-05
GRL,Greenland,2016,0.58088203172604,Total GHG,,56186.0,1.0338554652867975e-05
GRL,Greenland,2017,0.56808729823343,Total GHG,,56172.0,1.0113353596692836e-05
GRL,Greenland,2018,0.57304010041413,Total GHG,,56023.0,1.0228657880051586e-05
GRL,Greenland,2019,0.58874679915748,Total GHG,,56225.0,1.0471263657758647e-05
GRL,Greenland,2020,0.59199463736207,Total GHG,,56367.0,1.0502503900545888e-05
GRL,Greenland,2021,0.6131665995027,Total GHG,,56653.0,1.0823197350585141e-05
GRL,Greenland,2022,0.65549114524127,Total GHG,,56661.0,1.1568647663141666e-05
GRL,Greenland,2023,0.64998093736356,Total GHG,,56865.0,1.1430245974915326e-05
GRL,Greenland,2024,0.6592546312159,Total GHG,,56836.0,1.1599243986485678e-05
GTM,Guatemala,1970,8.3487949492714,Total GHG,North America,5396966.0,1.5469422911449508e-06
GTM,Guatemala,1971,8.7804846441344,Total GHG,North America,5538355.0,1.5853957798180868e-06
GTM,Guatemala,1972,9.3819013308135,Total GHG,North America,5682833.0,1.6509197667454772e-06
GTM,Guatemala,1973,9.5580693468512,Total GHG,North America,5831631.0,1.6390044820824911e-06
GTM,Guatemala,1974,9.4735356628626,Total GHG,North America,5981197.0,1.5838862459909948e-06
GTM,Guatemala,1975,9.9036087679152,Total GHG,North America,6128731.0,1.6159313841503568e-06
GTM,Guatemala,1976,9.5572216466703,Total GHG,North America,6262404.0,1.5261266514696752e-06
GTM,Guatemala,1977,10.451012995609,Total GHG,North America,6401515.0,1.6325843172450585e-06
GTM,Guatemala,1978,11.054652975693,Total GHG,North America,6561534.0,1.6847665463126457e-06
GTM,Guatemala,1979,11.771466132753,Total GHG,North America,6727797.0,1.7496761767266462e-06
GTM,Guatemala,1980,12.253762634257,Total GHG,North America,6900212.0,1.7758530657111696e-06
GTM,Guatemala,1981,11.860447801868,Total GHG,North America,7075648.0,1.6762348553613748e-06
GTM,Guatemala,1982,11.533621028725,Total GHG,North America,7240241.0,1.5929885522767818e-06
GTM,Guatemala,1983,11.402528689909,Total GHG,North America,7419642.0,1.5368030815919419e-06
GTM,Guatemala,1984,11.702360214298,Total GHG,North America,7630682.0,1.5335929625029585e-06
GTM,Guatemala,1985,12.026267820496,Total GHG,North America,7849693.0,1.532068556120093e-06
GTM,Guatemala,1986,11.700539386885,Total GHG,North America,8070818.0,1.4497340154226003e-06
GTM,Guatemala,1987,12.113855172195,Total GHG,North America,8296485.0,1.4601189747459315e-06
GTM,Guatemala,1988,12.278511607504,Total GHG,North America,8532099.0,1.4390962420271964e-06
GTM,Guatemala,1989,12.703210085125,Total GHG,North America,8775546.0,1.4475691979877949e-06
GTM,Guatemala,1990,13.079715030789,Total GHG,North America,9024773.0,1.4493123573068265e-06
GTM,Guatemala,1991,13.673003160003,Total GHG,North America,9272584.0,1.4745623399047126e-06
GTM,Guatemala,1992,14.833646763316,Total GHG,North America,9522266.0,1.5577853804247856e-06
GTM,Guatemala,1993,15.827330349638,Total GHG,North America,9779761.0,1.6183759858383043e-06
GTM,Guatemala,1994,16.213633353686,Total GHG,North America,10043718.0,1.6143059127791121e-06
GTM,Guatemala,1995,17.43027842054,Total GHG,North America,10312996.0,1.6901275265247848e-06
GTM,Guatemala,1996,17.417930461714,Total GHG,North America,10583526.0,1.6457587444594553e-06
GTM,Guatemala,1997,18.054511320873,Total GHG,North America,10857754.0,1.6628219170256575e-06
GTM,Guatemala,1998,19.967903220795,Total GHG,North America,11139145.0,1.7925884994579927e-06
GTM,Guatemala,1999,20.574277067817,Total GHG,North America,11422965.0,1.8011328116489021e-06
GTM,Guatemala,2000,21.645232096405,Total GHG,North America,11697592.0,1.850400671899396e-06
GTM,Guatemala,2001,22.524955441538,Total GHG,North America,11969422.0,1.881874951149521e-06
GTM,Guatemala,2002,23.630295892463,Total GHG,North America,12246915.0,1.92948966269979e-06
GTM,Guatemala,2003,23.504151602211,Total GHG,North America,12525842.0,1.87645282466528e-06
GTM,Guatemala,2004,24.331719170281,Total GHG,North America,12807402.0,1.899816931668187e-06
GTM,Guatemala,2005,25.629055657393,Total GHG,North America,13087629.0,1.9582657529024545e-06
GTM,Guatemala,2006,26.244292727169,Total GHG,North America,13367459.0,1.963297043003386e-06
GTM,Guatemala,2007,27.318126069056,Total GHG,North America,13652040.0,2.001028862284025e-06
GTM,Guatemala,2008,26.772525428989,Total GHG,North America,13935174.0,1.9212193137300615e-06
GTM,Guatemala,2009,28.110611328267,Total GHG,North America,14215611.0,1.977446578150387e-06
GTM,Guatemala,2010,28.210770374138,Total GHG,North America,14500112.0,1.945555342892386e-06
GTM,Guatemala,2011,28.797100478162,Total GHG,North America,14792126.0,1.946785774956352e-06
GTM,Guatemala,2012,29.771353724928,Total GHG,North America,15089647.0,1.9729655521383637e-06
GTM,Guatemala,2013,31.448741234843,Total GHG,North America,15387337.0,2.043806620654568e-06
GTM,Guatemala,2014,33.137073687644,Total GHG,North America,15681725.0,2.1131013130024917e-06
GTM,Guatemala,2015,36.233923177484,Total GHG,North America,15971743.0,2.2686267351962777e-06
GTM,Guatemala,2016,37.841404731601,Total GHG,North America,16268760.0,2.326016533011797e-06
GTM,Guatemala,2017,37.31219861759,Total GHG,North America,16567357.0,2.2521515421916725e-06
GTM,Guatemala,2018,39.586914584201,Total GHG,North America,16845685.0,2.3499735738974696e-06
GTM,Guatemala,2019,40.973296771467,Total GHG,North America,17103803.0,2.3955664580249782e-06
GTM,Guatemala,2020,39.544938559328,Total GHG,North America,17357325.0,2.2782853094775837e-06
GTM,Guatemala,2021,42.517373651683,Total GHG,North America,17598650.0,2.415945180549815e-06
GTM,Guatemala,2022,41.487332942942,Total GHG,North America,17847877.0,2.324496798299428e-06
GTM,Guatemala,2023,42.992884634674,Total GHG,North America,18124838.0,2.372042422374975e-06
GTM,Guatemala,2024,43.47216808936,Total GHG,North America,18406359.0,2.361801597445752e-06
GUF,French Guiana,1970,0.11103931063436,Total GHG,South America,,
GUF,French Guiana,1971,0.11179952826408,Total GHG,South America,,
GUF,French Guiana,1972,0.13132929357099,Total GHG,South America,,
GUF,French Guiana,1973,0.13236254022749,Total GHG,South America,,
GUF,French Guiana,1974,0.11946049586552,Total GHG,South America,,
GUF,French Guiana,1975,0.14107563170778,Total GHG,South America,,
GUF,French Guiana,1976,0.13004647497472,Total GHG,South America,,
GUF,French Guiana,1977,0.14408251496145,Total GHG,South America,,
GUF,French Guiana,1978,0.14632639480282,Total GHG,South America,,
GUF,French Guiana,1979,0.14790907342824,Total GHG,South America,,
GUF,French Guiana,1980,0.14936219714659,Total GHG,South America,,
GUF,French Guiana,1981,0.13894116989349,Total GHG,South America,,
GUF,French Guiana,1982,0.16994120067659,Total GHG,South America,,
GUF,French Guiana,1983,0.21590048366375,Total GHG,South America,,
GUF,French Guiana,1984,0.19003089835541,Total GHG,South America,,
GUF,French Guiana,1985,0.17844523670398,Total GHG,South America,,
GUF,French Guiana,1986,0.22486432572229,Total GHG,South America,,
GUF,French Guiana,1987,0.28263998574381,Total GHG,South America,,
GUF,French Guiana,1988,0.27975588691463,Total GHG,South America,,
GUF,French Guiana,1989,0.31687599475659,Total GHG,South America,,
GUF,French Guiana,1990,0.35989149696467,Total GHG,South America,,
GUF,French Guiana,1991,0.41150969942646,Total GHG,South America,,
GUF,French Guiana,1992,0.34945135339984,Total GHG,South America,,
GUF,French Guiana,1993,0.43143807631431,Total GHG,South America,,
GUF,French Guiana,1994,0.40730508138865,Total GHG,South America,,
GUF,French Guiana,1995,0.45448257333079,Total GHG,South America,,
GUF,French Guiana,1996,0.48131724756721,Total GHG,South America,,
GUF,French Guiana,1997,0.49833887936622,Total GHG,South America,,
GUF,French Guiana,1998,0.54021986452575,Total GHG,South America,,
GUF,French Guiana,1999,0.52842912042442,Total GHG,South America,,
GUF,French Guiana,2000,0.31753790782013,Total GHG,South America,,
GUF,French Guiana,2001,0.29254174147901,Total GHG,South America,,
GUF,French Guiana,2002,0.28069279834009,Total GHG,South America,,
GUF,French Guiana,2003,0.32241452079425,Total GHG,South America,,
GUF,French Guiana,2004,0.32811415661698,Total GHG,South America,,
GUF,French Guiana,2005,0.32963026534016,Total GHG,South America,,
GUF,French Guiana,2006,0.32706952678243,Total GHG,South America,,
GUF,French Guiana,2007,0.34902831137866,Total GHG,South America,,
GUF,French Guiana,2008,0.363698744882,Total GHG,South America,,
GUF,French Guiana,2009,0.4612606276186,Total GHG,South America,,
GUF,French Guiana,2010,0.46276516094263,Total GHG,South America,,
GUF,French Guiana,2011,0.49223258444897,Total GHG,South America,,
GUF,French Guiana,2012,0.50643391754392,Total GHG,South America,,
GUF,French Guiana,2013,0.50662257452061,Total GHG,South America,,
GUF,French Guiana,2014,0.51067305258128,Total GHG,South America,,
GUF,French Guiana,2015,0.51510121956179,Total GHG,South America,,
GUF,French Guiana,2016,0.52704538791121,Total GHG,South America,,
GUF,French Guiana,2017,0.52612140576237,Total GHG,South America,,
GUF,French Guiana,2018,0.53276830746048,Total GHG,South America,,
GUF,French Guiana,2019,0.53843361270084,Total GHG,South America,,
GUF,French Guiana,2020,0.54129003487963,Total GHG,South America,,
GUF,French Guiana,2021,0.55031751838925,Total GHG,South America,,
GUF,French Guiana,2022,0.55493654353918,Total GHG,South America,,
GUF,French Guiana,2023,0.57700856891599,Total GHG,South America,,
GUF,French Guiana,2024,0.58626018667196,Total GHG,South America,,
GUY,Guyana,1970,3.018331031453,Total GHG,South America,702705.0,4.295303194730363e-06
GUY,Guyana,1971,3.0140567426226,Total GHG,South America,712662.0,4.229293469586704e-06
GUY,Guyana,1972,2.9602162338802,Total GHG,South America,721617.0,4.102198581630144e-06
GUY,Guyana,1973,3.2808016696166,Total GHG,South America,730138.0,4.493399425336854e-06
GUY,Guyana,1974,3.2927134147961,Total GHG,South America,738057.0,4.461326719746714e-06
GUY,Guyana,1975,3.6703779518985,Total GHG,South America,745393.0,4.924084277553586e-06
GUY,Guyana,1976,3.443072791844,Total GHG,South America,752253.0,4.57701437128732e-06
GUY,Guyana,1977,3.7139515335956,Total GHG,South America,758654.0,4.895448430504024e-06
GUY,Guyana,1978,3.4954944033054,Total GHG,South America,764586.0,4.571747852178041e-06
GUY,Guyana,1979,3.1225738791156,Total GHG,South America,770062.0,4.054964248483369e-06
GUY,Guyana,1980,3.3303859244148,Total GHG,South America,774367.0,4.300784930678606e-06
GUY,Guyana,1981,3.3266668886124,Total GHG,South America,776453.0,4.284440769257637e-06
GUY,Guyana,1982,3.1290854937941,Total GHG,South America,776712.0,4.028630295133975e-06
GUY,Guyana,1983,2.8535947785326,Total GHG,South America,775891.0,3.677829461267884e-06
GUY,Guyana,1984,3.0444415393662,Total GHG,South America,774111.0,3.932822992266225e-06
GUY,Guyana,1985,2.9027797209591,Total GHG,South America,771477.0,3.7626263919197853e-06
GUY,Guyana,1986,2.8519865157841,Total GHG,South America,768098.0,3.713050308403485e-06
GUY,Guyana,1987,2.8280091911872,Total GHG,South America,764120.0,3.7010014018573e-06
GUY,Guyana,1988,2.8685533195023,Total GHG,South America,759663.0,3.7760866588241104e-06
GUY,Guyana,1989,2.6503159994385,Total GHG,South America,754865.0,3.5109801082822756e-06
GUY,Guyana,1990,2.4716634801636,Total GHG,South America,749894.0,3.2960171439744817e-06
GUY,Guyana,1991,2.6097585208474,Total GHG,South America,747861.0,3.4896304538509164e-06
GUY,Guyana,1992,2.6620704667805,Total GHG,South America,749911.0,3.549848537733811e-06
GUY,Guyana,1993,2.8276938320129,Total GHG,South America,752965.0,3.7554120470578314e-06
GUY,Guyana,1994,3.1310365331904,Total GHG,South America,755822.0,4.142558080064354e-06
GUY,Guyana,1995,3.487360055842,Total GHG,South America,758388.0,4.598385069175673e-06
GUY,Guyana,1996,3.5654401218398,Total GHG,South America,760526.0,4.688123906138383e-06
GUY,Guyana,1997,3.7648939958322,Total GHG,South America,762245.0,4.93921770012555e-06
GUY,Guyana,1998,3.7041305218739,Total GHG,South America,763586.0,4.850967044804252e-06
GUY,Guyana,1999,3.7739886410869,Total GHG,South America,764483.0,4.936654760258763e-06
GUY,Guyana,2000,3.5131253243005,Total GHG,South America,764832.0,4.593329416526113e-06
GUY,Guyana,2001,3.4716207736411,Total GHG,South America,764477.0,4.541170988324175e-06
GUY,Guyana,2002,3.3253536085286,Total GHG,South America,763652.0,4.354540561052155e-06
GUY,Guyana,2003,3.5310681553059,Total GHG,South America,763101.0,4.6272618635094175e-06
GUY,Guyana,2004,3.4737716402645,Total GHG,South America,762418.0,4.556256069852102e-06
GUY,Guyana,2005,3.1930182725108,Total GHG,South America,760914.0,4.196293237489125e-06
GUY,Guyana,2006,3.0168261882857,Total GHG,South America,758966.0,3.974916120466134e-06
GUY,Guyana,2007,3.3266491991448,Total GHG,South America,756861.0,4.39532384301054e-06
GUY,Guyana,2008,3.4012325791781,Total GHG,South America,754606.0,4.5072959652826774e-06
GUY,Guyana,2009,3.4889424298743,Total GHG,South America,752094.0,4.638971232152231e-06
GUY,Guyana,2010,3.6968769397581,Total GHG,South America,749256.0,4.93406384434439e-06
GUY,Guyana,2011,3.8229181934829,Total GHG,South America,746153.0,5.123504419982095e-06
GUY,Guyana,2012,4.0428964219292,Total GHG,South America,746288.0,5.417340787911905e-06
GUY,Guyana,2013,4.1879991833767,Total GHG,South America,750021.0,5.583842563577153e-06
GUY,Guyana,2014,4.4615543286639,Total GHG,South America,754229.0,5.91538422503497e-06
GUY,Guyana,2015,4.5595572116418,Total GHG,South America,758781.0,6.009055592643727e-06
GUY,Guyana,2016,4.6330604561162,Total GHG,South America,763548.0,6.06780510998156e-06
GUY,Guyana,2017,4.787582059359,Total GHG,South America,768479.0,6.2299452026132134e-06
GUY,Guyana,2018,4.8584424930454,Total GHG,South America,791556.0,6.137837996358312e-06
GUY,Guyana,2019,5.1925990535675,Total GHG,South America,807665.0,6.429149528043805e-06
GUY,Guyana,2020,6.2555902474765,Total GHG,South America,807481.0,7.747043270958079e-06
GUY,Guyana,2021,6.3093527328628,Total GHG,South America,815482.0,7.736961371143446e-06
GUY,Guyana,2022,7.790828123826,Total GHG,South America,821637.0,9.482080436769523e-06
GUY,Guyana,2023,8.5860349708722,Total GHG,South America,826353.0,1.039027506510196e-05
GUY,Guyana,2024,8.7308618260253,Total GHG,South America,831087.0,1.0505352419211588e-05
HKG,Hong Kong,1970,11.596020955146,Total GHG,,3959000.0,2.9290277734645113e-06
HKG,Hong Kong,1971,11.830869446899,Total GHG,,4045300.0,2.9245963085306404e-06
HKG,Hong Kong,1972,12.168892621246,Total GHG,,4123600.0,2.951036138627898e-06
HKG,Hong Kong,1973,12.279655780939,Total GHG,,4241600.0,2.895052758614438e-06
HKG,Hong Kong,1974,13.771732287808,Total GHG,,4377800.0,3.1458112037571383e-06
HKG,Hong Kong,1975,13.71311349052,Total GHG,,4461600.0,3.0735864915097723e-06
HKG,Hong Kong,1976,15.682206883477,Total GHG,,4518000.0,3.471050660353475e-06
HKG,Hong Kong,1977,17.908009664245,Total GHG,,4583700.0,3.906889557397954e-06
HKG,Hong Kong,1978,19.069035437914,Total GHG,,4667500.0,4.085492327351687e-06
HKG,Hong Kong,1979,18.190657297491,Total GHG,,4929700.0,3.6900130428811086e-06
HKG,Hong Kong,1980,18.749446380313,Total GHG,,5063100.0,3.7031554542302146e-06
HKG,Hong Kong,1981,20.000108889422,Total GHG,,5183400.0,3.858492281016707e-06
HKG,Hong Kong,1982,22.406142830629,Total GHG,,5264500.0,4.256081836951088e-06
HKG,Hong Kong,1983,25.977297016427,Total GHG,,5345100.0,4.860020769756786e-06
HKG,Hong Kong,1984,28.516788391164,Total GHG,,5397900.0,5.282941216244095e-06
HKG,Hong Kong,1985,29.672858319281,Total GHG,,5456200.0,5.438374384971409e-06
HKG,Hong Kong,1986,33.647239868028,Total GHG,,5524600.0,6.090439102926547e-06
HKG,Hong Kong,1987,33.708977056241,Total GHG,,5580500.0,6.0404940518306595e-06
HKG,Hong Kong,1988,37.355897867987,Total GHG,,5627600.0,6.637980287864631e-06
HKG,Hong Kong,1989,38.40457217847,Total GHG,,5686200.0,6.753996021678801e-06
HKG,Hong Kong,1990,39.245405463861,Total GHG,,5704500.0,6.879727489501446e-06
HKG,Hong Kong,1991,42.875839503164,Total GHG,,5752000.0,7.4540750179353275e-06
HKG,Hong Kong,1992,47.924876464715,Total GHG,,5800500.0,8.26219747689251e-06
HKG,Hong Kong,1993,48.944238784148,Total GHG,,5901000.0,8.294227890891036e-06
HKG,Hong Kong,1994,42.59623335047,Total GHG,,6035400.0,7.057731608587666e-06
HKG,Hong Kong,1995,43.058884631893,Total GHG,,6156100.0,6.994507014488556e-06
HKG,Hong Kong,1996,40.469285332521,Total GHG,,6435500.0,6.2884446169716415e-06
HKG,Hong Kong,1997,38.819859156951,Total GHG,,6489300.0,5.982133536275253e-06
HKG,Hong Kong,1998,47.23597759644,Total GHG,,6543700.0,7.2185426588077085e-06
HKG,Hong Kong,1999,50.413191505013,Total GHG,,6606500.0,7.630847121019148e-06
HKG,Hong Kong,2000,46.64371393131,Total GHG,,6665000.0,6.9983066663630915e-06
HKG,Hong Kong,2001,46.506729741458,Total GHG,,6714300.0,6.926519479537406e-06
HKG,Hong Kong,2002,45.522395992679,Total GHG,,6744100.0,6.749958629421124e-06
HKG,Hong Kong,2003,49.128639706939,Total GHG,,6730800.0,7.299078817813484e-06
HKG,Hong Kong,2004,45.297976383804,Total GHG,,6783500.0,6.677670285811749e-06
HKG,Hong Kong,2005,47.62746773727,Total GHG,,6813200.0,6.990469637948395e-06
HKG,Hong Kong,2006,47.106084902195,Total GHG,,6857100.0,6.869680317072086e-06
HKG,Hong Kong,2007,49.18641841945,Total GHG,,6916300.0,7.111666414043636e-06
HKG,Hong Kong,2008,47.918231031844,Total GHG,,6957800.0,6.886980228210641e-06
HKG,Hong Kong,2009,50.020961804586,Total GHG,,6972800.0,7.173726738840351e-06
HKG,Hong Kong,2010,47.127416782817,Total GHG,,7024200.0,6.709293127020444e-06
HKG,Hong Kong,2011,50.16369527867,Total GHG,,7071600.0,7.0936839298984665e-06
HKG,Hong Kong,2012,49.662549852623,Total GHG,,7150100.0,6.94571402534552e-06
HKG,Hong Kong,2013,51.222430583809,Total GHG,,7178900.0,7.135136383541908e-06
HKG,Hong Kong,2014,52.649738459969,Total GHG,,7229500.0,7.282625141430113e-06
HKG,Hong Kong,2015,49.36878369565,Total GHG,,7291300.0,6.770916530063226e-06
HKG,Hong Kong,2016,50.276421191836,Total GHG,,7336600.0,6.852822995915819e-06
HKG,Hong Kong,2017,49.415754455673,Total GHG,,7393200.0,6.68394666121206e-06
HKG,Hong Kong,2018,49.395993075579,Total GHG,,7452600.0,6.628021505995089e-06
HKG,Hong Kong,2019,48.947764086847,Total GHG,,7507900.0,6.51950133683813e-06
HKG,Hong Kong,2020,39.598852388009,Total GHG,,7481000.0,5.2932565683744155e-06
HKG,Hong Kong,2021,40.027964213497,Total GHG,,7413100.0,5.3996255565818616e-06
HKG,Hong Kong,2022,37.640804458449,Total GHG,,7346100.0,5.1239166984452975e-06
HKG,Hong Kong,2023,39.730674623127,Total GHG,,7536100.0,5.272047162740277e-06
HKG,Hong Kong,2024,40.307052043688,Total GHG,,7524100.0,5.357059587683312e-06
HND,Honduras,1970,5.2784774855497,Total GHG,North America,2750715.0,1.918947432049376e-06
HND,Honduras,1971,5.3593959124687,Total GHG,North America,2834616.0,1.8906955695123078e-06
HND,Honduras,1972,5.4892299339238,Total GHG,North America,2922064.0,1.8785454165014184e-06
HND,Honduras,1973,5.6553124489061,Total GHG,North America,3011459.0,1.8779310788910292e-06
HND,Honduras,1974,5.8904561218005,Total GHG,North America,3099836.0,1.9002476652960027e-06
HND,Honduras,1975,6.0909125657075,Total GHG,North America,3193234.0,1.907443227056802e-06
HND,Honduras,1976,6.2399633259242,Total GHG,North America,3294457.0,1.8940794570772057e-06
HND,Honduras,1977,6.4720803170867,Total GHG,North America,3398655.0,1.904306355627947e-06
HND,Honduras,1978,6.5835307288366,Total GHG,North America,3505463.0,1.8780773691910597e-06
HND,Honduras,1979,6.761306483348,Total GHG,North America,3614981.0,1.8703574052942464e-06
HND,Honduras,1980,6.9727817046409,Total GHG,North America,3727173.0,1.8707963662113081e-06
HND,Honduras,1981,6.9869352053712,Total GHG,North America,3841778.0,1.8186722932379748e-06
HND,Honduras,1982,7.0445423853574,Total GHG,North America,3958728.0,1.7794964406136011e-06
HND,Honduras,1983,8.0940384246642,Total GHG,North America,4078174.0,1.9847212072521183e-06
HND,Honduras,1984,8.473447972375,Total GHG,North America,4199850.0,2.017559668172673e-06
HND,Honduras,1985,8.2406953465725,Total GHG,North America,4323342.0,1.9060937919258988e-06
HND,Honduras,1986,8.2369390765719,Total GHG,North America,4448899.0,1.8514556245425891e-06
HND,Honduras,1987,8.419915758766,Total GHG,North America,4576910.0,1.839650716043357e-06
HND,Honduras,1988,8.5196567972805,Total GHG,North America,4707677.0,1.809736903632195e-06
HND,Honduras,1989,8.6962080967174,Total GHG,North America,4841838.0,1.7960551544098337e-06
HND,Honduras,1990,8.6065163227787,Total GHG,North America,4980488.0,1.7280467943660742e-06
HND,Honduras,1991,8.7041280748603,Total GHG,North America,5123792.0,1.698766865411457e-06
HND,Honduras,1992,9.052163342947,Total GHG,North America,5271431.0,1.7172117671552565e-06
HND,Honduras,1993,8.8244587878763,Total GHG,North America,5423249.0,1.6271535361692409e-06
HND,Honduras,1994,9.6726561245032,Total GHG,North America,5579242.0,1.7336864263108144e-06
HND,Honduras,1995,10.078979415638,Total GHG,North America,5739637.0,1.7560308109446645e-06
HND,Honduras,1996,10.414596325738,Total GHG,North America,5903954.0,1.7640036365015716e-06
HND,Honduras,1997,10.551801879139,Total GHG,North America,6071454.0,1.737936560029772e-06
HND,Honduras,1998,11.069997081296,Total GHG,North America,6234431.0,1.7756226801284673e-06
HND,Honduras,1999,10.529974149207,Total GHG,North America,6400463.0,1.645189441639925e-06
HND,Honduras,2000,10.971258299856,Total GHG,North America,6577773.0,1.667928993575181e-06
HND,Honduras,2001,12.063801877178,Total GHG,North America,6757993.0,1.7851160658464724e-06
HND,Honduras,2002,13.288958290302,Total GHG,North America,6938859.0,1.915150356896141e-06
HND,Honduras,2003,14.847053333677,Total GHG,North America,7119213.0,2.0854908167064254e-06
HND,Honduras,2004,15.935165774961,Total GHG,North America,7298994.0,2.183200284170805e-06
HND,Honduras,2005,15.082605711397,Total GHG,North America,7478355.0,2.016834679738659e-06
HND,Honduras,2006,16.233794634067,Total GHG,North America,7656832.0,2.1201711927422462e-06
HND,Honduras,2007,17.495048183272,Total GHG,North America,7834798.0,2.2329928842162874e-06
HND,Honduras,2008,17.803860605115,Total GHG,North America,8012587.0,2.221986557539406e-06
HND,Honduras,2009,17.801842396428,Total GHG,North America,8189899.0,2.1736339357088533e-06
HND,Honduras,2010,17.864216362566,Total GHG,North America,8365878.0,2.1353665882488365e-06
HND,Honduras,2011,19.119228527757,Total GHG,North America,8540583.0,2.2386327171993996e-06
HND,Honduras,2012,19.783245965265,Total GHG,North America,8715076.0,2.270002690196276e-06
HND,Honduras,2013,20.167837004849,Total GHG,North America,8889278.0,2.2687823470982683e-06
HND,Honduras,2014,20.133758926244,Total GHG,North America,9063122.0,2.2215036856222393e-06
HND,Honduras,2015,21.197393265519,Total GHG,North America,9237305.0,2.294759485100795e-06
HND,Honduras,2016,20.260564879642,Total GHG,North America,9412380.0,2.1525442958786196e-06
HND,Honduras,2017,19.763637649026,Total GHG,North America,9588137.0,2.0612594134841836e-06
HND,Honduras,2018,19.632867596894,Total GHG,North America,9765210.0,2.0104910797508706e-06
HND,Honduras,2019,21.058504801468,Total GHG,North America,9943633.0,2.117787814722044e-06
HND,Honduras,2020,20.405764178954,Total GHG,North America,10119640.0,2.016451591059959e-06
HND,Honduras,2021,21.739044156686,Total GHG,North America,10289877.0,2.1126631695098006e-06
HND,Honduras,2022,22.203752894659,Total GHG,North America,10463872.0,2.121944237721849e-06
HND,Honduras,2023,23.782187545514,Total GHG,North America,10644851.0,2.234149406648717e-06
HND,Honduras,2024,24.387070793249,Total GHG,North America,10825703.0,2.2527008909489756e-06
HRV,Croatia,1970,22.739102667169,Total GHG,Europe,4412252.0,5.153627369236617e-06
HRV,Croatia,1971,23.462650144283,Total GHG,Europe,4431275.0,5.29478539343259e-06
HRV,Croatia,1972,22.92382394417,Total GHG,Europe,4450564.0,5.150768294573452e-06
HRV,Croatia,1973,24.755463215792,Total GHG,Europe,4470161.0,5.537935482814153e-06
HRV,Croatia,1974,26.711587483808,Total GHG,Europe,4490660.0,5.948254261914284e-06
HRV,Croatia,1975,28.031604632489,Total GHG,Europe,4512082.0,6.212565426002674e-06
HRV,Croatia,1976,27.897612475029,Total GHG,Europe,4535934.0,6.150356789809772e-06
HRV,Croatia,1977,28.227194311739,Total GHG,Europe,4559571.0,6.190756611036214e-06
HRV,Croatia,1978,29.764201610298,Total GHG,Europe,4581085.0,6.497194793438236e-06
HRV,Croatia,1979,30.985785629342,Total GHG,Europe,4594778.0,6.74369591508926e-06
HRV,Croatia,1980,29.218250042114,Total GHG,Europe,4599782.0,6.3520945214608e-06
HRV,Croatia,1981,31.259287511332,Total GHG,Europe,4611509.0,6.778537678519548e-06
HRV,Croatia,1982,32.7227738058,Total GHG,Europe,4634234.0,7.061096570824866e-06
HRV,Croatia,1983,36.569233294745,Total GHG,Europe,4658254.0,7.850416335121485e-06
HRV,Croatia,1984,37.399916061223,Total GHG,Europe,4680285.0,7.990948427547254e-06
HRV,Croatia,1985,38.048107425676,Total GHG,Europe,4701417.0,8.092902081580085e-06
HRV,Croatia,1986,40.559010210548,Total GHG,Europe,4721446.0,8.590378924284637e-06
HRV,Croatia,1987,39.751471371553,Total GHG,Europe,4739745.0,8.386837555934549e-06
HRV,Croatia,1988,42.558385419429,Total GHG,Europe,4755207.0,8.949849169432372e-06
HRV,Croatia,1989,40.709583759272,Total GHG,Europe,4767260.0,8.539409169894656e-06
HRV,Croatia,1990,32.830380813154,Total GHG,Europe,4777368.0,6.872064453304414e-06
HRV,Croatia,1991,25.684502921255,Total GHG,Europe,4689022.0,5.477582088814043e-06
HRV,Croatia,1992,23.446053705977,Total GHG,Europe,4575818.0,5.123904339284692e-06
HRV,Croatia,1993,23.290977691569,Total GHG,Europe,4600463.0,5.0627464434707985e-06
HRV,Croatia,1994,22.400981434175,Total GHG,Europe,4652024.0,4.815319403806816e-06
HRV,Croatia,1995,22.904186185308,Total GHG,Europe,4620030.0,4.9575838653229525e-06
HRV,Croatia,1996,23.728573692921,Total GHG,Europe,4557097.0,5.206949444552311e-06
HRV,Croatia,1997,25.01320159682,Total GHG,Europe,4534920.0,5.515687508670495e-06
HRV,Croatia,1998,24.909676812611,Total GHG,Europe,4532135.0,5.4962345147730595e-06
HRV,Croatia,1999,25.916146895215,Total GHG,Europe,4512597.0,5.7430669956158285e-06
HRV,Croatia,2000,25.413553348886,Total GHG,Europe,4468302.0,5.6875191848908155e-06
HRV,Croatia,2001,26.473238709636,Total GHG,Europe,4299642.0,6.157079754462349e-06
HRV,Croatia,2002,27.201990790671,Total GHG,Europe,4302174.0,6.322847655783099e-06
HRV,Croatia,2003,28.741110355572,Total GHG,Europe,4303399.0,6.678699873186753e-06
HRV,Croatia,2004,29.222183754625,Total GHG,Europe,4304600.0,6.788594469782326e-06
HRV,Croatia,2005,29.284965578601,Total GHG,Europe,4310145.0,6.794427003871331e-06
HRV,Croatia,2006,29.715120755353,Total GHG,Europe,4311159.0,6.892606084663776e-06
HRV,Croatia,2007,31.259694822245,Total GHG,Europe,4310217.0,7.252464277841463e-06
HRV,Croatia,2008,30.12597619439,Total GHG,Europe,4309705.0,6.99026411190325e-06
HRV,Croatia,2009,28.301257220267,Total GHG,Europe,4305181.0,6.573767100678694e-06
HRV,Croatia,2010,27.834608486704,Total GHG,Europe,4295427.0,6.480056228799604e-06
HRV,Croatia,2011,27.543734945089,Total GHG,Europe,4280622.0,6.4345169802633825e-06
HRV,Croatia,2012,25.994737569833,Total GHG,Europe,4260368.0,6.101523992723868e-06
HRV,Croatia,2013,25.586721043693,Total GHG,Europe,4233922.0,6.043266985951323e-06
HRV,Croatia,2014,24.945306750123,Total GHG,Europe,4201598.0,5.937099824905429e-06
HRV,Croatia,2015,25.577708941718,Total GHG,Europe,4151725.0,6.160742568864267e-06
HRV,Croatia,2016,26.112556698967,Total GHG,Europe,4106867.0,6.3582669463040805e-06
HRV,Croatia,2017,26.788041290586,Total GHG,Europe,4041407.0,6.628394836398809e-06
HRV,Croatia,2018,25.71167437429,Total GHG,Europe,3988775.0,6.4460077026881685e-06
HRV,Croatia,2019,26.010885798774,Total GHG,Europe,3949390.0,6.586051465865362e-06
HRV,Croatia,2020,25.434961931382,Total GHG,Europe,3914206.0,6.498115309051695e-06
HRV,Croatia,2021,25.537988590822,Total GHG,Europe,3878981.0,6.583684888072924e-06
HRV,Croatia,2022,25.394739209385,Total GHG,Europe,3855641.0,6.586385819993356e-06
HRV,Croatia,2023,26.802408502729,Total GHG,Europe,3859686.0,6.944194036180405e-06
HRV,Croatia,2024,26.841829070678,Total GHG,Europe,3866300.0,6.942510687395701e-06
HTI,Haiti,1970,6.1017244909547,Total GHG,North America,4635124.0,1.3164101954887721e-06
HTI,Haiti,1971,6.2386237786762,Total GHG,North America,4723244.0,1.3208345320877346e-06
HTI,Haiti,1972,6.3304175520883,Total GHG,North America,4813868.0,1.3150376271406487e-06
HTI,Haiti,1973,6.3288401697256,Total GHG,North America,4906743.0,1.2898250773936193e-06
HTI,Haiti,1974,6.2966953721979,Total GHG,North America,5001796.0,1.2588868822714681e-06
HTI,Haiti,1975,6.279502094365,Total GHG,North America,5099086.0,1.2314956237970884e-06
HTI,Haiti,1976,6.5527517783488,Total GHG,North America,5198357.0,1.260542855819406e-06
HTI,Haiti,1977,6.6445576300151,Total GHG,North America,5299476.0,1.2538140808666932e-06
HTI,Haiti,1978,6.8471422412901,Total GHG,North America,5402580.0,1.267383776138456e-06
HTI,Haiti,1979,6.9242928748703,Total GHG,North America,5507590.0,1.257227367118885e-06
HTI,Haiti,1980,6.9971159566794,Total GHG,North America,5614493.0,1.2462596278380612e-06
HTI,Haiti,1981,6.9533427106853,Total GHG,North America,5723725.0,1.214828229987517e-06
HTI,Haiti,1982,7.1567432898995,Total GHG,North America,5835937.0,1.2263229177935778e-06
HTI,Haiti,1983,7.3225958242157,Total GHG,North America,5951096.0,1.2304617207008088e-06
HTI,Haiti,1984,7.3747761906841,Total GHG,North America,6069230.0,1.2151090320656986e-06
HTI,Haiti,1985,7.3421999835354,Total GHG,North America,6190862.0,1.1859737761131487e-06
HTI,Haiti,1986,7.2436145094801,Total GHG,North America,6316122.0,1.1468452492653086e-06
HTI,Haiti,1987,7.2364132876537,Total GHG,North America,6445123.0,1.1227734967437704e-06
HTI,Haiti,1988,7.2562122239939,Total GHG,North America,6578145.0,1.1030787895362448e-06
HTI,Haiti,1989,7.2038906411213,Total GHG,North America,6714730.0,1.072848892080739e-06
HTI,Haiti,1990,7.2480074501265,Total GHG,North America,6854441.0,1.0574177310923678e-06
HTI,Haiti,1991,7.4469667143423,Total GHG,North America,6995450.0,1.064544341585216e-06
HTI,Haiti,1992,7.8496811899942,Total GHG,North America,7136571.0,1.0999233651559271e-06
HTI,Haiti,1993,7.5753596448256,Total GHG,North America,7278181.0,1.0408314446735523e-06
HTI,Haiti,1994,7.1304737328531,Total GHG,North America,7419771.0,9.61009946648367e-07
HTI,Haiti,1995,7.9454761733984,Total GHG,North America,7562546.0,1.0506350868343016e-06
HTI,Haiti,1996,8.2461365649466,Total GHG,North America,7707557.0,1.0698768189384262e-06
HTI,Haiti,1997,8.7468662306606,Total GHG,North America,7854298.0,1.1136407392055407e-06
HTI,Haiti,1998,8.9464098115856,Total GHG,North America,8002143.0,1.1180017417316336e-06
HTI,Haiti,1999,9.1354525101679,Total GHG,North America,8151296.0,1.1207362007425444e-06
HTI,Haiti,2000,9.6479619918594,Total GHG,North America,8303151.0,1.1619639329526104e-06
HTI,Haiti,2001,9.7464609910911,Total GHG,North America,8455918.0,1.1526200929445034e-06
HTI,Haiti,2002,10.057573109273,Total GHG,North America,8607641.0,1.1684470936082255e-06
HTI,Haiti,2003,10.128271178714,Total GHG,North America,8759912.0,1.1562069549002318e-06
HTI,Haiti,2004,10.072996811543,Total GHG,North America,8910263.0,1.1304937701101527e-06
HTI,Haiti,2005,10.260864623263,Total GHG,North America,9061273.0,1.1323866550829005e-06
HTI,Haiti,2006,10.417047178872,Total GHG,North America,9216562.0,1.1302530356625388e-06
HTI,Haiti,2007,10.948283827673,Total GHG,North America,9373296.0,1.1680292426135907e-06
HTI,Haiti,2008,11.061225278697,Total GHG,North America,9530774.0,1.1605799569580602e-06
HTI,Haiti,2009,11.222425114175,Total GHG,North America,9689581.0,1.1581950875042998e-06
HTI,Haiti,2010,11.884969183405,Total GHG,North America,9803294.0,1.2123444613009667e-06
HTI,Haiti,2011,12.439564550833,Total GHG,North America,9914904.0,1.2546328790306996e-06
HTI,Haiti,2012,12.441810919415,Total GHG,North America,10069771.0,1.2355604630348593e-06
HTI,Haiti,2013,12.720479026064,Total GHG,North America,10222362.0,1.2443776718202702e-06
HTI,Haiti,2014,13.025867040233,Total GHG,North America,10373235.0,1.2557188803910255e-06
HTI,Haiti,2015,13.370233451146,Total GHG,North America,10523242.0,1.270543189175541e-06
HTI,Haiti,2016,13.668704418718,Total GHG,North America,10671457.0,1.2808658104247622e-06
HTI,Haiti,2017,13.692512702701,Total GHG,North America,10817754.0,1.2657445069189963e-06
HTI,Haiti,2018,13.940633553173,Total GHG,North America,10962362.0,1.2716815548668254e-06
HTI,Haiti,2019,13.824833889913,Total GHG,North America,11105163.0,1.2449014832031733e-06
HTI,Haiti,2020,13.514424977128,Total GHG,North America,11243848.0,1.2019394941240757e-06
HTI,Haiti,2021,13.463425490264,Total GHG,North America,11374586.0,1.183640924624773e-06
HTI,Haiti,2022,13.480523907845,Total GHG,North America,11503606.0,1.1718520182145494e-06
HTI,Haiti,2023,13.615283929323,Total GHG,North America,11637398.0,1.1699594642481937e-06
HTI,Haiti,2024,13.782308697238,Total GHG,North America,11772557.0,1.1707149684845867e-06
HUN,Hungary,1970,91.02587972841,Total GHG,Europe,10337910.0,8.805056314904078e-06
HUN,Hungary,1971,93.304371106553,Total GHG,Europe,10367537.0,8.99966608332847e-06
HUN,Hungary,1972,95.082904090693,Total GHG,Europe,10398489.0,9.143915437203713e-06
HUN,Hungary,1973,100.3294200504,Total GHG,Europe,10432055.0,9.617416707484766e-06
HUN,Hungary,1974,103.17498172442,Total GHG,Europe,10478720.0,9.846143586661348e-06
HUN,Hungary,1975,105.21377601227,Total GHG,Europe,10540525.0,9.981834492330316e-06
HUN,Hungary,1976,109.3677613454,Total GHG,Europe,10598677.0,1.031900126264816e-05
HUN,Hungary,1977,114.23978764459,Total GHG,Europe,10648031.0,1.0728724178638285e-05
HUN,Hungary,1978,123.27822250339,Total GHG,Europe,10684822.0,1.153769548087839e-05
HUN,Hungary,1979,122.17841554098,Total GHG,Europe,10704152.0,1.1414114405417636e-05
HUN,Hungary,1980,121.085764289,Total GHG,Europe,10711122.0,1.1304676045049249e-05
HUN,Hungary,1981,120.131797748,Total GHG,Europe,10711848.0,1.1214852726438986e-05
HUN,Hungary,1982,120.70506154994,Total GHG,Europe,10705535.0,1.1275014424775594e-05
HUN,Hungary,1983,116.81424494206,Total GHG,Europe,10689463.0,1.0927980661148273e-05
HUN,Hungary,1984,118.37978721344,Total GHG,Europe,10668095.0,1.1096619144602668e-05
HUN,Hungary,1985,117.43181609953,Total GHG,Europe,10648713.0,1.1027794260163646e-05
HUN,Hungary,1986,114.75507687603,Total GHG,Europe,10630564.0,1.0794824891325616e-05
HUN,Hungary,1987,116.04311888876,Total GHG,Europe,10612741.0,1.093432119833698e-05
HUN,Hungary,1988,110.71027725354,Total GHG,Europe,10596487.0,1.0447828346653e-05
HUN,Hungary,1989,107.38473145819,Total GHG,Europe,10481719.0,1.0244954234910324e-05
HUN,Hungary,1990,96.42908323714,Total GHG,Europe,10373988.0,9.295276150034106e-06
HUN,Hungary,1991,90.443561158215,Total GHG,Europe,10373400.0,8.718796263348082e-06
HUN,Hungary,1992,80.435975493183,Total GHG,Europe,10369341.0,7.757096183179143e-06
HUN,Hungary,1993,81.254230287167,Total GHG,Europe,10357523.0,7.844948091079982e-06
HUN,Hungary,1994,81.061967186708,Total GHG,Europe,10343355.0,7.837105773388615e-06
HUN,Hungary,1995,80.167365462109,Total GHG,Europe,10328965.0,7.761413216339584e-06
HUN,Hungary,1996,82.555791505845,Total GHG,Europe,10311238.0,8.006389873441481e-06
HUN,Hungary,1997,81.168998511384,Total GHG,Europe,10290486.0,7.88777114233322e-06
HUN,Hungary,1998,80.642188210531,Total GHG,Europe,10266570.0,7.85483254977378e-06
HUN,Hungary,1999,81.25292056846,Total GHG,Europe,10237530.0,7.936769959986443e-06
HUN,Hungary,2000,78.393272515636,Total GHG,Europe,10210971.0,7.677357277347668e-06
HUN,Hungary,2001,80.348107780226,Total GHG,Europe,10187576.0,7.886871988020114e-06
HUN,Hungary,2002,78.804106779812,Total GHG,Europe,10158608.0,7.75737254354258e-06
HUN,Hungary,2003,81.730374257112,Total GHG,Europe,10129552.0,8.068508287149522e-06
HUN,Hungary,2004,80.898732061433,Total GHG,Europe,10107146.0,8.004112344022042e-06
HUN,Hungary,2005,81.241107625988,Total GHG,Europe,10087065.0,8.053988709896089e-06
HUN,Hungary,2006,80.318260859842,Total GHG,Europe,10071370.0,7.974909159314175e-06
HUN,Hungary,2007,77.761492447432,Total GHG,Europe,10055780.0,7.733014489918436e-06
HUN,Hungary,2008,75.451738324955,Total GHG,Europe,10038188.0,7.516469937099704e-06
HUN,Hungary,2009,69.262189909401,Total GHG,Europe,10022650.0,6.9105665576869396e-06
HUN,Hungary,2010,70.01974209813,Total GHG,Europe,10000023.0,7.001958105309358e-06
HUN,Hungary,2011,69.301360150384,Total GHG,Europe,9971727.0,6.949785142571993e-06
HUN,Hungary,2012,65.548029290291,Total GHG,Europe,9920362.0,6.607423125314479e-06
HUN,Hungary,2013,62.955944280946,Total GHG,Europe,9872734.0,6.376748758848967e-06
HUN,Hungary,2014,63.166935355998,Total GHG,Europe,9833038.0,6.423949074131311e-06
HUN,Hungary,2015,66.107797992116,Total GHG,Europe,9797755.0,6.747239341269097e-06
HUN,Hungary,2016,66.905013501592,Total GHG,Europe,9759755.0,6.855193957388479e-06
HUN,Hungary,2017,69.868850853868,Total GHG,Europe,9726756.0,7.183160639977809e-06
HUN,Hungary,2018,70.111515299536,Total GHG,Europe,9706964.0,7.2228057402433955e-06
HUN,Hungary,2019,70.318540602243,Total GHG,Europe,9694824.0,7.253204452421519e-06
HUN,Hungary,2020,68.681043933481,Total GHG,Europe,9670419.0,7.102178709472776e-06
HUN,Hungary,2021,69.944707924055,Total GHG,Europe,9630932.0,7.26250667371081e-06
HUN,Hungary,2022,65.564141388159,Total GHG,Europe,9605074.0,6.82599024100793e-06
HUN,Hungary,2023,60.950215865162,Total GHG,Europe,9592186.0,6.354152834938981e-06
HUN,Hungary,2024,60.452896861118,Total GHG,Europe,9562314.0,6.321994536167501e-06
IDN,Indonesia,1970,135.0523230879,Total GHG,Asia,115657495.0,1.1676919259568953e-06
IDN,Indonesia,1971,137.87076715914,Total GHG,Asia,118833702.0,1.1601992098095203e-06
IDN,Indonesia,1972,147.96842031779,Total GHG,Asia,122039841.0,1.2124599565627916e-06
IDN,Indonesia,1973,161.83926020118,Total GHG,Asia,125288515.0,1.2917326077428564e-06
IDN,Indonesia,1974,169.33128893703,Total GHG,Asia,128555045.0,1.3171889826418713e-06
IDN,Indonesia,1975,170.1356072515,Total GHG,Asia,131843848.0,1.290432658272383e-06
IDN,Indonesia,1976,180.24960482976,Total GHG,Asia,135173655.0,1.333466974979407e-06
IDN,Indonesia,1977,206.48905417599,Total GHG,Asia,138533541.0,1.490534730329242e-06
IDN,Indonesia,1978,222.58246766094,Total GHG,Asia,141953163.0,1.5679993524409175e-06
IDN,Indonesia,1979,230.03431965571,Total GHG,Asia,145434834.0,1.5817002937254358e-06
IDN,Indonesia,1980,235.12339749901,Total GHG,Asia,148950540.0,1.5785333675125314e-06
IDN,Indonesia,1981,244.94840405019,Total GHG,Asia,152485035.0,1.6063766785389136e-06
IDN,Indonesia,1982,238.90795054342,Total GHG,Asia,156052152.0,1.5309494132667904e-06
IDN,Indonesia,1983,247.32591796987,Total GHG,Asia,159651381.0,1.5491624088730558e-06
IDN,Indonesia,1984,258.98706478008,Total GHG,Asia,163251124.0,1.5864335781239705e-06
IDN,Indonesia,1985,266.98919700649,Total GHG,Asia,166776185.0,1.6008832256625248e-06
IDN,Indonesia,1986,284.11018253045,Total GHG,Asia,170175065.0,1.6695171089280911e-06
IDN,Indonesia,1987,286.961137354,Total GHG,Asia,173511154.0,1.653848359247268e-06
IDN,Indonesia,1988,299.48167033108,Total GHG,Asia,176855065.0,1.693373443000233e-06
IDN,Indonesia,1989,311.65643343499,Total GHG,Asia,180201630.0,1.7294873161524122e-06
IDN,Indonesia,1990,338.04132923022,Total GHG,Asia,183501098.0,1.8421760573346542e-06
IDN,Indonesia,1991,358.76565021286,Total GHG,Asia,186778238.0,1.9208107649717738e-06
IDN,Indonesia,1992,377.00251706277,Total GHG,Asia,190043744.0,1.9837670481948094e-06
IDN,Indonesia,1993,395.72660113302,Total GHG,Asia,193305168.0,2.0471599659095508e-06
IDN,Indonesia,1994,415.01146131159,Total GHG,Asia,196591828.0,2.1110310918498095e-06
IDN,Indonesia,1995,445.08278189356,Total GHG,Asia,199888057.0,2.226660204584209e-06
IDN,Indonesia,1996,469.83542583619,Total GHG,Asia,203204348.0,2.3121327395818813e-06
IDN,Indonesia,1997,495.03214165848,Total GHG,Asia,206536095.0,2.396831128517657e-06
IDN,Indonesia,1998,493.65911306303,Total GHG,Asia,209826788.0,2.3526982315672203e-06
IDN,Indonesia,1999,506.82240229855,Total GHG,Asia,213004668.0,2.379395752484401e-06
IDN,Indonesia,2000,513.06981650855,Total GHG,Asia,216077790.0,2.374468086278326e-06
IDN,Indonesia,2001,536.25540842307,Total GHG,Asia,219097902.0,2.4475606727766383e-06
IDN,Indonesia,2002,543.44175190567,Total GHG,Asia,222088495.0,2.4469603970510492e-06
IDN,Indonesia,2003,573.26098512843,Total GHG,Asia,225048008.0,2.5472830896082845e-06
IDN,Indonesia,2004,585.32825155033,Total GHG,Asia,227926649.0,2.56805535516968e-06
IDN,Indonesia,2005,593.16207991714,Total GHG,Asia,230871650.0,2.5692287464361256e-06
IDN,Indonesia,2006,626.63398268224,Total GHG,Asia,233951652.0,2.67847641735071e-06
IDN,Indonesia,2007,650.31569668042,Total GHG,Asia,237062337.0,2.743226549227936e-06
IDN,Indonesia,2008,653.17937324306,Total GHG,Asia,240157903.0,2.719791291827944e-06
IDN,Indonesia,2009,685.37669882301,Total GHG,Asia,243220028.0,2.817928706196062e-06
IDN,Indonesia,2010,722.93817123822,Total GHG,Asia,246305322.0,2.9351301277940716e-06
IDN,Indonesia,2011,822.62211973126,Total GHG,Asia,249470032.0,3.297478711716604e-06
IDN,Indonesia,2012,842.74234836073,Total GHG,Asia,252698525.0,3.3349713788821285e-06
IDN,Indonesia,2013,808.42252572412,Total GHG,Asia,255852467.0,3.15972144104485e-06
IDN,Indonesia,2014,851.91921728964,Total GHG,Asia,258877399.0,3.2908211399699667e-06
IDN,Indonesia,2015,853.12217073229,Total GHG,Asia,261799249.0,3.2586883804708318e-06
IDN,Indonesia,2016,851.53114496928,Total GHG,Asia,264627418.0,3.2178492742928097e-06
IDN,Indonesia,2017,905.88942201568,Total GHG,Asia,267346658.0,3.3884449081674325e-06
IDN,Indonesia,2018,1002.7634035911,Total GHG,Asia,269951846.0,3.7146010240326344e-06
IDN,Indonesia,2019,1062.2685236981,Total GHG,Asia,272489381.0,3.898385029903605e-06
IDN,Indonesia,2020,1007.1477692835,Total GHG,Asia,274814866.0,3.6648227366400913e-06
IDN,Indonesia,2021,1037.2806385606,Total GHG,Asia,276758053.0,3.7479691279682475e-06
IDN,Indonesia,2022,1181.2991970214,Total GHG,Asia,278830529.0,4.236620721762501e-06
IDN,Indonesia,2023,1261.3223482049,Total GHG,Asia,281190067.0,4.48565755420123e-06
IDN,Indonesia,2024,1323.7779107977,Total GHG,Asia,283487931.0,4.669609412041249e-06
IND,India,1970,733.244111858,Total GHG,Asia,545864268.0,1.3432718623340996e-06
IND,India,1971,739.10238156194,Total GHG,Asia,558096387.0,1.3243274795863173e-06
IND,India,1972,751.02771144805,Total GHG,Asia,570482142.0,1.316478915212126e-06
IND,India,1973,758.95206480012,Total GHG,Asia,583465598.0,1.3007657476321678e-06
IND,India,1974,780.70949644507,Total GHG,Asia,597041391.0,1.3076304393861866e-06
IND,India,1975,814.21273503222,Total GHG,Asia,611309535.0,1.3319156473360423e-06
IND,India,1976,836.78474524159,Total GHG,Asia,625861883.0,1.3370118359510161e-06
IND,India,1977,858.75495407783,Total GHG,Asia,640801103.0,1.340127147187245e-06
IND,India,1978,863.22999082788,Total GHG,Asia,655728229.0,1.3164447596595387e-06
IND,India,1979,888.53016335874,Total GHG,Asia,671155747.0,1.323880734584159e-06
IND,India,1980,921.67455035411,Total GHG,Asia,687354025.0,1.3409022379029641e-06
IND,India,1981,970.87988894933,Total GHG,Asia,703696250.0,1.3796860349182335e-06
IND,India,1982,996.43025511568,Total GHG,Asia,720313473.0,1.3833286374135056e-06
IND,India,1983,1047.3822254901,Total GHG,Asia,737372681.0,1.4204245051086996e-06
IND,India,1984,1101.1984947313,Total GHG,Asia,754875449.0,1.458781705233733e-06
IND,India,1985,1133.7802396285,Total GHG,Asia,772647793.0,1.4673959466399461e-06
IND,India,1986,1195.6476021066,Total GHG,Asia,790689978.0,1.5121572744995639e-06
IND,India,1987,1231.5535867685,Total GHG,Asia,808931270.0,1.5224452712385567e-06
IND,India,1988,1302.0968859321,Total GHG,Asia,827342990.0,1.5738295986917105e-06
IND,India,1989,1360.5013304768,Total GHG,Asia,846039529.0,1.6080824640485562e-06
IND,India,1990,1353.6525845354,Total GHG,Asia,864972221.0,1.5649665407409656e-06
IND,India,1991,1412.2686495043,Total GHG,Asia,883927600.0,1.5977198240040246e-06
IND,India,1992,1445.5969193112,Total GHG,Asia,902957070.0,1.6009586361743644e-06
IND,India,1993,1478.0869961387,Total GHG,Asia,922118387.0,1.6029254128067832e-06
IND,India,1994,1532.6946541418,Total GHG,Asia,941163767.0,1.6285100509418568e-06
IND,India,1995,1596.657738327,Total GHG,Asia,960301044.0,1.6626637535208178e-06
IND,India,1996,1644.4354480918,Total GHG,Asia,979678458.0,1.6785460930200428e-06
IND,India,1997,1700.9698402876,Total GHG,Asia,999133762.0,1.7024445624604965e-06
IND,India,1998,1731.4028969759,Total GHG,Asia,1018665080.0,1.6996782661636933e-06
IND,India,1999,1800.687346802,Total GHG,Asia,1038225823.0,1.7343889035613018e-06
IND,India,2000,1835.5596506481,Total GHG,Asia,1057922733.0,1.7350602207430777e-06
IND,India,2001,1859.4487113822,Total GHG,Asia,1077898575.0,1.7250683454908546e-06
IND,India,2002,1888.1986388943,Total GHG,Asia,1097600380.0,1.7202969981609337e-06
IND,India,2003,1938.2256408092,Total GHG,Asia,1116803006.0,1.735512557179847e-06
IND,India,2004,2040.7614930392,Total GHG,Asia,1135991513.0,1.7964583975190316e-06
IND,India,2005,2111.742985354,Total GHG,Asia,1154676322.0,1.8288614264612937e-06
IND,India,2006,2216.1962446685,Total GHG,Asia,1172878890.0,1.8895354529473203e-06
IND,India,2007,2359.3108699666,Total GHG,Asia,1190676021.0,1.9814885227848223e-06
IND,India,2008,2486.3896587473,Total GHG,Asia,1207930964.0,2.0583872198405705e-06
IND,India,2009,2595.4143582435,Total GHG,Asia,1225524753.0,2.117798397698704e-06
IND,India,2010,2722.6207018817,Total GHG,Asia,1243481564.0,2.1895143287236544e-06
IND,India,2011,2858.4621303267,Total GHG,Asia,1261224954.0,2.2664173597747416e-06
IND,India,2012,3037.494708205,Total GHG,Asia,1278674502.0,2.375502681451765e-06
IND,India,2013,3074.1389660369,Total GHG,Asia,1295829511.0,2.3723328878847396e-06
IND,India,2014,3254.3162782855,Total GHG,Asia,1312277191.0,2.4799000551138133e-06
IND,India,2015,3310.4591123421,Total GHG,Asia,1328024498.0,2.492769611801318e-06
IND,India,2016,3353.918433351,Total GHG,Asia,1343944296.0,2.4955784576290206e-06
IND,India,2017,3495.5014549791,Total GHG,Asia,1359657400.0,2.5708692902926135e-06
IND,India,2018,3634.4228742276,Total GHG,Asia,1374659064.0,2.643872193045533e-06
IND,India,2019,3641.2931605234,Total GHG,Asia,1389030312.0,2.6214641459339153e-06
IND,India,2020,3461.0500219037,Total GHG,Asia,1402617695.0,2.467564778514861e-06
IND,India,2021,3719.5631700061,Total GHG,Asia,1414203896.0,2.630146318028599e-06
IND,India,2022,3961.5256127027,Total GHG,Asia,1425423212.0,2.779192578984535e-06
IND,India,2023,4206.3289023798,Total GHG,Asia,1438069596.0,2.924982847895353e-06
IND,India,2024,4371.1693272556,Total GHG,Asia,1450935791.0,3.012655249370439e-06
IRL,Ireland,1970,41.315307317162,Total GHG,Europe,2957250.0,1.3970853771971258e-05
IRL,Ireland,1971,44.294670311217,Total GHG,Europe,2992050.0,1.48041210244538e-05
IRL,Ireland,1972,44.013683425358,Total GHG,Europe,3036850.0,1.4493202965361477e-05
IRL,Ireland,1973,44.587913118465,Total GHG,Europe,3085950.0,1.4448682939926117e-05
IRL,Ireland,1974,47.529990843129,Total GHG,Europe,3137500.0,1.5149001065539123e-05
IRL,Ireland,1975,46.188311326655,Total GHG,Europe,3189550.0,1.4481137253422895e-05
IRL,Ireland,1976,46.452675317087,Total GHG,Europe,3238050.0,1.4345879562417814e-05
IRL,Ireland,1977,48.725722131818,Total GHG,Europe,3282200.0,1.4845445777776493e-05
IRL,Ireland,1978,48.992281221185,Total GHG,Europe,3329100.0,1.4716374161540658e-05
IRL,Ireland,1979,53.435173605177,Total GHG,Europe,3373750.0,1.5838510146032456e-05
IRL,Ireland,1980,52.515996811184,Total GHG,Europe,3412800.0,1.538795030801219e-05
IRL,Ireland,1981,51.608745728429,Total GHG,Europe,3453000.0,1.4946060158826817e-05
IRL,Ireland,1982,51.505489605839,Total GHG,Europe,3485800.0,1.4775801711469105e-05
IRL,Ireland,1983,51.610969516947,Total GHG,Europe,3510600.0,1.4701466848102035e-05
IRL,Ireland,1984,51.892248061779,Total GHG,Europe,3532423.0,1.4690270123872197e-05
IRL,Ireland,1985,53.606880781909,Total GHG,Europe,3538082.0,1.5151395807646345e-05
IRL,Ireland,1986,54.815885884252,Total GHG,Europe,3539690.0,1.548606965136834e-05
IRL,Ireland,1987,56.093206045722,Total GHG,Europe,3540057.0,1.584528329507745e-05
IRL,Ireland,1988,55.288685014039,Total GHG,Europe,3524949.0,1.5684960268656083e-05
IRL,Ireland,1989,56.931969368595,Total GHG,Europe,3511009.0,1.621527297953238e-05
IRL,Ireland,1990,58.952016523079,Total GHG,Europe,3513974.0,1.6776452108945313e-05
IRL,Ireland,1991,59.624955715919,Total GHG,Europe,3534235.0,1.6870682259645724e-05
IRL,Ireland,1992,59.734396593136,Total GHG,Europe,3558430.0,1.6786728021384712e-05
IRL,Ireland,1993,60.501027647809,Total GHG,Europe,3576261.0,1.691739714965127e-05
IRL,Ireland,1994,61.998696203385,Total GHG,Europe,3590386.0,1.7267975143448367e-05
IRL,Ireland,1995,62.749031868577,Total GHG,Europe,3608841.0,1.7387585617813863e-05
IRL,Ireland,1996,64.295604924255,Total GHG,Europe,3637510.0,1.767571908372898e-05
IRL,Ireland,1997,65.762435687343,Total GHG,Europe,3674171.0,1.7898577852621175e-05
IRL,Ireland,1998,68.53160424225,Total GHG,Europe,3712696.0,1.8458716857574656e-05
IRL,Ireland,1999,70.609946419486,Total GHG,Europe,3754786.0,1.8805318444109996e-05
IRL,Ireland,2000,74.361639320672,Total GHG,Europe,3805174.0,1.9542244144596802e-05
IRL,Ireland,2001,76.794295149953,Total GHG,Europe,3866243.0,1.9862769916415755e-05
IRL,Ireland,2002,75.706811500744,Total GHG,Europe,3931947.0,1.9254280767452865e-05
IRL,Ireland,2003,76.085809882075,Total GHG,Europe,3996521.0,1.9038010780395e-05
IRL,Ireland,2004,75.930049476908,Total GHG,Europe,4070262.0,1.8654830936413428e-05
IRL,Ireland,2005,77.914797948836,Total GHG,Europe,4159914.0,1.872990594248727e-05
IRL,Ireland,2006,78.350293715941,Total GHG,Europe,4273591.0,1.8333596667519424e-05
IRL,Ireland,2007,76.896449613238,Total GHG,Europe,4398942.0,1.748066912753976e-05
IRL,Ireland,2008,76.147365610668,Total GHG,Europe,4489544.0,1.6961046736743865e-05
IRL,Ireland,2009,71.245014569147,Total GHG,Europe,4535375.0,1.5708737330242153e-05
IRL,Ireland,2010,70.196988731069,Total GHG,Europe,4560155.0,1.539355323033296e-05
IRL,Ireland,2011,65.849949538819,Total GHG,Europe,4580084.0,1.4377454548610682e-05
IRL,Ireland,2012,67.241482855288,Total GHG,Europe,4599533.0,1.4619197830581496e-05
IRL,Ireland,2013,66.344415675814,Total GHG,Europe,4623816.0,1.4348411717900108e-05
IRL,Ireland,2014,66.196923995615,Total GHG,Europe,4657740.0,1.421224112887688e-05
IRL,Ireland,2015,67.78677688447,Total GHG,Europe,4701957.0,1.4416715611067903e-05
IRL,Ireland,2016,70.804002894194,Total GHG,Europe,4762722.0,1.4866289255218759e-05
IRL,Ireland,2017,69.907300046236,Total GHG,Europe,4827445.0,1.4481221442447506e-05
IRL,Ireland,2018,67.20652597676,Total GHG,Europe,4898022.0,1.3721156413090836e-05
IRL,Ireland,2019,65.278536733934,Total GHG,Europe,4976456.0,1.3117474912655514e-05
IRL,Ireland,2020,62.905568358264,Total GHG,Europe,5039747.0,1.2481890134219832e-05
IRL,Ireland,2021,65.100771591606,Total GHG,Europe,5110585.0,1.2738418711675082e-05
IRL,Ireland,2022,63.857628940469,Total GHG,Europe,5212836.0,1.2250074420232863e-05
IRL,Ireland,2023,60.357963848,Total GHG,Europe,5307600.0,1.1371988063908357e-05
IRL,Ireland,2024,59.677828151727,Total GHG,Europe,5380257.0,1.1092003254068904e-05
IRN,Iran,1970,218.54579513404,Total GHG,Asia,29145100.0,7.498543327490384e-06
IRN,Iran,1971,224.4125357815,Total GHG,Asia,30029071.0,7.473176102634011e-06
IRN,Iran,1972,247.44530032316,Total GHG,Asia,30921179.0,8.002453603827978e-06
IRN,Iran,1973,287.15250237009,Total GHG,Asia,31839838.0,9.018654629150123e-06
IRN,Iran,1974,299.24430349973,Total GHG,Asia,32796463.0,9.124285856670885e-06
IRN,Iran,1975,285.72659261228,Total GHG,Asia,33802973.0,8.452705997554712e-06
IRN,Iran,1976,319.03793466122,Total GHG,Asia,34837271.0,9.157948527633522e-06
IRN,Iran,1977,320.85526229329,Total GHG,Asia,35933181.0,8.929219550400785e-06
IRN,Iran,1978,307.64461697587,Total GHG,Asia,37126535.0,8.286381074233563e-06
IRN,Iran,1979,248.98074907192,Total GHG,Asia,38424952.0,6.479663242570088e-06
IRN,Iran,1980,187.38974026689,Total GHG,Asia,39842324.0,4.703283379425607e-06
IRN,Iran,1981,183.18448565734,Total GHG,Asia,41989312.0,4.3626455622168805e-06
IRN,Iran,1982,229.50876454145,Total GHG,Asia,44272141.0,5.184044849817632e-06
IRN,Iran,1983,254.01149267064,Total GHG,Asia,46029535.0,5.518445769018523e-06
IRN,Iran,1984,246.961364889,Total GHG,Asia,47793998.0,5.1672045701010406e-06
IRN,Iran,1985,260.92998020874,Total GHG,Asia,49582289.0,5.262564223461728e-06
IRN,Iran,1986,245.98215615339,Total GHG,Asia,51446045.0,4.781361835557816e-06
IRN,Iran,1987,262.41407726358,Total GHG,Asia,53323493.0,4.921171935671581e-06
IRN,Iran,1988,264.40884437453,Total GHG,Asia,55072694.0,4.8010878925685025e-06
IRN,Iran,1989,294.04484108142,Total GHG,Asia,56704914.0,5.1855266208748675e-06
IRN,Iran,1990,331.28373529116,Total GHG,Asia,58380092.0,5.674601117297999e-06
IRN,Iran,1991,375.98071580224,Total GHG,Asia,59986931.0,6.267710475174001e-06
IRN,Iran,1992,400.01500432058,Total GHG,Asia,61184983.0,6.537797098359576e-06
IRN,Iran,1993,398.49603720931,Total GHG,Asia,61403543.0,6.489788988386386e-06
IRN,Iran,1994,437.63622952457,Total GHG,Asia,61520598.0,7.113653698954129e-06
IRN,Iran,1995,438.41435296163,Total GHG,Asia,62205567.0,7.047831474016305e-06
IRN,Iran,1996,456.78855354732,Total GHG,Asia,62881300.0,7.264298822500808e-06
IRN,Iran,1997,470.42518969027,Total GHG,Asia,63639638.0,7.3920154871130786e-06
IRN,Iran,1998,455.61788719681,Total GHG,Asia,64519859.0,7.06166898468904e-06
IRN,Iran,1999,481.54894053437,Total GHG,Asia,65445391.0,7.35802679419197e-06
IRN,Iran,2000,511.37732437236,Total GHG,Asia,66418659.0,7.69930215502183e-06
IRN,Iran,2001,516.94830118749,Total GHG,Asia,67452005.0,7.663942698033809e-06
IRN,Iran,2002,533.27510251147,Total GHG,Asia,68011317.0,7.840975973329115e-06
IRN,Iran,2003,580.30411789948,Total GHG,Asia,68769340.0,8.438413367053982e-06
IRN,Iran,2004,607.84900426085,Total GHG,Asia,70256316.0,8.651876996522989e-06
IRN,Iran,2005,650.68029535148,Total GHG,Asia,71828455.0,9.058809567203973e-06
IRN,Iran,2006,697.20365700663,Total GHG,Asia,73392747.0,9.499626127996408e-06
IRN,Iran,2007,721.22306100296,Total GHG,Asia,74602648.0,9.667526292135903e-06
IRN,Iran,2008,737.02491149674,Total GHG,Asia,75514204.0,9.760083169210656e-06
IRN,Iran,2009,757.69778073355,Total GHG,Asia,76457825.0,9.91000961292778e-06
IRN,Iran,2010,767.59970028748,Total GHG,Asia,77420842.0,9.914639010093433e-06
IRN,Iran,2011,776.16272695583,Total GHG,Asia,78383598.0,9.902106394195248e-06
IRN,Iran,2012,766.30447831457,Total GHG,Asia,79370580.0,9.654767274153346e-06
IRN,Iran,2013,786.38155548889,Total GHG,Asia,80414686.0,9.779078854935652e-06
IRN,Iran,2014,800.22339478507,Total GHG,Asia,81502045.0,9.818445595875172e-06
IRN,Iran,2015,793.33205184695,Total GHG,Asia,82619362.0,9.602253426345146e-06
IRN,Iran,2016,837.86147471581,Total GHG,Asia,83812228.0,9.996888219172624e-06
IRN,Iran,2017,866.98676479924,Total GHG,Asia,85026754.0,1.0196634870940033e-05
IRN,Iran,2018,856.6915693349,Total GHG,Asia,86117998.0,9.947880689642832e-06
IRN,Iran,2019,891.36420087881,Total GHG,Asia,87051648.0,1.0239486803039158e-05
IRN,Iran,2020,909.93822355484,Total GHG,Asia,87723443.0,1.037280563138453e-05
IRN,Iran,2021,974.10718858739,Total GHG,Asia,88455488.0,1.1012399689518304e-05
IRN,Iran,2022,989.86456306096,Total GHG,Asia,89524246.0,1.1056943870389705e-05
IRN,Iran,2023,1030.0946943568,Total GHG,Asia,90608707.0,1.1368606047504904e-05
IRN,Iran,2024,1054.7650714871,Total GHG,Asia,91567738.0,1.1518959565071924e-05
IRQ,Iraq,1970,103.52089916875,Total GHG,Asia,9735611.0,1.0633220572263004e-05
IRQ,Iraq,1971,107.70947625799,Total GHG,Asia,10077809.0,1.0687787023745936e-05
IRQ,Iraq,1972,98.292027715082,Total GHG,Asia,10430164.0,9.423823797505197e-06
IRQ,Iraq,1973,123.49009762634,Total GHG,Asia,10795869.0,1.1438643579904499e-05
IRQ,Iraq,1974,123.4841192331,Total GHG,Asia,11167761.0,1.1057195729126008e-05
IRQ,Iraq,1975,140.01897458175,Total GHG,Asia,11543639.0,1.2129535112952684e-05
IRQ,Iraq,1976,156.35062872739,Total GHG,Asia,11927651.0,1.3108249790959678e-05
IRQ,Iraq,1977,149.76023167183,Total GHG,Asia,12331046.0,1.2144973887197406e-05
IRQ,Iraq,1978,163.73703096731,Total GHG,Asia,12753355.0,1.2838741724613642e-05
IRQ,Iraq,1979,212.53924576515,Total GHG,Asia,13170365.0,1.613768834539893e-05
IRQ,Iraq,1980,173.73636021321,Total GHG,Asia,13591992.0,1.2782258863396182e-05
IRQ,Iraq,1981,90.872079689413,Total GHG,Asia,14006381.0,6.487905740206053e-06
IRQ,Iraq,1982,94.240102365836,Total GHG,Asia,14406083.0,6.541688144226019e-06
IRQ,Iraq,1983,97.688175050752,Total GHG,Asia,14840555.0,6.5825149430565096e-06
IRQ,Iraq,1984,112.26062783172,Total GHG,Asia,15310733.0,7.332152407838345e-06
IRQ,Iraq,1985,129.21120179346,Total GHG,Asia,15683430.0,8.238708101063351e-06
IRQ,Iraq,1986,147.27047749458,Total GHG,Asia,16074145.0,9.161947804662706e-06
IRQ,Iraq,1987,164.20254847014,Total GHG,Asia,16521049.0,9.938990464233839e-06
IRQ,Iraq,1988,195.54098618328,Total GHG,Asia,16908819.0,1.1564437834675504e-05
IRQ,Iraq,1989,211.84125951068,Total GHG,Asia,17364542.0,1.2199645663598844e-05
IRQ,Iraq,1990,171.71824072767,Total GHG,Asia,17581206.0,9.76714798334483e-06
IRQ,Iraq,1991,78.394927212209,Total GHG,Asia,17767253.0,4.41232683590474e-06
IRQ,Iraq,1992,106.60030403926,Total GHG,Asia,18300845.0,5.824884262953978e-06
IRQ,Iraq,1993,136.39516554354,Total GHG,Asia,19201195.0,7.103472754874892e-06
IRQ,Iraq,1994,148.30373692299,Total GHG,Asia,20139807.0,7.363711922511968e-06
IRQ,Iraq,1995,148.39293735963,Total GHG,Asia,20825860.0,7.125417022856679e-06
IRQ,Iraq,1996,138.16179860256,Total GHG,Asia,21501321.0,6.425735358425652e-06
IRQ,Iraq,1997,177.24830737743,Total GHG,Asia,22176593.0,7.99258512691422e-06
IRQ,Iraq,1998,158.93741587251,Total GHG,Asia,22884399.0,6.945230061427875e-06
IRQ,Iraq,1999,148.08787774794,Total GHG,Asia,23636527.0,6.265213063997939e-06
IRQ,Iraq,2000,167.85136707183,Total GHG,Asia,24424056.0,6.872378898567461e-06
IRQ,Iraq,2001,181.67441184005,Total GHG,Asia,25197840.0,7.209920050292009e-06
IRQ,Iraq,2002,169.94983584843,Total GHG,Asia,26006559.0,6.534883597958116e-06
IRQ,Iraq,2003,152.20099918036,Total GHG,Asia,26802659.0,5.678578352258259e-06
IRQ,Iraq,2004,170.86991822996,Total GHG,Asia,27577878.0,6.195905219029543e-06
IRQ,Iraq,2005,164.52082692387,Total GHG,Asia,28407448.0,5.791468030633023e-06
IRQ,Iraq,2006,164.14687429831,Total GHG,Asia,28616515.0,5.736088908740635e-06
IRQ,Iraq,2007,154.43794882856,Total GHG,Asia,28391607.0,5.439563488905718e-06
IRQ,Iraq,2008,171.49782000592,Total GHG,Asia,28971036.0,5.919630212945095e-06
IRQ,Iraq,2009,187.34403603364,Total GHG,Asia,30058206.0,6.23270850008946e-06
IRQ,Iraq,2010,210.53417542787,Total GHG,Asia,31045366.0,6.781500834226596e-06
IRQ,Iraq,2011,223.78856728893,Total GHG,Asia,32161424.0,6.9582916256733534e-06
IRQ,Iraq,2012,253.35312394554,Total GHG,Asia,33654842.0,7.527984352015083e-06
IRQ,Iraq,2013,265.303350804,Total GHG,Asia,35281989.0,7.51951231558969e-06
IRQ,Iraq,2014,265.47719397937,Total GHG,Asia,36550059.0,7.263386195337468e-06
IRQ,Iraq,2015,275.91628760641,Total GHG,Asia,37560535.0,7.3459094128028255e-06
IRQ,Iraq,2016,325.51203425488,Total GHG,Asia,38469627.0,8.461533413227011e-06
IRQ,Iraq,2017,339.86822692955,Total GHG,Asia,39337353.0,8.639834686628508e-06
IRQ,Iraq,2018,357.46454717581,Total GHG,Asia,40265624.0,8.877660685844829e-06
IRQ,Iraq,2019,377.12664291304,Total GHG,Asia,41192171.0,9.155299023036197e-06
IRQ,Iraq,2020,345.61784587306,Total GHG,Asia,42116605.0,8.206213342054993e-06
IRQ,Iraq,2021,361.81674610063,Total GHG,Asia,43071211.0,8.40043123237538e-06
IRQ,Iraq,2022,399.16746492952,Total GHG,Asia,44070551.0,9.057464812035593e-06
IRQ,Iraq,2023,405.17316134328,Total GHG,Asia,45074049.0,8.98905623817554e-06
IRQ,Iraq,2024,413.27642108277,Total GHG,Asia,46042015.0,8.976071552966785e-06
ISL,Iceland,1970,3.236833271707,Total GHG,Europe,204438.0,1.5832835733606275e-05
ISL,Iceland,1971,3.3764585857328,Total GHG,Europe,206098.0,1.6382781908280527e-05
ISL,Iceland,1972,3.6827825375327,Total GHG,Europe,209137.0,1.760942605819487e-05
ISL,Iceland,1973,4.3794468081494,Total GHG,Europe,212317.0,2.0626924872475587e-05
ISL,Iceland,1974,4.3082473399729,Total GHG,Europe,215209.0,2.0018899488278373e-05
ISL,Iceland,1975,4.0442559231651,Total GHG,Europe,217979.0,1.8553419931117674e-05
ISL,Iceland,1976,4.1388087500047,Total GHG,Europe,220154.0,1.8799607320351663e-05
ISL,Iceland,1977,4.2877234247007,Total GHG,Europe,221799.0,1.9331572390771376e-05
ISL,Iceland,1978,4.4139607527499,Total GHG,Europe,223537.0,1.974599620085221e-05
ISL,Iceland,1979,4.4604658087404,Total GHG,Europe,225735.0,1.9759743986268854e-05
ISL,Iceland,1980,4.2456301843185,Total GHG,Europe,228138.0,1.860992111931594e-05
ISL,Iceland,1981,4.171957080604,Total GHG,Europe,230755.0,1.807959559101211e-05
ISL,Iceland,1982,3.867856097844,Total GHG,Europe,233860.0,1.6539194808192935e-05
ISL,Iceland,1983,3.9240187681311,Total GHG,Europe,236977.0,1.6558648173160686e-05
ISL,Iceland,1984,4.2147536828593,Total GHG,Europe,239511.0,1.759732823485894e-05
ISL,Iceland,1985,4.0249133710856,Total GHG,Europe,241405.0,1.667286663940515e-05
ISL,Iceland,1986,4.073367206106,Total GHG,Europe,243180.0,1.6750420289933384e-05
ISL,Iceland,1987,4.2099755974307,Total GHG,Europe,245859.0,1.7123536650806762e-05
ISL,Iceland,1988,4.3252005910196,Total GHG,Europe,249740.0,1.7318813930566188e-05
ISL,Iceland,1989,4.4332691652232,Total GHG,Europe,252852.0,1.7533059517912452e-05
ISL,Iceland,1990,4.4134282328309,Total GHG,Europe,254826.0,1.7319379627003916e-05
ISL,Iceland,1991,4.3879912058985,Total GHG,Europe,257797.0,1.7021110431457695e-05
ISL,Iceland,1992,3.3070495123028,Total GHG,Europe,261057.0,1.2667921229090964e-05
ISL,Iceland,1993,3.426407715612,Total GHG,Europe,263725.0,1.2992350803344393e-05
ISL,Iceland,1994,3.5598730361974,Total GHG,Europe,266021.0,1.3381924871334968e-05
ISL,Iceland,1995,3.3793508331249,Total GHG,Europe,267468.0,1.263459865525932e-05
ISL,Iceland,1996,3.6799098675692,Total GHG,Europe,268916.0,1.3684235477134866e-05
ISL,Iceland,1997,3.6157695424489,Total GHG,Europe,271128.0,1.3336024100974077e-05
ISL,Iceland,1998,3.769978217812,Total GHG,Europe,274047.0,1.3756684867238101e-05
ISL,Iceland,1999,3.8295390546793,Total GHG,Europe,277381.0,1.3806061174627317e-05
ISL,Iceland,2000,3.9380436504812,Total GHG,Europe,281205.0,1.4004173647272275e-05
ISL,Iceland,2001,4.0490813005843,Total GHG,Europe,284968.0,1.4208898194128112e-05
ISL,Iceland,2002,4.2445631731759,Total GHG,Europe,287523.0,1.476251699229592e-05
ISL,Iceland,2003,4.2177530337632,Total GHG,Europe,289521.0,1.4568038359093815e-05
ISL,Iceland,2004,4.3019046810594,Total GHG,Europe,292074.0,1.4728817632036404e-05
ISL,Iceland,2005,4.2134071826331,Total GHG,Europe,296734.0,1.4199273364808548e-05
ISL,Iceland,2006,4.397429698329,Total GHG,Europe,303782.0,1.4475609806798954e-05
ISL,Iceland,2007,4.7550504389316,Total GHG,Europe,311566.0,1.5261775800092436e-05
ISL,Iceland,2008,5.0503253425538,Total GHG,Europe,317414.0,1.591084622150819e-05
ISL,Iceland,2009,5.065983445938,Total GHG,Europe,318499.0,1.590580644189778e-05
ISL,Iceland,2010,5.0003567434968,Total GHG,Europe,318041.0,1.5722365177750038e-05
ISL,Iceland,2011,4.8643118622378,Total GHG,Europe,319014.0,1.5247957338040964e-05
ISL,Iceland,2012,4.8582703025641,Total GHG,Europe,320716.0,1.5148200596677747e-05
ISL,Iceland,2013,4.8976779660303,Total GHG,Europe,323764.0,1.5127308675548547e-05
ISL,Iceland,2014,4.642762446412,Total GHG,Europe,327386.0,1.4181310277201835e-05
ISL,Iceland,2015,4.8384193209061,Total GHG,Europe,330815.0,1.4625755545867327e-05
ISL,Iceland,2016,4.3576764595031,Total GHG,Europe,335439.0,1.2990965449763147e-05
ISL,Iceland,2017,4.5079013474557,Total GHG,Europe,343400.0,1.312726076719773e-05
ISL,Iceland,2018,4.4755163047497,Total GHG,Europe,352721.0,1.2688545067488751e-05
ISL,Iceland,2019,4.3365123278186,Total GHG,Europe,360563.0,1.202705859397276e-05
ISL,Iceland,2020,4.2277693901474,Total GHG,Europe,366463.0,1.1536688260881453e-05
ISL,Iceland,2021,4.2603525413214,Total GHG,Europe,372520.0,1.1436573986152154e-05
ISL,Iceland,2022,4.3017230079263,Total GHG,Europe,382003.0,1.1260966557661327e-05
ISL,Iceland,2023,4.2460513453687,Total GHG,Europe,393349.0,1.0794615838272629e-05
ISL,Iceland,2024,4.282410664188,Total GHG,Europe,404610.0,1.0584045535671388e-05
ISR,"Israel and Palestine, State of",1970,72.747694337614,Total GHG,Asia,2974000.0,2.4461228761806995e-05
ISR,"Israel and Palestine, State of",1971,73.027515530242,Total GHG,Asia,3069000.0,2.3795215226536983e-05
ISR,"Israel and Palestine, State of",1972,76.819525665177,Total GHG,Asia,3148000.0,2.440264474751493e-05
ISR,"Israel and Palestine, State of",1973,77.836306176416,Total GHG,Asia,3278000.0,2.3745059846374618e-05
ISR,"Israel and Palestine, State of",1974,60.951738341173,Total GHG,Asia,3377000.0,1.804907857304501e-05
ISR,"Israel and Palestine, State of",1975,83.526245319894,Total GHG,Asia,3455000.0,2.417546897826165e-05
ISR,"Israel and Palestine, State of",1976,23.345268700718,Total GHG,Asia,3533000.0,6.607774894061138e-06
ISR,"Israel and Palestine, State of",1977,24.202384001182,Total GHG,Asia,3613000.0,6.698694713861611e-06
ISR,"Israel and Palestine, State of",1978,25.492969681357,Total GHG,Asia,3690000.0,6.90866387028645e-06
ISR,"Israel and Palestine, State of",1979,25.933147960266,Total GHG,Asia,3786000.0,6.84974853678447e-06
ISR,"Israel and Palestine, State of",1980,25.840846442087,Total GHG,Asia,3878000.0,6.663446735968798e-06
ISR,"Israel and Palestine, State of",1981,26.835516349298,Total GHG,Asia,3956000.0,6.783497560489889e-06
ISR,"Israel and Palestine, State of",1982,27.951044406717,Total GHG,Asia,4031000.0,6.934022427863309e-06
ISR,"Israel and Palestine, State of",1983,28.939085756345,Total GHG,Asia,4105000.0,7.049716384006091e-06
ISR,"Israel and Palestine, State of",1984,29.940594735519,Total GHG,Asia,4159000.0,7.198988876056504e-06
ISR,"Israel and Palestine, State of",1985,31.725908915561,Total GHG,Asia,4233000.0,7.4948993422067095e-06
ISR,"Israel and Palestine, State of",1986,34.154527648064,Total GHG,Asia,4299000.0,7.94476102536962e-06
ISR,"Israel and Palestine, State of",1987,36.884655470419,Total GHG,Asia,4369000.0,8.442356482128404e-06
ISR,"Israel and Palestine, State of",1988,39.064724245719,Total GHG,Asia,4442000.0,8.794399875218145e-06
ISR,"Israel and Palestine, State of",1989,40.418870847018,Total GHG,Asia,4518000.0,8.946186553124833e-06
ISR,"Israel and Palestine, State of",1990,41.927442665009,Total GHG,Asia,4660000.0,8.997305292920386e-06
ISR,"Israel and Palestine, State of",1991,42.696495070496,Total GHG,Asia,4949000.0,8.627297448069509e-06
ISR,"Israel and Palestine, State of",1992,45.495085228953,Total GHG,Asia,5123000.0,8.880555383359946e-06
ISR,"Israel and Palestine, State of",1993,49.489213665108,Total GHG,Asia,5261000.0,9.406807387399353e-06
ISR,"Israel and Palestine, State of",1994,53.065440067283,Total GHG,Asia,5399000.0,9.828753485327468e-06
ISR,"Israel and Palestine, State of",1995,56.484903265031,Total GHG,Asia,5545000.0,1.0186637198382507e-05
ISR,"Israel and Palestine, State of",1996,59.842040684051,Total GHG,Asia,5692000.0,1.0513359220669536e-05
ISR,"Israel and Palestine, State of",1997,61.739691607552,Total GHG,Asia,5836000.0,1.057911096770939e-05
ISR,"Israel and Palestine, State of",1998,62.880790449276,Total GHG,Asia,5971000.0,1.0531031728232456e-05
ISR,"Israel and Palestine, State of",1999,64.502043946127,Total GHG,Asia,6125000.0,1.0530945950388083e-05
ISR,"Israel and Palestine, State of",2000,69.117069321356,Total GHG,Asia,6289000.0,1.0990152539570042e-05
ISR,"Israel and Palestine, State of",2001,69.223943632103,Total GHG,Asia,6439000.0,1.0750728938049853e-05
ISR,"Israel and Palestine, State of",2002,72.494413368277,Total GHG,Asia,6570000.0,1.1034157285886909e-05
ISR,"Israel and Palestine, State of",2003,74.297063563603,Total GHG,Asia,6689700.0,1.110618765618832e-05
ISR,"Israel and Palestine, State of",2004,74.140910577772,Total GHG,Asia,6809000.0,1.088866361841269e-05
ISR,"Israel and Palestine, State of",2005,72.146949938706,Total GHG,Asia,6930100.0,1.0410665060923508e-05
ISR,"Israel and Palestine, State of",2006,75.400996582402,Total GHG,Asia,7053700.0,1.0689566692998285e-05
ISR,"Israel and Palestine, State of",2007,78.02212180729,Total GHG,Asia,7180100.0,1.0866439437791953e-05
ISR,"Israel and Palestine, State of",2008,79.513605808847,Total GHG,Asia,7308800.0,1.0879160164301527e-05
ISR,"Israel and Palestine, State of",2009,77.971964776769,Total GHG,Asia,7485600.0,1.0416261191723977e-05
ISR,"Israel and Palestine, State of",2010,83.724466538497,Total GHG,Asia,7623600.0,1.098227432426898e-05
ISR,"Israel and Palestine, State of",2011,83.773529901162,Total GHG,Asia,7765800.0,1.0787495158407632e-05
ISR,"Israel and Palestine, State of",2012,90.599892820225,Total GHG,Asia,7910500.0,1.1453118364227924e-05
ISR,"Israel and Palestine, State of",2013,82.035440881896,Total GHG,Asia,8059500.0,1.0178725836825609e-05
ISR,"Israel and Palestine, State of",2014,79.466985421746,Total GHG,Asia,8215700.0,9.672576338199545e-06
ISR,"Israel and Palestine, State of",2015,82.864284489258,Total GHG,Asia,8380100.0,9.888221439989737e-06
ISR,"Israel and Palestine, State of",2016,83.245516029008,Total GHG,Asia,8546000.0,9.740874798620173e-06
ISR,"Israel and Palestine, State of",2017,83.284891712648,Total GHG,Asia,8713300.0,9.558363847525966e-06
ISR,"Israel and Palestine, State of",2018,79.91487732722,Total GHG,Asia,8882800.0,8.996586360969514e-06
ISR,"Israel and Palestine, State of",2019,82.374691149732,Total GHG,Asia,9054000.0,9.098154533878065e-06
ISR,"Israel and Palestine, State of",2020,78.862228928596,Total GHG,Asia,9215100.0,8.55793522898243e-06
ISR,"Israel and Palestine, State of",2021,78.521246399936,Total GHG,Asia,9371400.0,8.378817081752567e-06
ISR,"Israel and Palestine, State of",2022,81.863149822537,Total GHG,Asia,9557500.0,8.565330873401726e-06
ISR,"Israel and Palestine, State of",2023,79.053413464415,Total GHG,Asia,9849000.0,8.026542132644431e-06
ISR,"Israel and Palestine, State of",2024,76.620732865356,Total GHG,Asia,9974400.0,7.68173853719081e-06
ITA,"Italy, San Marino and the Holy See",1970,386.42014666518,Total GHG,Europe,53821850.0,7.179614722741415e-06
ITA,"Italy, San Marino and the Holy See",1971,401.6607954339,Total GHG,Europe,54073490.0,7.4280538473455285e-06
ITA,"Italy, San Marino and the Holy See",1972,419.07603667878,Total GHG,Europe,54381345.0,7.70624626291939e-06
ITA,"Italy, San Marino and the Holy See",1973,443.53983537539,Total GHG,Europe,54751406.0,8.100976171742329e-06
ITA,"Italy, San Marino and the Holy See",1974,444.53540205975,Total GHG,Europe,55110868.0,8.066202151992054e-06
ITA,"Italy, San Marino and the Holy See",1975,427.11346382311,Total GHG,Europe,55441001.0,7.703927709081407e-06
ITA,"Italy, San Marino and the Holy See",1976,456.46032593694,Total GHG,Europe,55718260.0,8.192293261436018e-06
ITA,"Italy, San Marino and the Holy See",1977,445.6691855231,Total GHG,Europe,55955411.0,7.964720079048298e-06
ITA,"Italy, San Marino and the Holy See",1978,455.7318589289,Total GHG,Europe,56155143.0,8.115585404686799e-06
ITA,"Italy, San Marino and the Holy See",1979,472.56608766766,Total GHG,Europe,56317749.0,8.39106846524814e-06
ITA,"Italy, San Marino and the Holy See",1980,474.73626957387,Total GHG,Europe,56433883.0,8.41225597703192e-06
ITA,"Italy, San Marino and the Holy See",1981,462.24588856414,Total GHG,Europe,56501675.0,8.181100623373378e-06
ITA,"Italy, San Marino and the Holy See",1982,453.0174099881,Total GHG,Europe,56543548.0,8.0118320482489e-06
ITA,"Italy, San Marino and the Holy See",1983,445.94663294821,Total GHG,Europe,56564074.0,7.883919976276991e-06
ITA,"Italy, San Marino and the Holy See",1984,455.32918343533,Total GHG,Europe,56576718.0,8.047995704440297e-06
ITA,"Italy, San Marino and the Holy See",1985,456.07393207396,Total GHG,Europe,56593071.0,8.058829888803172e-06
ITA,"Italy, San Marino and the Holy See",1986,459.21347157782,Total GHG,Europe,56596155.0,8.113863416654718e-06
ITA,"Italy, San Marino and the Holy See",1987,485.19597074816,Total GHG,Europe,56601931.0,8.572074524244765e-06
ITA,"Italy, San Marino and the Holy See",1988,486.06587454252,Total GHG,Europe,56629288.0,8.583294823387502e-06
ITA,"Italy, San Marino and the Holy See",1989,503.41492111385,Total GHG,Europe,56671781.0,8.88299100947348e-06
ITA,"Italy, San Marino and the Holy See",1990,504.65085234909,Total GHG,Europe,56719240.0,8.89734863071314e-06
ITA,"Italy, San Marino and the Holy See",1991,501.94442288577,Total GHG,Europe,56758521.0,8.843507794816746e-06
ITA,"Italy, San Marino and the Holy See",1992,499.68653462403,Total GHG,Europe,56797087.0,8.797749339222802e-06
ITA,"Italy, San Marino and the Holy See",1993,493.21718668831,Total GHG,Europe,56831821.0,8.678539205849308e-06
ITA,"Italy, San Marino and the Holy See",1994,488.69397832417,Total GHG,Europe,56843400.0,8.59719823803942e-06
ITA,"Italy, San Marino and the Holy See",1995,514.63620633638,Total GHG,Europe,56844303.0,9.053435070465726e-06
ITA,"Italy, San Marino and the Holy See",1996,510.51436170574,Total GHG,Europe,56860281.0,8.978400259853447e-06
ITA,"Italy, San Marino and the Holy See",1997,514.70068923714,Total GHG,Europe,56890372.0,9.04723718869583e-06
ITA,"Italy, San Marino and the Holy See",1998,524.16100635571,Total GHG,Europe,56906744.0,9.210876769820288e-06
ITA,"Italy, San Marino and the Holy See",1999,531.17243127617,Total GHG,Europe,56916317.0,9.332515863178041e-06
ITA,"Italy, San Marino and the Holy See",2000,538.15506936167,Total GHG,Europe,56942108.0,9.450915820708113e-06
ITA,"Italy, San Marino and the Holy See",2001,536.35769177722,Total GHG,Europe,56976981.0,9.413585668521468e-06
ITA,"Italy, San Marino and the Holy See",2002,545.63984724141,Total GHG,Europe,57089824.0,9.557567513983053e-06
ITA,"Italy, San Marino and the Holy See",2003,566.25481961669,Total GHG,Europe,57399184.0,9.86520678789946e-06
ITA,"Italy, San Marino and the Holy See",2004,577.00680166437,Total GHG,Europe,57828179.0,9.97795212718647e-06
ITA,"Italy, San Marino and the Holy See",2005,578.73568693679,Total GHG,Europe,58166682.0,9.94960804085043e-06
ITA,"Italy, San Marino and the Holy See",2006,567.1625327208,Total GHG,Europe,58399861.0,9.711710319324217e-06
ITA,"Italy, San Marino and the Holy See",2007,560.65043194971,Total GHG,Europe,58756247.0,9.54197145964258e-06
ITA,"Italy, San Marino and the Holy See",2008,545.7313409465,Total GHG,Europe,59211181.0,9.216694072467497e-06
ITA,"Italy, San Marino and the Holy See",2009,494.50555141034,Total GHG,Europe,59555454.0,8.303279014720297e-06
ITA,"Italy, San Marino and the Holy See",2010,505.56623018924,Total GHG,Europe,59819407.0,8.451541991869629e-06
ITA,"Italy, San Marino and the Holy See",2011,494.99340565037,Total GHG,Europe,60026841.0,8.246201156085658e-06
ITA,"Italy, San Marino and the Holy See",2012,476.69476390612,Total GHG,Europe,60191247.0,7.919669182233755e-06
ITA,"Italy, San Marino and the Holy See",2013,442.74171968541,Total GHG,Europe,60311613.0,7.340903313022153e-06
ITA,"Italy, San Marino and the Holy See",2014,423.61697002392,Total GHG,Europe,60320707.0,7.0227454400347125e-06
ITA,"Italy, San Marino and the Holy See",2015,433.53352379311,Total GHG,Europe,60229605.0,7.1980137308406726e-06
ITA,"Italy, San Marino and the Holy See",2016,429.22730041134,Total GHG,Europe,60115223.0,7.140076655980134e-06
ITA,"Italy, San Marino and the Holy See",2017,426.1243807756,Total GHG,Europe,60002252.0,7.1018064584575925e-06
ITA,"Italy, San Marino and the Holy See",2018,421.87332162839,Total GHG,Europe,60148658.0,7.013844292725367e-06
ITA,"Italy, San Marino and the Holy See",2019,413.49158385845,Total GHG,Europe,59729081.0,6.922784963968389e-06
ITA,"Italy, San Marino and the Holy See",2020,375.49618539474,Total GHG,Europe,59438851.0,6.317352692344945e-06
ITA,"Italy, San Marino and the Holy See",2021,408.93194356151,Total GHG,Europe,59133173.0,6.9154405693993455e-06
ITA,"Italy, San Marino and the Holy See",2022,408.06046932401,Total GHG,Europe,59013667.0,6.914677397085153e-06
ITA,"Italy, San Marino and the Holy See",2023,378.51077162728,Total GHG,Europe,58993475.0,6.416146389533419e-06
ITA,"Italy, San Marino and the Holy See",2024,371.17171099618,Total GHG,Europe,58986023.0,6.29253664035258e-06
JAM,Jamaica,1970,9.2386752120377,Total GHG,North America,1878196.0,4.9189090020624575e-06
JAM,Jamaica,1971,9.2354982821581,Total GHG,North America,1903728.0,4.851269867417036e-06
JAM,Jamaica,1972,9.201212696303,Total GHG,North America,1931542.0,4.763661725348451e-06
JAM,Jamaica,1973,9.7514648718873,Total GHG,North America,1961219.0,4.972144809879621e-06
JAM,Jamaica,1974,10.066767234949,Total GHG,North America,1990906.0,5.05637495439212e-06
JAM,Jamaica,1975,8.6678703601994,Total GHG,North America,2018981.0,4.2931906541960526e-06
JAM,Jamaica,1976,7.8350550615951,Total GHG,North America,2045578.0,3.830240187172085e-06
JAM,Jamaica,1977,8.4602241066735,Total GHG,North America,2070657.0,4.085767998598271e-06
JAM,Jamaica,1978,8.6227995462669,Total GHG,North America,2094836.0,4.116216995634456e-06
JAM,Jamaica,1979,8.3439033045101,Total GHG,North America,2119486.0,3.936757923623982e-06
JAM,Jamaica,1980,8.1201821456687,Total GHG,North America,2145658.0,3.784471777733777e-06
JAM,Jamaica,1981,8.0245980023973,Total GHG,North America,2173818.0,3.6914764724541333e-06
JAM,Jamaica,1982,7.0724148946589,Total GHG,North America,2203889.0,3.2090612978507087e-06
JAM,Jamaica,1983,7.2361914682545,Total GHG,North America,2234832.0,3.2379129474853143e-06
JAM,Jamaica,1984,6.8859177833752,Total GHG,North America,2264562.0,3.0407283100993484e-06
JAM,Jamaica,1985,6.2354911945439,Total GHG,North America,2290656.0,2.722142126335818e-06
JAM,Jamaica,1986,6.0946321392735,Total GHG,North America,2312125.0,2.6359440511535923e-06
JAM,Jamaica,1987,6.2687235365953,Total GHG,North America,2329813.0,2.690655231383506e-06
JAM,Jamaica,1988,6.4807519011023,Total GHG,North America,2345777.0,2.7627314536302043e-06
JAM,Jamaica,1989,7.9141388576883,Total GHG,North America,2361916.0,3.350728331442905e-06
JAM,Jamaica,1990,9.2503372135139,Total GHG,North America,2379877.0,3.886897185658712e-06
JAM,Jamaica,1991,9.2255526420295,Total GHG,North America,2400869.0,3.84258893010385e-06
JAM,Jamaica,1992,10.033824173527,Total GHG,North America,2424701.0,4.138169685056838e-06
JAM,Jamaica,1993,10.185305857107,Total GHG,North America,2449916.0,4.157410236557906e-06
JAM,Jamaica,1994,10.235914247873,Total GHG,North America,2475220.0,4.135355341292087e-06
JAM,Jamaica,1995,10.579402999867,Total GHG,North America,2500151.0,4.231505617007533e-06
JAM,Jamaica,1996,10.916360091521,Total GHG,North America,2524463.0,4.3242305755802325e-06
JAM,Jamaica,1997,11.102882157681,Total GHG,North America,2547848.0,4.357749032784138e-06
JAM,Jamaica,1998,11.618859268051,Total GHG,North America,2569736.0,4.5214213709311e-06
JAM,Jamaica,1999,11.911618247058,Total GHG,North America,2589795.0,4.599444452961721e-06
JAM,Jamaica,2000,11.979706654709,Total GHG,North America,2607826.0,4.593752288192924e-06
JAM,Jamaica,2001,12.04734949269,Total GHG,North America,2624403.0,4.590510486647821e-06
JAM,Jamaica,2002,12.004618043337,Total GHG,North America,2640572.0,4.546218790223103e-06
JAM,Jamaica,2003,12.366959228487,Total GHG,North America,2656623.0,4.6551427238592e-06
JAM,Jamaica,2004,12.331663377061,Total GHG,North America,2672225.0,4.6147548866809496e-06
JAM,Jamaica,2005,12.306623697381,Total GHG,North America,2687066.0,4.579948426045731e-06
JAM,Jamaica,2006,13.714892023594,Total GHG,North America,2700968.0,5.077769164090059e-06
JAM,Jamaica,2007,13.613605050804,Total GHG,North America,2713800.0,5.016436381017024e-06
JAM,Jamaica,2008,11.207959917632,Total GHG,North America,2725635.0,4.112054591914177e-06
JAM,Jamaica,2009,9.361367761075,Total GHG,North America,2736995.0,3.4203086819943037e-06
JAM,Jamaica,2010,8.9743761032041,Total GHG,North America,2748568.0,3.265109723755825e-06
JAM,Jamaica,2011,8.9137363379766,Total GHG,North America,2760494.0,3.22903666444361e-06
JAM,Jamaica,2012,8.3325849913982,Total GHG,North America,2772430.0,3.005516817881137e-06
JAM,Jamaica,2013,8.7997102840046,Total GHG,North America,2783687.0,3.161170880204779e-06
JAM,Jamaica,2014,8.5420795770365,Total GHG,North America,2793749.0,3.057568728270328e-06
JAM,Jamaica,2015,8.4176745871491,Total GHG,North America,2802534.0,3.003594099892847e-06
JAM,Jamaica,2016,8.9440054331597,Total GHG,North America,2809915.0,3.1830163663882004e-06
JAM,Jamaica,2017,8.6448230503237,Total GHG,North America,2815764.0,3.070151848778413e-06
JAM,Jamaica,2018,10.04982799227,Total GHG,North America,2820097.0,3.563646212265039e-06
JAM,Jamaica,2019,9.7707767013368,Total GHG,North America,2823271.0,3.4608001503705455e-06
JAM,Jamaica,2020,7.2194283659381,Total GHG,North America,2830739.0,2.550368778590361e-06
JAM,Jamaica,2021,7.7907192421236,Total GHG,North America,2837682.0,2.745451830798377e-06
JAM,Jamaica,2022,8.8444413161078,Total GHG,North America,2839144.0,3.11517884126617e-06
JAM,Jamaica,2023,9.042432560002,Total GHG,North America,2839786.0,3.184195062586406e-06
JAM,Jamaica,2024,9.4247004126026,Total GHG,North America,2839175.0,3.319520780720667e-06
JOR,Jordan,1970,3.5652786405694,Total GHG,Asia,1565163.0,2.2778960661409706e-06
JOR,Jordan,1971,3.6749921398644,Total GHG,Asia,1645145.0,2.2338408710869863e-06
JOR,Jordan,1972,3.2784495446223,Total GHG,Asia,1714555.0,1.912128537505242e-06
JOR,Jordan,1973,3.6453671853845,Total GHG,Asia,1778094.0,2.050154370570116e-06
JOR,Jordan,1974,3.8758442001105,Total GHG,Asia,1839182.0,2.1073739304269508e-06
JOR,Jordan,1975,4.1999635063277,Total GHG,Asia,1899055.0,2.2116070921209233e-06
JOR,Jordan,1976,4.7888658782903,Total GHG,Asia,1958177.0,2.445573550445287e-06
JOR,Jordan,1977,4.9660333905791,Total GHG,Asia,2019002.0,2.4596475835977876e-06
JOR,Jordan,1978,5.8541512609768,Total GHG,Asia,2083595.0,2.8096397145207203e-06
JOR,Jordan,1979,6.2547666215341,Total GHG,Asia,2153882.0,2.903950458536772e-06
JOR,Jordan,1980,7.6341708656563,Total GHG,Asia,2234186.0,3.41698088953037e-06
JOR,Jordan,1981,8.7283130740282,Total GHG,Asia,2325517.0,3.7532785501151787e-06
JOR,Jordan,1982,9.2444654205617,Total GHG,Asia,2426927.0,3.8091238098886777e-06
JOR,Jordan,1983,10.507835990936,Total GHG,Asia,2537307.0,4.14133409592769e-06
JOR,Jordan,1984,11.412357074438,Total GHG,Asia,2654688.0,4.298944762788697e-06
JOR,Jordan,1985,11.764625220424,Total GHG,Asia,2778810.0,4.233691839465094e-06
JOR,Jordan,1986,12.363419827359,Total GHG,Asia,2909887.0,4.248762865141842e-06
JOR,Jordan,1987,13.749893820362,Total GHG,Asia,3047634.0,4.5116617744657e-06
JOR,Jordan,1988,13.441935603455,Total GHG,Asia,3193039.0,4.209762424904613e-06
JOR,Jordan,1989,11.441474900614,Total GHG,Asia,3349627.0,3.4157459623456583e-06
JOR,Jordan,1990,12.120928741495,Total GHG,Asia,3621908.0,3.346558979823618e-06
JOR,Jordan,1991,12.435951484492,Total GHG,Asia,3915149.0,3.1763673577920023e-06
JOR,Jordan,1992,14.567667293467,Total GHG,Asia,4127693.0,3.5292516409207275e-06
JOR,Jordan,1993,15.148412049337,Total GHG,Asia,4348020.0,3.4839793858669006e-06
JOR,Jordan,1994,15.680315001376,Total GHG,Asia,4561406.0,3.4376056420708876e-06
JOR,Jordan,1995,16.651760053031,Total GHG,Asia,4752096.0,3.5040874706720996e-06
JOR,Jordan,1996,17.000347894798,Total GHG,Asia,4912516.0,3.460619343488754e-06
JOR,Jordan,1997,17.550540814689,Total GHG,Asia,5046285.0,3.4779131211750824e-06
JOR,Jordan,1998,17.865466814106,Total GHG,Asia,5164284.0,3.459427640715731e-06
JOR,Jordan,1999,18.017705037356,Total GHG,Asia,5276444.0,3.4147439141505147e-06
JOR,Jordan,2000,19.704692596681,Total GHG,Asia,5386945.0,3.657860363653425e-06
JOR,Jordan,2001,19.930742073684,Total GHG,Asia,5498894.0,3.6245001401525475e-06
JOR,Jordan,2002,20.860061382793,Total GHG,Asia,5616066.0,3.71435474276709e-06
JOR,Jordan,2003,21.521275458754,Total GHG,Asia,5741828.0,3.7481574611350256e-06
JOR,Jordan,2004,23.110803135802,Total GHG,Asia,5882061.0,3.92903153092122e-06
JOR,Jordan,2005,24.765442436642,Total GHG,Asia,6029587.0,4.107319860654138e-06
JOR,Jordan,2006,25.141227208611,Total GHG,Asia,6427371.0,3.911587989647867e-06
JOR,Jordan,2007,26.238970309833,Total GHG,Asia,6827227.0,3.843283709452315e-06
JOR,Jordan,2008,25.912517390229,Total GHG,Asia,6989866.0,3.7071551000017737e-06
JOR,Jordan,2009,26.435248748774,Total GHG,Asia,7141753.0,3.7015070037810048e-06
JOR,Jordan,2010,26.145669098829,Total GHG,Asia,7297043.0,3.5830498873076395e-06
JOR,Jordan,2011,26.948637926322,Total GHG,Asia,7480424.0,3.602554872066343e-06
JOR,Jordan,2012,30.741872637414,Total GHG,Asia,7587127.0,4.051846323043492e-06
JOR,Jordan,2013,30.465560213933,Total GHG,Asia,7991809.0,3.8120981387234103e-06
JOR,Jordan,2014,32.612161603235,Total GHG,Asia,8791710.0,3.7094218989519677e-06
JOR,Jordan,2015,32.653660299517,Total GHG,Asia,9544729.0,3.421119688103979e-06
JOR,Jordan,2016,32.834048425129,Total GHG,Asia,10006367.0,3.28131562885201e-06
JOR,Jordan,2017,34.379197134174,Total GHG,Asia,10234226.0,3.3592376340110134e-06
JOR,Jordan,2018,33.372479837837,Total GHG,Asia,10462306.0,3.1897824282559693e-06
JOR,Jordan,2019,31.899160684597,Total GHG,Asia,10671891.0,2.9890823177070493e-06
JOR,Jordan,2020,29.998694832568,Total GHG,Asia,10865228.0,2.760981622527203e-06
JOR,Jordan,2021,31.30619662874,Total GHG,Asia,11066356.0,2.8289526045195005e-06
JOR,Jordan,2022,33.338396510643,Total GHG,Asia,11256263.0,2.961764176142917e-06
JOR,Jordan,2023,34.400684103286,Total GHG,Asia,11439213.0,3.007259686770934e-06
JOR,Jordan,2024,34.855734918746,Total GHG,Asia,11552876.0,3.017061285756551e-06
JPN,Japan,1970,979.60992533582,Total GHG,Asia,103403000.0,9.473708938191542e-06
JPN,Japan,1971,972.55745818469,Total GHG,Asia,105697000.0,9.201372396422698e-06
JPN,Japan,1972,1018.1085438196,Total GHG,Asia,107188000.0,9.49834443985894e-06
JPN,Japan,1973,1133.0410564399,Total GHG,Asia,108707000.0,1.0422889569576017e-05
JPN,Japan,1974,1127.9922293137,Total GHG,Asia,110162000.0,1.0239394975705777e-05
JPN,Japan,1975,1070.9944385581,Total GHG,Asia,111573000.0,9.599046709850054e-06
JPN,Japan,1976,1107.0126524714,Total GHG,Asia,112775000.0,9.816117512493018e-06
JPN,Japan,1977,1137.1913628216,Total GHG,Asia,113872000.0,9.986575829190671e-06
JPN,Japan,1978,1134.3743236127,Total GHG,Asia,114913000.0,9.871592627576514e-06
JPN,Japan,1979,1161.2865472587,Total GHG,Asia,115890000.0,1.0020593211309863e-05
JPN,Japan,1980,1132.5790611568,Total GHG,Asia,116807000.0,9.696157431975823e-06
JPN,Japan,1981,1108.2077245974,Total GHG,Asia,117661000.0,9.418649549106332e-06
JPN,Japan,1982,1066.5500030312,Total GHG,Asia,118480000.0,9.001941281492235e-06
JPN,Japan,1983,1071.0231479413,Total GHG,Asia,119307000.0,8.977035278242686e-06
JPN,Japan,1984,1145.4072601228,Total GHG,Asia,120083000.0,9.538463064070684e-06
JPN,Japan,1985,1118.1813901579,Total GHG,Asia,120837000.0,9.253634153097975e-06
JPN,Japan,1986,1114.9773688274,Total GHG,Asia,121482000.0,9.1781281904101e-06
JPN,Japan,1987,1118.9970565213,Total GHG,Asia,122069000.0,9.16692244977267e-06
JPN,Japan,1988,1194.0144861066,Total GHG,Asia,122578000.0,9.740854689312928e-06
JPN,Japan,1989,1225.8239346774,Total GHG,Asia,123069000.0,9.960460673909758e-06
JPN,Japan,1990,1295.84479566,Total GHG,Asia,123478000.0,1.049453988289412e-05
JPN,Japan,1991,1310.2737498949,Total GHG,Asia,123964000.0,1.0569792438892744e-05
JPN,Japan,1992,1320.9988693178,Total GHG,Asia,124425000.0,1.06168283650215e-05
JPN,Japan,1993,1317.028946572,Total GHG,Asia,124829000.0,1.055066488213476e-05
JPN,Japan,1994,1380.2947284209,Total GHG,Asia,125178000.0,1.102665586940916e-05
JPN,Japan,1995,1399.2975324149,Total GHG,Asia,125472000.0,1.1152269290478354e-05
JPN,Japan,1996,1414.6749284029,Total GHG,Asia,125757000.0,1.1249273824939367e-05
JPN,Japan,1997,1396.8347561213,Total GHG,Asia,126057000.0,1.108097730488033e-05
JPN,Japan,1998,1342.2102698929,Total GHG,Asia,126400000.0,1.0618752135228638e-05
JPN,Japan,1999,1373.2726991447,Total GHG,Asia,126631000.0,1.0844680205831905e-05
JPN,Japan,2000,1377.7821959912,Total GHG,Asia,126843000.0,1.086210666722799e-05
JPN,Japan,2001,1356.3729911167,Total GHG,Asia,127149000.0,1.0667586777062343e-05
JPN,Japan,2002,1384.7551643198,Total GHG,Asia,127445000.0,1.0865511901759976e-05
JPN,Japan,2003,1389.219233854,Total GHG,Asia,127718000.0,1.0877239182057347e-05
JPN,Japan,2004,1380.3905606889,Total GHG,Asia,127761000.0,1.080447523648766e-05
JPN,Japan,2005,1389.6047445189,Total GHG,Asia,127773000.0,1.0875574217705618e-05
JPN,Japan,2006,1359.7126345894,Total GHG,Asia,127854000.0,1.0634885373859246e-05
JPN,Japan,2007,1393.9089779451,Total GHG,Asia,128001000.0,1.0889828813408489e-05
JPN,Japan,2008,1319.3170040102,Total GHG,Asia,128063000.0,1.0302093532169323e-05
JPN,Japan,2009,1250.6456623216,Total GHG,Asia,128047000.0,9.767082886140246e-06
JPN,Japan,2010,1313.1601674668,Total GHG,Asia,128070000.0,1.0253456449338643e-05
JPN,Japan,2011,1363.1798231598,Total GHG,Asia,127833000.0,1.0663755236596183e-05
JPN,Japan,2012,1401.341790458,Total GHG,Asia,127629000.0,1.0979807022369525e-05
JPN,Japan,2013,1417.7405771639,Total GHG,Asia,127445000.0,1.1124332670280514e-05
JPN,Japan,2014,1366.667423601,Total GHG,Asia,127276000.0,1.073782506993463e-05
JPN,Japan,2015,1324.4225472395,Total GHG,Asia,127141000.0,1.0416958709145752e-05
JPN,Japan,2016,1320.9354042909,Total GHG,Asia,127076000.0,1.0394845637971764e-05
JPN,Japan,2017,1305.6904106006,Total GHG,Asia,126972000.0,1.028329403806036e-05
JPN,Japan,2018,1254.5984224506,Total GHG,Asia,126811000.0,9.893451060638273e-06
JPN,Japan,2019,1215.1408351129,Total GHG,Asia,126633000.0,9.595767573325279e-06
JPN,Japan,2020,1151.0676584183,Total GHG,Asia,126261000.0,9.116573276136732e-06
JPN,Japan,2021,1172.1251500133,Total GHG,Asia,125681593.0,9.326148102000107e-06
JPN,Japan,2022,1142.3046229531,Total GHG,Asia,125124989.0,9.129308478525422e-06
JPN,Japan,2023,1094.0242506381,Total GHG,Asia,124516650.0,8.786168360922817e-06
JPN,Japan,2024,1063.3358491923,Total GHG,Asia,123975371.0,8.576992676975333e-06
KAZ,Kazakhstan,1970,262.37854121782,Total GHG,Asia,12419057.0,2.112709050436116e-05
KAZ,Kazakhstan,1971,263.15238988815,Total GHG,Asia,12684813.0,2.074546860786596e-05
KAZ,Kazakhstan,1972,276.56416514438,Total GHG,Asia,12951798.0,2.1353341454551717e-05
KAZ,Kazakhstan,1973,292.03670841681,Total GHG,Asia,13208121.0,2.211039014685056e-05
KAZ,Kazakhstan,1974,300.86720169567,Total GHG,Asia,13454570.0,2.2361710682368147e-05
KAZ,Kazakhstan,1975,312.15379902276,Total GHG,Asia,13700843.0,2.278354689727924e-05
KAZ,Kazakhstan,1976,320.2895859745,Total GHG,Asia,13998738.0,2.287989002826541e-05
KAZ,Kazakhstan,1977,323.3461287157,Total GHG,Asia,14353265.0,2.252770562765336e-05
KAZ,Kazakhstan,1978,337.07172519704,Total GHG,Asia,14711497.0,2.291212955398353e-05
KAZ,Kazakhstan,1979,341.57162029195,Total GHG,Asia,14978696.0,2.2803828870814254e-05
KAZ,Kazakhstan,1980,349.41219900956,Total GHG,Asia,15152949.0,2.30590229670515e-05
KAZ,Kazakhstan,1981,333.31455824982,Total GHG,Asia,15323082.0,2.175244890354434e-05
KAZ,Kazakhstan,1982,323.33128646398,Total GHG,Asia,15492595.0,2.0870053497427644e-05
KAZ,Kazakhstan,1983,318.31532047308,Total GHG,Asia,15665551.0,2.031944618309819e-05
KAZ,Kazakhstan,1984,315.04732548713,Total GHG,Asia,15844621.0,1.9883550732272486e-05
KAZ,Kazakhstan,1985,303.79260262094,Total GHG,Asia,16031090.0,1.8950215027233954e-05
KAZ,Kazakhstan,1986,305.38619454215,Total GHG,Asia,16262702.0,1.8778318298038665e-05
KAZ,Kazakhstan,1987,321.08337610191,Total GHG,Asia,16527715.0,1.9426967133805854e-05
KAZ,Kazakhstan,1988,328.74281592906,Total GHG,Asia,16781168.0,1.9589984197110713e-05
KAZ,Kazakhstan,1989,327.70026717406,Total GHG,Asia,16997013.0,1.927987389161025e-05
KAZ,Kazakhstan,1990,342.2678911754,Total GHG,Asia,17154054.0,1.9952594947841482e-05
KAZ,Kazakhstan,1991,348.41236797801,Total GHG,Asia,17278600.0,2.0164386465223456e-05
KAZ,Kazakhstan,1992,352.78579598883,Total GHG,Asia,17332625.0,2.035385845991764e-05
KAZ,Kazakhstan,1993,307.34510901153,Total GHG,Asia,17274487.0,1.7791851590818875e-05
KAZ,Kazakhstan,1994,273.84482106133,Total GHG,Asia,17043771.0,1.6067149755845112e-05
KAZ,Kazakhstan,1995,237.16235838971,Total GHG,Asia,16730536.0,1.417541902959415e-05
KAZ,Kazakhstan,1996,208.19162814681,Total GHG,Asia,16416027.0,1.26822176977907e-05
KAZ,Kazakhstan,1997,181.03560200015,Total GHG,Asia,16043251.0,1.1284221757806444e-05
KAZ,Kazakhstan,1998,180.59998156603,Total GHG,Asia,15647785.0,1.1541568443458931e-05
KAZ,Kazakhstan,1999,165.6919687782,Total GHG,Asia,15455874.0,1.0720323469135423e-05
KAZ,Kazakhstan,2000,172.3084565119,Total GHG,Asia,15501103.0,1.111588359305141e-05
KAZ,Kazakhstan,2001,171.7801866794,Total GHG,Asia,15575550.0,1.1028836007678701e-05
KAZ,Kazakhstan,2002,187.75781626776,Total GHG,Asia,15656677.0,1.1992188142334418e-05
KAZ,Kazakhstan,2003,207.63154646733,Total GHG,Asia,15747380.0,1.3185148670275945e-05
KAZ,Kazakhstan,2004,222.28944404849,Total GHG,Asia,15850159.0,1.4024429915718195e-05
KAZ,Kazakhstan,2005,237.2563538775,Total GHG,Asia,15968117.0,1.485812972672357e-05
KAZ,Kazakhstan,2006,263.57288880348,Total GHG,Asia,16103716.0,1.6367209208326824e-05
KAZ,Kazakhstan,2007,274.77578710752,Total GHG,Asia,16257214.0,1.6901775858244837e-05
KAZ,Kazakhstan,2008,308.1772160258,Total GHG,Asia,16426525.0,1.8760950111225596e-05
KAZ,Kazakhstan,2009,283.78722840449,Total GHG,Asia,16619846.0,1.707520204486191e-05
KAZ,Kazakhstan,2010,304.01540117296,Total GHG,Asia,16836810.0,1.805659154988148e-05
KAZ,Kazakhstan,2011,327.49021389556,Total GHG,Asia,17066002.0,1.918962706646583e-05
KAZ,Kazakhstan,2012,322.81884798807,Total GHG,Asia,17306106.0,1.865346531380716e-05
KAZ,Kazakhstan,2013,340.36230449663,Total GHG,Asia,17556502.0,1.9386681042535125e-05
KAZ,Kazakhstan,2014,298.21903096109,Total GHG,Asia,17816285.0,1.6738564238340934e-05
KAZ,Kazakhstan,2015,262.97362301116,Total GHG,Asia,18084169.0,1.4541648168138662e-05
KAZ,Kazakhstan,2016,278.61228661202,Total GHG,Asia,18363600.0,1.5171986245181772e-05
KAZ,Kazakhstan,2017,293.31926855381,Total GHG,Asia,18651931.0,1.5725946474593435e-05
KAZ,Kazakhstan,2018,298.67947688282,Total GHG,Asia,18932727.0,1.5775829698638763e-05
KAZ,Kazakhstan,2019,288.1337467533,Total GHG,Asia,19209555.0,1.4999501381125174e-05
KAZ,Kazakhstan,2020,296.35281873901,Total GHG,Asia,19482117.0,1.5211530591824799e-05
KAZ,Kazakhstan,2021,315.64381901861,Total GHG,Asia,19743603.0,1.5987143735548672e-05
KAZ,Kazakhstan,2022,322.93218200325,Total GHG,Asia,20034609.0,1.611871646725174e-05
KAZ,Kazakhstan,2023,326.8628859182,Total GHG,Asia,20330104.0,1.607777736494609e-05
KAZ,Kazakhstan,2024,330.39334589704,Total GHG,Asia,20592571.0,1.6044298009075212e-05
KEN,Kenya,1970,22.934529615747,Total GHG,Africa,11368791.0,2.01732353209299e-06
KEN,Kenya,1971,23.363333388318,Total GHG,Africa,11788904.0,1.9818070779368464e-06
KEN,Kenya,1972,24.041721628098,Total GHG,Africa,12206060.0,1.969654550944203e-06
KEN,Kenya,1973,24.421944790482,Total GHG,Africa,12634835.0,1.9329057158626923e-06
KEN,Kenya,1974,24.745044530565,Total GHG,Africa,13070078.0,1.8932591320851337e-06
KEN,Kenya,1975,24.988018991893,Total GHG,Africa,13511671.0,1.849365558996589e-06
KEN,Kenya,1976,25.370058490314,Total GHG,Africa,13957623.0,1.8176489284969225e-06
KEN,Kenya,1977,26.140973346127,Total GHG,Africa,14428819.0,1.8117195417121112e-06
KEN,Kenya,1978,27.754594513795,Total GHG,Africa,14934126.0,1.858467948763456e-06
KEN,Kenya,1979,29.544158233129,Total GHG,Africa,15460666.0,1.9109240334878847e-06
KEN,Kenya,1980,28.147323980593,Total GHG,Africa,16018459.0,1.757180511595591e-06
KEN,Kenya,1981,27.945506311005,Total GHG,Africa,16601507.0,1.6833114193190414e-06
KEN,Kenya,1982,29.647502501216,Total GHG,Africa,17206175.0,1.7230734024974173e-06
KEN,Kenya,1983,31.767119673016,Total GHG,Africa,17846374.0,1.7800321607636376e-06
KEN,Kenya,1984,33.344205339655,Total GHG,Africa,18514906.0,1.8009384082022884e-06
KEN,Kenya,1985,33.270069938939,Total GHG,Africa,19201768.0,1.7326565938583886e-06
KEN,Kenya,1986,34.464152386255,Total GHG,Africa,19901646.0,1.7317237170360182e-06
KEN,Kenya,1987,34.790354468153,Total GHG,Africa,20616096.0,1.6875335887140319e-06
KEN,Kenya,1988,36.621333190117,Total GHG,Africa,21356219.0,1.714785430422726e-06
KEN,Kenya,1989,38.001454278856,Total GHG,Africa,22118434.0,1.7180897290855222e-06
KEN,Kenya,1990,38.457802833315,Total GHG,Africa,22892651.0,1.6799191510548516e-06
KEN,Kenya,1991,37.604814119819,Total GHG,Africa,23646514.0,1.5902899733896927e-06
KEN,Kenya,1992,38.008601249001,Total GHG,Africa,24382460.0,1.5588501426435644e-06
KEN,Kenya,1993,38.402446183223,Total GHG,Africa,25117188.0,1.528930952908542e-06
KEN,Kenya,1994,38.949973056254,Total GHG,Africa,25857130.0,1.5063532981523472e-06
KEN,Kenya,1995,39.574813600684,Total GHG,Africa,26601751.0,1.487677017978403e-06
KEN,Kenya,1996,38.735683124006,Total GHG,Africa,27344211.0,1.4165953855463593e-06
KEN,Kenya,1997,38.654087821445,Total GHG,Africa,28101768.0,1.3755037697786488e-06
KEN,Kenya,1998,39.630285343559,Total GHG,Africa,28888057.0,1.3718570737920865e-06
KEN,Kenya,1999,42.410810382591,Total GHG,Africa,29733408.0,1.4263689645866024e-06
KEN,Kenya,2000,41.383846496355,Total GHG,Africa,30642890.0,1.3505203489734485e-06
KEN,Kenya,2001,42.31241214307,Total GHG,Africa,31619170.0,1.338188578102145e-06
KEN,Kenya,2002,44.70826505815,Total GHG,Africa,32629808.0,1.3701663539714975e-06
KEN,Kenya,2003,46.040639207268,Total GHG,Africa,33652223.0,1.3681306939891608e-06
KEN,Kenya,2004,50.411008733855,Total GHG,Africa,34713455.0,1.4522037271673188e-06
KEN,Kenya,2005,52.89814171211,Total GHG,Africa,35796484.0,1.4777468567055357e-06
KEN,Kenya,2006,51.632405311357,Total GHG,Africa,36904008.0,1.3991002091522687e-06
KEN,Kenya,2007,71.434855182887,Total GHG,Africa,38036349.0,1.878068139055276e-06
KEN,Kenya,2008,76.178892642344,Total GHG,Africa,39206351.0,1.94302429834248e-06
KEN,Kenya,2009,75.153521496533,Total GHG,Africa,40408891.0,1.8598263806975796e-06
KEN,Kenya,2010,78.737635252082,Total GHG,Africa,41598567.0,1.8927968180269767e-06
KEN,Kenya,2011,79.543619724966,Total GHG,Africa,42758461.0,1.860301279902614e-06
KEN,Kenya,2012,77.936861224796,Total GHG,Africa,43888303.0,1.775800290678726e-06
KEN,Kenya,2013,77.881013527452,Total GHG,Africa,44986791.0,1.7311973536288018e-06
KEN,Kenya,2014,79.97004032149,Total GHG,Africa,46051440.0,1.736537235784375e-06
KEN,Kenya,2015,82.133360035474,Total GHG,Africa,47088526.0,1.7442329801419989e-06
KEN,Kenya,2016,88.437761221883,Total GHG,Africa,48139687.0,1.8371071091900327e-06
KEN,Kenya,2017,85.544513409337,Total GHG,Africa,49197766.0,1.73878857445147e-06
KEN,Kenya,2018,88.435416665973,Total GHG,Africa,50207107.0,1.7614123169051146e-06
KEN,Kenya,2019,97.22021474239,Total GHG,Africa,51202827.0,1.898727481246104e-06
KEN,Kenya,2020,108.57715673298,Total GHG,Africa,52217334.0,2.079331678116313e-06
KEN,Kenya,2021,102.16018788218,Total GHG,Africa,53219166.0,1.919612717759989e-06
KEN,Kenya,2022,105.1551493185,Total GHG,Africa,54252461.0,1.938255839094562e-06
KEN,Kenya,2023,100.57605274699,Total GHG,Africa,55339003.0,1.8174532842051744e-06
KEN,Kenya,2024,102.83615180704,Total GHG,Africa,56432944.0,1.822271611543782e-06
KGZ,Kyrgyzstan,1970,22.988496206886,Total GHG,Asia,2959900.0,7.766646240375013e-06
KGZ,Kyrgyzstan,1971,23.335202881425,Total GHG,Asia,3022300.0,7.72100813335043e-06
KGZ,Kyrgyzstan,1972,24.483681647493,Total GHG,Asia,3088200.0,7.92813990269186e-06
KGZ,Kyrgyzstan,1973,25.479008805386,Total GHG,Asia,3153800.0,8.078828335780963e-06
KGZ,Kyrgyzstan,1974,26.474383991338,Total GHG,Asia,3223900.0,8.211912277470766e-06
KGZ,Kyrgyzstan,1975,27.734550930754,Total GHG,Asia,3292400.0,8.423809661874013e-06
KGZ,Kyrgyzstan,1976,28.446618796901,Total GHG,Asia,3358700.0,8.46953249676988e-06
KGZ,Kyrgyzstan,1977,29.019207857756,Total GHG,Asia,3423900.0,8.475483471408628e-06
KGZ,Kyrgyzstan,1978,30.156840612226,Total GHG,Asia,3487100.0,8.648114654648849e-06
KGZ,Kyrgyzstan,1979,30.79766890093,Total GHG,Asia,3552000.0,8.670514893279843e-06
KGZ,Kyrgyzstan,1980,32.005057823476,Total GHG,Asia,3617400.0,8.84753077444463e-06
KGZ,Kyrgyzstan,1981,31.037983440523,Total GHG,Asia,3685800.0,8.420962461480005e-06
KGZ,Kyrgyzstan,1982,29.994561807323,Total GHG,Asia,3759300.0,7.978762484325006e-06
KGZ,Kyrgyzstan,1983,28.994637211477,Total GHG,Asia,3838300.0,7.5540310062988815e-06
KGZ,Kyrgyzstan,1984,28.207133231131,Total GHG,Asia,3916400.0,7.202311620654428e-06
KGZ,Kyrgyzstan,1985,27.687463764385,Total GHG,Asia,3990300.0,6.938692269850638e-06
KGZ,Kyrgyzstan,1986,27.656433988758,Total GHG,Asia,4066500.0,6.801041187448174e-06
KGZ,Kyrgyzstan,1987,29.512004520972,Total GHG,Asia,4144600.0,7.120591738882401e-06
KGZ,Kyrgyzstan,1988,30.15206492366,Total GHG,Asia,4218400.0,7.147749128498957e-06
KGZ,Kyrgyzstan,1989,30.222518132074,Total GHG,Asia,4307500.0,7.016254934898201e-06
KGZ,Kyrgyzstan,1990,33.367347720174,Total GHG,Asia,4391236.0,7.598623194056071e-06
KGZ,Kyrgyzstan,1991,30.628206677991,Total GHG,Asia,4463634.0,6.861719997202055e-06
KGZ,Kyrgyzstan,1992,22.637308681047,Total GHG,Asia,4515400.0,5.013356221164681e-06
KGZ,Kyrgyzstan,1993,18.251697846505,Total GHG,Asia,4516777.0,4.0408676023866135e-06
KGZ,Kyrgyzstan,1994,13.737809772088,Total GHG,Asia,4515069.0,3.0426577693691943e-06
KGZ,Kyrgyzstan,1995,10.534409554312,Total GHG,Asia,4560454.0,2.3099475522200204e-06
KGZ,Kyrgyzstan,1996,11.339395220717,Total GHG,Asia,4628438.0,2.449939962621731e-06
KGZ,Kyrgyzstan,1997,11.715386363405,Total GHG,Asia,4696421.0,2.4945349583022904e-06
KGZ,Kyrgyzstan,1998,12.087487759161,Total GHG,Asia,4769015.0,2.5345879094867597e-06
KGZ,Kyrgyzstan,1999,10.931997586739,Total GHG,Asia,4840422.0,2.258480270261353e-06
KGZ,Kyrgyzstan,2000,10.898478054848,Total GHG,Asia,4898362.0,2.2249229548261236e-06
KGZ,Kyrgyzstan,2001,10.07893203823,Total GHG,Asia,4945073.0,2.038176592788418e-06
KGZ,Kyrgyzstan,2002,11.167796247028,Total GHG,Asia,4990704.0,2.237719617718863e-06
KGZ,Kyrgyzstan,2003,11.853731964933,Total GHG,Asia,5043308.0,2.350388269947622e-06
KGZ,Kyrgyzstan,2004,11.798246266523,Total GHG,Asia,5104713.0,2.311245757895302e-06
KGZ,Kyrgyzstan,2005,11.894695174066,Total GHG,Asia,5162640.0,2.3039946953624503e-06
KGZ,Kyrgyzstan,2006,11.990129572577,Total GHG,Asia,5218373.0,2.297675841220434e-06
KGZ,Kyrgyzstan,2007,13.346050899218,Total GHG,Asia,5268385.0,2.5332337897131664e-06
KGZ,Kyrgyzstan,2008,14.739484058268,Total GHG,Asia,5318729.0,2.77124178695098e-06
KGZ,Kyrgyzstan,2009,14.631079858986,Total GHG,Asia,5389643.0,2.7146658617251646e-06
KGZ,Kyrgyzstan,2010,14.35762694506,Total GHG,Asia,5467059.0,2.626206694506132e-06
KGZ,Kyrgyzstan,2011,16.402111751967,Total GHG,Asia,5546587.0,2.957153967289614e-06
KGZ,Kyrgyzstan,2012,18.591493939202,Total GHG,Asia,5652076.0,3.2893212934861457e-06
KGZ,Kyrgyzstan,2013,18.502124830612,Total GHG,Asia,5777150.0,3.2026388150925633e-06
KGZ,Kyrgyzstan,2014,19.400574791578,Total GHG,Asia,5905848.0,3.2849769908704048e-06
KGZ,Kyrgyzstan,2015,19.870991348814,Total GHG,Asia,6040036.0,3.289879621382058e-06
KGZ,Kyrgyzstan,2016,19.631048545231,Total GHG,Asia,6175338.0,3.1789431680065125e-06
KGZ,Kyrgyzstan,2017,19.996802400195,Total GHG,Asia,6306696.0,3.1707255907364175e-06
KGZ,Kyrgyzstan,2018,22.129136443326,Total GHG,Asia,6444079.0,3.4340262500391446e-06
KGZ,Kyrgyzstan,2019,21.225753187283,Total GHG,Asia,6590211.0,3.220800242554146e-06
KGZ,Kyrgyzstan,2020,20.399398303507,Total GHG,Asia,6726596.0,3.032648059063901e-06
KGZ,Kyrgyzstan,2021,21.829000950485,Total GHG,Asia,6851224.0,3.18614614709503e-06
KGZ,Kyrgyzstan,2022,21.95345272449,Total GHG,Asia,6975220.0,3.1473491480541113e-06
KGZ,Kyrgyzstan,2023,21.717112728515,Total GHG,Asia,7099750.0,3.0588559778182333e-06
KGZ,Kyrgyzstan,2024,22.368960993932,Total GHG,Asia,7224614.0,3.0962153817397027e-06
KHM,Cambodia,1970,16.429842455472,Total GHG,Asia,6639182.0,2.4746787263057403e-06
KHM,Cambodia,1971,13.823447808837,Total GHG,Asia,6620880.0,2.0878565702500274e-06
KHM,Cambodia,1972,11.662111639857,Total GHG,Asia,6673886.0,1.7474244600307827e-06
KHM,Cambodia,1973,9.2665939904908,Total GHG,Asia,6739726.0,1.3749214716578687e-06
KHM,Cambodia,1974,7.8776088958125,Total GHG,Asia,6783240.0,1.1613342437850496e-06
KHM,Cambodia,1975,8.0061644445021,Total GHG,Asia,6581371.0,1.2164888508035938e-06
KHM,Cambodia,1976,6.9934635656653,Total GHG,Asia,6134991.0,1.139930533828868e-06
KHM,Cambodia,1977,6.3675503077719,Total GHG,Asia,5668551.0,1.1233118142135266e-06
KHM,Cambodia,1978,6.1599784626063,Total GHG,Asia,5211653.0,1.1819625102834552e-06
KHM,Cambodia,1979,5.6067328832094,Total GHG,Asia,5088808.0,1.1017772498411022e-06
KHM,Cambodia,1980,7.8467036133871,Total GHG,Asia,5199872.0,1.5090186091863607e-06
KHM,Cambodia,1981,7.6581791826138,Total GHG,Asia,5284495.0,1.4491790005693638e-06
KHM,Cambodia,1982,10.110021997147,Total GHG,Asia,5436432.0,1.8596796570152997e-06
KHM,Cambodia,1983,10.489198140122,Total GHG,Asia,5636203.0,1.8610398064303218e-06
KHM,Cambodia,1984,9.0108741806483,Total GHG,Asia,5845117.0,1.54160715356909e-06
KHM,Cambodia,1985,10.756546013268,Total GHG,Asia,6043783.0,1.7797703877303338e-06
KHM,Cambodia,1986,11.736456303292,Total GHG,Asia,6285693.0,1.8671698257124553e-06
KHM,Cambodia,1987,11.546752491664,Total GHG,Asia,6557970.0,1.7607205418237656e-06
KHM,Cambodia,1988,13.244257628974,Total GHG,Asia,6812014.0,1.9442499133111e-06
KHM,Cambodia,1989,14.305767251814,Total GHG,Asia,7073473.0,2.0224530795288254e-06
KHM,Cambodia,1990,14.577033667942,Total GHG,Asia,7374752.0,1.9766134058395457e-06
KHM,Cambodia,1991,14.547217280851,Total GHG,Asia,7686850.0,1.8924809617529936e-06
KHM,Cambodia,1992,14.910332576247,Total GHG,Asia,8113083.0,1.8378133905750749e-06
KHM,Cambodia,1993,15.367714626429,Total GHG,Asia,8616381.0,1.7835463202508107e-06
KHM,Cambodia,1994,14.823753490681,Total GHG,Asia,9239162.0,1.6044478374425083e-06
KHM,Cambodia,1995,19.008997206822,Total GHG,Asia,10018497.0,1.8973901181806012e-06
KHM,Cambodia,1996,19.146776660568,Total GHG,Asia,10801270.0,1.7726412413140309e-06
KHM,Cambodia,1997,19.493586018836,Total GHG,Asia,11570982.0,1.6846959072994844e-06
KHM,Cambodia,1998,19.667684802948,Total GHG,Asia,12058173.0,1.631066729839421e-06
KHM,Cambodia,1999,20.370076106533,Total GHG,Asia,12265731.0,1.6607307062687905e-06
KHM,Cambodia,2000,20.451539233386,Total GHG,Asia,12462336.0,1.6410678731006771e-06
KHM,Cambodia,2001,21.006011060051,Total GHG,Asia,12658484.0,1.659441293290018e-06
KHM,Cambodia,2002,20.892921039702,Total GHG,Asia,12855241.0,1.625245379662816e-06
KHM,Cambodia,2003,22.871124558317,Total GHG,Asia,13050968.0,1.7524466045979883e-06
KHM,Cambodia,2004,22.396902624669,Total GHG,Asia,13244731.0,1.6910047191346506e-06
KHM,Cambodia,2005,25.148509605244,Total GHG,Asia,13439202.0,1.8712799766864135e-06
KHM,Cambodia,2006,26.598857804852,Total GHG,Asia,13639028.0,1.9502018622479547e-06
KHM,Cambodia,2007,27.873430673271,Total GHG,Asia,13841770.0,2.013718669886221e-06
KHM,Cambodia,2008,28.792656127188,Total GHG,Asia,14053479.0,2.048792055489463e-06
KHM,Cambodia,2009,30.308553439117,Total GHG,Asia,14276810.0,2.122921957994608e-06
KHM,Cambodia,2010,30.973314589945,Total GHG,Asia,14500726.0,2.1359837148805517e-06
KHM,Cambodia,2011,32.1390856483,Total GHG,Asia,14722584.0,2.1829785891050103e-06
KHM,Cambodia,2012,32.002712166027,Total GHG,Asia,14945085.0,2.141353640078126e-06
KHM,Cambodia,2013,31.98329863919,Total GHG,Asia,15170208.0,2.108296645582579e-06
KHM,Cambodia,2014,33.402243522516,Total GHG,Asia,15396772.0,2.16943158751172e-06
KHM,Cambodia,2015,35.173497553633,Total GHG,Asia,15623251.0,2.251355851201072e-06
KHM,Cambodia,2016,37.872399851346,Total GHG,Asia,15852803.0,2.389003373810045e-06
KHM,Cambodia,2017,39.820059795979,Total GHG,Asia,16073372.0,2.4773930321514985e-06
KHM,Cambodia,2018,40.686722132466,Total GHG,Asia,16274522.0,2.5000256310118357e-06
KHM,Cambodia,2019,44.000723628615,Total GHG,Asia,16481304.0,2.6697355760572708e-06
KHM,Cambodia,2020,46.956907288888,Total GHG,Asia,16725474.0,2.8075083127024083e-06
KHM,Cambodia,2021,48.336934193903,Total GHG,Asia,16974305.0,2.847653214308509e-06
KHM,Cambodia,2022,47.104215231706,Total GHG,Asia,17201724.0,2.7383426935408334e-06
KHM,Cambodia,2023,48.981796752506,Total GHG,Asia,17423880.0,2.811187677630126e-06
KHM,Cambodia,2024,49.834754915236,Total GHG,Asia,17638801.0,2.8252915215289292e-06
KIR,Kiribati,1970,0.027760630733053,Total GHG,Oceania,57510.0,4.827096284655364e-07
KIR,Kiribati,1971,0.028338205684809,Total GHG,Oceania,58652.0,4.831583864967776e-07
KIR,Kiribati,1972,0.029983016987396,Total GHG,Oceania,59778.0,5.015727690353642e-07
KIR,Kiribati,1973,0.034483857804151,Total GHG,Oceania,60824.0,5.669449198367586e-07
KIR,Kiribati,1974,0.040362141779469,Total GHG,Oceania,61219.0,6.593074336312093e-07
KIR,Kiribati,1975,0.035588294544849,Total GHG,Oceania,60987.0,5.835390254455704e-07
KIR,Kiribati,1976,0.03556118777959,Total GHG,Oceania,60661.0,5.862281825157844e-07
KIR,Kiribati,1977,0.037290974951381,Total GHG,Oceania,60267.0,6.187627549302438e-07
KIR,Kiribati,1978,0.037403157545768,Total GHG,Oceania,59864.0,6.248021773648269e-07
KIR,Kiribati,1979,0.039666796200157,Total GHG,Oceania,60172.0,6.59223495980805e-07
KIR,Kiribati,1980,0.04215210384182,Total GHG,Oceania,61148.0,6.893455851674625e-07
KIR,Kiribati,1981,0.042022058367796,Total GHG,Oceania,62121.0,6.764549567424221e-07
KIR,Kiribati,1982,0.041879486684,Total GHG,Oceania,63134.0,6.633428372034086e-07
KIR,Kiribati,1983,0.041794902597456,Total GHG,Oceania,64169.0,6.513254468272219e-07
KIR,Kiribati,1984,0.026205519203469,Total GHG,Oceania,65228.0,4.017526093620684e-07
KIR,Kiribati,1985,0.027868835193169,Total GHG,Oceania,66496.0,4.1910543781835e-07
KIR,Kiribati,1986,0.026733183379393,Total GHG,Oceania,68059.0,3.9279424292735713e-07
KIR,Kiribati,1987,0.031372688541285,Total GHG,Oceania,69733.0,4.498973017263706e-07
KIR,Kiribati,1988,0.031735064683985,Total GHG,Oceania,71427.0,4.443006801907542e-07
KIR,Kiribati,1989,0.031447095197893,Total GHG,Oceania,73147.0,4.2991640392487734e-07
KIR,Kiribati,1990,0.033065252403465,Total GHG,Oceania,74855.0,4.417240318410928e-07
KIR,Kiribati,1991,0.033504423100184,Total GHG,Oceania,76367.0,4.387290727694423e-07
KIR,Kiribati,1992,0.03530805797623,Total GHG,Oceania,77641.0,4.5476047418541753e-07
KIR,Kiribati,1993,0.035752827922767,Total GHG,Oceania,78841.0,4.5348014260051247e-07
KIR,Kiribati,1994,0.036508097018341,Total GHG,Oceania,80021.0,4.5623145197311954e-07
KIR,Kiribati,1995,0.034842961751123,Total GHG,Oceania,81234.0,4.289209167481966e-07
KIR,Kiribati,1996,0.035450793175657,Total GHG,Oceania,82623.0,4.290668842290524e-07
KIR,Kiribati,1997,0.036368372449074,Total GHG,Oceania,84147.0,4.322004640578274e-07
KIR,Kiribati,1998,0.037394631774168,Total GHG,Oceania,85657.0,4.3656247328493877e-07
KIR,Kiribati,1999,0.03770908825994,Total GHG,Oceania,87126.0,4.328109664157657e-07
KIR,Kiribati,2000,0.052160926094565,Total GHG,Oceania,88613.0,5.886374019000033e-07
KIR,Kiribati,2001,0.0492790983809,Total GHG,Oceania,90335.0,5.455150094747329e-07
KIR,Kiribati,2002,0.064442501745328,Total GHG,Oceania,92264.0,6.984577055550161e-07
KIR,Kiribati,2003,0.066335364973674,Total GHG,Oceania,94175.0,7.043840188338093e-07
KIR,Kiribati,2004,0.068424377068698,Total GHG,Oceania,96085.0,7.121234018701982e-07
KIR,Kiribati,2005,0.084404211229717,Total GHG,Oceania,98035.0,8.609599758220738e-07
KIR,Kiribati,2006,0.089469221190868,Total GHG,Oceania,100017.0,8.945401400848656e-07
KIR,Kiribati,2007,0.085603157472978,Total GHG,Oceania,102068.0,8.386875168806874e-07
KIR,Kiribati,2008,0.093325333765673,Total GHG,Oceania,104222.0,8.954475424159294e-07
KIR,Kiribati,2009,0.082944619884345,Total GHG,Oceania,106467.0,7.790641220692327e-07
KIR,Kiribati,2010,0.08657430289508,Total GHG,Oceania,108704.0,7.96422421392773e-07
KIR,Kiribati,2011,0.082885307032636,Total GHG,Oceania,110647.0,7.49096740378284e-07
KIR,Kiribati,2012,0.082376222143534,Total GHG,Oceania,112284.0,7.336416777415661e-07
KIR,Kiribati,2013,0.087201692518096,Total GHG,Oceania,113838.0,7.660156759438499e-07
KIR,Kiribati,2014,0.088249006668391,Total GHG,Oceania,115326.0,7.652134528934586e-07
KIR,Kiribati,2015,0.090657350050254,Total GHG,Oceania,116815.0,7.760762748812567e-07
KIR,Kiribati,2016,0.097008548788043,Total GHG,Oceania,118478.0,8.187895540779133e-07
KIR,Kiribati,2017,0.098835468176362,Total GHG,Oceania,120275.0,8.217457341622283e-07
KIR,Kiribati,2018,0.10632353483783,Total GHG,Oceania,122084.0,8.709047445843025e-07
KIR,Kiribati,2019,0.1073814135583,Total GHG,Oceania,123921.0,8.665312058351692e-07
KIR,Kiribati,2020,0.10586645224872,Total GHG,Oceania,126099.0,8.395502918240431e-07
KIR,Kiribati,2021,0.11376582122559,Total GHG,Oceania,128377.0,8.861853854318919e-07
KIR,Kiribati,2022,0.10994547945545,Total GHG,Oceania,130469.0,8.426942756934597e-07
KIR,Kiribati,2023,0.11077828774109,Total GHG,Oceania,132530.0,8.358732946584924e-07
KIR,Kiribati,2024,0.11518831348837,Total GHG,Oceania,134518.0,8.56304089329086e-07
KNA,Saint Kitts and Nevis,1970,0.058477473070853,Total GHG,North America,44606.0,1.3109777400092589e-06
KNA,Saint Kitts and Nevis,1971,0.059891205980985,Total GHG,North America,44206.0,1.3548207478845632e-06
KNA,Saint Kitts and Nevis,1972,0.063022628557282,Total GHG,North America,44033.0,1.4312590229437467e-06
KNA,Saint Kitts and Nevis,1973,0.062569298088778,Total GHG,North America,43880.0,1.4259183703003188e-06
KNA,Saint Kitts and Nevis,1974,0.060868361446805,Total GHG,North America,43738.0,1.3916585451279208e-06
KNA,Saint Kitts and Nevis,1975,0.06415401779079,Total GHG,North America,43606.0,1.471219964931202e-06
KNA,Saint Kitts and Nevis,1976,0.064155635650756,Total GHG,North America,43482.0,1.4754527310325191e-06
KNA,Saint Kitts and Nevis,1977,0.066442147693934,Total GHG,North America,43358.0,1.5324080375924627e-06
KNA,Saint Kitts and Nevis,1978,0.066491905302708,Total GHG,North America,43217.0,1.5385590231322859e-06
KNA,Saint Kitts and Nevis,1979,0.066308034131276,Total GHG,North America,43033.0,1.5408647812440687e-06
KNA,Saint Kitts and Nevis,1980,0.065477848180695,Total GHG,North America,42850.0,1.5280711360722288e-06
KNA,Saint Kitts and Nevis,1981,0.064396631780863,Total GHG,North America,42698.0,1.5081884814479132e-06
KNA,Saint Kitts and Nevis,1982,0.063246979543989,Total GHG,North America,42532.0,1.4870445674783457e-06
KNA,Saint Kitts and Nevis,1983,0.061412493837889,Total GHG,North America,42334.0,1.4506659856826428e-06
KNA,Saint Kitts and Nevis,1984,0.063371385716481,Total GHG,North America,42113.0,1.504793904886401e-06
KNA,Saint Kitts and Nevis,1985,0.062612294056359,Total GHG,North America,41874.0,1.4952546701141282e-06
KNA,Saint Kitts and Nevis,1986,0.060174746596548,Total GHG,North America,41618.0,1.4458827093216396e-06
KNA,Saint Kitts and Nevis,1987,0.060781364397503,Total GHG,North America,41348.0,1.4699952693601383e-06
KNA,Saint Kitts and Nevis,1988,0.06291878940789,Total GHG,North America,41062.0,1.5322875020186547e-06
KNA,Saint Kitts and Nevis,1989,0.062313394350612,Total GHG,North America,40758.0,1.528862906683645e-06
KNA,Saint Kitts and Nevis,1990,0.059898255037416,Total GHG,North America,40432.0,1.4814566441782746e-06
KNA,Saint Kitts and Nevis,1991,0.066878789638332,Total GHG,North America,40358.0,1.6571383527016207e-06
KNA,Saint Kitts and Nevis,1992,0.068204195575284,Total GHG,North America,40715.0,1.675161379719612e-06
KNA,Saint Kitts and Nevis,1993,0.073227742247463,Total GHG,North America,41242.0,1.7755623453630524e-06
KNA,Saint Kitts and Nevis,1994,0.079818496464549,Total GHG,North America,41776.0,1.9106304209246696e-06
KNA,Saint Kitts and Nevis,1995,0.073510260191118,Total GHG,North America,42326.0,1.7367636958634882e-06
KNA,Saint Kitts and Nevis,1996,0.079899646139907,Total GHG,North America,42877.0,1.8634616726894837e-06
KNA,Saint Kitts and Nevis,1997,0.083352633780498,Total GHG,North America,43428.0,1.919329321647278e-06
KNA,Saint Kitts and Nevis,1998,0.084013235680116,Total GHG,North America,43998.0,1.9094785144805674e-06
KNA,Saint Kitts and Nevis,1999,0.084341481819731,Total GHG,North America,44601.0,1.8910222151909375e-06
KNA,Saint Kitts and Nevis,2000,0.094185571101656,Total GHG,North America,45248.0,2.0815410869354666e-06
KNA,Saint Kitts and Nevis,2001,0.095701896590935,Total GHG,North America,45761.0,2.0913418979247614e-06
KNA,Saint Kitts and Nevis,2002,0.10343942573595,Total GHG,North America,46020.0,2.2477059047359843e-06
KNA,Saint Kitts and Nevis,2003,0.10594614089121,Total GHG,North America,46176.0,2.2943984080736747e-06
KNA,Saint Kitts and Nevis,2004,0.1124851628441,Total GHG,North America,46315.0,2.4286983233099426e-06
KNA,Saint Kitts and Nevis,2005,0.10665294416126,Total GHG,North America,46437.0,2.2967233921497945e-06
KNA,Saint Kitts and Nevis,2006,0.11254911435382,Total GHG,North America,46569.0,2.4168248052099036e-06
KNA,Saint Kitts and Nevis,2007,0.12120448936452,Total GHG,North America,46706.0,2.595051799865542e-06
KNA,Saint Kitts and Nevis,2008,0.12674101046772,Total GHG,North America,46835.0,2.7061174435298387e-06
KNA,Saint Kitts and Nevis,2009,0.13699245527214,Total GHG,North America,46916.0,2.9199517280275385e-06
KNA,Saint Kitts and Nevis,2010,0.14536623592477,Total GHG,North America,46846.0,3.1030661299741707e-06
KNA,Saint Kitts and Nevis,2011,0.12390974839028,Total GHG,North America,46886.0,2.642787791457578e-06
KNA,Saint Kitts and Nevis,2012,0.11754531337522,Total GHG,North America,47033.0,2.499209350354432e-06
KNA,Saint Kitts and Nevis,2013,0.12883529719275,Total GHG,North America,47069.0,2.7371581548949414e-06
KNA,Saint Kitts and Nevis,2014,0.13440193743916,Total GHG,North America,47089.0,2.8542109078374996e-06
KNA,Saint Kitts and Nevis,2015,0.14011844061572,Total GHG,North America,47087.0,2.9757351416679766e-06
KNA,Saint Kitts and Nevis,2016,0.1497272332469,Total GHG,North America,47075.0,3.1806103716813594e-06
KNA,Saint Kitts and Nevis,2017,0.14222959128061,Total GHG,North America,47050.0,3.022945617016153e-06
KNA,Saint Kitts and Nevis,2018,0.15041265303133,Total GHG,North America,47008.0,3.1997245794615812e-06
KNA,Saint Kitts and Nevis,2019,0.17057713352102,Total GHG,North America,46952.0,3.633011022342392e-06
KNA,Saint Kitts and Nevis,2020,0.16040195402468,Total GHG,North America,46870.0,3.4222733950219754e-06
KNA,Saint Kitts and Nevis,2021,0.1633160949081,Total GHG,North America,46763.0,3.492421249879178e-06
KNA,Saint Kitts and Nevis,2022,0.18413615448157,Total GHG,North America,46709.0,3.942198601587917e-06
KNA,Saint Kitts and Nevis,2023,0.17929183805329,Total GHG,North America,46758.0,3.834463365697634e-06
KNA,Saint Kitts and Nevis,2024,0.18549174311608,Total GHG,North America,46843.0,3.959860451211067e-06
KOR,South Korea,1970,91.155740750769,Total GHG,Asia,32240827.0,2.827338788510884e-06
KOR,South Korea,1971,92.176874941876,Total GHG,Asia,32882704.0,2.803202405187724e-06
KOR,South Korea,1972,94.569704486661,Total GHG,Asia,33505406.0,2.8225207743091067e-06
KOR,South Korea,1973,111.67596654091,Total GHG,Asia,34103149.0,3.2746526293190694e-06
KOR,South Korea,1974,118.33514100962,Total GHG,Asia,34692266.0,3.410994860053823e-06
KOR,South Korea,1975,127.32516999149,Total GHG,Asia,35280725.0,3.60891591631096e-06
KOR,South Korea,1976,137.59030428905,Total GHG,Asia,35848523.0,3.838102459313317e-06
KOR,South Korea,1977,153.66804891808,Total GHG,Asia,36411795.0,4.2202821618126765e-06
KOR,South Korea,1978,161.91896477938,Total GHG,Asia,36969185.0,4.379835930366872e-06
KOR,South Korea,1979,179.32703574236,Total GHG,Asia,37534236.0,4.777692444368923e-06
KOR,South Korea,1980,181.04571406276,Total GHG,Asia,38123775.0,4.748892628360124e-06
KOR,South Korea,1981,188.79314025771,Total GHG,Asia,38723248.0,4.875446921645364e-06
KOR,South Korea,1982,188.61093837033,Total GHG,Asia,39326352.0,4.796044605671281e-06
KOR,South Korea,1983,204.41793871647,Total GHG,Asia,39910403.0,5.12192118722705e-06
KOR,South Korea,1984,227.80892023857,Total GHG,Asia,40405956.0,5.638003472521972e-06
KOR,South Korea,1985,238.49182218843,Total GHG,Asia,40805744.0,5.844564975666906e-06
KOR,South Korea,1986,247.75057591488,Total GHG,Asia,41213674.0,6.01136836077463e-06
KOR,South Korea,1987,253.27759058302,Total GHG,Asia,41621690.0,6.085230815544011e-06
KOR,South Korea,1988,279.86755694265,Total GHG,Asia,42031247.0,6.6585594508449875e-06
KOR,South Korea,1989,290.42199906235,Total GHG,Asia,42449038.0,6.841662679431039e-06
KOR,South Korea,1990,311.4020943529,Total GHG,Asia,42869283.0,7.263991197447833e-06
KOR,South Korea,1991,346.70337769087,Total GHG,Asia,43295704.0,8.007800905393986e-06
KOR,South Korea,1992,377.49877019305,Total GHG,Asia,43747962.0,8.628945279623541e-06
KOR,South Korea,1993,403.12146260943,Total GHG,Asia,44194628.0,9.121503695187344e-06
KOR,South Korea,1994,433.93693336852,Total GHG,Asia,44641540.0,9.720474100322704e-06
KOR,South Korea,1995,466.40782208731,Total GHG,Asia,45092991.0,1.0343244299037738e-05
KOR,South Korea,1996,499.75772340109,Total GHG,Asia,45524681.0,1.0977731472760677e-05
KOR,South Korea,1997,527.46155316763,Total GHG,Asia,45953580.0,1.1478138442481086e-05
KOR,South Korea,1998,454.98556598034,Total GHG,Asia,46286503.0,9.829767567023589e-06
KOR,South Korea,1999,496.60926566733,Total GHG,Asia,46616677.0,1.065303873262631e-05
KOR,South Korea,2000,530.14498001802,Total GHG,Asia,47008111.0,1.1277734176938529e-05
KOR,South Korea,2001,537.29435181494,Total GHG,Asia,47370164.0,1.1342463408295145e-05
KOR,South Korea,2002,554.17305005927,Total GHG,Asia,47644736.0,1.1631359444604123e-05
KOR,South Korea,2003,560.1427191098,Total GHG,Asia,47892330.0,1.1695875291717902e-05
KOR,South Korea,2004,578.45854858913,Total GHG,Asia,48082519.0,1.2030537513833875e-05
KOR,South Korea,2005,575.11524430276,Total GHG,Asia,48184561.0,1.1935674671867612e-05
KOR,South Korea,2006,583.40056939046,Total GHG,Asia,48438292.0,1.2044201917575045e-05
KOR,South Korea,2007,603.97624304572,Total GHG,Asia,48683638.0,1.2406144402062147e-05
KOR,South Korea,2008,616.33606736255,Total GHG,Asia,49054708.0,1.25642592218172e-05
KOR,South Korea,2009,621.14247204507,Total GHG,Asia,49307835.0,1.2597236768661006e-05
KOR,South Korea,2010,682.95495607095,Total GHG,Asia,49554112.0,1.3782003722939277e-05
KOR,South Korea,2011,716.38967362334,Total GHG,Asia,49936638.0,1.4345973263625395e-05
KOR,South Korea,2012,715.60233326436,Total GHG,Asia,50199853.0,1.4255068301980088e-05
KOR,South Korea,2013,712.96237740006,Total GHG,Asia,50428893.0,1.4137973986461689e-05
KOR,South Korea,2014,702.55306728806,Total GHG,Asia,50746659.0,1.3844321599340362e-05
KOR,South Korea,2015,714.59376927942,Total GHG,Asia,51014947.0,1.4007537227852458e-05
KOR,South Korea,2016,719.52143192105,Total GHG,Asia,51217803.0,1.4048268175834289e-05
KOR,South Korea,2017,738.19124358933,Total GHG,Asia,51361911.0,1.4372347703132192e-05
KOR,South Korea,2018,754.52225583933,Total GHG,Asia,51585058.0,1.462675986211608e-05
KOR,South Korea,2019,729.06957163628,Total GHG,Asia,51764822.0,1.4084266949402048e-05
KOR,South Korea,2020,695.12706346979,Total GHG,Asia,51836239.0,1.3410059774394319e-05
KOR,South Korea,2021,719.28057233316,Total GHG,Asia,51769539.0,1.3893895642631856e-05
KOR,South Korea,2022,694.87830790562,Total GHG,Asia,51672569.0,1.3447721322034907e-05
KOR,South Korea,2023,670.11455551284,Total GHG,Asia,51712619.0,1.295843390784056e-05
KOR,South Korea,2024,668.2452710079,Total GHG,Asia,51751065.0,1.2912686357428586e-05
KWT,Kuwait,1970,80.652103774788,Total GHG,Asia,809114.0,9.967953066537966e-05
KWT,Kuwait,1971,83.235322867022,Total GHG,Asia,865076.0,9.621735300369217e-05
KWT,Kuwait,1972,86.66113519082,Total GHG,Asia,920352.0,9.416085931341488e-05
KWT,Kuwait,1973,78.949168394921,Total GHG,Asia,977654.0,8.075369035969883e-05
KWT,Kuwait,1974,66.058911794671,Total GHG,Asia,1038346.0,6.361936367518246e-05
KWT,Kuwait,1975,55.879644561252,Total GHG,Asia,1104863.0,5.057608460166736e-05
KWT,Kuwait,1976,57.306305113909,Total GHG,Asia,1178711.0,4.861777408873676e-05
KWT,Kuwait,1977,54.819195697951,Total GHG,Asia,1258023.0,4.357567047498416e-05
KWT,Kuwait,1978,61.50107206869,Total GHG,Asia,1340319.0,4.5885398974938054e-05
KWT,Kuwait,1979,71.557020936463,Total GHG,Asia,1423514.0,5.026787297944594e-05
KWT,Kuwait,1980,58.65382419795,Total GHG,Asia,1504782.0,3.8978286687340756e-05
KWT,Kuwait,1981,49.8844681906,Total GHG,Asia,1583426.0,3.1504136088835224e-05
KWT,Kuwait,1982,48.088153334172,Total GHG,Asia,1662480.0,2.8925552989613107e-05
KWT,Kuwait,1983,54.058323562935,Total GHG,Asia,1744295.0,3.099150290686782e-05
KWT,Kuwait,1984,56.368888120095,Total GHG,Asia,1820688.0,3.096021290857907e-05
KWT,Kuwait,1985,59.048854743395,Total GHG,Asia,1894242.0,3.117281463688114e-05
KWT,Kuwait,1986,65.574946275549,Total GHG,Asia,1972520.0,3.324424912069282e-05
KWT,Kuwait,1987,70.778548951529,Total GHG,Asia,2052994.0,3.4475769998124206e-05
KWT,Kuwait,1988,81.259987257345,Total GHG,Asia,2134707.0,3.806610802201192e-05
KWT,Kuwait,1989,94.876040210674,Total GHG,Asia,2217468.0,4.278575393677564e-05
KWT,Kuwait,1990,50.554854209396,Total GHG,Asia,1684819.0,3.000610404405221e-05
KWT,Kuwait,1991,45.863083783286,Total GHG,Asia,1351399.0,3.393748536389771e-05
KWT,Kuwait,1992,45.95093582859,Total GHG,Asia,1634961.0,2.8105218307097232e-05
KWT,Kuwait,1993,64.309192310003,Total GHG,Asia,1672151.0,3.845896232457655e-05
KWT,Kuwait,1994,72.946543832309,Total GHG,Asia,1664361.0,4.382855872752907e-05
KWT,Kuwait,1995,70.790823111112,Total GHG,Asia,1681513.0,4.209948011767498e-05
KWT,Kuwait,1996,71.270807322282,Total GHG,Asia,1730246.0,4.1191141214764836e-05
KWT,Kuwait,1997,75.941074285966,Total GHG,Asia,1787683.0,4.248016806445326e-05
KWT,Kuwait,1998,77.194301567322,Total GHG,Asia,1844302.0,4.18555646349253e-05
KWT,Kuwait,1999,79.342786543157,Total GHG,Asia,1900030.0,4.175870199057752e-05
KWT,Kuwait,2000,89.595910760445,Total GHG,Asia,1954709.0,4.583593300099657e-05
KWT,Kuwait,2001,91.272907500401,Total GHG,Asia,2008121.0,4.545189632517214e-05
KWT,Kuwait,2002,94.617742488506,Total GHG,Asia,2059974.0,4.5931522673832774e-05
KWT,Kuwait,2003,105.19340914529,Total GHG,Asia,2109881.0,4.985750814633148e-05
KWT,Kuwait,2004,110.05422358704,Total GHG,Asia,2157320.0,5.10143249898207e-05
KWT,Kuwait,2005,121.80140296451,Total GHG,Asia,2236788.0,5.4453709052672854e-05
KWT,Kuwait,2006,125.31017177957,Total GHG,Asia,2364733.0,5.299125600208142e-05
KWT,Kuwait,2007,121.43700956847,Total GHG,Asia,2507887.0,4.842204196938299e-05
KWT,Kuwait,2008,126.24871957469,Total GHG,Asia,2651421.0,4.761549356918045e-05
KWT,Kuwait,2009,124.53908305327,Total GHG,Asia,2795484.0,4.4550096889579766e-05
KWT,Kuwait,2010,126.71196414369,Total GHG,Asia,2943372.0,4.30499318956931e-05
KWT,Kuwait,2011,135.48798590069,Total GHG,Asia,3132814.0,4.3248014692442646e-05
KWT,Kuwait,2012,138.79132960695,Total GHG,Asia,3337109.0,4.1590289561099145e-05
KWT,Kuwait,2013,140.76500406009,Total GHG,Asia,3507844.0,4.012863857688369e-05
KWT,Kuwait,2014,139.44182573789,Total GHG,Asia,3665876.0,3.803779116857472e-05
KWT,Kuwait,2015,143.82432975132,Total GHG,Asia,3834574.0,3.750725106656437e-05
KWT,Kuwait,2016,149.03977953374,Total GHG,Asia,4004096.0,3.722182972979169e-05
KWT,Kuwait,2017,146.70450489189,Total GHG,Asia,4154812.0,3.5309541055501424e-05
KWT,Kuwait,2018,150.3530105712,Total GHG,Asia,4323515.0,3.477564217337051e-05
KWT,Kuwait,2019,148.81552330196,Total GHG,Asia,4442316.0,3.349953567057364e-05
KWT,Kuwait,2020,144.05274191367,Total GHG,Asia,4400267.0,3.273727296858804e-05
KWT,Kuwait,2021,152.39255940562,Total GHG,Asia,4360865.0,3.494548888938777e-05
KWT,Kuwait,2022,159.62280356342,Total GHG,Asia,4589643.0,3.477891495338962e-05
KWT,Kuwait,2023,167.88766525722,Total GHG,Asia,4853420.0,3.459162101306295e-05
KWT,Kuwait,2024,173.33069669357,Total GHG,Asia,4973861.0,3.484831938278331e-05
LAO,Laos,1970,4.7319954224563,Total GHG,Asia,2669702.0,1.7724807571992303e-06
LAO,Laos,1971,4.5964213996628,Total GHG,Asia,2734628.0,1.6808214498143075e-06
LAO,Laos,1972,4.5342075005511,Total GHG,Asia,2801660.0,1.6184003414229777e-06
LAO,Laos,1973,4.5529290981028,Total GHG,Asia,2870573.0,1.586069784012739e-06
LAO,Laos,1974,4.6451657241634,Total GHG,Asia,2939761.0,1.5801167932234627e-06
LAO,Laos,1975,4.5220246045836,Total GHG,Asia,3005521.0,1.5045726197167147e-06
LAO,Laos,1976,4.0596232797321,Total GHG,Asia,3064876.0,1.3245636298930528e-06
LAO,Laos,1977,4.2894057645204,Total GHG,Asia,3118923.0,1.3752842774638554e-06
LAO,Laos,1978,4.4673497964896,Total GHG,Asia,3171740.0,1.4084854989657413e-06
LAO,Laos,1979,4.9059229408046,Total GHG,Asia,3228202.0,1.519707546431295e-06
LAO,Laos,1980,5.4797602230276,Total GHG,Asia,3292573.0,1.664279037405579e-06
LAO,Laos,1981,5.3633458398027,Total GHG,Asia,3366631.0,1.5930898990126034e-06
LAO,Laos,1982,5.6093860977888,Total GHG,Asia,3450026.0,1.6258967607168178e-06
LAO,Laos,1983,5.4802611475892,Total GHG,Asia,3541001.0,1.5476587404491556e-06
LAO,Laos,1984,5.7501211739966,Total GHG,Asia,3637843.0,1.5806402788676147e-06
LAO,Laos,1985,5.762375070503,Total GHG,Asia,3739985.0,1.540748176931993e-06
LAO,Laos,1986,5.9188464227583,Total GHG,Asia,3846715.0,1.5386755771504517e-06
LAO,Laos,1987,5.8612445370984,Total GHG,Asia,3957612.0,1.4810053479467922e-06
LAO,Laos,1988,5.8800633682726,Total GHG,Asia,4072601.0,1.4438103237396937e-06
LAO,Laos,1989,6.2291300214471,Total GHG,Asia,4190974.0,1.486320368832424e-06
LAO,Laos,1990,6.7715166144856,Total GHG,Asia,4311955.0,1.5704052139889215e-06
LAO,Laos,1991,6.7956674507308,Total GHG,Asia,4435118.0,1.532240506505306e-06
LAO,Laos,1992,7.165417067273,Total GHG,Asia,4559646.0,1.5714853888378615e-06
LAO,Laos,1993,7.2546047039393,Total GHG,Asia,4685060.0,1.5484550259632322e-06
LAO,Laos,1994,7.6685384299309,Total GHG,Asia,4809220.0,1.5945493094370605e-06
LAO,Laos,1995,7.7516003307457,Total GHG,Asia,4929409.0,1.5725212354555485e-06
LAO,Laos,1996,8.0138987434934,Total GHG,Asia,5045678.0,1.5882699497457823e-06
LAO,Laos,1997,8.2463844656581,Total GHG,Asia,5152011.0,1.6006146853448294e-06
LAO,Laos,1998,7.9250145807674,Total GHG,Asia,5248266.0,1.510025326606426e-06
LAO,Laos,1999,7.8508442711834,Total GHG,Asia,5340784.0,1.469979739151293e-06
LAO,Laos,2000,8.8954755379079,Total GHG,Asia,5431212.0,1.6378435490840535e-06
LAO,Laos,2001,9.2537883310827,Total GHG,Asia,5521482.0,1.6759609704573336e-06
LAO,Laos,2002,9.5803553627945,Total GHG,Asia,5610889.0,1.7074576529306674e-06
LAO,Laos,2003,9.8747654141568,Total GHG,Asia,5697945.0,1.7330397913908962e-06
LAO,Laos,2004,10.457133066813,Total GHG,Asia,5781626.0,1.8086837624593844e-06
LAO,Laos,2005,10.291893344882,Total GHG,Asia,5869523.0,1.7534462928047135e-06
LAO,Laos,2006,10.846878845942,Total GHG,Asia,5963200.0,1.8189694871783606e-06
LAO,Laos,2007,11.474861237016,Total GHG,Asia,6056236.0,1.8947183096920266e-06
LAO,Laos,2008,12.0019999179,Total GHG,Asia,6148969.0,1.9518719183492388e-06
LAO,Laos,2009,12.989390734877,Total GHG,Asia,6241642.0,2.0810855116132903e-06
LAO,Laos,2010,13.834938813387,Total GHG,Asia,6334194.0,2.184167206338644e-06
LAO,Laos,2011,13.842735717707,Total GHG,Asia,6426590.0,2.1539783489699826e-06
LAO,Laos,2012,14.839732787382,Total GHG,Asia,6518978.0,2.2763894566574697e-06
LAO,Laos,2013,15.480099282661,Total GHG,Asia,6611385.0,2.3414306204616735e-06
LAO,Laos,2014,16.375217173359,Total GHG,Asia,6703172.0,2.442905712901146e-06
LAO,Laos,2015,21.37473786183,Total GHG,Asia,6801645.0,3.142583575271864e-06
LAO,Laos,2016,29.046421064718,Total GHG,Asia,6908802.0,4.204263063946253e-06
LAO,Laos,2017,32.411607809869,Total GHG,Asia,7018147.0,4.618257185246903e-06
LAO,Laos,2018,33.114964176001,Total GHG,Asia,7128045.0,4.645728832520137e-06
LAO,Laos,2019,32.96413206724,Total GHG,Asia,7237636.0,4.554544062072202e-06
LAO,Laos,2020,33.521800086924,Total GHG,Asia,7346533.0,4.562941470068127e-06
LAO,Laos,2021,37.853822756302,Total GHG,Asia,7453194.0,5.078872595601564e-06
LAO,Laos,2022,38.49878485048,Total GHG,Asia,7559007.0,5.0931008332814084e-06
LAO,Laos,2023,41.173200006129,Total GHG,Asia,7664993.0,5.3715900335628484e-06
LAO,Laos,2024,41.549637581744,Total GHG,Asia,7769819.0,5.347568274337407e-06
LBN,Lebanon,1970,6.7265533740455,Total GHG,Asia,2386114.0,2.819041074334881e-06
LBN,Lebanon,1971,6.8941555338692,Total GHG,Asia,2446314.0,2.818180958727784e-06
LBN,Lebanon,1972,7.4529851452078,Total GHG,Asia,2509729.0,2.9696374171106924e-06
LBN,Lebanon,1973,8.8942963344767,Total GHG,Asia,2572935.0,3.456867870535672e-06
LBN,Lebanon,1974,8.9402729756281,Total GHG,Asia,2635185.0,3.3926547758992632e-06
LBN,Lebanon,1975,8.0304211129608,Total GHG,Asia,2693191.0,2.9817495725185477e-06
LBN,Lebanon,1976,7.653334961146,Total GHG,Asia,2726469.0,2.8070500567385876e-06
LBN,Lebanon,1977,6.8183681066548,Total GHG,Asia,2762155.0,2.4684958326577616e-06
LBN,Lebanon,1978,8.1037246907619,Total GHG,Asia,2822682.0,2.8709307994176816e-06
LBN,Lebanon,1979,8.9567582358748,Total GHG,Asia,2882635.0,3.1071426787903426e-06
LBN,Lebanon,1980,9.1073569463027,Total GHG,Asia,2944763.0,3.0927300248959594e-06
LBN,Lebanon,1981,9.2318484666203,Total GHG,Asia,3008981.0,3.068097959614999e-06
LBN,Lebanon,1982,7.2368730730538,Total GHG,Asia,3054931.0,2.368915393851383e-06
LBN,Lebanon,1983,7.6124754659714,Total GHG,Asia,3094996.0,2.459607529693544e-06
LBN,Lebanon,1984,7.772262376226,Total GHG,Asia,3152744.0,2.4652373856634094e-06
LBN,Lebanon,1985,8.7939100667548,Total GHG,Asia,3217376.0,2.7332553194761193e-06
LBN,Lebanon,1986,9.2111301886965,Total GHG,Asia,3300365.0,2.790942877135256e-06
LBN,Lebanon,1987,9.397441069395,Total GHG,Asia,3385555.0,2.775746094627026e-06
LBN,Lebanon,1988,7.6203374999227,Total GHG,Asia,3454649.0,2.2058210544465444e-06
LBN,Lebanon,1989,7.7072124003562,Total GHG,Asia,3525285.0,2.1862664721735122e-06
LBN,Lebanon,1990,7.7521340839066,Total GHG,Asia,3595175.0,2.1562605669839714e-06
LBN,Lebanon,1991,9.3702984103652,Total GHG,Asia,3668912.0,2.5539719705365515e-06
LBN,Lebanon,1992,10.048230475977,Total GHG,Asia,3747371.0,2.6814079726765777e-06
LBN,Lebanon,1993,13.615514026582,Total GHG,Asia,3820647.0,3.5636671031325323e-06
LBN,Lebanon,1994,14.782439018179,Total GHG,Asia,3889799.0,3.8003092237359822e-06
LBN,Lebanon,1995,16.940848165842,Total GHG,Asia,3960735.0,4.277198087183818e-06
LBN,Lebanon,1996,17.618113564263,Total GHG,Asia,4034781.0,4.3665600597065855e-06
LBN,Lebanon,1997,19.176129436474,Total GHG,Asia,4108405.0,4.667536291206442e-06
LBN,Lebanon,1998,19.161824816514,Total GHG,Asia,4181281.0,4.5827641855484e-06
LBN,Lebanon,1999,19.717755383441,Total GHG,Asia,4255277.0,4.6337184120895065e-06
LBN,Lebanon,2000,18.17235051526,Total GHG,Asia,4329340.0,4.1974874958446326e-06
LBN,Lebanon,2001,19.59373727364,Total GHG,Asia,4401918.0,4.451181797034837e-06
LBN,Lebanon,2002,19.707368035551,Total GHG,Asia,4463504.0,4.415223563270246e-06
LBN,Lebanon,2003,19.959672298877,Total GHG,Asia,4525508.0,4.41048215998668e-06
LBN,Lebanon,2004,20.371612789307,Total GHG,Asia,4599279.0,4.429305721463517e-06
LBN,Lebanon,2005,20.380893571564,Total GHG,Asia,4671102.0,4.363187438759419e-06
LBN,Lebanon,2006,20.033499388488,Total GHG,Asia,4751136.0,4.216570392530965e-06
LBN,Lebanon,2007,18.888275982924,Total GHG,Asia,4844118.0,3.899218801632e-06
LBN,Lebanon,2008,22.350346401687,Total GHG,Asia,4925354.0,4.537815231491381e-06
LBN,Lebanon,2009,25.778518835734,Total GHG,Asia,4992287.0,5.163669243321548e-06
LBN,Lebanon,2010,24.899021125365,Total GHG,Asia,5041288.0,4.939019775375856e-06
LBN,Lebanon,2011,25.465967536983,Total GHG,Asia,5096020.0,4.997226764609048e-06
LBN,Lebanon,2012,28.230245601569,Total GHG,Asia,5235742.0,5.391832829342813e-06
LBN,Lebanon,2013,28.072700433947,Total GHG,Asia,5743436.0,4.887788500463311e-06
LBN,Lebanon,2014,30.182024311995,Total GHG,Asia,6346990.0,4.755328795538515e-06
LBN,Lebanon,2015,32.417303014539,Total GHG,Asia,6472469.0,5.008491043300323e-06
LBN,Lebanon,2016,33.65450894506,Total GHG,Asia,6323060.0,5.322503494361907e-06
LBN,Lebanon,2017,35.352677753759,Total GHG,Asia,6160128.0,5.7389518129751515e-06
LBN,Lebanon,2018,33.725112614045,Total GHG,Asia,5984119.0,5.63576904370468e-06
LBN,Lebanon,2019,33.563227490279,Total GHG,Asia,5794594.0,5.792162054887538e-06
LBN,Lebanon,2020,28.630764851121,Total GHG,Asia,5702398.0,5.020828930411556e-06
LBN,Lebanon,2021,23.757978513406,Total GHG,Asia,5718122.0,4.15485687668189e-06
LBN,Lebanon,2022,17.7102943977,Total GHG,Asia,5744489.0,3.0830060598427466e-06
LBN,Lebanon,2023,18.360026333968,Total GHG,Asia,5773493.0,3.18005518218659e-06
LBN,Lebanon,2024,18.786314625993,Total GHG,Asia,5805962.0,3.2356936931369856e-06
LBR,Liberia,1970,1.6126664921563,Total GHG,Africa,1466676.0,1.0995383384989595e-06
LBR,Liberia,1971,1.6333352314221,Total GHG,Africa,1504077.0,1.0859385732393354e-06
LBR,Liberia,1972,1.6602341535623,Total GHG,Africa,1542670.0,1.0762082321963219e-06
LBR,Liberia,1973,1.7189003495925,Total GHG,Africa,1583588.0,1.08544668789641e-06
LBR,Liberia,1974,1.7886752169264,Total GHG,Africa,1626362.0,1.0998014076364302e-06
LBR,Liberia,1975,1.8248315393379,Total GHG,Africa,1670913.0,1.0921164293640064e-06
LBR,Liberia,1976,1.8804363061527,Total GHG,Africa,1717060.0,1.0951488626796386e-06
LBR,Liberia,1977,2.0460767870126,Total GHG,Africa,1766019.0,1.1585814122116468e-06
LBR,Liberia,1978,2.0791179123528,Total GHG,Africa,1818247.0,1.1434738582562215e-06
LBR,Liberia,1979,2.3340516400976,Total GHG,Africa,1872713.0,1.2463477532849935e-06
LBR,Liberia,1980,2.2980262184597,Total GHG,Africa,1929253.0,1.1911481897188704e-06
LBR,Liberia,1981,2.1258189342674,Total GHG,Africa,1986867.0,1.0699351966021882e-06
LBR,Liberia,1982,2.0811675389774,Total GHG,Africa,2045073.0,1.017649511277788e-06
LBR,Liberia,1983,2.1850545782334,Total GHG,Africa,2107113.0,1.0369897476943097e-06
LBR,Liberia,1984,2.077641241212,Total GHG,Africa,2173312.0,9.559792801088844e-07
LBR,Liberia,1985,2.0935233835485,Total GHG,Africa,2240539.0,9.34383817263837e-07
LBR,Liberia,1986,1.9588819240299,Total GHG,Africa,2308511.0,8.485477972727443e-07
LBR,Liberia,1987,2.0147829915213,Total GHG,Africa,2377229.0,8.475342474457866e-07
LBR,Liberia,1988,2.2923707653138,Total GHG,Africa,2446941.0,9.368312375794103e-07
LBR,Liberia,1989,2.0536988896053,Total GHG,Africa,2517858.0,8.156531820322274e-07
LBR,Liberia,1990,1.8085705052494,Total GHG,Africa,2223667.0,8.133279422006084e-07
LBR,Liberia,1991,1.5864777202964,Total GHG,Africa,1956518.0,8.108679400324454e-07
LBR,Liberia,1992,1.4741677501885,Total GHG,Africa,2072461.0,7.113126617043698e-07
LBR,Liberia,1993,1.364990538194,Total GHG,Africa,2155126.0,6.333692499621831e-07
LBR,Liberia,1994,1.3268502238557,Total GHG,Africa,2149928.0,6.171603066966429e-07
LBR,Liberia,1995,1.3565636154822,Total GHG,Africa,2169162.0,6.25386031786561e-07
LBR,Liberia,1996,1.4596080012946,Total GHG,Africa,2232289.0,6.538615749549453e-07
LBR,Liberia,1997,1.5917817804495,Total GHG,Africa,2412989.0,6.596722075606229e-07
LBR,Liberia,1998,1.7693493413894,Total GHG,Africa,2670124.0,6.626468813393684e-07
LBR,Liberia,1999,1.9550095139749,Total GHG,Africa,2821684.0,6.928520394115358e-07
LBR,Liberia,2000,2.189699630113,Total GHG,Africa,2928117.0,7.478183522424139e-07
LBR,Liberia,2001,2.2298988421588,Total GHG,Africa,3015338.0,7.39518701438711e-07
LBR,Liberia,2002,2.2795358163257,Total GHG,Africa,3094782.0,7.365739545873345e-07
LBR,Liberia,2003,2.3642011303823,Total GHG,Africa,3119532.0,7.578704531263984e-07
LBR,Liberia,2004,2.4680812799243,Total GHG,Africa,3156892.0,7.818073218609632e-07
LBR,Liberia,2005,2.7040661369851,Total GHG,Africa,3301015.0,8.191620265236903e-07
LBR,Liberia,2006,2.9848599999877,Total GHG,Africa,3490787.0,8.550679259398239e-07
LBR,Liberia,2007,2.8839794523786,Total GHG,Africa,3669050.0,7.860289318430111e-07
LBR,Liberia,2008,2.8918671390329,Total GHG,Africa,3821003.0,7.568345638652731e-07
LBR,Liberia,2009,3.0667306961624,Total GHG,Africa,3943028.0,7.777603141956892e-07
LBR,Liberia,2010,3.3957640952251,Total GHG,Africa,4058890.0,8.366238294768028e-07
LBR,Liberia,2011,3.5642320885367,Total GHG,Africa,4221178.0,8.443690572955463e-07
LBR,Liberia,2012,3.7113847657537,Total GHG,Africa,4373043.0,8.486961517994906e-07
LBR,Liberia,2013,3.7123534500441,Total GHG,Africa,4470239.0,8.304597248702138e-07
LBR,Liberia,2014,4.1068043003395,Total GHG,Africa,4564293.0,8.997678940286042e-07
LBR,Liberia,2015,4.2889413641164,Total GHG,Africa,4659431.0,9.204860774022406e-07
LBR,Liberia,2016,4.509409949718,Total GHG,Africa,4755608.0,9.482299528720618e-07
LBR,Liberia,2017,4.3354011074046,Total GHG,Africa,4848925.0,8.940953113122187e-07
LBR,Liberia,2018,3.8118853223014,Total GHG,Africa,4944726.0,7.708992009469078e-07
LBR,Liberia,2019,4.3337426802152,Total GHG,Africa,5043721.0,8.59235211506584e-07
LBR,Liberia,2020,4.2104553383891,Total GHG,Africa,5149463.0,8.176494011878716e-07
LBR,Liberia,2021,4.2103092058981,Total GHG,Africa,5259323.0,8.005420480731265e-07
LBR,Liberia,2022,4.3676746570905,Total GHG,Africa,5373294.0,8.12848628251218e-07
LBR,Liberia,2023,4.4125518208479,Total GHG,Africa,5493031.0,8.03300003376624e-07
LBR,Liberia,2024,4.4599085437756,Total GHG,Africa,5612817.0,7.945936138262837e-07
LBY,Libya,1970,137.62433262187,Total GHG,Africa,2082589.0,6.608328989631175e-05
LBY,Libya,1971,125.67733098248,Total GHG,Africa,2153534.0,5.835864722009497e-05
LBY,Libya,1972,101.82986448056,Total GHG,Africa,2226091.0,4.57438013452999e-05
LBY,Libya,1973,98.716582823921,Total GHG,Africa,2314193.0,4.2657022479940525e-05
LBY,Libya,1974,69.927410526642,Total GHG,Africa,2432211.0,2.8750552697377822e-05
LBY,Libya,1975,72.169740481349,Total GHG,Africa,2571556.0,2.8064619429383997e-05
LBY,Libya,1976,93.389819058295,Total GHG,Africa,2721237.0,3.431888477861172e-05
LBY,Libya,1977,98.996372866186,Total GHG,Africa,2881533.0,3.435545345695711e-05
LBY,Libya,1978,97.992399721476,Total GHG,Africa,3052526.0,3.210206881824299e-05
LBY,Libya,1979,105.28583396692,Total GHG,Africa,3233846.0,3.2557466857395184e-05
LBY,Libya,1980,97.151697477043,Total GHG,Africa,3424378.0,2.8370611386080334e-05
LBY,Libya,1981,70.830084005273,Total GHG,Africa,3621486.0,1.9558292923201413e-05
LBY,Libya,1982,74.198691235089,Total GHG,Africa,3724765.0,1.9920368462195334e-05
LBY,Libya,1983,71.089939819418,Total GHG,Africa,3718961.0,1.9115537866468082e-05
LBY,Libya,1984,71.152237413595,Total GHG,Africa,3773633.0,1.8855102606319957e-05
LBY,Libya,1985,67.868698302221,Total GHG,Africa,3898745.0,1.740783208499684e-05
LBY,Libya,1986,70.454832490777,Total GHG,Africa,4017403.0,1.7537407248109535e-05
LBY,Libya,1987,67.844687022769,Total GHG,Africa,4129739.0,1.6428323199787926e-05
LBY,Libya,1988,75.872555955666,Total GHG,Africa,4237755.0,1.7903950548265768e-05
LBY,Libya,1989,74.780832621043,Total GHG,Africa,4342920.0,1.721902144664028e-05
LBY,Libya,1990,87.038451089761,Total GHG,Africa,4445239.0,1.95801510536916e-05
LBY,Libya,1991,84.678914801722,Total GHG,Africa,4544400.0,1.863368427112974e-05
LBY,Libya,1992,79.309018463333,Total GHG,Africa,4640352.0,1.709116430463314e-05
LBY,Libya,1993,75.44911820914,Total GHG,Africa,4733045.0,1.5940925600567922e-05
LBY,Libya,1994,91.464082073597,Total GHG,Africa,4822037.0,1.8967934520949757e-05
LBY,Libya,1995,101.45677315621,Total GHG,Africa,4906843.0,2.0676588420744255e-05
LBY,Libya,1996,105.89682658302,Total GHG,Africa,4987393.0,2.1232901955594837e-05
LBY,Libya,1997,93.325715995206,Total GHG,Africa,5064639.0,1.8426923615919317e-05
LBY,Libya,1998,89.330014817619,Total GHG,Africa,5140704.0,1.7377000274207384e-05
LBY,Libya,1999,87.512063557587,Total GHG,Africa,5218038.0,1.677106674148157e-05
LBY,Libya,2000,91.731500436032,Total GHG,Africa,5305021.0,1.7291449069858913e-05
LBY,Libya,2001,88.27576500566,Total GHG,Africa,5403639.0,1.633635500181637e-05
LBY,Libya,2002,88.514673105765,Total GHG,Africa,5508410.0,1.6069005957393333e-05
LBY,Libya,2003,98.309829064123,Total GHG,Africa,5619398.0,1.749472613687854e-05
LBY,Libya,2004,96.934832504983,Total GHG,Africa,5736693.0,1.6897336584855247e-05
LBY,Libya,2005,104.47826594612,Total GHG,Africa,5858798.0,1.7832713458651416e-05
LBY,Libya,2006,102.79963752355,Total GHG,Africa,5980211.0,1.7189968301043223e-05
LBY,Libya,2007,96.255513564884,Total GHG,Africa,6104380.0,1.576827025265203e-05
LBY,Libya,2008,100.57223165029,Total GHG,Africa,6235430.0,1.6129157355673946e-05
LBY,Libya,2009,100.24326644924,Total GHG,Africa,6366686.0,1.5744967860711207e-05
LBY,Libya,2010,106.05911939026,Total GHG,Africa,6497839.0,1.6322214106914622e-05
LBY,Libya,2011,62.575301358942,Total GHG,Africa,6343203.0,9.864937533757314e-06
LBY,Libya,2012,99.545595552253,Total GHG,Africa,6179328.0,1.610945325321022e-05
LBY,Libya,2013,90.633908229967,Total GHG,Africa,6304628.0,1.4375774150349078e-05
LBY,Libya,2014,80.399906494587,Total GHG,Africa,6427252.0,1.2509219569201115e-05
LBY,Libya,2015,71.718802513624,Total GHG,Africa,6531819.0,1.0979912718589416e-05
LBY,Libya,2016,68.153262261524,Total GHG,Africa,6632126.0,1.0276231522369147e-05
LBY,Libya,2017,82.061606643244,Total GHG,Africa,6738770.0,1.2177534868120444e-05
LBY,Libya,2018,88.531302102208,Total GHG,Africa,6849055.0,1.29260609094551e-05
LBY,Libya,2019,91.637778736233,Total GHG,Africa,6951033.0,1.3183332425012656e-05
LBY,Libya,2020,64.448036776287,Total GHG,Africa,7045399.0,9.147535402365005e-06
LBY,Libya,2021,92.615456952582,Total GHG,Africa,7135175.0,1.2980124096827618e-05
LBY,Libya,2022,89.944707592614,Total GHG,Africa,7223805.0,1.2451153871486563e-05
LBY,Libya,2023,97.951644077719,Total GHG,Africa,7305659.0,1.3407639759495892e-05
LBY,Libya,2024,98.170876116766,Total GHG,Africa,7381023.0,1.3300443057387302e-05
LCA,Saint Lucia,1970,0.078324591897006,Total GHG,North America,103165.0,7.592167100955362e-07
LCA,Saint Lucia,1971,0.08049994916675,Total GHG,North America,104564.0,7.698629467766153e-07
LCA,Saint Lucia,1972,0.086588508872986,Total GHG,North America,106002.0,8.168573128147205e-07
LCA,Saint Lucia,1973,0.08717355966243,Total GHG,North America,107498.0,8.109319211746264e-07
LCA,Saint Lucia,1974,0.083314646011492,Total GHG,North America,109076.0,7.638219774422604e-07
LCA,Saint Lucia,1975,0.090799079624904,Total GHG,North America,110725.0,8.200413603513569e-07
LCA,Saint Lucia,1976,0.088689872831503,Total GHG,North America,112425.0,7.888803453991816e-07
LCA,Saint Lucia,1977,0.094414236849666,Total GHG,North America,114135.0,8.272154628261796e-07
LCA,Saint Lucia,1978,0.096419783163334,Total GHG,North America,115834.0,8.323962149570419e-07
LCA,Saint Lucia,1979,0.097965789770753,Total GHG,North America,117528.0,8.33552768453075e-07
LCA,Saint Lucia,1980,0.099383587203961,Total GHG,North America,119290.0,8.331258882048872e-07
LCA,Saint Lucia,1981,0.09128767674917,Total GHG,North America,121166.0,7.534100056878167e-07
LCA,Saint Lucia,1982,0.10033374878413,Total GHG,North America,123087.0,8.151449688767295e-07
LCA,Saint Lucia,1983,0.097368457920193,Total GHG,North America,125044.0,7.786735702648108e-07
LCA,Saint Lucia,1984,0.10324863455183,Total GHG,North America,127067.0,8.125527048866346e-07
LCA,Saint Lucia,1985,0.11397075933868,Total GHG,North America,129159.0,8.824066409516953e-07
LCA,Saint Lucia,1986,0.11717919370832,Total GHG,North America,131239.0,8.928686877248379e-07
LCA,Saint Lucia,1987,0.1252573363174,Total GHG,North America,133227.0,9.401798157835874e-07
LCA,Saint Lucia,1988,0.14566749047277,Total GHG,North America,135000.0,1.0790184479464444e-06
LCA,Saint Lucia,1989,0.14862685801218,Total GHG,North America,136512.0,1.0887457367277603e-06
LCA,Saint Lucia,1990,0.14951720453977,Total GHG,North America,137857.0,1.084581882238624e-06
LCA,Saint Lucia,1991,0.14932725611874,Total GHG,North America,139520.0,1.0702928334198682e-06
LCA,Saint Lucia,1992,0.14952363360236,Total GHG,North America,141617.0,1.055831105039367e-06
LCA,Saint Lucia,1993,0.14799777032811,Total GHG,North America,143726.0,1.029721625371262e-06
LCA,Saint Lucia,1994,0.16314417687766,Total GHG,North America,145890.0,1.1182684000113785e-06
LCA,Saint Lucia,1995,0.16826744449885,Total GHG,North America,148208.0,1.135346570352815e-06
LCA,Saint Lucia,1996,0.17090179975661,Total GHG,North America,150436.0,1.1360432327143104e-06
LCA,Saint Lucia,1997,0.17865207057261,Total GHG,North America,152569.0,1.1709591763242205e-06
LCA,Saint Lucia,1998,0.18842151414261,Total GHG,North America,154677.0,1.2181611625685137e-06
LCA,Saint Lucia,1999,0.20103612687113,Total GHG,North America,156702.0,1.282919981054039e-06
LCA,Saint Lucia,2000,0.21370757073409,Total GHG,North America,158616.0,1.3473266929823599e-06
LCA,Saint Lucia,2001,0.21926052640362,Total GHG,North America,160237.0,1.3683514194825165e-06
LCA,Saint Lucia,2002,0.21198874530779,Total GHG,North America,161641.0,1.311478803693308e-06
LCA,Saint Lucia,2003,0.22606490645218,Total GHG,North America,162976.0,1.387105502970867e-06
LCA,Saint Lucia,2004,0.2215297982116,Total GHG,North America,164239.0,1.3488257856635755e-06
LCA,Saint Lucia,2005,0.22555559134706,Total GHG,North America,165450.0,1.3632855324693864e-06
LCA,Saint Lucia,2006,0.23693410952652,Total GHG,North America,166639.0,1.4218406827124503e-06
LCA,Saint Lucia,2007,0.24760158029096,Total GHG,North America,167758.0,1.4759449939255355e-06
LCA,Saint Lucia,2008,0.25759496037346,Total GHG,North America,168808.0,1.5259641745264445e-06
LCA,Saint Lucia,2009,0.26907824427039,Total GHG,North America,169869.0,1.5840338394315032e-06
LCA,Saint Lucia,2010,0.28897602893125,Total GHG,North America,170906.0,1.690847769716979e-06
LCA,Saint Lucia,2011,0.2509893430387,Total GHG,North America,171801.0,1.460930629267001e-06
LCA,Saint Lucia,2012,0.25984139852632,Total GHG,North America,172587.0,1.5055676182233887e-06
LCA,Saint Lucia,2013,0.28278107601827,Total GHG,North America,173369.0,1.631093655833915e-06
LCA,Saint Lucia,2014,0.29950203508387,Total GHG,North America,174138.0,1.719911995565988e-06
LCA,Saint Lucia,2015,0.30649831263227,Total GHG,North America,174905.0,1.7523702160159516e-06
LCA,Saint Lucia,2016,0.32297675508871,Total GHG,North America,175646.0,1.838793682114651e-06
LCA,Saint Lucia,2017,0.33035012660317,Total GHG,North America,176342.0,1.873349097793889e-06
LCA,Saint Lucia,2018,0.39614598830043,Total GHG,North America,177017.0,2.2378979888961512e-06
LCA,Saint Lucia,2019,0.43637036422714,Total GHG,North America,177661.0,2.45619671299351e-06
LCA,Saint Lucia,2020,0.42319832442408,Total GHG,North America,178250.0,2.3741841482416832e-06
LCA,Saint Lucia,2021,0.42974128948573,Total GHG,North America,178522.0,2.407217538934865e-06
LCA,Saint Lucia,2022,0.4497645702325,Total GHG,North America,178781.0,2.5157291335908178e-06
LCA,Saint Lucia,2023,0.45415151464671,Total GHG,North America,179285.0,2.5331261100856736e-06
LCA,Saint Lucia,2024,0.46852097267718,Total GHG,North America,179744.0,2.6066014591707094e-06
LKA,Sri Lanka,1970,9.8760931456569,Total GHG,Asia,12287110.0,8.037767339640404e-07
LKA,Sri Lanka,1971,10.154973199371,Total GHG,Asia,12551910.0,8.090380826002576e-07
LKA,Sri Lanka,1972,10.877778431732,Total GHG,Asia,12809205.0,8.492157344450339e-07
LKA,Sri Lanka,1973,11.100495451701,Total GHG,Asia,13060916.0,8.499017566379724e-07
LKA,Sri Lanka,1974,10.812235939751,Total GHG,Asia,13305693.0,8.126022402403993e-07
LKA,Sri Lanka,1975,10.481323034276,Total GHG,Asia,13548984.0,7.735873800039915e-07
LKA,Sri Lanka,1976,10.809782214076,Total GHG,Asia,13796770.0,7.835009363840957e-07
LKA,Sri Lanka,1977,10.966215135028,Total GHG,Asia,14049371.0,7.805484768697474e-07
LKA,Sri Lanka,1978,11.552402397778,Total GHG,Asia,14310128.0,8.072885440142813e-07
LKA,Sri Lanka,1979,12.086614206942,Total GHG,Asia,14579614.0,8.290078329194449e-07
LKA,Sri Lanka,1980,12.267826705673,Total GHG,Asia,14847974.0,8.262289997054818e-07
LKA,Sri Lanka,1981,12.581779697464,Total GHG,Asia,15099414.0,8.332627807585116e-07
LKA,Sri Lanka,1982,13.347699748462,Total GHG,Asia,15286567.0,8.731652926691781e-07
LKA,Sri Lanka,1983,13.573121215781,Total GHG,Asia,15388794.0,8.820133153891721e-07
LKA,Sri Lanka,1984,13.27816020311,Total GHG,Asia,15441860.0,8.598808824267283e-07
LKA,Sri Lanka,1985,13.006795377215,Total GHG,Asia,15544154.0,8.367644438684151e-07
LKA,Sri Lanka,1986,12.984601429738,Total GHG,Asia,15731256.0,8.254014447249476e-07
LKA,Sri Lanka,1987,13.7995875559,Total GHG,Asia,15916576.0,8.669947327804674e-07
LKA,Sri Lanka,1988,13.566738036973,Total GHG,Asia,16078621.0,8.437749752900451e-07
LKA,Sri Lanka,1989,13.453422887565,Total GHG,Asia,16248557.0,8.279764712377229e-07
LKA,Sri Lanka,1990,15.918392572952,Total GHG,Asia,16352458.0,9.73455646420373e-07
LKA,Sri Lanka,1991,15.469519535173,Total GHG,Asia,16475354.0,9.389491439864053e-07
LKA,Sri Lanka,1992,16.876136749424,Total GHG,Asia,16739284.0,1.0081755437941072e-06
LKA,Sri Lanka,1993,17.053427357252,Total GHG,Asia,17025918.0,1.0016157341561261e-06
LKA,Sri Lanka,1994,18.195878837287,Total GHG,Asia,17275773.0,1.053259893915427e-06
LKA,Sri Lanka,1995,18.207423547266,Total GHG,Asia,17564068.0,1.0366290740428698e-06
LKA,Sri Lanka,1996,20.173412756505,Total GHG,Asia,17905018.0,1.1266904482589742e-06
LKA,Sri Lanka,1997,20.199421354043,Total GHG,Asia,18248200.0,1.106926784781129e-06
LKA,Sri Lanka,1998,19.573747508288,Total GHG,Asia,18596003.0,1.0525782077088286e-06
LKA,Sri Lanka,1999,21.019704153096,Total GHG,Asia,18944731.0,1.1095277179230467e-06
LKA,Sri Lanka,2000,22.454266340925,Total GHG,Asia,19293054.0,1.1638523554085838e-06
LKA,Sri Lanka,2001,22.142217895607,Total GHG,Asia,19600362.0,1.129684130099587e-06
LKA,Sri Lanka,2002,22.784292052756,Total GHG,Asia,19805752.0,1.1503876274304555e-06
LKA,Sri Lanka,2003,24.038486920474,Total GHG,Asia,19951521.0,1.2048448296485265e-06
LKA,Sri Lanka,2004,24.130101233724,Total GHG,Asia,20087605.0,1.2012433156528118e-06
LKA,Sri Lanka,2005,25.991886560817,Total GHG,Asia,20216524.0,1.285675349571321e-06
LKA,Sri Lanka,2006,24.840024560619,Total GHG,Asia,20352411.0,1.2204954273289292e-06
LKA,Sri Lanka,2007,25.620722488896,Total GHG,Asia,20492545.0,1.2502460035537802e-06
LKA,Sri Lanka,2008,25.825385960237,Total GHG,Asia,20629378.0,1.251874194182539e-06
LKA,Sri Lanka,2009,24.948124754584,Total GHG,Asia,20756435.0,1.2019465170480384e-06
LKA,Sri Lanka,2010,26.548778737308,Total GHG,Asia,20879089.0,1.2715487125567595e-06
LKA,Sri Lanka,2011,28.680877743431,Total GHG,Asia,21009048.0,1.3651678906836236e-06
LKA,Sri Lanka,2012,30.75236029113,Total GHG,Asia,21169458.0,1.4526758451316986e-06
LKA,Sri Lanka,2013,28.02057292274,Total GHG,Asia,20585000.0,1.3612131611726986e-06
LKA,Sri Lanka,2014,30.09075377507,Total GHG,Asia,20778000.0,1.4482026073284243e-06
LKA,Sri Lanka,2015,33.265334275786,Total GHG,Asia,20970000.0,1.5863297222597045e-06
LKA,Sri Lanka,2016,36.126846987696,Total GHG,Asia,21209000.0,1.703373425795464e-06
LKA,Sri Lanka,2017,34.724364673704,Total GHG,Asia,21453000.0,1.6186251188040834e-06
LKA,Sri Lanka,2018,34.50109196904,Total GHG,Asia,21670000.0,1.5921131503940931e-06
LKA,Sri Lanka,2019,36.304559762854,Total GHG,Asia,21803000.0,1.6651176334841076e-06
LKA,Sri Lanka,2020,35.882839753923,Total GHG,Asia,21919000.0,1.6370655483335463e-06
LKA,Sri Lanka,2021,36.06526817876,Total GHG,Asia,22156000.0,1.627787875914425e-06
LKA,Sri Lanka,2022,34.125909634296,Total GHG,Asia,22181000.0,1.5385198879354403e-06
LKA,Sri Lanka,2023,35.18535761302,Total GHG,Asia,22037000.0,1.5966491633625267e-06
LKA,Sri Lanka,2024,37.166534563567,Total GHG,Asia,21916000.0,1.6958630481642178e-06
LSO,Lesotho,1970,1.9077167036177,Total GHG,Africa,1019273.0,1.8716444991849094e-06
LSO,Lesotho,1971,1.8124290796511,Total GHG,Africa,1056246.0,1.7159156859776037e-06
LSO,Lesotho,1972,1.7689728670352,Total GHG,Africa,1094063.0,1.6168839153094475e-06
LSO,Lesotho,1973,1.7468039857261,Total GHG,Africa,1132697.0,1.5421635139195213e-06
LSO,Lesotho,1974,1.8052534759877,Total GHG,Africa,1172420.0,1.5397668719295986e-06
LSO,Lesotho,1975,1.8569142627934,Total GHG,Africa,1213643.0,1.5300333481867403e-06
LSO,Lesotho,1976,1.8338113404223,Total GHG,Africa,1253214.0,1.4632866696528287e-06
LSO,Lesotho,1977,1.6965744820671,Total GHG,Africa,1289967.0,1.3152076619534453e-06
LSO,Lesotho,1978,1.7176731098594,Total GHG,Africa,1327240.0,1.2941691855726169e-06
LSO,Lesotho,1979,1.7965499781405,Total GHG,Africa,1366169.0,1.3150276269923414e-06
LSO,Lesotho,1980,1.9042921590728,Total GHG,Africa,1406521.0,1.3539024010823869e-06
LSO,Lesotho,1981,1.9166799089927,Total GHG,Africa,1448069.0,1.323610897680083e-06
LSO,Lesotho,1982,1.9448807951026,Total GHG,Africa,1490732.0,1.3046481829749411e-06
LSO,Lesotho,1983,1.9128605881398,Total GHG,Africa,1534413.0,1.2466399777242501e-06
LSO,Lesotho,1984,1.8909688154462,Total GHG,Africa,1578986.0,1.1975842822204883e-06
LSO,Lesotho,1985,1.9714383798221,Total GHG,Africa,1624379.0,1.2136566526790238e-06
LSO,Lesotho,1986,1.9999850418878,Total GHG,Africa,1666138.0,1.2003717830622673e-06
LSO,Lesotho,1987,2.2951483279722,Total GHG,Africa,1703390.0,1.3474003768791644e-06
LSO,Lesotho,1988,2.2176102948646,Total GHG,Africa,1739841.0,1.2746051477489035e-06
LSO,Lesotho,1989,2.151100903428,Total GHG,Africa,1775436.0,1.2115902254026617e-06
LSO,Lesotho,1990,2.1285517220601,Total GHG,Africa,1809696.0,1.1761929749859093e-06
LSO,Lesotho,1991,2.1716441636511,Total GHG,Africa,1842379.0,1.178717388578083e-06
LSO,Lesotho,1992,2.3347574490583,Total GHG,Africa,1873274.0,1.246351280730048e-06
LSO,Lesotho,1993,2.2957313622787,Total GHG,Africa,1901793.0,1.207140504922828e-06
LSO,Lesotho,1994,2.2417036456881,Total GHG,Africa,1927707.0,1.1628860847048333e-06
LSO,Lesotho,1995,2.1946790999019,Total GHG,Africa,1951437.0,1.1246476826573956e-06
LSO,Lesotho,1996,2.1123574792939,Total GHG,Africa,1972418.0,1.0709481860811958e-06
LSO,Lesotho,1997,2.191935976746,Total GHG,Africa,1988130.0,1.1025113934933833e-06
LSO,Lesotho,1998,1.9444619364259,Total GHG,Africa,1998049.0,9.731803056010638e-07
LSO,Lesotho,1999,2.5311090794127,Total GHG,Africa,2003234.0,1.2635114417051127e-06
LSO,Lesotho,2000,2.6680451977796,Total GHG,Africa,2003913.0,1.3314176801984916e-06
LSO,Lesotho,2001,2.6811117549594,Total GHG,Africa,2000853.0,1.3399843741441275e-06
LSO,Lesotho,2002,2.5455570243869,Total GHG,Africa,1994679.0,1.2761737725152267e-06
LSO,Lesotho,2003,2.5817060952236,Total GHG,Africa,1985059.0,1.3005689479373663e-06
LSO,Lesotho,2004,2.5750211345921,Total GHG,Africa,1971129.0,1.306368651971586e-06
LSO,Lesotho,2005,2.7451290421155,Total GHG,Africa,1953076.0,1.4055413317840677e-06
LSO,Lesotho,2006,2.7028874269729,Total GHG,Africa,1945063.0,1.3896143348430874e-06
LSO,Lesotho,2007,2.8394100586097,Total GHG,Africa,1953268.0,1.453671517994305e-06
LSO,Lesotho,2008,2.7033486126668,Total GHG,Africa,1966541.0,1.3746718795422014e-06
LSO,Lesotho,2009,2.8015048175136,Total GHG,Africa,1980883.0,1.4142707153898538e-06
LSO,Lesotho,2010,2.8069168738162,Total GHG,Africa,1996251.0,1.406094160411792e-06
LSO,Lesotho,2011,2.8435678783374,Total GHG,Africa,2014009.0,1.4118943253666692e-06
LSO,Lesotho,2012,2.9067981978607,Total GHG,Africa,2034354.0,1.4288556455074682e-06
LSO,Lesotho,2013,2.8102968161234,Total GHG,Africa,2056504.0,1.3665408947045083e-06
LSO,Lesotho,2014,2.8180884785609,Total GHG,Africa,2080089.0,1.3547922606008206e-06
LSO,Lesotho,2015,2.7845591904473,Total GHG,Africa,2104611.0,1.323075471166548e-06
LSO,Lesotho,2016,2.8209916640534,Total GHG,Africa,2130422.0,1.3241468892329314e-06
LSO,Lesotho,2017,3.0313645121102,Total GHG,Africa,2157110.0,1.405289721947513e-06
LSO,Lesotho,2018,2.9297483307067,Total GHG,Africa,2183603.0,1.341703748669836e-06
LSO,Lesotho,2019,2.8119484293382,Total GHG,Africa,2209405.0,1.272717509618291e-06
LSO,Lesotho,2020,2.4749446676886,Total GHG,Africa,2235727.0,1.1069977093306116e-06
LSO,Lesotho,2021,2.6213805464181,Total GHG,Africa,2261542.0,1.1591120334789715e-06
LSO,Lesotho,2022,2.9114932619428,Total GHG,Africa,2286110.0,1.2735578174028372e-06
LSO,Lesotho,2023,3.0709584594613,Total GHG,Africa,2311472.0,1.328572640923749e-06
LSO,Lesotho,2024,3.0549651667286,Total GHG,Africa,2337423.0,1.3069800231830525e-06
LTU,Lithuania,1970,31.430968422945,Total GHG,Europe,3139689.0,1.0010854075975359e-05
LTU,Lithuania,1971,31.885870702981,Total GHG,Europe,3179041.0,1.0030028144645193e-05
LTU,Lithuania,1972,33.537980900405,Total GHG,Europe,3213622.0,1.0436193460340078e-05
LTU,Lithuania,1973,35.478937734747,Total GHG,Europe,3244438.0,1.0935310748655699e-05
LTU,Lithuania,1974,37.438098488083,Total GHG,Europe,3273894.0,1.1435342282945935e-05
LTU,Lithuania,1975,39.212942634774,Total GHG,Europe,3301652.0,1.1876764309131914e-05
LTU,Lithuania,1976,40.423725793472,Total GHG,Europe,3328664.0,1.214412923427297e-05
LTU,Lithuania,1977,41.491999520346,Total GHG,Europe,3355036.0,1.2367080269882648e-05
LTU,Lithuania,1978,42.796682658068,Total GHG,Europe,3379514.0,1.266356128664299e-05
LTU,Lithuania,1979,43.898457700564,Total GHG,Europe,3397842.0,1.291951117814307e-05
LTU,Lithuania,1980,45.176622257541,Total GHG,Europe,3413202.0,1.3235847821939926e-05
LTU,Lithuania,1981,45.452562208264,Total GHG,Europe,3432947.0,1.324010018455397e-05
LTU,Lithuania,1982,45.522657802325,Total GHG,Europe,3457179.0,1.3167573273563504e-05
LTU,Lithuania,1983,45.783637173979,Total GHG,Europe,3485192.0,1.3136618348136631e-05
LTU,Lithuania,1984,46.550870103511,Total GHG,Europe,3514205.0,1.3246486788195624e-05
LTU,Lithuania,1985,46.552049051541,Total GHG,Europe,3544543.0,1.3133441758652948e-05
LTU,Lithuania,1986,47.055745934248,Total GHG,Europe,3578914.0,1.3148051597285657e-05
LTU,Lithuania,1987,47.506407850557,Total GHG,Europe,3616367.0,1.3136500761830034e-05
LTU,Lithuania,1988,47.299347724269,Total GHG,Europe,3655049.0,1.2940824520893974e-05
LTU,Lithuania,1989,46.918015254732,Total GHG,Europe,3684255.0,1.2734736128398277e-05
LTU,Lithuania,1990,48.610563722772,Total GHG,Europe,3697838.0,1.3145671530978913e-05
LTU,Lithuania,1991,50.160196756668,Total GHG,Europe,3704134.0,1.3541679851935163e-05
LTU,Lithuania,1992,33.012889330578,Total GHG,Europe,3700114.0,8.922127623791591e-06
LTU,Lithuania,1993,26.644288367235,Total GHG,Europe,3682613.0,7.235158396289536e-06
LTU,Lithuania,1994,25.068214673874,Total GHG,Europe,3657144.0,6.854587807828732e-06
LTU,Lithuania,1995,23.92872427117,Total GHG,Europe,3629102.0,6.593566196588027e-06
LTU,Lithuania,1996,24.440232444285,Total GHG,Europe,3601613.0,6.7859129907308205e-06
LTU,Lithuania,1997,23.988742685423,Total GHG,Europe,3575137.0,6.709880680215331e-06
LTU,Lithuania,1998,24.951934578934,Total GHG,Europe,3549331.0,7.030038781656036e-06
LTU,Lithuania,1999,22.030231507958,Total GHG,Europe,3524238.0,6.251062359567657e-06
LTU,Lithuania,2000,20.419880407616,Total GHG,Europe,3499536.0,5.83502510264675e-06
LTU,Lithuania,2001,21.100045384364,Total GHG,Europe,3470818.0,6.0792716254104945e-06
LTU,Lithuania,2002,21.607386601775,Total GHG,Europe,3443067.0,6.275621880659017e-06
LTU,Lithuania,2003,21.684449599447,Total GHG,Europe,3415213.0,6.349369599918658e-06
LTU,Lithuania,2004,22.559105892905,Total GHG,Europe,3377075.0,6.680072516276659e-06
LTU,Lithuania,2005,23.57853764898,Total GHG,Europe,3322528.0,7.0965655214884565e-06
LTU,Lithuania,2006,23.865147867764,Total GHG,Europe,3269909.0,7.298413462810128e-06
LTU,Lithuania,2007,25.954882706691,Total GHG,Europe,3231294.0,8.032349488066081e-06
LTU,Lithuania,2008,26.421216062955,Total GHG,Europe,3198231.0,8.26119691259168e-06
LTU,Lithuania,2009,23.317282272296,Total GHG,Europe,3162916.0,7.372083947944239e-06
LTU,Lithuania,2010,24.22460463914,Total GHG,Europe,3097282.0,7.821246059977749e-06
LTU,Lithuania,2011,25.112808425948,Total GHG,Europe,3028115.0,8.29321489637877e-06
LTU,Lithuania,2012,25.434131079524,Total GHG,Europe,2989139.0,8.508848561249242e-06
LTU,Lithuania,2013,23.904606706034,Total GHG,Europe,2961250.0,8.07247166096547e-06
LTU,Lithuania,2014,23.948661721978,Total GHG,Europe,2937253.0,8.153421486667304e-06
LTU,Lithuania,2015,24.728505896966,Total GHG,Europe,2911109.0,8.494531086594834e-06
LTU,Lithuania,2016,24.468434869819,Total GHG,Europe,2877325.0,8.50388290159054e-06
LTU,Lithuania,2017,24.903484656917,Total GHG,Europe,2842639.0,8.760691968595732e-06
LTU,Lithuania,2018,24.454937231704,Total GHG,Europe,2819200.0,8.674424386955166e-06
LTU,Lithuania,2019,24.656377056292,Total GHG,Europe,2811089.0,8.771112211777003e-06
LTU,Lithuania,2020,24.449798821707,Total GHG,Europe,2810369.0,8.699853585670422e-06
LTU,Lithuania,2021,24.287823196996,Total GHG,Europe,2808380.0,8.648339326229357e-06
LTU,Lithuania,2022,22.299746208546,Total GHG,Europe,2831639.0,7.87520803624544e-06
LTU,Lithuania,2023,21.575550319364,Total GHG,Europe,2871585.0,7.513463929977347e-06
LTU,Lithuania,2024,21.535707113595,Total GHG,Europe,2888055.0,7.4568202868695365e-06
LUX,Luxembourg,1970,20.518248363971,Total GHG,Europe,339171.0,6.049529105958646e-05
LUX,Luxembourg,1971,19.122644957195,Total GHG,Europe,342421.0,5.584542115464589e-05
LUX,Luxembourg,1972,18.749059546681,Total GHG,Europe,346600.0,5.4094228351647433e-05
LUX,Luxembourg,1973,20.207920577525,Total GHG,Europe,350450.0,5.766277807825653e-05
LUX,Luxembourg,1974,18.70152308722,Total GHG,Europe,355050.0,5.267292800230953e-05
LUX,Luxembourg,1975,14.969162567973,Total GHG,Europe,358950.0,4.1702639832770575e-05
LUX,Luxembourg,1976,15.899422157419,Total GHG,Europe,360731.0,4.4075563667716385e-05
LUX,Luxembourg,1977,15.167120235734,Total GHG,Europe,361358.0,4.197255972120169e-05
LUX,Luxembourg,1978,16.3752842294,Total GHG,Europe,362007.0,4.5234717089448545e-05
LUX,Luxembourg,1979,15.565452493064,Total GHG,Europe,362856.0,4.2897051428291116e-05
LUX,Luxembourg,1980,14.585792240596,Total GHG,Europe,364150.0,4.005435188959494e-05
LUX,Luxembourg,1981,12.594835626208,Total GHG,Europe,365225.0,3.448514101227463e-05
LUX,Luxembourg,1982,11.830971610167,Total GHG,Europe,365525.0,3.236706548161411e-05
LUX,Luxembourg,1983,11.054901302538,Total GHG,Europe,365622.0,3.023587558335658e-05
LUX,Luxembourg,1984,12.110760175992,Total GHG,Europe,365998.0,3.308968949554916e-05
LUX,Luxembourg,1985,12.240802761941,Total GHG,Europe,366706.0,3.3380426723154244e-05
LUX,Luxembourg,1986,11.967229604777,Total GHG,Europe,368355.0,3.248830504479917e-05
LUX,Luxembourg,1987,11.366471853219,Total GHG,Europe,370750.0,3.0658049502950774e-05
LUX,Luxembourg,1988,11.832069894304,Total GHG,Europe,373450.0,3.1683143377437406e-05
LUX,Luxembourg,1989,12.643700653487,Total GHG,Europe,377100.0,3.352877394189075e-05
LUX,Luxembourg,1990,12.930729931426,Total GHG,Europe,381850.0,3.386337549149143e-05
LUX,Luxembourg,1991,13.439827587789,Total GHG,Europe,387000.0,3.472823666095349e-05
LUX,Luxembourg,1992,13.159763989139,Total GHG,Europe,392175.0,3.355584621441703e-05
LUX,Luxembourg,1993,13.380812417343,Total GHG,Europe,397475.0,3.366453844227436e-05
LUX,Luxembourg,1994,12.445551972207,Total GHG,Europe,402925.0,3.0888011347538624e-05
LUX,Luxembourg,1995,10.048286256594,Total GHG,Europe,408625.0,2.459048334437198e-05
LUX,Luxembourg,1996,10.122420700211,Total GHG,Europe,414225.0,2.4437010562402078e-05
LUX,Luxembourg,1997,9.5107187186362,Total GHG,Europe,419450.0,2.26742608621676e-05
LUX,Luxembourg,1998,8.7618062808574,Total GHG,Europe,424700.0,2.0630577539103835e-05
LUX,Luxembourg,1999,9.1578980001987,Total GHG,Europe,430475.0,2.1273936930596896e-05
LUX,Luxembourg,2000,9.7820382551872,Total GHG,Europe,436300.0,2.242044064906532e-05
LUX,Luxembourg,2001,10.325933783327,Total GHG,Europe,441525.0,2.3386974199257122e-05
LUX,Luxembourg,2002,11.008988575888,Total GHG,Europe,446175.0,2.4674149326806747e-05
LUX,Luxembourg,2003,11.419673063764,Total GHG,Europe,451630.0,2.5285461691570533e-05
LUX,Luxembourg,2004,12.847290586299,Total GHG,Europe,458095.0,2.8045035606804265e-05
LUX,Luxembourg,2005,13.076605515288,Total GHG,Europe,465158.0,2.811218019530568e-05
LUX,Luxembourg,2006,12.88145808595,Total GHG,Europe,472637.0,2.7254442809069116e-05
LUX,Luxembourg,2007,12.297900403313,Total GHG,Europe,479993.0,2.5620999479811162e-05
LUX,Luxembourg,2008,12.182249779259,Total GHG,Europe,488650.0,2.493042009466694e-05
LUX,Luxembourg,2009,11.584603149773,Total GHG,Europe,497783.0,2.3272396103870563e-05
LUX,Luxembourg,2010,12.204720806652,Total GHG,Europe,506953.0,2.4074659399691886e-05
LUX,Luxembourg,2011,12.061095590739,Total GHG,Europe,518347.0,2.326838120166414e-05
LUX,Luxembourg,2012,11.822629966486,Total GHG,Europe,530946.0,2.2267104312841607e-05
LUX,Luxembourg,2013,11.291579398271,Total GHG,Europe,543360.0,2.078102804452113e-05
LUX,Luxembourg,2014,10.79799104389,Total GHG,Europe,556319.0,1.9409711054071495e-05
LUX,Luxembourg,2015,10.296431174615,Total GHG,Europe,569604.0,1.807647273301276e-05
LUX,Luxembourg,2016,10.036107312281,Total GHG,Europe,582014.0,1.7243755841407598e-05
LUX,Luxembourg,2017,10.194054781047,Total GHG,Europe,596336.0,1.7094481602732354e-05
LUX,Luxembourg,2018,10.529382849017,Total GHG,Europe,607950.0,1.7319488196425693e-05
LUX,Luxembourg,2019,10.659925914888,Total GHG,Europe,620001.0,1.7193401163688446e-05
LUX,Luxembourg,2020,8.92457911154,Total GHG,Europe,630419.0,1.415658333828771e-05
LUX,Luxembourg,2021,9.3179114317633,Total GHG,Europe,640064.0,1.455778083404675e-05
LUX,Luxembourg,2022,8.1924376564905,Total GHG,Europe,653103.0,1.2543867745961203e-05
LUX,Luxembourg,2023,7.8524742073692,Total GHG,Europe,666430.0,1.1782894238508471e-05
LUX,Luxembourg,2024,8.0536674199614,Total GHG,Europe,677717.0,1.1883525748891352e-05
LVA,Latvia,1970,17.71243529954,Total GHG,Europe,2359164.0,7.5079287830519626e-06
LVA,Latvia,1971,17.958232668134,Total GHG,Europe,2376389.0,7.556941505845212e-06
LVA,Latvia,1972,18.854839099919,Total GHG,Europe,2395674.0,7.870369298960962e-06
LVA,Latvia,1973,19.938129155273,Total GHG,Europe,2415819.0,8.253155205449167e-06
LVA,Latvia,1974,21.035229024846,Total GHG,Europe,2437186.0,8.630949391981572e-06
LVA,Latvia,1975,22.157028689368,Total GHG,Europe,2456130.0,9.021113983937332e-06
LVA,Latvia,1976,22.841556310656,Total GHG,Europe,2470989.0,9.243892348632875e-06
LVA,Latvia,1977,23.370971302354,Total GHG,Europe,2485073.0,9.404541155271495e-06
LVA,Latvia,1978,24.14427765558,Total GHG,Europe,2497921.0,9.665749099182881e-06
LVA,Latvia,1979,24.7109037444,Total GHG,Europe,2505953.0,9.860880768474108e-06
LVA,Latvia,1980,25.415996653764,Total GHG,Europe,2511701.0,1.0119037518304926e-05
LVA,Latvia,1981,25.643401258155,Total GHG,Europe,2519421.0,1.0178291463854194e-05
LVA,Latvia,1982,26.10879380907,Total GHG,Europe,2531080.0,1.0315277987685099e-05
LVA,Latvia,1983,26.452960802993,Total GHG,Europe,2546011.0,1.0389963280988575e-05
LVA,Latvia,1984,26.669447440794,Total GHG,Europe,2562047.0,1.0409429429200166e-05
LVA,Latvia,1985,26.810354177345,Total GHG,Europe,2578873.0,1.0396151410846909e-05
LVA,Latvia,1986,27.205886298648,Total GHG,Europe,2599892.0,1.0464237090866852e-05
LVA,Latvia,1987,27.586848681115,Total GHG,Europe,2626583.0,1.0502941913929618e-05
LVA,Latvia,1988,27.429220956195,Total GHG,Europe,2653434.0,1.0337253896722134e-05
LVA,Latvia,1989,27.134548856464,Total GHG,Europe,2666955.0,1.0174355718961888e-05
LVA,Latvia,1990,27.546434180228,Total GHG,Europe,2663151.0,1.034354949465051e-05
LVA,Latvia,1991,25.797832669889,Total GHG,Europe,2650581.0,9.73289730436044e-06
LVA,Latvia,1992,21.71480266372,Total GHG,Europe,2614338.0,8.306042548331547e-06
LVA,Latvia,1993,18.46456589893,Total GHG,Europe,2563290.0,7.203463478158929e-06
LVA,Latvia,1994,15.296086140174,Total GHG,Europe,2520742.0,6.0680887374328665e-06
LVA,Latvia,1995,13.658124424719,Total GHG,Europe,2485056.0,5.49610327683521e-06
LVA,Latvia,1996,13.637355562214,Total GHG,Europe,2457222.0,5.549907807358879e-06
LVA,Latvia,1997,13.100639290624,Total GHG,Europe,2432851.0,5.384891754827567e-06
LVA,Latvia,1998,12.559731348694,Total GHG,Europe,2410019.0,5.211465697446368e-06
LVA,Latvia,1999,11.916437383901,Total GHG,Europe,2390482.0,4.984951731032068e-06
LVA,Latvia,2000,11.099243505446,Total GHG,Europe,2367550.0,4.6880714263462226e-06
LVA,Latvia,2001,11.701862167249,Total GHG,Europe,2337170.0,5.006851092239332e-06
LVA,Latvia,2002,11.759287389797,Total GHG,Europe,2310173.0,5.090219386079311e-06
LVA,Latvia,2003,12.061662725906,Total GHG,Europe,2287955.0,5.271809421909959e-06
LVA,Latvia,2004,12.139563318167,Total GHG,Europe,2263122.0,5.3640781708485e-06
LVA,Latvia,2005,12.286216040372,Total GHG,Europe,2238799.0,5.487860250237739e-06
LVA,Latvia,2006,12.878306494519,Total GHG,Europe,2218357.0,5.805335432718449e-06
LVA,Latvia,2007,13.308954637182,Total GHG,Europe,2200325.0,6.048631287278924e-06
LVA,Latvia,2008,12.910406513275,Total GHG,Europe,2177322.0,5.929488846057221e-06
LVA,Latvia,2009,12.156720166731,Total GHG,Europe,2141669.0,5.6762833877368545e-06
LVA,Latvia,2010,13.228634545332,Total GHG,Europe,2097555.0,6.306692575561546e-06
LVA,Latvia,2011,12.65091917903,Total GHG,Europe,2059709.0,6.142090547271483e-06
LVA,Latvia,2012,12.575371157627,Total GHG,Europe,2034319.0,6.181612204195605e-06
LVA,Latvia,2013,12.329163691495,Total GHG,Europe,2012647.0,6.125845064482246e-06
LVA,Latvia,2014,12.209948541008,Total GHG,Europe,1993782.0,6.124013829499915e-06
LVA,Latvia,2015,12.480764719103,Total GHG,Europe,1977527.0,6.3112992738420255e-06
LVA,Latvia,2016,12.465504451328,Total GHG,Europe,1959537.0,6.361453981898786e-06
LVA,Latvia,2017,12.332455792599,Total GHG,Europe,1942248.0,6.34957831986389e-06
LVA,Latvia,2018,12.911063505513,Total GHG,Europe,1927174.0,6.699479914897669e-06
LVA,Latvia,2019,12.784103784068,Total GHG,Europe,1913822.0,6.679881297251259e-06
LVA,Latvia,2020,12.188514043012,Total GHG,Europe,1900449.0,6.413491781685276e-06
LVA,Latvia,2021,12.44850491135,Total GHG,Europe,1884490.0,6.605768622465495e-06
LVA,Latvia,2022,11.823611038236,Total GHG,Europe,1879383.0,6.291219532280542e-06
LVA,Latvia,2023,11.698020931594,Total GHG,Europe,1877445.0,6.230819508211426e-06
LVA,Latvia,2024,11.642388850407,Total GHG,Europe,1862441.0,6.2511450566256864e-06
MAC,Macao,1970,0.33270376786257,Total GHG,,257396.0,1.2925755173451413e-06
MAC,Macao,1971,0.33365785327212,Total GHG,,247400.0,1.3486574505744543e-06
MAC,Macao,1972,0.35210297899726,Total GHG,,245050.0,1.4368617792175474e-06
MAC,Macao,1973,0.41820585662016,Total GHG,,242800.0,1.7224293929990115e-06
MAC,Macao,1974,0.50639740364191,Total GHG,,240550.0,2.1051648457364787e-06
MAC,Macao,1975,0.42376324078494,Total GHG,,238200.0,1.7790228412465994e-06
MAC,Macao,1976,0.41748707900272,Total GHG,,235600.0,1.7720164643578947e-06
MAC,Macao,1977,0.43919015290213,Total GHG,,232950.0,1.8853408581332046e-06
MAC,Macao,1978,0.43589004657949,Total GHG,,232400.0,1.8756026100666522e-06
MAC,Macao,1979,0.46758790249883,Total GHG,,235200.0,1.988043803141284e-06
MAC,Macao,1980,0.50255244747231,Total GHG,,239650.0,2.097026695064928e-06
MAC,Macao,1981,0.48371888880549,Total GHG,,244800.0,1.975975852963603e-06
MAC,Macao,1982,0.50646921461519,Total GHG,,254650.0,1.9888836230716278e-06
MAC,Macao,1983,0.6865130062761,Total GHG,,269300.0,2.5492499304719644e-06
MAC,Macao,1984,0.66734361295584,Total GHG,,282850.0,2.359355181035319e-06
MAC,Macao,1985,0.60831690135891,Total GHG,,289700.0,2.0998167116289613e-06
MAC,Macao,1986,0.7489360868261,Total GHG,,296050.0,2.5297621578317852e-06
MAC,Macao,1987,0.91769282449142,Total GHG,,306850.0,2.990688689885677e-06
MAC,Macao,1988,0.89595154914817,Total GHG,,316000.0,2.8352897124942087e-06
MAC,Macao,1989,0.91798902235775,Total GHG,,325100.0,2.8237127725553677e-06
MAC,Macao,1990,1.0013766826163,Total GHG,,334950.0,2.9896303406965216e-06
MAC,Macao,1991,1.0268079683356,Total GHG,,351650.0,2.9199714725880847e-06
MAC,Macao,1992,1.1586236980353,Total GHG,,370900.0,3.1238169264904285e-06
MAC,Macao,1993,1.2817235792976,Total GHG,,384000.0,3.3378218210875e-06
MAC,Macao,1994,1.3984486060583,Total GHG,,396800.0,3.5243160434936992e-06
MAC,Macao,1995,1.2689977147016,Total GHG,,409300.0,3.100409759837772e-06
MAC,Macao,1996,1.4583851275285,Total GHG,,415100.0,3.5133344435762467e-06
MAC,Macao,1997,1.5490862485705,Total GHG,,417300.0,3.7121645065192905e-06
MAC,Macao,1998,1.7020218552725,Total GHG,,422300.0,4.030361958968742e-06
MAC,Macao,1999,1.7924543559474,Total GHG,,427400.0,4.1938567055390735e-06
MAC,Macao,2000,1.5184692902037,Total GHG,,430600.0,3.526403367867394e-06
MAC,Macao,2001,1.6265408954883,Total GHG,,433900.0,3.7486538268916803e-06
MAC,Macao,2002,1.7814290219049,Total GHG,,438400.0,4.0634786083597176e-06
MAC,Macao,2003,1.8294259116238,Total GHG,,443600.0,4.124043984724527e-06
MAC,Macao,2004,2.1136704110416,Total GHG,,454700.0,4.648494416190015e-06
MAC,Macao,2005,2.125974607223,Total GHG,,473500.0,4.4899146931847945e-06
MAC,Macao,2006,2.1150199657813,Total GHG,,498900.0,4.239366537946081e-06
MAC,Macao,2007,2.0108698760241,Total GHG,,520900.0,3.860376033833941e-06
MAC,Macao,2008,1.67580305503,Total GHG,,540700.0,3.099321352006658e-06
MAC,Macao,2009,1.7756315902925,Total GHG,,535000.0,3.318937551948598e-06
MAC,Macao,2010,1.7977140105233,Total GHG,,537000.0,3.347698343618808e-06
MAC,Macao,2011,1.7688769282651,Total GHG,,549600.0,3.218480582723981e-06
MAC,Macao,2012,1.8256356219392,Total GHG,,567900.0,3.214713192356401e-06
MAC,Macao,2013,1.8951686984282,Total GHG,,591900.0,3.2018393283125525e-06
MAC,Macao,2014,2.1721822892599,Total GHG,,621700.0,3.493939664243043e-06
MAC,Macao,2015,2.855431679411,Total GHG,,642900.0,4.441486513316224e-06
MAC,Macao,2016,2.7234235089275,Total GHG,,652500.0,4.173829132455939e-06
MAC,Macao,2017,2.9801270594902,Total GHG,,648400.0,4.596124397733189e-06
MAC,Macao,2018,2.21243767012,Total GHG,,658900.0,3.3577745790256487e-06
MAC,Macao,2019,2.3356044832711,Total GHG,,672000.0,3.475601909629613e-06
MAC,Macao,2020,2.3188292328653,Total GHG,,685400.0,3.383176587197695e-06
MAC,Macao,2021,2.1322817228627,Total GHG,,682500.0,3.124222304560732e-06
MAC,Macao,2022,1.761521151235,Total GHG,,677300.0,2.6007989830724937e-06
MAC,Macao,2023,1.7639052077634,Total GHG,,678800.0,2.598563947795227e-06
MAC,Macao,2024,1.8200948273386,Total GHG,,687000.0,2.649337448818923e-06
MAR,Morocco,1970,22.248703874345,Total GHG,Africa,15129449.0,1.4705561236463405e-06
MAR,Morocco,1971,22.933346964,Total GHG,Africa,15527225.0,1.4769765340555057e-06
MAR,Morocco,1972,23.406063264916,Total GHG,Africa,15924692.0,1.4697969207138198e-06
MAR,Morocco,1973,24.855595489866,Total GHG,Africa,16326269.0,1.5224296187858965e-06
MAR,Morocco,1974,25.654873644273,Total GHG,Africa,16733842.0,1.533113175340905e-06
MAR,Morocco,1975,26.641840742455,Total GHG,Africa,17150786.0,1.553388908383266e-06
MAR,Morocco,1976,27.83000340693,Total GHG,Africa,17574182.0,1.5835731874706886e-06
MAR,Morocco,1977,28.96121235698,Total GHG,Africa,18014756.0,1.6076383358719928e-06
MAR,Morocco,1978,30.668189896693,Total GHG,Africa,18477385.0,1.6597689498104304e-06
MAR,Morocco,1979,31.898671922574,Total GHG,Africa,18955589.0,1.6828109072513654e-06
MAR,Morocco,1980,33.169168432582,Total GHG,Africa,19459943.0,1.7044843570498638e-06
MAR,Morocco,1981,32.845319060509,Total GHG,Africa,19985401.0,1.6434656007407106e-06
MAR,Morocco,1982,31.537381950254,Total GHG,Africa,20520318.0,1.5368856345332467e-06
MAR,Morocco,1983,33.240282580813,Total GHG,Africa,21060696.0,1.5783088356060503e-06
MAR,Morocco,1984,33.202621040715,Total GHG,Africa,21593778.0,1.5376012961101574e-06
MAR,Morocco,1985,34.981405465965,Total GHG,Africa,22113953.0,1.5818702999850364e-06
MAR,Morocco,1986,36.905553638742,Total GHG,Africa,22600803.0,1.6329310794285494e-06
MAR,Morocco,1987,38.531122637779,Total GHG,Africa,23054392.0,1.6713137625914837e-06
MAR,Morocco,1988,39.195666983011,Total GHG,Africa,23500524.0,1.667863532873182e-06
MAR,Morocco,1989,41.490974139276,Total GHG,Africa,23939414.0,1.7331658218232074e-06
MAR,Morocco,1990,42.487050159312,Total GHG,Africa,24375551.0,1.743019066904867e-06
MAR,Morocco,1991,43.425496297534,Total GHG,Africa,24799014.0,1.75109769676867e-06
MAR,Morocco,1992,44.97272505461,Total GHG,Africa,25212468.0,1.78374941535315e-06
MAR,Morocco,1993,44.779170800179,Total GHG,Africa,25614586.0,1.7481903006427276e-06
MAR,Morocco,1994,47.688641801992,Total GHG,Africa,26000822.0,1.8341205444194032e-06
MAR,Morocco,1995,48.980509371303,Total GHG,Africa,26399429.0,1.8553624539115221e-06
MAR,Morocco,1996,49.425479226057,Total GHG,Africa,26808107.0,1.843676587312077e-06
MAR,Morocco,1997,51.84989691101,Total GHG,Africa,27213337.0,1.905311976660929e-06
MAR,Morocco,1998,52.89454437237,Total GHG,Africa,27621648.0,1.914966998796379e-06
MAR,Morocco,1999,55.25295788952,Total GHG,Africa,28027179.0,1.9714063227526393e-06
MAR,Morocco,2000,56.668014644914,Total GHG,Africa,28423435.0,1.993707468675549e-06
MAR,Morocco,2001,60.507718357266,Total GHG,Africa,28814643.0,2.0998947777095832e-06
MAR,Morocco,2002,62.075969107221,Total GHG,Africa,29198142.0,2.126024632225605e-06
MAR,Morocco,2003,62.619938502702,Total GHG,Africa,29571415.0,2.1175834332818364e-06
MAR,Morocco,2004,68.501264543857,Total GHG,Africa,29953018.0,2.2869570119397317e-06
MAR,Morocco,2005,70.599775847892,Total GHG,Africa,30358144.0,2.325562980658238e-06
MAR,Morocco,2006,72.02162876421,Total GHG,Africa,30771178.0,2.3405548128254955e-06
MAR,Morocco,2007,72.952027024678,Total GHG,Africa,31186468.0,2.339220556321992e-06
MAR,Morocco,2008,76.879428597387,Total GHG,Africa,31606767.0,2.432372428264713e-06
MAR,Morocco,2009,76.919311069622,Total GHG,Africa,32030778.0,2.4014187563480974e-06
MAR,Morocco,2010,80.737093770744,Total GHG,Africa,32467016.0,2.486742045241977e-06
MAR,Morocco,2011,86.130323966539,Total GHG,Africa,32912588.0,2.6169416992227714e-06
MAR,Morocco,2012,88.910317785177,Total GHG,Africa,33355241.0,2.665557649101591e-06
MAR,Morocco,2013,89.834146757609,Total GHG,Africa,33787571.0,2.658792689110709e-06
MAR,Morocco,2014,91.378609212009,Total GHG,Africa,34204780.0,2.6715157709539132e-06
MAR,Morocco,2015,93.673799220941,Total GHG,Africa,34607588.0,2.706741631949069e-06
MAR,Morocco,2016,94.055806202261,Total GHG,Africa,35023457.0,2.685508920557471e-06
MAR,Morocco,2017,98.00564481582,Total GHG,Africa,35446392.0,2.7648976182348827e-06
MAR,Morocco,2018,100.0291278398,Total GHG,Africa,35839760.0,2.791009979971964e-06
MAR,Morocco,2019,107.74718399645,Total GHG,Africa,36210898.0,2.9755457596342958e-06
MAR,Morocco,2020,104.26139611173,Total GHG,Africa,36584208.0,2.849901687409223e-06
MAR,Morocco,2021,110.82199619041,Total GHG,Africa,36954442.0,2.9988816010375696e-06
MAR,Morocco,2022,110.76092189676,Total GHG,Africa,37329064.0,2.9671497227136474e-06
MAR,Morocco,2023,108.35807294929,Total GHG,Africa,37712505.0,2.8732663860247417e-06
MAR,Morocco,2024,108.73642374068,Total GHG,Africa,38081173.0,2.8553853564510735e-06
MDA,Moldova,1970,23.411819649756,Total GHG,Europe,2437590.0,9.604494459591647e-06
MDA,Moldova,1971,23.637302002684,Total GHG,Europe,2460611.0,9.606273402290732e-06
MDA,Moldova,1972,24.88511296305,Total GHG,Europe,2484742.0,1.0015169769356335e-05
MDA,Moldova,1973,26.320307831777,Total GHG,Europe,2510584.0,1.0483739174541462e-05
MDA,Moldova,1974,27.678160802796,Total GHG,Europe,2538164.0,1.0904796066288861e-05
MDA,Moldova,1975,29.430786991745,Total GHG,Europe,2566998.0,1.146506035133062e-05
MDA,Moldova,1976,30.258083266351,Total GHG,Europe,2596491.0,1.1653452011330292e-05
MDA,Moldova,1977,30.924119068398,Total GHG,Europe,2626298.0,1.1774794432466537e-05
MDA,Moldova,1978,32.043206072313,Total GHG,Europe,2656211.0,1.2063501759578964e-05
MDA,Moldova,1979,32.764933373499,Total GHG,Europe,2683035.0,1.221189189611727e-05
MDA,Moldova,1980,33.942977083648,Total GHG,Europe,2708675.0,1.253121067815371e-05
MDA,Moldova,1981,33.873431196396,Total GHG,Europe,2735987.0,1.2380698883582413e-05
MDA,Moldova,1982,34.26246960367,Total GHG,Europe,2763101.0,1.2400006226218295e-05
MDA,Moldova,1983,34.574873490903,Total GHG,Europe,2791207.0,1.2387068924269322e-05
MDA,Moldova,1984,34.913867803807,Total GHG,Europe,2820518.0,1.2378530398957567e-05
MDA,Moldova,1985,35.186220362368,Total GHG,Europe,2850787.0,1.2342633933144776e-05
MDA,Moldova,1986,36.052231996799,Total GHG,Europe,2883057.0,1.2504862719259107e-05
MDA,Moldova,1987,36.862953170626,Total GHG,Europe,2916306.0,1.264028986348689e-05
MDA,Moldova,1988,37.061127018993,Total GHG,Europe,2948891.0,1.256781855246362e-05
MDA,Moldova,1989,36.97519619395,Total GHG,Europe,2970039.0,1.2449397531126695e-05
MDA,Moldova,1990,37.419578396738,Total GHG,Europe,2977912.0,1.2565709932576247e-05
MDA,Moldova,1991,30.938554161997,Total GHG,Europe,2981566.0,1.037661221049509e-05
MDA,Moldova,1992,25.340401327939,Total GHG,Europe,2980965.0,8.500737622863402e-06
MDA,Moldova,1993,21.641077223022,Total GHG,Europe,2975966.0,7.271950426524361e-06
MDA,Moldova,1994,18.582009671635,Total GHG,Europe,2966745.0,6.263433382928091e-06
MDA,Moldova,1995,16.544703349431,Total GHG,Europe,2953200.0,5.60229694887952e-06
MDA,Moldova,1996,14.671938993304,Total GHG,Europe,2947293.0,4.978106687493914e-06
MDA,Moldova,1997,13.325205943418,Total GHG,Europe,2936413.0,4.537919544497998e-06
MDA,Moldova,1998,12.090872886246,Total GHG,Europe,2935227.0,4.119229240616143e-06
MDA,Moldova,1999,10.612451557307,Total GHG,Europe,2930622.0,3.6212283799503996e-06
MDA,Moldova,2000,9.9128472808292,Total GHG,Europe,2924668.0,3.389392327891302e-06
MDA,Moldova,2001,10.104451143401,Total GHG,Europe,2918135.0,3.4626400572286752e-06
MDA,Moldova,2002,10.334425304665,Total GHG,Europe,2911385.0,3.549659459214429e-06
MDA,Moldova,2003,10.920471470064,Total GHG,Europe,2903198.0,3.76153175569286e-06
MDA,Moldova,2004,10.924449785111,Total GHG,Europe,2896023.0,3.7722248010844527e-06
MDA,Moldova,2005,11.255189278728,Total GHG,Europe,2888985.0,3.895897444510096e-06
MDA,Moldova,2006,11.068800713778,Total GHG,Europe,2880967.0,3.842043561685365e-06
MDA,Moldova,2007,10.933270307962,Total GHG,Europe,2874299.0,3.8038040955245087e-06
MDA,Moldova,2008,10.614964049937,Total GHG,Europe,2868833.0,3.7000982803589476e-06
MDA,Moldova,2009,10.428640127136,Total GHG,Europe,2865213.0,3.639743407256633e-06
MDA,Moldova,2010,11.505795880023,Total GHG,Europe,2862354.0,4.019697032590308e-06
MDA,Moldova,2011,11.712664379667,Total GHG,Europe,2860699.0,4.094336516937643e-06
MDA,Moldova,2012,11.336629403635,Total GHG,Europe,2860324.0,3.963407433435862e-06
MDA,Moldova,2013,10.770869767561,Total GHG,Europe,2859558.0,3.7666204943424826e-06
MDA,Moldova,2014,11.331462881117,Total GHG,Europe,2857815.0,3.9650792235036205e-06
MDA,Moldova,2015,11.617410222009,Total GHG,Europe,2835978.0,4.096438767158631e-06
MDA,Moldova,2016,11.899743308457,Total GHG,Europe,2803186.0,4.2450780320881306e-06
MDA,Moldova,2017,11.926949200823,Total GHG,Europe,2755189.0,4.328904187996903e-06
MDA,Moldova,2018,12.620367976507,Total GHG,Europe,2707203.0,4.661773785160182e-06
MDA,Moldova,2019,12.692603450827,Total GHG,Europe,2664224.0,4.764090200683952e-06
MDA,Moldova,2020,12.384853337592,Total GHG,Europe,2635130.0,4.699902220228983e-06
MDA,Moldova,2021,13.214235737546,Total GHG,Europe,2595809.0,5.0906040226942735e-06
MDA,Moldova,2022,11.649240538451,Total GHG,Europe,2528654.0,4.6068938409331605e-06
MDA,Moldova,2023,11.650645796342,Total GHG,Europe,2457783.0,4.740306933664201e-06
MDA,Moldova,2024,11.658324509614,Total GHG,Europe,2389275.0,4.879440210781094e-06
MDG,Madagascar,1970,18.296905076796,Total GHG,Africa,6672003.0,2.7423406549421516e-06
MDG,Madagascar,1971,17.302965663877,Total GHG,Africa,6868868.0,2.5190418077443036e-06
MDG,Madagascar,1972,17.730008699291,Total GHG,Africa,7074398.0,2.50622154694873e-06
MDG,Madagascar,1973,18.044825134343,Total GHG,Africa,7288048.0,2.475947624705957e-06
MDG,Madagascar,1974,18.480236413272,Total GHG,Africa,7509726.0,2.4608403040632906e-06
MDG,Madagascar,1975,18.735907908568,Total GHG,Africa,7739336.0,2.420867618173962e-06
MDG,Madagascar,1976,18.861568415313,Total GHG,Africa,7976831.0,2.3645440671004563e-06
MDG,Madagascar,1977,19.403522889472,Total GHG,Africa,8222240.0,2.359882816540505e-06
MDG,Madagascar,1978,20.661063006619,Total GHG,Africa,8475864.0,2.4376350312627715e-06
MDG,Madagascar,1979,20.811145513555,Total GHG,Africa,8737581.0,2.381797148839593e-06
MDG,Madagascar,1980,21.527177056599,Total GHG,Africa,9006032.0,2.390306525293159e-06
MDG,Madagascar,1981,21.449120335307,Total GHG,Africa,9279011.0,2.3115739743499604e-06
MDG,Madagascar,1982,21.650250209705,Total GHG,Africa,9557671.0,2.265222375796886e-06
MDG,Madagascar,1983,21.912382152947,Total GHG,Africa,9843044.0,2.22617943727032e-06
MDG,Madagascar,1984,22.261689225247,Total GHG,Africa,10134550.0,2.19661348804308e-06
MDG,Madagascar,1985,22.003125438818,Total GHG,Africa,10433142.0,2.1089644364869184e-06
MDG,Madagascar,1986,22.14202106862,Total GHG,Africa,10736857.0,2.0622441994542725e-06
MDG,Madagascar,1987,22.188355016773,Total GHG,Africa,11047291.0,2.0084883268461924e-06
MDG,Madagascar,1988,22.32479494933,Total GHG,Africa,11369462.0,1.963575316873393e-06
MDG,Madagascar,1989,22.404220569996,Total GHG,Africa,11704998.0,1.914072994288081e-06
MDG,Madagascar,1990,22.882307418893,Total GHG,Africa,12055639.0,1.8980584454206866e-06
MDG,Madagascar,1991,22.955287514245,Total GHG,Africa,12421412.0,1.8480417133128666e-06
MDG,Madagascar,1992,23.328781793857,Total GHG,Africa,12800870.0,1.822437208866038e-06
MDG,Madagascar,1993,23.858457951365,Total GHG,Africa,13197345.0,1.8078225545641946e-06
MDG,Madagascar,1994,23.526926552727,Total GHG,Africa,13613850.0,1.7281611412441742e-06
MDG,Madagascar,1995,24.119182648218,Total GHG,Africa,14051275.0,1.716512035257868e-06
MDG,Madagascar,1996,24.276753495757,Total GHG,Africa,14510711.0,1.6730230169808357e-06
MDG,Madagascar,1997,24.485852631392,Total GHG,Africa,14990814.0,1.6333904637461313e-06
MDG,Madagascar,1998,24.862335599005,Total GHG,Africa,15489364.0,1.605123076648273e-06
MDG,Madagascar,1999,25.152520400401,Total GHG,Africa,16000506.0,1.5719828110686623e-06
MDG,Madagascar,2000,25.315842131778,Total GHG,Africa,16516338.0,1.532775735866994e-06
MDG,Madagascar,2001,23.494254846074,Total GHG,Africa,17032939.0,1.3793423933517288e-06
MDG,Madagascar,2002,21.642923191992,Total GHG,Africa,17549913.0,1.2332211100984945e-06
MDG,Madagascar,2003,22.828154393556,Total GHG,Africa,18071854.0,1.2631882923332604e-06
MDG,Madagascar,2004,23.513193481231,Total GHG,Africa,18606608.0,1.2637012335204244e-06
MDG,Madagascar,2005,26.184890607306,Total GHG,Africa,19159707.0,1.3666644592898002e-06
MDG,Madagascar,2006,26.478383977812,Total GHG,Africa,19730909.0,1.3419748668351774e-06
MDG,Madagascar,2007,27.116645120156,Total GHG,Africa,20318583.0,1.3345736324307656e-06
MDG,Madagascar,2008,27.738579084643,Total GHG,Africa,20923840.0,1.3256925633460683e-06
MDG,Madagascar,2009,28.367280830457,Total GHG,Africa,21547280.0,1.316513306109031e-06
MDG,Madagascar,2010,29.016317533224,Total GHG,Africa,22183340.0,1.3080229367274721e-06
MDG,Madagascar,2011,29.070707390445,Total GHG,Africa,22822300.0,1.273785174607511e-06
MDG,Madagascar,2012,30.393876183995,Total GHG,Africa,23462438.0,1.2954270218634143e-06
MDG,Madagascar,2013,29.603274112563,Total GHG,Africa,24109290.0,1.2278783038639047e-06
MDG,Madagascar,2014,31.102530189577,Total GHG,Africa,24764348.0,1.2559397965808347e-06
MDG,Madagascar,2015,31.461025509716,Total GHG,Africa,25426702.0,1.237322304312844e-06
MDG,Madagascar,2016,31.425449189977,Total GHG,Africa,26099952.0,1.2040424131805684e-06
MDG,Madagascar,2017,31.82552382795,Total GHG,Africa,26788375.0,1.188034878112241e-06
MDG,Madagascar,2018,30.386031943515,Total GHG,Africa,27494926.0,1.1051505264467706e-06
MDG,Madagascar,2019,32.247888595175,Total GHG,Africa,28219554.0,1.1427497612178775e-06
MDG,Madagascar,2020,31.869371067313,Total GHG,Africa,28953556.0,1.1007066305538774e-06
MDG,Madagascar,2021,33.596937322025,Total GHG,Africa,29691083.0,1.1315497424605563e-06
MDG,Madagascar,2022,34.457664974843,Total GHG,Africa,30437261.0,1.1320882314227617e-06
MDG,Madagascar,2023,35.705437129023,Total GHG,Africa,31195932.0,1.1445542684547137e-06
MDG,Madagascar,2024,35.789966511419,Total GHG,Africa,31964956.0,1.119662624012966e-06
MDV,Maldives,1970,0.021049943954289,Total GHG,Asia,123219.0,1.708335886047525e-07
MDV,Maldives,1971,0.022128788547887,Total GHG,Asia,127035.0,1.7419442317382612e-07
MDV,Maldives,1972,0.023836048428925,Total GHG,Asia,130968.0,1.8199902593706098e-07
MDV,Maldives,1973,0.027384077465387,Total GHG,Asia,134952.0,2.029171665880239e-07
MDV,Maldives,1974,0.031415110188766,Total GHG,Asia,138978.0,2.260437636803379e-07
MDV,Maldives,1975,0.030212876852596,Total GHG,Asia,143158.0,2.1104567577498987e-07
MDV,Maldives,1976,0.031259917005435,Total GHG,Asia,147525.0,2.118957261849517e-07
MDV,Maldives,1977,0.033185459363244,Total GHG,Asia,151930.0,2.1842598146017244e-07
MDV,Maldives,1978,0.034635886598426,Total GHG,Asia,156159.0,2.2179884988009658e-07
MDV,Maldives,1979,0.037040276223544,Total GHG,Asia,160360.0,2.3098201685921675e-07
MDV,Maldives,1980,0.039717067261958,Total GHG,Asia,164835.0,2.4095044900632753e-07
MDV,Maldives,1981,0.041135206866821,Total GHG,Asia,169532.0,2.426397781352252e-07
MDV,Maldives,1982,0.042326700295947,Total GHG,Asia,174333.0,2.427922441301819e-07
MDV,Maldives,1983,0.043988727062937,Total GHG,Asia,179128.0,2.455714743810962e-07
MDV,Maldives,1984,0.082592794327308,Total GHG,Asia,184198.0,4.4839137410453966e-07
MDV,Maldives,1985,0.089802530833022,Total GHG,Asia,190169.0,4.7222486752847206e-07
MDV,Maldives,1986,0.090856606029019,Total GHG,Asia,196935.0,4.613532689924036e-07
MDV,Maldives,1987,0.099704416286726,Total GHG,Asia,203944.0,4.888813413815851e-07
MDV,Maldives,1988,0.11540834283958,Total GHG,Asia,210885.0,5.472572389671148e-07
MDV,Maldives,1989,0.11300322178079,Total GHG,Asia,217738.0,5.18987139501557e-07
MDV,Maldives,1990,0.13501026366275,Total GHG,Asia,224762.0,6.006810032957085e-07
MDV,Maldives,1991,0.1391153424019,Total GHG,Asia,231802.0,6.00147291230878e-07
MDV,Maldives,1992,0.15008896637655,Total GHG,Asia,238543.0,6.29190403309047e-07
MDV,Maldives,1993,0.17077807668434,Total GHG,Asia,244884.0,6.973835639908692e-07
MDV,Maldives,1994,0.32197610290495,Total GHG,Asia,250822.0,1.2836836597465532e-06
MDV,Maldives,1995,0.3864181398542,Total GHG,Asia,256649.0,1.5056288544050434e-06
MDV,Maldives,1996,0.39377648699571,Total GHG,Asia,262347.0,1.5009757572821873e-06
MDV,Maldives,1997,0.35762187451873,Total GHG,Asia,267707.0,1.3358704647944582e-06
MDV,Maldives,1998,0.40052595973407,Total GHG,Asia,272723.0,1.4686181940432967e-06
MDV,Maldives,1999,0.40177331706572,Total GHG,Asia,277412.0,1.448291051092671e-06
MDV,Maldives,2000,0.69497422330047,Total GHG,Asia,282019.0,2.4642815672010395e-06
MDV,Maldives,2001,0.62203743546342,Total GHG,Asia,286767.0,2.169138832095116e-06
MDV,Maldives,2002,0.74615704717331,Total GHG,Asia,291616.0,2.558697215424771e-06
MDV,Maldives,2003,0.65302485416601,Total GHG,Asia,296491.0,2.202511557403125e-06
MDV,Maldives,2004,0.82223211127584,Total GHG,Asia,301413.0,2.727925176670681e-06
MDV,Maldives,2005,0.76939322151734,Total GHG,Asia,306429.0,2.5108368382801237e-06
MDV,Maldives,2006,0.9303103212045,Total GHG,Asia,313851.0,2.964178292261296e-06
MDV,Maldives,2007,0.97772346183189,Total GHG,Asia,324479.0,3.013210290440645e-06
MDV,Maldives,2008,1.064072893209,Total GHG,Asia,336170.0,3.165282128711664e-06
MDV,Maldives,2009,1.0967770478593,Total GHG,Asia,348275.0,3.149169615560405e-06
MDV,Maldives,2010,1.1737676741079,Total GHG,Asia,360792.0,3.253308482748786e-06
MDV,Maldives,2011,1.2697126173085,Total GHG,Asia,373674.0,3.397915341470105e-06
MDV,Maldives,2012,1.5807007288394,Total GHG,Asia,386818.0,4.08641978615111e-06
MDV,Maldives,2013,1.7662845295445,Total GHG,Asia,400070.0,4.414938709587072e-06
MDV,Maldives,2014,2.3552969447728,Total GHG,Asia,413617.0,5.694391054460528e-06
MDV,Maldives,2015,1.7411035686391,Total GHG,Asia,428154.0,4.06653579935981e-06
MDV,Maldives,2016,1.8937284536093,Total GHG,Asia,443308.0,4.271812044017477e-06
MDV,Maldives,2017,1.7687277388572,Total GHG,Asia,458287.0,3.859432492864079e-06
MDV,Maldives,2018,1.5457668348186,Total GHG,Asia,473099.0,3.267322135152685e-06
MDV,Maldives,2019,1.6854687220144,Total GHG,Asia,487731.0,3.4557342510818463e-06
MDV,Maldives,2020,1.379542719013,Total GHG,Asia,502118.0,2.7474472514687782e-06
MDV,Maldives,2021,1.8694760995936,Total GHG,Asia,516154.0,3.6219347318699455e-06
MDV,Maldives,2022,1.9895863554235,Total GHG,Asia,524106.0,3.7961526016178026e-06
MDV,Maldives,2023,1.9985431245501,Total GHG,Asia,525994.0,3.7995549845627515e-06
MDV,Maldives,2024,2.093372989544,Total GHG,Asia,527799.0,3.966231443303228e-06
MEX,Mexico,1970,205.38908415899,Total GHG,North America,50814953.0,4.04190247227012e-06
MEX,Mexico,1971,206.97037849979,Total GHG,North America,52412558.0,3.94887001126314e-06
MEX,Mexico,1972,220.87036810289,Total GHG,North America,54030168.0,4.087908223844317e-06
MEX,Mexico,1973,232.8349570701,Total GHG,North America,55667284.0,4.182617514986002e-06
MEX,Mexico,1974,252.24061466662,Total GHG,North America,57320149.0,4.400557553795263e-06
MEX,Mexico,1975,266.22185877167,Total GHG,North America,58982400.0,4.513581318692864e-06
MEX,Mexico,1976,281.59247378528,Total GHG,North America,60645512.0,4.643253301007336e-06
MEX,Mexico,1977,291.33666335132,Total GHG,North America,62308493.0,4.675713523537153e-06
MEX,Mexico,1978,316.59844884771,Total GHG,North America,63979046.0,4.948470923553784e-06
MEX,Mexico,1979,332.2038776027,Total GHG,North America,65648865.0,5.060314106004727e-06
MEX,Mexico,1980,362.116605718,Total GHG,North America,67300334.0,5.38060636843199e-06
MEX,Mexico,1981,387.45828560032,Total GHG,North America,68892108.0,5.624131658162064e-06
MEX,Mexico,1982,410.85303462095,Total GHG,North America,70433260.0,5.833224738155667e-06
MEX,Mexico,1983,396.37839415087,Total GHG,North America,71971240.0,5.5074553967789075e-06
MEX,Mexico,1984,402.9558950662,Total GHG,North America,73506846.0,5.481882531950834e-06
MEX,Mexico,1985,416.55707757728,Total GHG,North America,75043414.0,5.5508812215990065e-06
MEX,Mexico,1986,413.95160564387,Total GHG,North America,76585637.0,5.405081446849753e-06
MEX,Mexico,1987,426.26956794612,Total GHG,North America,78136651.0,5.455436885132433e-06
MEX,Mexico,1988,424.94086470299,Total GHG,North America,79695531.0,5.332053872669347e-06
MEX,Mexico,1989,443.90249476536,Total GHG,North America,81247182.0,5.463604814815116e-06
MEX,Mexico,1990,440.4708391816,Total GHG,North America,82820170.0,5.318400568141794e-06
MEX,Mexico,1991,458.4472612237,Total GHG,North America,84430572.0,5.429872738795374e-06
MEX,Mexico,1992,461.02105710985,Total GHG,North America,86044809.0,5.357918304053066e-06
MEX,Mexico,1993,474.75507481653,Total GHG,North America,87653807.0,5.416251627456752e-06
MEX,Mexico,1994,501.24103461027,Total GHG,North America,89259205.0,5.615566871901559e-06
MEX,Mexico,1995,482.18349995869,Total GHG,North America,90862455.0,5.306740831058219e-06
MEX,Mexico,1996,502.1712645887,Total GHG,North America,92452702.0,5.431655903239043e-06
MEX,Mexico,1997,528.15713970007,Total GHG,North America,94021207.0,5.617425648450461e-06
MEX,Mexico,1998,554.86550624934,Total GHG,North America,95575245.0,5.805535797991834e-06
MEX,Mexico,1999,541.78252153905,Total GHG,North America,97115707.0,5.578732197656245e-06
MEX,Mexico,2000,566.2513619789,Total GHG,North America,98625552.0,5.7414265420679224e-06
MEX,Mexico,2001,562.64287567887,Total GHG,North America,100099099.0,5.620858542181984e-06
MEX,Mexico,2002,568.83829470894,Total GHG,North America,101548624.0,5.601634687919946e-06
MEX,Mexico,2003,593.06315163222,Total GHG,North America,102978515.0,5.759095978731291e-06
MEX,Mexico,2004,602.65548714942,Total GHG,North America,104394131.0,5.772886668786198e-06
MEX,Mexico,2005,624.67924753922,Total GHG,North America,105811504.0,5.903698784389455e-06
MEX,Mexico,2006,646.27617533765,Total GHG,North America,107253666.0,6.025679116065366e-06
MEX,Mexico,2007,656.98215440437,Total GHG,North America,108774360.0,6.039862283762185e-06
MEX,Mexico,2008,663.53800644488,Total GHG,North America,110374288.0,6.011708147506963e-06
MEX,Mexico,2009,649.97574648821,Total GHG,North America,111999721.0,5.80336933596656e-06
MEX,Mexico,2010,665.57250484256,Total GHG,North America,113623895.0,5.85768077077942e-06
MEX,Mexico,2011,677.10256866487,Total GHG,North America,115243504.0,5.8754076816760965e-06
MEX,Mexico,2012,692.87523789384,Total GHG,North America,116818208.0,5.931226388045945e-06
MEX,Mexico,2013,684.55988149908,Total GHG,North America,118343573.0,5.78451253537089e-06
MEX,Mexico,2014,673.04733926232,Total GHG,North America,119784261.0,5.618829499330634e-06
MEX,Mexico,2015,682.14785946232,Total GHG,North America,121072306.0,5.634218773881452e-06
MEX,Mexico,2016,691.4908926253,Total GHG,North America,122251351.0,5.656304711309898e-06
MEX,Mexico,2017,695.75277276823,Total GHG,North America,123400057.0,5.638188422945623e-06
MEX,Mexico,2018,675.05151173247,Total GHG,North America,124573711.0,5.41889220697993e-06
MEX,Mexico,2019,692.13338686149,Total GHG,North America,125762982.0,5.503474677958017e-06
MEX,Mexico,2020,640.12723930934,Total GHG,North America,126799054.0,5.0483597402023205e-06
MEX,Mexico,2021,656.28903512071,Total GHG,North America,127648148.0,5.141390967307336e-06
MEX,Mexico,2022,660.28561442273,Total GHG,North America,128613117.0,5.1338901491885155e-06
MEX,Mexico,2023,685.65123338608,Total GHG,North America,129739759.0,5.284819693445554e-06
MEX,Mexico,2024,686.77936947935,Total GHG,North America,130861007.0,5.248158983518673e-06
MKD,North Macedonia,1970,12.345263748647,Total GHG,Europe,1664208.0,7.418101432421308e-06
MKD,North Macedonia,1971,11.789217543899,Total GHG,Europe,1691216.0,6.970852655071262e-06
MKD,North Macedonia,1972,11.793440094909,Total GHG,Europe,1717395.0,6.867051607177731e-06
MKD,North Macedonia,1973,13.172523343866,Total GHG,Europe,1743816.0,7.5538493418262024e-06
MKD,North Macedonia,1974,13.570986923354,Total GHG,Europe,1770545.0,7.664864165188685e-06
MKD,North Macedonia,1975,11.530037535369,Total GHG,Europe,1797972.0,6.412801498226336e-06
MKD,North Macedonia,1976,11.91799894834,Total GHG,Europe,1825830.0,6.527441737916454e-06
MKD,North Macedonia,1977,12.198449176999,Total GHG,Europe,1853138.0,6.582590814606899e-06
MKD,North Macedonia,1978,11.888656540944,Total GHG,Europe,1879847.0,6.324268167007208e-06
MKD,North Macedonia,1979,13.055471522683,Total GHG,Europe,1906523.0,6.847791252811007e-06
MKD,North Macedonia,1980,12.1602881766,Total GHG,Europe,1933038.0,6.2907651978905745e-06
MKD,North Macedonia,1981,12.979662972926,Total GHG,Europe,1959065.0,6.625437631179159e-06
MKD,North Macedonia,1982,11.621900644555,Total GHG,Europe,1978956.0,5.872743327570194e-06
MKD,North Macedonia,1983,11.071665582637,Total GHG,Europe,1991901.0,5.558341294390132e-06
MKD,North Macedonia,1984,12.533243428947,Total GHG,Europe,2003399.0,6.2559896600462515e-06
MKD,North Macedonia,1985,13.007783166283,Total GHG,Europe,2014331.0,6.457619510538735e-06
MKD,North Macedonia,1986,13.241632636354,Total GHG,Europe,2024732.0,6.539943378360198e-06
MKD,North Macedonia,1987,12.874722590766,Total GHG,Europe,2035157.0,6.3261569455162425e-06
MKD,North Macedonia,1988,12.997416514883,Total GHG,Europe,2045737.0,6.353415182344064e-06
MKD,North Macedonia,1989,13.177931193394,Total GHG,Europe,2055649.0,6.410594023295806e-06
MKD,North Macedonia,1990,14.361240018398,Total GHG,Europe,2063689.0,6.959013697508685e-06
MKD,North Macedonia,1991,12.866602673914,Total GHG,Europe,2055994.0,6.258093493421674e-06
MKD,North Macedonia,1992,11.541793452855,Total GHG,Europe,2032523.0,5.678554905826404e-06
MKD,North Macedonia,1993,11.746336448635,Total GHG,Europe,2006854.0,5.853109617657787e-06
MKD,North Macedonia,1994,11.521027838393,Total GHG,Europe,1992666.0,5.781715469824345e-06
MKD,North Macedonia,1995,11.386221069559,Total GHG,Europe,1998534.0,5.6972866458909374e-06
MKD,North Macedonia,1996,12.976595184406,Total GHG,Europe,2012553.0,6.447827801009961e-06
MKD,North Macedonia,1997,11.820351973417,Total GHG,Europe,1996869.0,5.919442874528575e-06
MKD,North Macedonia,1998,12.666893359797,Total GHG,Europe,2007523.0,6.309712695594022e-06
MKD,North Macedonia,1999,11.744121616824,Total GHG,Europe,2017142.0,5.822159082912358e-06
MKD,North Macedonia,2000,11.400053777367,Total GHG,Europe,2026350.0,5.625905582632319e-06
MKD,North Macedonia,2001,11.512489441789,Total GHG,Europe,2034882.0,5.657571024653518e-06
MKD,North Macedonia,2002,10.961865613361,Total GHG,Europe,2020157.0,5.426244402470205e-06
MKD,North Macedonia,2003,11.728340606336,Total GHG,Europe,2022725.0,5.7982872641293305e-06
MKD,North Macedonia,2004,11.892478642797,Total GHG,Europe,2016186.0,5.898502738733926e-06
MKD,North Macedonia,2005,12.353742487812,Total GHG,Europe,2005330.0,6.160453634968807e-06
MKD,North Macedonia,2006,12.056545563583,Total GHG,Europe,1994287.0,6.045541872149295e-06
MKD,North Macedonia,2007,12.817499873478,Total GHG,Europe,1982933.0,6.463909710251431e-06
MKD,North Macedonia,2008,12.66193447029,Total GHG,Europe,1971493.0,6.422510488391285e-06
MKD,North Macedonia,2009,11.570883200626,Total GHG,Europe,1958782.0,5.907182729178642e-06
MKD,North Macedonia,2010,11.735306674183,Total GHG,Europe,1946298.0,6.0295528609611685e-06
MKD,North Macedonia,2011,12.920361758029,Total GHG,Europe,1937398.0,6.66892489722246e-06
MKD,North Macedonia,2012,12.293125931986,Total GHG,Europe,1929821.0,6.370086102278916e-06
MKD,North Macedonia,2013,11.392524031056,Total GHG,Europe,1922716.0,5.9252245422912175e-06
MKD,North Macedonia,2014,10.964112323766,Total GHG,Europe,1917557.0,5.717750410426392e-06
MKD,North Macedonia,2015,10.547921388817,Total GHG,Europe,1912430.0,5.515454886619118e-06
MKD,North Macedonia,2016,10.250446876603,Total GHG,Europe,1906313.0,5.377105898455815e-06
MKD,North Macedonia,2017,10.70223905275,Total GHG,Europe,1898657.0,5.636741682541923e-06
MKD,North Macedonia,2018,10.241389291172,Total GHG,Europe,1889051.0,5.421446689989842e-06
MKD,North Macedonia,2019,11.337205189719,Total GHG,Europe,1876262.0,6.0424424679064014e-06
MKD,North Macedonia,2020,10.288539486723,Total GHG,Europe,1856124.0,5.543023788670907e-06
MKD,North Macedonia,2021,10.224422087525,Total GHG,Europe,1837114.0,5.5654804696524e-06
MKD,North Macedonia,2022,10.815881683284,Total GHG,Europe,1831712.0,5.904793812173529e-06
MKD,North Macedonia,2023,10.569134788675,Total GHG,Europe,1827816.0,5.782384435126401e-06
MKD,North Macedonia,2024,9.8120963348751,Total GHG,Europe,1792179.0,5.474953302585902e-06
MLI,Mali,1970,10.868484539695,Total GHG,Africa,6276472.0,1.7316232016481552e-06
MLI,Mali,1971,11.103382490064,Total GHG,Africa,6377944.0,1.7409031013856503e-06
MLI,Mali,1972,9.8311521467645,Total GHG,Africa,6483726.0,1.5162812473513688e-06
MLI,Mali,1973,9.1355334382279,Total GHG,Africa,6597106.0,1.3847789376474927e-06
MLI,Mali,1974,8.3156722133221,Total GHG,Africa,6715436.0,1.2382922290260977e-06
MLI,Mali,1975,9.0495607318845,Total GHG,Africa,6837261.0,1.3235652013115338e-06
MLI,Mali,1976,9.4141416937707,Total GHG,Africa,6960979.0,1.3524163330719286e-06
MLI,Mali,1977,9.5157448366264,Total GHG,Africa,7090979.0,1.3419507851632899e-06
MLI,Mali,1978,10.139813261571,Total GHG,Africa,7229651.0,1.4025315000089216e-06
MLI,Mali,1979,10.826275352875,Total GHG,Africa,7375266.0,1.4679165948556973e-06
MLI,Mali,1980,12.201719233314,Total GHG,Africa,7530515.0,1.6203034232471483e-06
MLI,Mali,1981,12.932366590694,Total GHG,Africa,7692766.0,1.6811074964055841e-06
MLI,Mali,1982,13.349860641729,Total GHG,Africa,7860194.0,1.6984136322499165e-06
MLI,Mali,1983,11.855817021027,Total GHG,Africa,8034400.0,1.4756319104135967e-06
MLI,Mali,1984,10.596482882064,Total GHG,Africa,8208599.0,1.2909002963921127e-06
MLI,Mali,1985,9.8928889913122,Total GHG,Africa,8374663.0,1.181288010193628e-06
MLI,Mali,1986,10.124663750214,Total GHG,Africa,8531277.0,1.1867700169873747e-06
MLI,Mali,1987,10.517641175409,Total GHG,Africa,8681164.0,1.2115473426615371e-06
MLI,Mali,1988,10.848496045556,Total GHG,Africa,8833996.0,1.228039501665611e-06
MLI,Mali,1989,11.371473649021,Total GHG,Africa,8999938.0,1.2635057762643476e-06
MLI,Mali,1990,11.981843928454,Total GHG,Africa,9178830.0,1.3053781286344773e-06
MLI,Mali,1991,12.013937859212,Total GHG,Africa,9362888.0,1.283144459189515e-06
MLI,Mali,1992,11.987786545844,Total GHG,Africa,9553540.0,1.254800476665613e-06
MLI,Mali,1993,12.145319363347,Total GHG,Africa,9754786.0,1.2450626147356795e-06
MLI,Mali,1994,12.475674509885,Total GHG,Africa,9967031.0,1.2516941614694486e-06
MLI,Mali,1995,12.846423603147,Total GHG,Africa,10185365.0,1.2612629594665484e-06
MLI,Mali,1996,13.230360353916,Total GHG,Africa,10407278.0,1.2712603962261793e-06
MLI,Mali,1997,13.365365353541,Total GHG,Africa,10646495.0,1.2553770375640997e-06
MLI,Mali,1998,14.157276504497,Total GHG,Africa,10919573.0,1.296504589007006e-06
MLI,Mali,1999,14.85646032285,Total GHG,Africa,11227415.0,1.3232307100833094e-06
MLI,Mali,2000,15.75712799924,Total GHG,Africa,11559290.0,1.3631570796510858e-06
MLI,Mali,2001,16.483753795774,Total GHG,Africa,11912158.0,1.3837756177993945e-06
MLI,Mali,2002,17.658507609026,Total GHG,Africa,12288050.0,1.43704718071834e-06
MLI,Mali,2003,18.540044078764,Total GHG,Africa,12684955.0,1.461577441840669e-06
MLI,Mali,2004,19.345073780663,Total GHG,Africa,13102409.0,1.476451680043189e-06
MLI,Mali,2005,20.241610921715,Total GHG,Africa,13538647.0,1.4950985073851915e-06
MLI,Mali,2006,20.478343849942,Total GHG,Africa,13990139.0,1.4637698631830607e-06
MLI,Mali,2007,21.86752026045,Total GHG,Africa,14457775.0,1.5125093771655735e-06
MLI,Mali,2008,23.089656108753,Total GHG,Africa,14940782.0,1.5454114857410409e-06
MLI,Mali,2009,24.321977097265,Total GHG,Africa,15435539.0,1.5757128466498642e-06
MLI,Mali,2010,25.514510246494,Total GHG,Africa,15945198.0,1.6001375615714526e-06
MLI,Mali,2011,26.537770425131,Total GHG,Africa,16469049.0,1.6113723643138715e-06
MLI,Mali,2012,27.613686962299,Total GHG,Africa,16957033.0,1.6284503876532526e-06
MLI,Mali,2013,29.182301680529,Total GHG,Africa,17459615.0,1.671417249494276e-06
MLI,Mali,2014,30.252531070542,Total GHG,Africa,18020267.0,1.6788059283773098e-06
MLI,Mali,2015,32.209367008459,Total GHG,Africa,18593022.0,1.7323363038272636e-06
MLI,Mali,2016,35.589277975933,Total GHG,Africa,19191289.0,1.854449587827738e-06
MLI,Mali,2017,38.307445790386,Total GHG,Africa,19813011.0,1.9334489740295402e-06
MLI,Mali,2018,40.083118610476,Total GHG,Africa,20442030.0,1.9608188917869702e-06
MLI,Mali,2019,40.84782130595,Total GHG,Africa,21068405.0,1.9388188762248494e-06
MLI,Mali,2020,42.540257606755,Total GHG,Africa,21713836.0,1.959131385479516e-06
MLI,Mali,2021,44.990434499656,Total GHG,Africa,22388630.0,2.009521551772306e-06
MLI,Mali,2022,44.505364370257,Total GHG,Africa,23072640.0,1.928923797634644e-06
MLI,Mali,2023,46.611319352811,Total GHG,Africa,23769127.0,1.961002579220137e-06
MLI,Mali,2024,48.008509546061,Total GHG,Africa,24478595.0,1.9612444891572003e-06
MLT,Malta,1970,0.81517482521942,Total GHG,Europe,302650.0,2.6934572120251776e-06
MLT,Malta,1971,0.82209750397645,Total GHG,Europe,302700.0,2.7158820745835812e-06
MLT,Malta,1972,0.99358597450342,Total GHG,Europe,302450.0,3.2851247297186972e-06
MLT,Malta,1973,0.96074390135425,Total GHG,Europe,302200.0,3.1791657887301458e-06
MLT,Malta,1974,0.88876929588472,Total GHG,Europe,301996.0,2.942983668276136e-06
MLT,Malta,1975,0.81685223174148,Total GHG,Europe,304222.0,2.685053124828185e-06
MLT,Malta,1976,0.91459492230012,Total GHG,Europe,305774.0,2.991081394428957e-06
MLT,Malta,1977,0.96276868805766,Total GHG,Europe,306970.0,3.136360843266964e-06
MLT,Malta,1978,1.0960137256277,Total GHG,Europe,310182.0,3.5334536679359217e-06
MLT,Malta,1979,1.0719427663321,Total GHG,Europe,313342.0,3.420999311717229e-06
MLT,Malta,1980,1.1688698268167,Total GHG,Europe,316645.0,3.6914204450305545e-06
MLT,Malta,1981,1.3036621796718,Total GHG,Europe,318982.0,4.08694590814466e-06
MLT,Malta,1982,1.4743184170893,Total GHG,Europe,325898.0,4.523864574465937e-06
MLT,Malta,1983,1.1368164951195,Total GHG,Europe,330524.0,3.4394370609078307e-06
MLT,Malta,1984,1.5040038586766,Total GHG,Europe,330593.0,4.549412294502909e-06
MLT,Malta,1985,1.3354089724825,Total GHG,Europe,336452.0,3.96909209183628e-06
MLT,Malta,1986,2.0638343776699,Total GHG,Europe,342121.0,6.032469148838861e-06
MLT,Malta,1987,2.1587251137782,Total GHG,Europe,344485.0,6.266528626146857e-06
MLT,Malta,1988,2.3361004175805,Total GHG,Europe,347325.0,6.725978313051177e-06
MLT,Malta,1989,2.5213245446853,Total GHG,Europe,350722.0,7.1889546269846195e-06
MLT,Malta,1990,2.5198749306922,Total GHG,Europe,354170.0,7.1148740172578135e-06
MLT,Malta,1991,2.4253226468162,Total GHG,Europe,363845.0,6.665812768668527e-06
MLT,Malta,1992,2.3966141126769,Total GHG,Europe,367618.0,6.519305672401514e-06
MLT,Malta,1993,3.0471381301188,Total GHG,Europe,371308.0,8.206497382547105e-06
MLT,Malta,1994,2.7540119981765,Total GHG,Europe,374797.0,7.348009717731198e-06
MLT,Malta,1995,2.6258687656665,Total GHG,Europe,377419.0,6.957436604056765e-06
MLT,Malta,1996,2.576499172272,Total GHG,Europe,379905.0,6.7819564687803525e-06
MLT,Malta,1997,2.733920331012,Total GHG,Europe,382791.0,7.14207055811657e-06
MLT,Malta,1998,2.6425155250438,Total GHG,Europe,385287.0,6.858563940760524e-06
MLT,Malta,1999,2.6887762711733,Total GHG,Europe,387578.0,6.9373810463269335e-06
MLT,Malta,2000,2.4148256344555,Total GHG,Europe,390087.0,6.190479648015699e-06
MLT,Malta,2001,2.7904627558409,Total GHG,Europe,393028.0,7.099908291116409e-06
MLT,Malta,2002,2.6175967023563,Total GHG,Europe,395969.0,6.610610179979493e-06
MLT,Malta,2003,2.9212071904501,Total GHG,Europe,398582.0,7.328999278567773e-06
MLT,Malta,2004,2.9196134773321,Total GHG,Europe,401268.0,7.275968872005991e-06
MLT,Malta,2005,2.9763051124276,Total GHG,Europe,403834.0,7.37012017915183e-06
MLT,Malta,2006,3.0354640900742,Total GHG,Europe,405308.0,7.489277512593386e-06
MLT,Malta,2007,3.1131920105243,Total GHG,Europe,406724.0,7.654311057435263e-06
MLT,Malta,2008,3.1332168801092,Total GHG,Europe,409379.0,7.653584771346845e-06
MLT,Malta,2009,2.8991701217729,Total GHG,Europe,412477.0,7.0286831066287336e-06
MLT,Malta,2010,2.9494107058732,Total GHG,Europe,414508.0,7.115449414421918e-06
MLT,Malta,2011,2.9387386924983,Total GHG,Europe,416268.0,7.0597276093725675e-06
MLT,Malta,2012,3.1178489586772,Total GHG,Europe,420028.0,7.422955037943184e-06
MLT,Malta,2013,2.7829828564112,Total GHG,Europe,424810.0,6.551123693913043e-06
MLT,Malta,2014,2.7878535893005,Total GHG,Europe,433481.0,6.431316688160496e-06
MLT,Malta,2015,2.1101982282822,Total GHG,Europe,444220.0,4.750344937828553e-06
MLT,Malta,2016,1.8277760238409,Total GHG,Europe,454505.0,4.021465162849473e-06
MLT,Malta,2017,2.0164201444754,Total GHG,Europe,467106.0,4.316836316543569e-06
MLT,Malta,2018,2.0117976081872,Total GHG,Europe,483903.0,4.157439834403176e-06
MLT,Malta,2019,2.115264314344,Total GHG,Europe,503912.0,4.197685933940847e-06
MLT,Malta,2020,2.0609384192046,Total GHG,Europe,515490.0,3.998018233534308e-06
MLT,Malta,2021,2.0681506815694,Total GHG,Europe,518150.0,3.9914130687434145e-06
MLT,Malta,2022,2.2350046533096,Total GHG,Europe,531113.0,4.208152791043714e-06
MLT,Malta,2023,2.2252218687961,Total GHG,Europe,552747.0,4.0257511461773646e-06
MLT,Malta,2024,2.2436192275264,Total GHG,Europe,574346.0,3.906389576189962e-06
MMR,Myanmar/Burma,1970,50.250306932848,Total GHG,Asia,27193016.0,1.847912233525255e-06
MMR,Myanmar/Burma,1971,50.62643440706,Total GHG,Asia,27807219.0,1.8206219905363425e-06
MMR,Myanmar/Burma,1972,49.264331767227,Total GHG,Asia,28428324.0,1.7329312754148645e-06
MMR,Myanmar/Burma,1973,51.470640431485,Total GHG,Asia,29026388.0,1.7732361474491762e-06
MMR,Myanmar/Burma,1974,52.150158931905,Total GHG,Asia,29598167.0,1.7619388028963076e-06
MMR,Myanmar/Burma,1975,53.649161424503,Total GHG,Asia,30176565.0,1.777841892359286e-06
MMR,Myanmar/Burma,1976,54.167348467854,Total GHG,Asia,30758811.0,1.7610351865634208e-06
MMR,Myanmar/Burma,1977,55.035571405096,Total GHG,Asia,31355966.0,1.7551866016532866e-06
MMR,Myanmar/Burma,1978,57.542336354713,Total GHG,Asia,31972976.0,1.7997178728283848e-06
MMR,Myanmar/Burma,1979,56.824242763573,Total GHG,Asia,32596550.0,1.743259417440588e-06
MMR,Myanmar/Burma,1980,61.520418605136,Total GHG,Asia,33227204.0,1.851507535967697e-06
MMR,Myanmar/Burma,1981,63.250651754621,Total GHG,Asia,33858783.0,1.8680722149588485e-06
MMR,Myanmar/Burma,1982,64.013569838738,Total GHG,Asia,34482965.0,1.8563824148746488e-06
MMR,Myanmar/Burma,1983,64.922060187244,Total GHG,Asia,35162715.0,1.8463324059943607e-06
MMR,Myanmar/Burma,1984,65.741560435551,Total GHG,Asia,35899313.0,1.8312762819597967e-06
MMR,Myanmar/Burma,1985,67.257806604795,Total GHG,Asia,36622827.0,1.8364995854851673e-06
MMR,Myanmar/Burma,1986,67.337707754943,Total GHG,Asia,37314878.0,1.80458067570107e-06
MMR,Myanmar/Burma,1987,64.756898885477,Total GHG,Asia,37971594.0,1.705403752222701e-06
MMR,Myanmar/Burma,1988,64.607295407756,Total GHG,Asia,38600927.0,1.6737239343437528e-06
MMR,Myanmar/Burma,1989,63.650459922662,Total GHG,Asia,39214618.0,1.6231309437379193e-06
MMR,Myanmar/Burma,1990,63.223318992599,Total GHG,Asia,39817251.0,1.5878373670899329e-06
MMR,Myanmar/Burma,1991,61.995226331859,Total GHG,Asia,40394154.0,1.5347573891969369e-06
MMR,Myanmar/Burma,1992,66.050710291982,Total GHG,Asia,40950342.0,1.612946487528285e-06
MMR,Myanmar/Burma,1993,69.21542266106,Total GHG,Asia,41502429.0,1.6677438966538562e-06
MMR,Myanmar/Burma,1994,72.746490038707,Total GHG,Asia,42055143.0,1.7297881982878287e-06
MMR,Myanmar/Burma,1995,75.790909229097,Total GHG,Asia,42605338.0,1.7789064184656157e-06
MMR,Myanmar/Burma,1996,75.709239422173,Total GHG,Asia,43154860.0,1.754361836005794e-06
MMR,Myanmar/Burma,1997,74.180503376751,Total GHG,Asia,43708798.0,1.6971526733988659e-06
MMR,Myanmar/Burma,1998,76.025939724762,Total GHG,Asia,44257793.0,1.7177978062476364e-06
MMR,Myanmar/Burma,1999,82.400013864384,Total GHG,Asia,44787724.0,1.8397901591155647e-06
MMR,Myanmar/Burma,2000,85.459486766142,Total GHG,Asia,45290841.0,1.8869043912463892e-06
MMR,Myanmar/Burma,2001,86.151824814268,Total GHG,Asia,45771139.0,1.8822303026863281e-06
MMR,Myanmar/Burma,2002,88.046689158002,Total GHG,Asia,46232653.0,1.904426491769832e-06
MMR,Myanmar/Burma,2003,94.165650932498,Total GHG,Asia,46667192.0,2.0178126623195584e-06
MMR,Myanmar/Burma,2004,97.571400693346,Total GHG,Asia,47068772.0,2.0729540318864917e-06
MMR,Myanmar/Burma,2005,103.18576995519,Total GHG,Asia,47438365.0,2.17515443365702e-06
MMR,Myanmar/Burma,2006,107.94089025157,Total GHG,Asia,47785135.0,2.258880094229513e-06
MMR,Myanmar/Burma,2007,110.21679270122,Total GHG,Asia,48125043.0,2.2902170227924783e-06
MMR,Myanmar/Burma,2008,108.91422601404,Total GHG,Asia,48390793.0,2.2507220746318414e-06
MMR,Myanmar/Burma,2009,109.62834517903,Total GHG,Asia,48660459.0,2.252924601040652e-06
MMR,Myanmar/Burma,2010,111.66662050712,Total GHG,Asia,49024382.0,2.2777772192440896e-06
MMR,Myanmar/Burma,2011,109.51384109396,Total GHG,Asia,49419820.0,2.2159902867707735e-06
MMR,Myanmar/Burma,2012,111.46831705552,Total GHG,Asia,49837446.0,2.236637829625539e-06
MMR,Myanmar/Burma,2013,114.8254776838,Total GHG,Asia,50262658.0,2.2845086641418763e-06
MMR,Myanmar/Burma,2014,120.41976182367,Total GHG,Asia,50681634.0,2.376003935146803e-06
MMR,Myanmar/Burma,2015,124.25289680148,Total GHG,Asia,51089056.0,2.4320844135675554e-06
MMR,Myanmar/Burma,2016,129.54420997296,Total GHG,Asia,51495696.0,2.515631791304656e-06
MMR,Myanmar/Burma,2017,145.48560286643,Total GHG,Asia,51894938.0,2.8034642389673925e-06
MMR,Myanmar/Burma,2018,121.77577950781,Total GHG,Asia,52272247.0,2.3296450123487136e-06
MMR,Myanmar/Burma,2019,121.64549476899,Total GHG,Asia,52640713.0,2.3108633572077566e-06
MMR,Myanmar/Burma,2020,123.03465516656,Total GHG,Asia,53016522.0,2.3206851472935173e-06
MMR,Myanmar/Burma,2021,121.28195558466,Total GHG,Asia,53387102.0,2.271746377704862e-06
MMR,Myanmar/Burma,2022,121.08004114984,Total GHG,Asia,53756787.0,2.2523675224458633e-06
MMR,Myanmar/Burma,2023,118.2384652044,Total GHG,Asia,54133798.0,2.184189352544597e-06
MMR,Myanmar/Burma,2024,117.78753637361,Total GHG,Asia,54500091.0,2.1612355908471785e-06
MNG,Mongolia,1970,19.948293946194,Total GHG,Asia,1295272.0,1.5400853215536195e-05
MNG,Mongolia,1971,20.328072308419,Total GHG,Asia,1330071.0,1.5283449010179907e-05
MNG,Mongolia,1972,19.959828629571,Total GHG,Asia,1366821.0,1.4603103573599615e-05
MNG,Mongolia,1973,20.475376010404,Total GHG,Asia,1405502.0,1.4568016274899643e-05
MNG,Mongolia,1974,21.229019997909,Total GHG,Asia,1446050.0,1.4680695686808201e-05
MNG,Mongolia,1975,21.894936863763,Total GHG,Asia,1488296.0,1.4711412826321512e-05
MNG,Mongolia,1976,22.228204435901,Total GHG,Asia,1531945.0,1.4509792737925316e-05
MNG,Mongolia,1977,23.010254603087,Total GHG,Asia,1576245.0,1.4598145975458763e-05
MNG,Mongolia,1978,23.415964573116,Total GHG,Asia,1619468.0,1.4459047398970526e-05
MNG,Mongolia,1979,24.278623445933,Total GHG,Asia,1660659.0,1.4619872861275554e-05
MNG,Mongolia,1980,25.118617069081,Total GHG,Asia,1701335.0,1.476406296765834e-05
MNG,Mongolia,1981,24.24241153677,Total GHG,Asia,1742857.0,1.3909581530079633e-05
MNG,Mongolia,1982,25.171869721366,Total GHG,Asia,1785364.0,1.4099012706297428e-05
MNG,Mongolia,1983,25.607907129377,Total GHG,Asia,1829092.0,1.4000338490014172e-05
MNG,Mongolia,1984,25.988146748049,Total GHG,Asia,1874349.0,1.3865158915468252e-05
MNG,Mongolia,1985,27.599671524236,Total GHG,Asia,1921514.0,1.4363502698515858e-05
MNG,Mongolia,1986,28.840789075049,Total GHG,Asia,1970965.0,1.463282659765597e-05
MNG,Mongolia,1987,29.902143979635,Total GHG,Asia,2022800.0,1.4782550909449773e-05
MNG,Mongolia,1988,30.908664048977,Total GHG,Asia,2076322.0,1.488625755011843e-05
MNG,Mongolia,1989,30.275917416506,Total GHG,Asia,2124185.0,1.4252956977149355e-05
MNG,Mongolia,1990,29.930064504497,Total GHG,Asia,2098710.0,1.42611721031e-05
MNG,Mongolia,1991,32.893790979504,Total GHG,Asia,2165342.0,1.5191037249313964e-05
MNG,Mongolia,1992,30.617593351649,Total GHG,Asia,2167790.0,1.412387424595971e-05
MNG,Mongolia,1993,29.313721749729,Total GHG,Asia,2165130.0,1.3539012322460545e-05
MNG,Mongolia,1994,27.335052797886,Total GHG,Asia,2189395.0,1.2485208378518267e-05
MNG,Mongolia,1995,28.174333340146,Total GHG,Asia,2224945.0,1.266293474227273e-05
MNG,Mongolia,1996,26.887136762677,Total GHG,Asia,2259507.0,1.1899558958072269e-05
MNG,Mongolia,1997,27.172321369517,Total GHG,Asia,2291750.0,1.1856581812814225e-05
MNG,Mongolia,1998,27.90695770384,Total GHG,Asia,2323809.0,1.2009144341828437e-05
MNG,Mongolia,1999,28.592589203412,Total GHG,Asia,2356813.0,1.2131887087949702e-05
MNG,Mongolia,2000,29.330863343342,Total GHG,Asia,2388299.0,1.2281068385215586e-05
MNG,Mongolia,2001,27.10868137597,Total GHG,Asia,2417751.0,1.1212354529465607e-05
MNG,Mongolia,2002,25.008500182208,Total GHG,Asia,2449027.0,1.0211606561384583e-05
MNG,Mongolia,2003,24.350218431622,Total GHG,Asia,2480374.0,9.817155973906355e-06
MNG,Mongolia,2004,24.296309757095,Total GHG,Asia,2508412.0,9.685932676567884e-06
MNG,Mongolia,2005,28.85696439951,Total GHG,Asia,2536407.0,1.1377103280155749e-05
MNG,Mongolia,2006,32.180771060858,Total GHG,Asia,2567168.0,1.2535514255731607e-05
MNG,Mongolia,2007,34.933765396604,Total GHG,Asia,2601850.0,1.3426510135712667e-05
MNG,Mongolia,2008,35.924265472062,Total GHG,Asia,2643201.0,1.3591196988826048e-05
MNG,Mongolia,2009,39.354507322931,Total GHG,Asia,2691115.0,1.4623866807227116e-05
MNG,Mongolia,2010,42.455139014447,Total GHG,Asia,2738622.0,1.5502372731412732e-05
MNG,Mongolia,2011,48.045022397953,Total GHG,Asia,2786317.0,1.724320039606154e-05
MNG,Mongolia,2012,49.286373245692,Total GHG,Asia,2839705.0,1.7356159617175727e-05
MNG,Mongolia,2013,51.762730491943,Total GHG,Asia,2899011.0,1.7855306686295088e-05
MNG,Mongolia,2014,54.986637809779,Total GHG,Asia,2963113.0,1.855705057815176e-05
MNG,Mongolia,2015,52.933945092056,Total GHG,Asia,3026864.0,1.748804871710655e-05
MNG,Mongolia,2016,60.763767956357,Total GHG,Asia,3088856.0,1.9671932895660077e-05
MNG,Mongolia,2017,67.847440133294,Total GHG,Asia,3148917.0,2.1546277699060978e-05
MNG,Mongolia,2018,71.03010589634,Total GHG,Asia,3208189.0,2.214024980957793e-05
MNG,Mongolia,2019,76.096391113302,Total GHG,Asia,3267673.0,2.3287639587346104e-05
MNG,Mongolia,2020,69.780873248003,Total GHG,Asia,3327204.0,2.097282680833607e-05
MNG,Mongolia,2021,70.927696371914,Total GHG,Asia,3383741.0,2.096132545957684e-05
MNG,Mongolia,2022,74.708258458351,Total GHG,Asia,3433748.0,2.1757059183827993e-05
MNG,Mongolia,2023,93.715828388073,Total GHG,Asia,3481145.0,2.6920978123023606e-05
MNG,Mongolia,2024,104.35496596142,Total GHG,Asia,3524788.0,2.960602622382396e-05
MOZ,Mozambique,1970,9.2480078742225,Total GHG,Africa,8250506.0,1.1209019027708725e-06
MOZ,Mozambique,1971,9.3889257972842,Total GHG,Africa,8456317.0,1.110285458466635e-06
MOZ,Mozambique,1972,8.9933629244621,Total GHG,Africa,8692935.0,1.0345600104524075e-06
MOZ,Mozambique,1973,9.3222008257607,Total GHG,Africa,8954242.0,1.0410932411432144e-06
MOZ,Mozambique,1974,9.2062075928321,Total GHG,Africa,9236093.0,9.967642803977937e-07
MOZ,Mozambique,1975,8.840504968468,Total GHG,Africa,9540817.0,9.265983163148397e-07
MOZ,Mozambique,1976,8.670131706163,Total GHG,Africa,9867209.0,8.786812670293089e-07
MOZ,Mozambique,1977,8.5264102511297,Total GHG,Africa,10224975.0,8.338807919950611e-07
MOZ,Mozambique,1978,8.1594759273501,Total GHG,Africa,10618250.0,7.684388602029619e-07
MOZ,Mozambique,1979,8.0950629740637,Total GHG,Africa,11028809.0,7.33992489493988e-07
MOZ,Mozambique,1980,8.5696928017883,Total GHG,Africa,11336221.0,7.559567515301881e-07
MOZ,Mozambique,1981,8.3441095059164,Total GHG,Africa,11568127.0,7.213016857367144e-07
MOZ,Mozambique,1982,9.78806326013,Total GHG,Africa,11824370.0,8.277872952326425e-07
MOZ,Mozambique,1983,9.6273630237536,Total GHG,Africa,12073822.0,7.97374934279601e-07
MOZ,Mozambique,1984,8.6891207911248,Total GHG,Africa,12315954.0,7.055174768535836e-07
MOZ,Mozambique,1985,9.1854072244255,Total GHG,Africa,12548949.0,7.319662566502979e-07
MOZ,Mozambique,1986,9.0003155856698,Total GHG,Africa,12770578.0,7.047696342068307e-07
MOZ,Mozambique,1987,8.5702401062169,Total GHG,Africa,12822574.0,6.683712728986318e-07
MOZ,Mozambique,1988,8.312475504326,Total GHG,Africa,12800558.0,6.493838396987069e-07
MOZ,Mozambique,1989,8.6903790337527,Total GHG,Africa,12906842.0,6.733156750313283e-07
MOZ,Mozambique,1990,8.6139110741428,Total GHG,Africa,13094537.0,6.578247916778425e-07
MOZ,Mozambique,1991,8.292298208518,Total GHG,Africa,13352090.0,6.210487053725672e-07
MOZ,Mozambique,1992,8.6087746552591,Total GHG,Africa,13613316.0,6.323789630137948e-07
MOZ,Mozambique,1993,8.7832682465937,Total GHG,Africa,14051192.0,6.250906148456088e-07
MOZ,Mozambique,1994,9.1184343717259,Total GHG,Africa,15033853.0,6.065267747214171e-07
MOZ,Mozambique,1995,9.3653475855898,Total GHG,Africa,15960530.0,5.867817413074504e-07
MOZ,Mozambique,1996,9.5451456777996,Total GHG,Africa,16492480.0,5.787574505350074e-07
MOZ,Mozambique,1997,8.2167926579744,Total GHG,Africa,16949982.0,4.84767043290925e-07
MOZ,Mozambique,1998,10.207449600961,Total GHG,Africa,17340464.0,5.886491619232911e-07
MOZ,Mozambique,1999,9.7431129844473,Total GHG,Africa,17734506.0,5.493873347499671e-07
MOZ,Mozambique,2000,10.498846397729,Total GHG,Africa,18129653.0,5.790980333561266e-07
MOZ,Mozambique,2001,11.225908825276,Total GHG,Africa,18537729.0,6.05570877925554e-07
MOZ,Mozambique,2002,11.704202634788,Total GHG,Africa,18958338.0,6.173643826156069e-07
MOZ,Mozambique,2003,12.919867671269,Total GHG,Africa,19392475.0,6.662309824439119e-07
MOZ,Mozambique,2004,13.587171317437,Total GHG,Africa,19840313.0,6.848264600178939e-07
MOZ,Mozambique,2005,14.041559103838,Total GHG,Africa,20304569.0,6.915467697855591e-07
MOZ,Mozambique,2006,13.77135690396,Total GHG,Africa,20787087.0,6.624957553677434e-07
MOZ,Mozambique,2007,14.398200604555,Total GHG,Africa,21287635.0,6.763645000750436e-07
MOZ,Mozambique,2008,14.125256320641,Total GHG,Africa,21819036.0,6.473822363481595e-07
MOZ,Mozambique,2009,13.731490212894,Total GHG,Africa,22391745.0,6.132389509122224e-07
MOZ,Mozambique,2010,14.312256661537,Total GHG,Africa,22999235.0,6.222927267596945e-07
MOZ,Mozambique,2011,19.12121711126,Total GHG,Africa,23649039.0,8.085409775534641e-07
MOZ,Mozambique,2012,21.971988912126,Total GHG,Africa,24337846.0,9.027910239930847e-07
MOZ,Mozambique,2013,23.306219896009,Total GHG,Africa,25051611.0,9.303281891136263e-07
MOZ,Mozambique,2014,24.747085730973,Total GHG,Africa,25788475.0,9.596180360014697e-07
MOZ,Mozambique,2015,24.550514336702,Total GHG,Africa,26547572.0,9.247743762292838e-07
MOZ,Mozambique,2016,27.006168245313,Total GHG,Africa,27337105.0,9.878942282042302e-07
MOZ,Mozambique,2017,29.485249396125,Total GHG,Africa,28166393.0,1.0468237589429716e-06
MOZ,Mozambique,2018,32.512103005215,Total GHG,Africa,29018644.0,1.120386707429024e-06
MOZ,Mozambique,2019,30.174079196648,Total GHG,Africa,29884380.0,1.0096940005664498e-06
MOZ,Mozambique,2020,27.927326720866,Total GHG,Africa,30783688.0,9.07211855865548e-07
MOZ,Mozambique,2021,31.13711742453,Total GHG,Africa,31707800.0,9.820018236689394e-07
MOZ,Mozambique,2022,35.683638471421,Total GHG,Africa,32656246.0,1.0927048525853522e-06
MOZ,Mozambique,2023,34.318018293186,Total GHG,Africa,33635160.0,1.0203019189796035e-06
MOZ,Mozambique,2024,33.625590000769,Total GHG,Africa,34631766.0,9.70946442661024e-07
MRT,Mauritania,1970,5.6456595444317,Total GHG,Africa,1099806.0,5.133323099193585e-06
MRT,Mauritania,1971,5.5001769473883,Total GHG,Africa,1133702.0,4.8515191358825335e-06
MRT,Mauritania,1972,5.0609888655266,Total GHG,Africa,1168355.0,4.331721835851775e-06
MRT,Mauritania,1973,4.9621011702462,Total GHG,Africa,1203838.0,4.121901094870074e-06
MRT,Mauritania,1974,4.3132731770349,Total GHG,Africa,1240188.0,3.477918813143572e-06
MRT,Mauritania,1975,4.4389023749405,Total GHG,Africa,1277330.0,3.47514140820344e-06
MRT,Mauritania,1976,4.6628357911597,Total GHG,Africa,1315336.0,3.544976942134709e-06
MRT,Mauritania,1977,4.8523345974859,Total GHG,Africa,1353768.0,3.5843176951190306e-06
MRT,Mauritania,1978,4.946006998239,Total GHG,Africa,1392713.0,3.5513469022253687e-06
MRT,Mauritania,1979,5.1157929405889,Total GHG,Africa,1432758.0,3.5705910841809292e-06
MRT,Mauritania,1980,5.2274756822211,Total GHG,Africa,1474043.0,3.5463522313942672e-06
MRT,Mauritania,1981,5.5151997183988,Total GHG,Africa,1516877.0,3.635891188539875e-06
MRT,Mauritania,1982,5.637614501909,Total GHG,Africa,1561176.0,3.6111332110594832e-06
MRT,Mauritania,1983,5.1665261635519,Total GHG,Africa,1606746.0,3.2155214100747103e-06
MRT,Mauritania,1984,5.1299873469187,Total GHG,Africa,1653693.0,3.1021400870165745e-06
MRT,Mauritania,1985,5.4022366699779,Total GHG,Africa,1702107.0,3.173852566247539e-06
MRT,Mauritania,1986,5.2953471273736,Total GHG,Africa,1751835.0,3.022743082181598e-06
MRT,Mauritania,1987,5.7533458332656,Total GHG,Africa,1803014.0,3.190960155198795e-06
MRT,Mauritania,1988,6.1010709479921,Total GHG,Africa,1855859.0,3.2874646985531226e-06
MRT,Mauritania,1989,6.394912222889,Total GHG,Africa,1903048.0,3.3603525622522398e-06
MRT,Mauritania,1990,6.6641282195679,Total GHG,Africa,1951878.0,3.414213500827357e-06
MRT,Mauritania,1991,7.0437052093941,Total GHG,Africa,2009738.0,3.504787792933258e-06
MRT,Mauritania,1992,8.2700069378186,Total GHG,Africa,2088135.0,3.960475226850084e-06
MRT,Mauritania,1993,8.3928039775929,Total GHG,Africa,2174328.0,3.859953041856104e-06
MRT,Mauritania,1994,8.3635184098125,Total GHG,Africa,2249454.0,3.7180215331420422e-06
MRT,Mauritania,1995,8.5147802779794,Total GHG,Africa,2312017.0,3.682836362353477e-06
MRT,Mauritania,1996,8.8668613089328,Total GHG,Africa,2358188.0,3.7600315619165223e-06
MRT,Mauritania,1997,9.2697342266281,Total GHG,Africa,2411306.0,3.84427950107871e-06
MRT,Mauritania,1998,9.6602072284513,Total GHG,Africa,2474651.0,3.903664487821232e-06
MRT,Mauritania,1999,10.375565425077,Total GHG,Africa,2541698.0,4.08213935136157e-06
MRT,Mauritania,2000,9.1782536720339,Total GHG,Africa,2613441.0,3.511942175864655e-06
MRT,Mauritania,2001,9.5558524989457,Total GHG,Africa,2678760.0,3.5672671306670627e-06
MRT,Mauritania,2002,9.974247088854,Total GHG,Africa,2738655.0,3.6420239456426604e-06
MRT,Mauritania,2003,10.250642357247,Total GHG,Africa,2802046.0,3.6582705484660135e-06
MRT,Mauritania,2004,10.24265440325,Total GHG,Africa,2868664.0,3.570531231001609e-06
MRT,Mauritania,2005,10.481967400359,Total GHG,Africa,2939059.0,3.566436536442106e-06
MRT,Mauritania,2006,11.134011833012,Total GHG,Africa,3013660.0,3.6945149197361347e-06
MRT,Mauritania,2007,10.898617052901,Total GHG,Africa,3093059.0,3.523572312361646e-06
MRT,Mauritania,2008,10.692834867688,Total GHG,Africa,3183269.0,3.3590736025412866e-06
MRT,Mauritania,2009,11.232199020983,Total GHG,Africa,3284448.0,3.4198133205284417e-06
MRT,Mauritania,2010,11.497372879859,Total GHG,Africa,3390965.0,3.3905902537652264e-06
MRT,Mauritania,2011,11.906861478188,Total GHG,Africa,3502811.0,3.39923035476022e-06
MRT,Mauritania,2012,12.45728692823,Total GHG,Africa,3619034.0,3.442158025658228e-06
MRT,Mauritania,2013,12.52882453271,Total GHG,Africa,3734318.0,3.3550502481872195e-06
MRT,Mauritania,2014,13.265803625741,Total GHG,Africa,3848514.0,3.446993729460514e-06
MRT,Mauritania,2015,13.650670581183,Total GHG,Africa,3965959.0,3.441959581826993e-06
MRT,Mauritania,2016,13.559454413374,Total GHG,Africa,4086657.0,3.3179820115497827e-06
MRT,Mauritania,2017,14.871705843763,Total GHG,Africa,4210600.0,3.5319683284479645e-06
MRT,Mauritania,2018,15.682261972422,Total GHG,Africa,4337685.0,3.6153528834901564e-06
MRT,Mauritania,2019,16.133040646657,Total GHG,Africa,4467708.0,3.611032915906098e-06
MRT,Mauritania,2020,16.483010217806,Total GHG,Africa,4600131.0,3.583161048632311e-06
MRT,Mauritania,2021,16.364303111775,Total GHG,Africa,4734874.0,3.4561221928556073e-06
MRT,Mauritania,2022,17.117996969148,Total GHG,Africa,4875637.0,3.510925232774302e-06
MRT,Mauritania,2023,17.182684451797,Total GHG,Africa,5022441.0,3.4211819415692493e-06
MRT,Mauritania,2024,17.508620664645,Total GHG,Africa,5169395.0,3.386976747693879e-06
MTQ,Martinique,1970,0.36314400466301,Total GHG,North America,,
MTQ,Martinique,1971,0.37286210669175,Total GHG,North America,,
MTQ,Martinique,1972,0.41726223986262,Total GHG,North America,,
MTQ,Martinique,1973,0.42297144490483,Total GHG,North America,,
MTQ,Martinique,1974,0.40065831616765,Total GHG,North America,,
MTQ,Martinique,1975,0.44134604552647,Total GHG,North America,,
MTQ,Martinique,1976,0.42568811251397,Total GHG,North America,,
MTQ,Martinique,1977,0.45167513950397,Total GHG,North America,,
MTQ,Martinique,1978,0.45468279663904,Total GHG,North America,,
MTQ,Martinique,1979,0.45618085760251,Total GHG,North America,,
MTQ,Martinique,1980,0.47060777312404,Total GHG,North America,,
MTQ,Martinique,1981,0.48055989079247,Total GHG,North America,,
MTQ,Martinique,1982,0.47368935205602,Total GHG,North America,,
MTQ,Martinique,1983,0.45500783052474,Total GHG,North America,,
MTQ,Martinique,1984,0.44874660746723,Total GHG,North America,,
MTQ,Martinique,1985,0.4976173153752,Total GHG,North America,,
MTQ,Martinique,1986,0.51857357868935,Total GHG,North America,,
MTQ,Martinique,1987,0.56858690552486,Total GHG,North America,,
MTQ,Martinique,1988,0.6701368700026,Total GHG,North America,,
MTQ,Martinique,1989,0.84022519916327,Total GHG,North America,,
MTQ,Martinique,1990,0.89900145544744,Total GHG,North America,,
MTQ,Martinique,1991,0.80370974670515,Total GHG,North America,,
MTQ,Martinique,1992,0.83640335559166,Total GHG,North America,,
MTQ,Martinique,1993,0.99241854766132,Total GHG,North America,,
MTQ,Martinique,1994,0.99792827399839,Total GHG,North America,,
MTQ,Martinique,1995,0.99138829428198,Total GHG,North America,,
MTQ,Martinique,1996,0.97988043153012,Total GHG,North America,,
MTQ,Martinique,1997,1.003051538981,Total GHG,North America,,
MTQ,Martinique,1998,1.0149726343456,Total GHG,North America,,
MTQ,Martinique,1999,1.0236194531254,Total GHG,North America,,
MTQ,Martinique,2000,0.82967234991559,Total GHG,North America,,
MTQ,Martinique,2001,0.83385388952021,Total GHG,North America,,
MTQ,Martinique,2002,0.86486602227522,Total GHG,North America,,
MTQ,Martinique,2003,0.87404393739292,Total GHG,North America,,
MTQ,Martinique,2004,0.86534695527492,Total GHG,North America,,
MTQ,Martinique,2005,0.85660081555677,Total GHG,North America,,
MTQ,Martinique,2006,0.92630511874099,Total GHG,North America,,
MTQ,Martinique,2007,0.97111105705642,Total GHG,North America,,
MTQ,Martinique,2008,0.98713986045087,Total GHG,North America,,
MTQ,Martinique,2009,1.0657498987901,Total GHG,North America,,
MTQ,Martinique,2010,1.1336514795113,Total GHG,North America,,
MTQ,Martinique,2011,1.1722900858087,Total GHG,North America,,
MTQ,Martinique,2012,1.1710058833282,Total GHG,North America,,
MTQ,Martinique,2013,1.1691743355894,Total GHG,North America,,
MTQ,Martinique,2014,1.170572882317,Total GHG,North America,,
MTQ,Martinique,2015,1.1702154708588,Total GHG,North America,,
MTQ,Martinique,2016,1.171308673843,Total GHG,North America,,
MTQ,Martinique,2017,1.1720207766675,Total GHG,North America,,
MTQ,Martinique,2018,1.1675335846426,Total GHG,North America,,
MTQ,Martinique,2019,1.1645337493399,Total GHG,North America,,
MTQ,Martinique,2020,1.163571978677,Total GHG,North America,,
MTQ,Martinique,2021,1.1651283862552,Total GHG,North America,,
MTQ,Martinique,2022,1.1641876110119,Total GHG,North America,,
MTQ,Martinique,2023,1.1656836783335,Total GHG,North America,,
MTQ,Martinique,2024,1.2018075056671,Total GHG,North America,,
MUS,Mauritius,1970,0.82272670855445,Total GHG,Africa,826000.0,9.96037177426695e-07
MUS,Mauritius,1971,0.86165267489746,Total GHG,Africa,839230.0,1.0267181522317601e-06
MUS,Mauritius,1972,0.90350981194899,Total GHG,Africa,852053.0,1.060391562436832e-06
MUS,Mauritius,1973,0.94543477178224,Total GHG,Africa,864819.0,1.0932169295335093e-06
MUS,Mauritius,1974,0.99944427290338,Total GHG,Africa,878042.0,1.1382647674067755e-06
MUS,Mauritius,1975,1.0100270312345,Total GHG,Africa,892000.0,1.1323172995902468e-06
MUS,Mauritius,1976,1.0764222789486,Total GHG,Africa,906507.0,1.1874395663228193e-06
MUS,Mauritius,1977,1.1832967563754,Total GHG,Africa,921379.0,1.2842671217548912e-06
MUS,Mauritius,1978,1.1947513679096,Total GHG,Africa,933499.0,1.2798635755470547e-06
MUS,Mauritius,1979,1.2046157171768,Total GHG,Africa,949888.0,1.2681660544998988e-06
MUS,Mauritius,1980,1.1611060659815,Total GHG,Africa,966039.0,1.2019246282826056e-06
MUS,Mauritius,1981,1.1815121062425,Total GHG,Africa,980462.0,1.2050565001422798e-06
MUS,Mauritius,1982,1.1459650385918,Total GHG,Africa,992521.0,1.1546002941920625e-06
MUS,Mauritius,1983,1.2198969254604,Total GHG,Africa,1001691.0,1.2178375621428164e-06
MUS,Mauritius,1984,1.2714437121709,Total GHG,Africa,1012221.0,1.2560929996225131e-06
MUS,Mauritius,1985,1.2447902141127,Total GHG,Africa,1020528.0,1.2197511622539509e-06
MUS,Mauritius,1986,1.4071626639441,Total GHG,Africa,1028360.0,1.3683560853631996e-06
MUS,Mauritius,1987,1.4740862790035,Total GHG,Africa,1036082.0,1.4227505921379775e-06
MUS,Mauritius,1988,1.5577032681963,Total GHG,Africa,1043239.0,1.4931413302189622e-06
MUS,Mauritius,1989,1.6853475985233,Total GHG,Africa,1051260.0,1.603169147996975e-06
MUS,Mauritius,1990,1.8439597058923,Total GHG,Africa,1058775.0,1.7415973232200421e-06
MUS,Mauritius,1991,1.9227788339337,Total GHG,Africa,1070266.0,1.7965429472053677e-06
MUS,Mauritius,1992,2.0043439556472,Total GHG,Africa,1084441.0,1.848273862429768e-06
MUS,Mauritius,1993,2.1369692157058,Total GHG,Africa,1097374.0,1.947348138105878e-06
MUS,Mauritius,1994,2.187516233138,Total GHG,Africa,1112846.0,1.9656953730686907e-06
MUS,Mauritius,1995,2.2534191517898,Total GHG,Africa,1122457.0,2.0075772629061067e-06
MUS,Mauritius,1996,2.3400998283606,Total GHG,Africa,1133996.0,2.063587374523896e-06
MUS,Mauritius,1997,2.3570280259313,Total GHG,Africa,1148284.0,2.0526525022827977e-06
MUS,Mauritius,1998,2.5400316214685,Total GHG,Africa,1160421.0,2.188888016908088e-06
MUS,Mauritius,1999,2.9550575866865,Total GHG,Africa,1175267.0,2.5143712762176595e-06
MUS,Mauritius,2000,3.2408530234535,Total GHG,Africa,1186873.0,2.730581135010654e-06
MUS,Mauritius,2001,3.392926695482,Total GHG,Africa,1196287.0,2.836214633680714e-06
MUS,Mauritius,2002,3.3845053816998,Total GHG,Africa,1204621.0,2.8096018429861343e-06
MUS,Mauritius,2003,3.4709365892259,Total GHG,Africa,1213370.0,2.8605755781220074e-06
MUS,Mauritius,2004,3.5212462916595,Total GHG,Africa,1221003.0,2.8838965110319143e-06
MUS,Mauritius,2005,3.6791215477548,Total GHG,Africa,1228254.0,2.9954077477091872e-06
MUS,Mauritius,2006,4.4350200647022,Total GHG,Africa,1233996.0,3.594031151399356e-06
MUS,Mauritius,2007,4.5695757662227,Total GHG,Africa,1239630.0,3.686241673904875e-06
MUS,Mauritius,2008,4.692656073865,Total GHG,Africa,1244121.0,3.771864693116666e-06
MUS,Mauritius,2009,4.6919859645534,Total GHG,Africa,1247429.0,3.761325065036487e-06
MUS,Mauritius,2010,4.9832001462759,Total GHG,Africa,1250400.0,3.9852848258764395e-06
MUS,Mauritius,2011,5.0103532118538,Total GHG,Africa,1252404.0,4.0005886374155625e-06
MUS,Mauritius,2012,5.1219673298939,Total GHG,Africa,1255882.0,4.078382626627263e-06
MUS,Mauritius,2013,5.2705303564682,Total GHG,Africa,1258927.0,4.186525792574311e-06
MUS,Mauritius,2014,5.483514256219,Total GHG,Africa,1261208.0,4.347827048527285e-06
MUS,Mauritius,2015,5.4816426978579,Total GHG,Africa,1262879.0,4.340592169050162e-06
MUS,Mauritius,2016,5.596655703311,Total GHG,Africa,1263747.0,4.4286203672974095e-06
MUS,Mauritius,2017,5.849741904973,Total GHG,Africa,1264887.0,4.624715018000027e-06
MUS,Mauritius,2018,5.8494482456233,Total GHG,Africa,1265577.0,4.6219615603185745e-06
MUS,Mauritius,2019,5.9470195514244,Total GHG,Africa,1265985.0,4.697543455431463e-06
MUS,Mauritius,2020,5.5346822134988,Total GHG,Africa,1266014.0,4.371738553838109e-06
MUS,Mauritius,2021,5.8421026456043,Total GHG,Africa,1266334.0,4.6133979231421575e-06
MUS,Mauritius,2022,5.9813179741754,Total GHG,Africa,1262523.0,4.737591294713364e-06
MUS,Mauritius,2023,6.3230730506631,Total GHG,Africa,1261041.0,5.0141692860605645e-06
MUS,Mauritius,2024,6.4715957970748,Total GHG,Africa,1259509.0,5.138189403231576e-06
MWI,Malawi,1970,2.2956794531736,Total GHG,Africa,4633944.0,4.954050918987368e-07
MWI,Malawi,1971,2.3299018445505,Total GHG,Africa,4751434.0,4.903576151011463e-07
MWI,Malawi,1972,2.4564144085704,Total GHG,Africa,4874475.0,5.039341485124859e-07
MWI,Malawi,1973,2.535513563856,Total GHG,Africa,5003938.0,5.067036329898572e-07
MWI,Malawi,1974,2.6550550235964,Total GHG,Africa,5141337.0,5.164133422097015e-07
MWI,Malawi,1975,2.7663886831549,Total GHG,Africa,5287367.0,5.232072377716356e-07
MWI,Malawi,1976,2.8925157772188,Total GHG,Africa,5443384.0,5.313819082428871e-07
MWI,Malawi,1977,2.9547080113924,Total GHG,Africa,5614983.0,5.262185141775852e-07
MWI,Malawi,1978,3.0228744683307,Total GHG,Africa,5810132.0,5.202763841390695e-07
MWI,Malawi,1979,3.0578025860755,Total GHG,Africa,6028749.0,5.072034987815051e-07
MWI,Malawi,1980,3.1379938559366,Total GHG,Africa,6265529.0,5.008346232116394e-07
MWI,Malawi,1981,3.3199566298199,Total GHG,Africa,6516454.0,5.09472886606719e-07
MWI,Malawi,1982,3.418998410061,Total GHG,Africa,6778879.0,5.043604422001042e-07
MWI,Malawi,1983,3.4555458492153,Total GHG,Africa,7051709.0,4.900295586807822e-07
MWI,Malawi,1984,3.5343847183608,Total GHG,Africa,7332810.0,4.819959494874134e-07
MWI,Malawi,1985,3.7970461863661,Total GHG,Africa,7620508.0,4.98266806670382e-07
MWI,Malawi,1986,3.8570289069242,Total GHG,Africa,7906480.0,4.878313619871548e-07
MWI,Malawi,1987,4.1342174474712,Total GHG,Africa,8293174.0,4.985084658143191e-07
MWI,Malawi,1988,3.77690013941,Total GHG,Africa,8753262.0,4.3148487265775887e-07
MWI,Malawi,1989,3.9080490099967,Total GHG,Africa,9176220.0,4.258887657441408e-07
MWI,Malawi,1990,5.8746780645337,Total GHG,Africa,9545852.0,6.154168391185721e-07
MWI,Malawi,1991,6.1081053679747,Total GHG,Africa,9844227.0,6.204758756553155e-07
MWI,Malawi,1992,6.2923040408985,Total GHG,Africa,10135079.0,6.208441040171961e-07
MWI,Malawi,1993,6.2852412302135,Total GHG,Africa,10284024.0,6.11165554476876e-07
MWI,Malawi,1994,6.2938360202523,Total GHG,Africa,10164894.0,6.191737976069697e-07
MWI,Malawi,1995,6.3743351247278,Total GHG,Africa,10150117.0,6.280060736962736e-07
MWI,Malawi,1996,6.5694130360758,Total GHG,Africa,10352228.0,6.34589291896952e-07
MWI,Malawi,1997,6.74981634785,Total GHG,Africa,10562035.0,6.390640011938988e-07
MWI,Malawi,1998,7.2612823109949,Total GHG,Africa,10792876.0,6.727847434729075e-07
MWI,Malawi,1999,7.5340607831457,Total GHG,Africa,11047804.0,6.819509816743399e-07
MWI,Malawi,2000,8.1414481192581,Total GHG,Africa,11315942.0,7.194671127916793e-07
MWI,Malawi,2001,8.0891623451168,Total GHG,Africa,11593058.0,6.977591542384072e-07
MWI,Malawi,2002,8.0993983955912,Total GHG,Africa,11880440.0,6.817422920019124e-07
MWI,Malawi,2003,8.2992071209355,Total GHG,Africa,12181574.0,6.812918528373674e-07
MWI,Malawi,2004,8.3477030152815,Total GHG,Africa,12500737.0,6.677768690983179e-07
MWI,Malawi,2005,8.9520908863902,Total GHG,Africa,12840031.0,6.97201656786514e-07
MWI,Malawi,2006,9.3984105658371,Total GHG,Africa,13198701.0,7.120708746896456e-07
MWI,Malawi,2007,10.018542884169,Total GHG,Africa,13576343.0,7.379412028827645e-07
MWI,Malawi,2008,10.5723908379,Total GHG,Africa,13976417.0,7.564450057478967e-07
MWI,Malawi,2009,10.728330613495,Total GHG,Africa,14395788.0,7.452409422460931e-07
MWI,Malawi,2010,11.461847050657,Total GHG,Africa,14826463.0,7.730668501757297e-07
MWI,Malawi,2011,13.072353258768,Total GHG,Africa,15265022.0,8.563599357254776e-07
MWI,Malawi,2012,13.387600957144,Total GHG,Africa,15709577.0,8.521935986655783e-07
MWI,Malawi,2013,13.089373994072,Total GHG,Africa,16161816.0,8.098950015315111e-07
MWI,Malawi,2014,13.398859846158,Total GHG,Africa,16621538.0,8.061143226431874e-07
MWI,Malawi,2015,13.730566525461,Total GHG,Africa,17085587.0,8.036344625128186e-07
MWI,Malawi,2016,14.15537088972,Total GHG,Africa,17557739.0,8.062183228558073e-07
MWI,Malawi,2017,15.056151935262,Total GHG,Africa,18039715.0,8.346114079552808e-07
MWI,Malawi,2018,16.204962666266,Total GHG,Africa,18528081.0,8.746163548327535e-07
MWI,Malawi,2019,17.717696994808,Total GHG,Africa,19025752.0,9.312481837673487e-07
MWI,Malawi,2020,17.611194603376,Total GHG,Africa,19533888.0,9.015713924117922e-07
MWI,Malawi,2021,18.677155178261,Total GHG,Africa,20047258.0,9.316563481280582e-07
MWI,Malawi,2022,18.639319780136,Total GHG,Africa,20568728.0,9.061970083972134e-07
MWI,Malawi,2023,18.353836800169,Total GHG,Africa,21104482.0,8.696653535570784e-07
MWI,Malawi,2024,19.023564522485,Total GHG,Africa,21655286.0,8.784720978741633e-07
MYS,Malaysia,1970,36.937939113963,Total GHG,Asia,10178802.0,3.628908305119109e-06
MYS,Malaysia,1971,37.574460345799,Total GHG,Asia,10423453.0,3.604799709443598e-06
MYS,Malaysia,1972,24.902221156979,Total GHG,Asia,10676835.0,2.3323598385644247e-06
MYS,Malaysia,1973,25.468106534585,Total GHG,Asia,10935621.0,2.3289126913400713e-06
MYS,Malaysia,1974,28.347290338941,Total GHG,Asia,11200906.0,2.530803342063669e-06
MYS,Malaysia,1975,30.279754753895,Total GHG,Asia,11471914.0,2.639468422958453e-06
MYS,Malaysia,1976,33.334759480862,Total GHG,Asia,11750097.0,2.8369773867281265e-06
MYS,Malaysia,1977,33.341631051793,Total GHG,Asia,12035713.0,2.7702248343569675e-06
MYS,Malaysia,1978,39.746818722168,Total GHG,Asia,12328157.0,3.2240681816566744e-06
MYS,Malaysia,1979,45.536944731099,Total GHG,Asia,12627862.0,3.6060692404699228e-06
MYS,Malaysia,1980,46.798271389888,Total GHG,Asia,12983363.0,3.604479932501926e-06
MYS,Malaysia,1981,47.304511295384,Total GHG,Asia,13399203.0,3.530397389709224e-06
MYS,Malaysia,1982,50.643761785935,Total GHG,Asia,13832798.0,3.6611365094708243e-06
MYS,Malaysia,1983,56.680851967985,Total GHG,Asia,14285907.0,3.967606114752462e-06
MYS,Malaysia,1984,60.219063625429,Total GHG,Asia,14759009.0,4.080156304900214e-06
MYS,Malaysia,1985,60.058985920307,Total GHG,Asia,15252258.0,3.937711119252441e-06
MYS,Malaysia,1986,62.180299348731,Total GHG,Asia,15760419.0,3.945345574171029e-06
MYS,Malaysia,1987,63.3038438429,Total GHG,Asia,16276737.0,3.88922201316517e-06
MYS,Malaysia,1988,67.320533365402,Total GHG,Asia,16796605.0,4.007984551961661e-06
MYS,Malaysia,1989,77.146785989942,Total GHG,Asia,17314997.0,4.455489422836285e-06
MYS,Malaysia,1990,85.745385385578,Total GHG,Asia,17833171.0,4.8081962195942604e-06
MYS,Malaysia,1991,96.911333077564,Total GHG,Asia,18342464.0,5.2834413673955685e-06
MYS,Malaysia,1992,101.60799370581,Total GHG,Asia,18834572.0,5.394759897161985e-06
MYS,Malaysia,1993,102.47760385315,Total GHG,Asia,19322664.0,5.30349251289315e-06
MYS,Malaysia,1994,111.20595311583,Total GHG,Asia,19820446.0,5.610668554876616e-06
MYS,Malaysia,1995,113.60290432677,Total GHG,Asia,20330599.0,5.587779500582841e-06
MYS,Malaysia,1996,128.27704599203,Total GHG,Asia,20850087.0,6.152350634893274e-06
MYS,Malaysia,1997,141.26783175778,Total GHG,Asia,21375218.0,6.6089539651843545e-06
MYS,Malaysia,1998,136.05342505538,Total GHG,Asia,21906713.0,6.210581434804025e-06
MYS,Malaysia,1999,145.3692718098,Total GHG,Asia,22435531.0,6.4794219405727465e-06
MYS,Malaysia,2000,157.85645058961,Total GHG,Asia,22967816.0,6.872941275287559e-06
MYS,Malaysia,2001,166.0038339886,Total GHG,Asia,23526538.0,7.0560247320961546e-06
MYS,Malaysia,2002,175.18487285115,Total GHG,Asia,24102477.0,7.268334820987486e-06
MYS,Malaysia,2003,188.34160644303,Total GHG,Asia,24679602.0,7.631468548116376e-06
MYS,Malaysia,2004,203.15971335881,Total GHG,Asia,25256772.0,8.04377191823286e-06
MYS,Malaysia,2005,215.21262507506,Total GHG,Asia,25836071.0,8.329928535769235e-06
MYS,Malaysia,2006,223.0274738653,Total GHG,Asia,26417909.0,8.442283371681688e-06
MYS,Malaysia,2007,240.60257439948,Total GHG,Asia,26998389.0,8.91173819295218e-06
MYS,Malaysia,2008,252.88525858933,Total GHG,Asia,27570059.0,9.172459826412776e-06
MYS,Malaysia,2009,235.84262973557,Total GHG,Asia,28124778.0,8.38558191412462e-06
MYS,Malaysia,2010,250.79028038268,Total GHG,Asia,28655776.0,8.75182303151309e-06
MYS,Malaysia,2011,252.9346597146,Total GHG,Asia,29162039.0,8.673421625785495e-06
MYS,Malaysia,2012,254.60507087202,Total GHG,Asia,29662831.0,8.583303153769105e-06
MYS,Malaysia,2013,272.74850340594,Total GHG,Asia,30174265.0,9.039110096167711e-06
MYS,Malaysia,2014,287.41156329143,Total GHG,Asia,30696137.0,9.363118339334686e-06
MYS,Malaysia,2015,290.1480770131,Total GHG,Asia,31232798.0,9.289852193617108e-06
MYS,Malaysia,2016,286.50238933247,Total GHG,Asia,31789685.0,9.012432470861852e-06
MYS,Malaysia,2017,274.64729604627,Total GHG,Asia,32355644.0,8.488389105970816e-06
MYS,Malaysia,2018,291.02157012715,Total GHG,Asia,32910967.0,8.842692775546523e-06
MYS,Malaysia,2019,292.13343000312,Total GHG,Asia,33440596.0,8.735891848432367e-06
MYS,Malaysia,2020,288.85838418062,Total GHG,Asia,33889558.0,8.523521734353101e-06
MYS,Malaysia,2021,293.31161142304,Total GHG,Asia,34282399.0,8.55574930514752e-06
MYS,Malaysia,2022,312.74720043699,Total GHG,Asia,34695493.0,9.014058409171185e-06
MYS,Malaysia,2023,318.37254305185,Total GHG,Asia,35126298.0,9.06365205498883e-06
MYS,Malaysia,2024,332.16682806372,Total GHG,Asia,35557673.0,9.341635715692645e-06
NAM,Namibia,1970,6.4684984235399,Total GHG,Africa,757868.0,8.535125409094856e-06
NAM,Namibia,1971,6.5693238324431,Total GHG,Africa,780584.0,8.415908899545853e-06
NAM,Namibia,1972,6.6693454845428,Total GHG,Africa,804399.0,8.291091217844378e-06
NAM,Namibia,1973,6.7765148574218,Total GHG,Africa,828928.0,8.175034330390336e-06
NAM,Namibia,1974,7.4190305721514,Total GHG,Africa,854320.0,8.684135420160363e-06
NAM,Namibia,1975,5.5584000152685,Total GHG,Africa,881032.0,6.308964958444756e-06
NAM,Namibia,1976,5.5873416952401,Total GHG,Africa,906566.0,6.163193518442231e-06
NAM,Namibia,1977,6.3276656884192,Total GHG,Africa,931104.0,6.79587424006255e-06
NAM,Namibia,1978,6.3830003578942,Total GHG,Africa,947269.0,6.738318637994276e-06
NAM,Namibia,1979,6.8086799441409,Total GHG,Africa,962825.0,7.071565387418171e-06
NAM,Namibia,1980,7.0538655504896,Total GHG,Africa,981434.0,7.187305056162309e-06
NAM,Namibia,1981,5.9871054663658,Total GHG,Africa,992500.0,6.0323480769428715e-06
NAM,Namibia,1982,5.4803298219309,Total GHG,Africa,1010308.0,5.424414952599504e-06
NAM,Namibia,1983,5.4305505394581,Total GHG,Africa,1037511.0,5.234210084961123e-06
NAM,Namibia,1984,5.5049615823538,Total GHG,Africa,1065989.0,5.1641823530578645e-06
NAM,Namibia,1985,5.5759192676214,Total GHG,Africa,1096890.0,5.083389644924651e-06
NAM,Namibia,1986,5.9745455471259,Total GHG,Africa,1131081.0,5.2821553426553e-06
NAM,Namibia,1987,6.3584203059446,Total GHG,Africa,1167889.0,5.444370403304253e-06
NAM,Namibia,1988,6.7469860350147,Total GHG,Africa,1209696.0,5.577422786398153e-06
NAM,Namibia,1989,6.6814941216806,Total GHG,Africa,1288947.0,5.183684140372412e-06
NAM,Namibia,1990,6.595164457822,Total GHG,Africa,1369303.0,4.816439062663267e-06
NAM,Namibia,1991,6.6707551271242,Total GHG,Africa,1415684.0,4.712036815506992e-06
NAM,Namibia,1992,6.6681740663965,Total GHG,Africa,1461322.0,4.563110708246711e-06
NAM,Namibia,1993,6.7411263516937,Total GHG,Africa,1508697.0,4.468177739926374e-06
NAM,Namibia,1994,6.7500168310249,Total GHG,Africa,1556304.0,4.337209716755146e-06
NAM,Namibia,1995,6.8567684182786,Total GHG,Africa,1602170.0,4.279675950915695e-06
NAM,Namibia,1996,7.039597229573,Total GHG,Africa,1646103.0,4.2765229329956875e-06
NAM,Namibia,1997,7.2919336526469,Total GHG,Africa,1689264.0,4.316633547300422e-06
NAM,Namibia,1998,7.6100426381804,Total GHG,Africa,1732745.0,4.391899926521445e-06
NAM,Namibia,1999,7.8195526103468,Total GHG,Africa,1776368.0,4.401989120692784e-06
NAM,Namibia,2000,8.7445550086947,Total GHG,Africa,1818647.0,4.8082750576085955e-06
NAM,Namibia,2001,8.9490963833076,Total GHG,Africa,1857048.0,4.81899034559559e-06
NAM,Namibia,2002,8.454793793411,Total GHG,Africa,1889970.0,4.4735068775753055e-06
NAM,Namibia,2003,8.7157246378395,Total GHG,Africa,1917464.0,4.545443689080733e-06
NAM,Namibia,2004,8.8604322880849,Total GHG,Africa,1942082.0,4.562336857086827e-06
NAM,Namibia,2005,10.640237132248,Total GHG,Africa,1966582.0,5.410522994844863e-06
NAM,Namibia,2006,9.2953094315946,Total GHG,Africa,1991888.0,4.666582373905862e-06
NAM,Namibia,2007,9.2811718727608,Total GHG,Africa,2018600.0,4.597826153156049e-06
NAM,Namibia,2008,10.041850617812,Total GHG,Africa,2047056.0,4.905508504804949e-06
NAM,Namibia,2009,10.18645531357,Total GHG,Africa,2077394.0,4.903477777239176e-06
NAM,Namibia,2010,9.4609966699273,Total GHG,Africa,2109811.0,4.484286350733454e-06
NAM,Namibia,2011,9.8545011640723,Total GHG,Africa,2146325.0,4.59133689635647e-06
NAM,Namibia,2012,11.131055587864,Total GHG,Africa,2194654.0,5.071895427645542e-06
NAM,Namibia,2013,10.225561751897,Total GHG,Africa,2252508.0,4.539633933329871e-06
NAM,Namibia,2014,10.874329471811,Total GHG,Africa,2312139.0,4.703146943938492e-06
NAM,Namibia,2015,11.125505897079,Total GHG,Africa,2374300.0,4.685804614867119e-06
NAM,Namibia,2016,12.351844968202,Total GHG,Africa,2439213.0,5.063864848294101e-06
NAM,Namibia,2017,11.774020323057,Total GHG,Africa,2506853.0,4.696733443507457e-06
NAM,Namibia,2018,11.596722229732,Total GHG,Africa,2577327.0,4.499515284530058e-06
NAM,Namibia,2019,11.77452046088,Total GHG,Africa,2650494.0,4.442387140238763e-06
NAM,Namibia,2020,11.12461454602,Total GHG,Africa,2728762.0,4.07679912942939e-06
NAM,Namibia,2021,12.134467554442,Total GHG,Africa,2810548.0,4.317473871444999e-06
NAM,Namibia,2022,12.26919201639,Total GHG,Africa,2889662.0,4.2458917397225005e-06
NAM,Namibia,2023,13.889902614577,Total GHG,Africa,2963095.0,4.687633239763491e-06
NAM,Namibia,2024,14.212131813916,Total GHG,Africa,3030131.0,4.690269765206851e-06
NCL,New Caledonia,1970,1.3809464431432,Total GHG,Oceania,109338.0,1.2630068623380708e-05
NCL,New Caledonia,1971,1.381960061061,Total GHG,Oceania,114514.0,1.2068044615164956e-05
NCL,New Caledonia,1972,1.417633040366,Total GHG,Oceania,119931.0,1.1820405402823291e-05
NCL,New Caledonia,1973,1.639959617868,Total GHG,Oceania,125585.0,1.3058562868718398e-05
NCL,New Caledonia,1974,1.907199237978,Total GHG,Oceania,131452.0,1.4508712214177038e-05
NCL,New Caledonia,1975,1.6687832581711,Total GHG,Oceania,137462.0,1.213996055761665e-05
NCL,New Caledonia,1976,1.6504583543055,Total GHG,Oceania,142091.0,1.1615502419614896e-05
NCL,New Caledonia,1977,1.7355871935479,Total GHG,Oceania,144599.0,1.2002760693697051e-05
NCL,New Caledonia,1978,1.7587713565451,Total GHG,Oceania,146392.0,1.201412205957361e-05
NCL,New Caledonia,1979,1.852906835404,Total GHG,Oceania,148132.0,1.2508484563794452e-05
NCL,New Caledonia,1980,1.9566824104531,Total GHG,Oceania,149817.0,1.3060483192515535e-05
NCL,New Caledonia,1981,1.9041793772852,Total GHG,Oceania,151441.0,1.2573737477203664e-05
NCL,New Caledonia,1982,1.3899907866859,Total GHG,Oceania,153001.0,9.084847724432521e-06
NCL,New Caledonia,1983,1.3369487541895,Total GHG,Oceania,155003.0,8.625308892018219e-06
NCL,New Caledonia,1984,1.407333167062,Total GHG,Oceania,157583.0,8.93074232031374e-06
NCL,New Caledonia,1985,1.7821324641628,Total GHG,Oceania,160234.0,1.1122061885509942e-05
NCL,New Caledonia,1986,1.7249938334958,Total GHG,Oceania,162898.0,1.0589410757012364e-05
NCL,New Caledonia,1987,1.8647432262283,Total GHG,Oceania,165650.0,1.1257127837176577e-05
NCL,New Caledonia,1988,1.8344838142202,Total GHG,Oceania,168502.0,1.0887015075311866e-05
NCL,New Caledonia,1989,1.9324873106522,Total GHG,Oceania,172029.0,1.1233497321104e-05
NCL,New Caledonia,1990,1.9184928391173,Total GHG,Oceania,176456.0,1.087235820327617e-05
NCL,New Caledonia,1991,2.0684626821944,Total GHG,Oceania,181238.0,1.1412963518657235e-05
NCL,New Caledonia,1992,2.0875122521996,Total GHG,Oceania,186072.0,1.1218841374304571e-05
NCL,New Caledonia,1993,2.1280939537634,Total GHG,Oceania,190857.0,1.1150201217473815e-05
NCL,New Caledonia,1994,2.1907278421004,Total GHG,Oceania,195614.0,1.119923851104931e-05
NCL,New Caledonia,1995,2.0322890770763,Total GHG,Oceania,200379.0,1.0142225867362847e-05
NCL,New Caledonia,1996,2.2448819256205,Total GHG,Oceania,205034.0,1.0948827636491997e-05
NCL,New Caledonia,1997,2.1049223137841,Total GHG,Oceania,209560.0,1.004448517743892e-05
NCL,New Caledonia,1998,2.0557158310173,Total GHG,Oceania,214047.0,9.604039444688784e-06
NCL,New Caledonia,1999,1.9977157821791,Total GHG,Oceania,218527.0,9.141734349435538e-06
NCL,New Caledonia,2000,2.485982001808,Total GHG,Oceania,223098.0,1.1143004427686487e-05
NCL,New Caledonia,2001,2.5300471070679,Total GHG,Oceania,227707.0,1.1110976417360467e-05
NCL,New Caledonia,2002,2.7850042310463,Total GHG,Oceania,232236.0,1.1992129691547823e-05
NCL,New Caledonia,2003,3.0527482964374,Total GHG,Oceania,236678.0,1.2898318797849399e-05
NCL,New Caledonia,2004,2.7662075194809,Total GHG,Oceania,240852.0,1.1485092585824076e-05
NCL,New Caledonia,2005,3.009528432799,Total GHG,Oceania,244381.0,1.231490350231401e-05
NCL,New Caledonia,2006,3.0080174641096,Total GHG,Oceania,247547.0,1.2151298396302924e-05
NCL,New Caledonia,2007,3.0865783361994,Total GHG,Oceania,250725.0,1.2310612568349387e-05
NCL,New Caledonia,2008,2.9929866887178,Total GHG,Oceania,253825.0,1.179153625024249e-05
NCL,New Caledonia,2009,3.0022975894711,Total GHG,Oceania,257250.0,1.1670738928944995e-05
NCL,New Caledonia,2010,3.8179335677937,Total GHG,Oceania,261582.0,1.4595551558569398e-05
NCL,New Caledonia,2011,3.8426274921954,Total GHG,Oceania,266543.0,1.4416538765585289e-05
NCL,New Caledonia,2012,3.8862234834033,Total GHG,Oceania,271633.0,1.4306890117928602e-05
NCL,New Caledonia,2013,4.2663013325119,Total GHG,Oceania,276822.0,1.5411713420580372e-05
NCL,New Caledonia,2014,5.1563085819201,Total GHG,Oceania,281224.0,1.8335236615367463e-05
NCL,New Caledonia,2015,4.9401362098318,Total GHG,Oceania,283168.0,1.744595508613897e-05
NCL,New Caledonia,2016,5.2718631518113,Total GHG,Oceania,283423.0,1.8600689258850907e-05
NCL,New Caledonia,2017,4.7730659506508,Total GHG,Oceania,283546.0,1.6833480107816014e-05
NCL,New Caledonia,2018,6.4659809759723,Total GHG,Oceania,283541.0,2.280439504682674e-05
NCL,New Caledonia,2019,6.2299495105708,Total GHG,Oceania,283606.0,2.1966917168786275e-05
NCL,New Caledonia,2020,6.0806610408849,Total GHG,Oceania,284176.0,2.1397517879359624e-05
NCL,New Caledonia,2021,5.032750766125,Total GHG,Oceania,285214.0,1.7645524995704978e-05
NCL,New Caledonia,2022,4.9841530973174,Total GHG,Oceania,287123.0,1.7358947549717023e-05
NCL,New Caledonia,2023,5.2447887626206,Total GHG,Oceania,289870.0,1.8093589411186394e-05
NCL,New Caledonia,2024,5.381612167984,Total GHG,Oceania,292639.0,1.8389934930012745e-05
NER,Niger,1970,11.021872126183,Total GHG,Africa,4650275.0,2.3701549104478766e-06
NER,Niger,1971,11.340283444677,Total GHG,Africa,4776225.0,2.3743193515123345e-06
NER,Niger,1972,11.549208296114,Total GHG,Africa,4904845.0,2.3546530616388487e-06
NER,Niger,1973,8.8031029515888,Total GHG,Africa,5037865.0,1.7473876238424015e-06
NER,Niger,1974,8.8621349984289,Total GHG,Africa,5174953.0,1.7125054079580819e-06
NER,Niger,1975,9.4855977147133,Total GHG,Africa,5317019.0,1.78400673661563e-06
NER,Niger,1976,10.225945206254,Total GHG,Africa,5464962.0,1.8711832225464698e-06
NER,Niger,1977,11.245026717658,Total GHG,Africa,5619716.0,2.00099555167165e-06
NER,Niger,1978,11.653638113089,Total GHG,Africa,5782932.0,2.015178133356747e-06
NER,Niger,1979,12.073976401223,Total GHG,Africa,5955556.0,2.027346632492919e-06
NER,Niger,1980,12.600442861104,Total GHG,Africa,6135971.0,2.053536899229804e-06
NER,Niger,1981,13.254005008687,Total GHG,Africa,6322006.0,2.0964872555778973e-06
NER,Niger,1982,13.858238606749,Total GHG,Africa,6512732.0,2.1278687049841756e-06
NER,Niger,1983,14.588854497642,Total GHG,Africa,6708644.0,2.1746353656032426e-06
NER,Niger,1984,10.632739649062,Total GHG,Africa,6909971.0,1.5387531509266825e-06
NER,Niger,1985,9.1843931910317,Total GHG,Africa,7118457.0,1.2902224725149987e-06
NER,Niger,1986,9.4882109825514,Total GHG,Africa,7335811.0,1.2934099559750653e-06
NER,Niger,1987,9.7790015303145,Total GHG,Africa,7561150.0,1.2933219854538663e-06
NER,Niger,1988,10.150158873499,Total GHG,Africa,7793748.0,1.3023463003293152e-06
NER,Niger,1989,10.531263031453,Total GHG,Africa,8034780.0,1.3107095690800494e-06
NER,Niger,1990,10.738679079431,Total GHG,Africa,8286059.0,1.2959935573028143e-06
NER,Niger,1991,11.156520172395,Total GHG,Africa,8546900.0,1.3053294378540758e-06
NER,Niger,1992,11.586276501889,Total GHG,Africa,8817633.0,1.3139894234528699e-06
NER,Niger,1993,12.271205565557,Total GHG,Africa,9100789.0,1.348367220200029e-06
NER,Niger,1994,12.650185088114,Total GHG,Africa,9398258.0,1.346013813210278e-06
NER,Niger,1995,13.184392190484,Total GHG,Africa,9714529.0,1.3571828536910023e-06
NER,Niger,1996,13.836578756945,Total GHG,Africa,10044852.0,1.3774796041738595e-06
NER,Niger,1997,14.580927067603,Total GHG,Africa,10383969.0,1.4041766753736455e-06
NER,Niger,1998,15.246137335617,Total GHG,Africa,10741413.0,1.4193791203836032e-06
NER,Niger,1999,15.844595584416,Total GHG,Africa,11117411.0,1.4252055253166408e-06
NER,Niger,2000,16.206448553949,Total GHG,Africa,11509630.0,1.4080772843218243e-06
NER,Niger,2001,16.954347517603,Total GHG,Africa,11920647.0,1.4222673918289e-06
NER,Niger,2002,17.699899102874,Total GHG,Africa,12349144.0,1.4332895545532547e-06
NER,Niger,2003,18.499145788299,Total GHG,Africa,12796984.0,1.445586381001883e-06
NER,Niger,2004,19.316249775619,Total GHG,Africa,13265836.0,1.4560898970572982e-06
NER,Niger,2005,20.043332457902,Total GHG,Africa,13756192.0,1.4570407608371562e-06
NER,Niger,2006,20.754661218022,Total GHG,Africa,14268581.0,1.4545707956538917e-06
NER,Niger,2007,21.612053430895,Total GHG,Africa,14803610.0,1.4599177788995387e-06
NER,Niger,2008,22.507062170021,Total GHG,Africa,15361915.0,1.4651208635135007e-06
NER,Niger,2009,23.538278825324,Total GHG,Africa,15943675.0,1.4763396033426421e-06
NER,Niger,2010,23.318825559871,Total GHG,Africa,16548835.0,1.409091670795618e-06
NER,Niger,2011,24.12018854299,Total GHG,Africa,17176283.0,1.4042728885516151e-06
NER,Niger,2012,25.890468270899,Total GHG,Africa,17836769.0,1.4515223172368829e-06
NER,Niger,2013,27.242566052464,Total GHG,Africa,18519898.0,1.4709889899212188e-06
NER,Niger,2014,28.538708899047,Total GHG,Africa,19215909.0,1.4851604937891305e-06
NER,Niger,2015,29.588024576152,Total GHG,Africa,19939498.0,1.4838901448848914e-06
NER,Niger,2016,30.938854140245,Total GHG,Africa,20685753.0,1.4956600390735112e-06
NER,Niger,2017,32.150330302047,Total GHG,Africa,21435446.0,1.4998675699141974e-06
NER,Niger,2018,33.652831747134,Total GHG,Africa,22188069.0,1.5167084502546844e-06
NER,Niger,2019,35.517358874096,Total GHG,Africa,22947757.0,1.5477486045410014e-06
NER,Niger,2020,37.194710105386,Total GHG,Africa,23717613.0,1.5682315967203784e-06
NER,Niger,2021,39.193969904828,Total GHG,Africa,24502140.0,1.5996141522670265e-06
NER,Niger,2022,41.358731802412,Total GHG,Africa,25311973.0,1.6339592256365003e-06
NER,Niger,2023,40.072247042153,Total GHG,Africa,26159867.0,1.5318215127834176e-06
NER,Niger,2024,41.146146953493,Total GHG,Africa,27032412.0,1.52210416715656e-06
NGA,Nigeria,1970,172.3707977929,Total GHG,Africa,55893838.0,3.0838962569165496e-06
NGA,Nigeria,1971,187.21194563673,Total GHG,Africa,57214684.0,3.2720961219803295e-06
NGA,Nigeria,1972,222.29913638405,Total GHG,Africa,58601748.0,3.7933874665999725e-06
NGA,Nigeria,1973,252.43637409632,Total GHG,Africa,60082139.0,4.201521089259489e-06
NGA,Nigeria,1974,286.06729670203,Total GHG,Africa,61679144.0,4.637990707232091e-06
NGA,Nigeria,1975,232.04538132203,Total GHG,Africa,63410815.0,3.659397554218945e-06
NGA,Nigeria,1976,266.28581982717,Total GHG,Africa,65258009.0,4.08050787800115e-06
NGA,Nigeria,1977,260.75089051456,Total GHG,Africa,67234590.0,3.878225337799487e-06
NGA,Nigeria,1978,250.11249758308,Total GHG,Africa,69326532.0,3.6077456980406865e-06
NGA,Nigeria,1979,312.14314212652,Total GHG,Africa,71498242.0,4.365745693810485e-06
NGA,Nigeria,1980,286.54985722434,Total GHG,Africa,73764641.0,3.884650604133489e-06
NGA,Nigeria,1981,224.53720388936,Total GHG,Africa,76068103.0,2.95179181593841e-06
NGA,Nigeria,1982,211.61142003458,Total GHG,Africa,78378701.0,2.6998587286433846e-06
NGA,Nigeria,1983,208.17020441887,Total GHG,Africa,80438260.0,2.587950117504655e-06
NGA,Nigeria,1984,220.16524372574,Total GHG,Africa,82526443.0,2.667814529771264e-06
NGA,Nigeria,1985,232.29098839307,Total GHG,Africa,84897973.0,2.7361193699297154e-06
NGA,Nigeria,1986,229.04847593307,Total GHG,Africa,87235953.0,2.6256201492184075e-06
NGA,Nigeria,1987,216.49065594875,Total GHG,Africa,89591716.0,2.4164137669687008e-06
NGA,Nigeria,1988,235.3765624078,Total GHG,Africa,92020090.0,2.557882332084222e-06
NGA,Nigeria,1989,259.93085697016,Total GHG,Africa,94531014.0,2.749688657419458e-06
NGA,Nigeria,1990,260.81563077495,Total GHG,Africa,97120925.0,2.685473092178128e-06
NGA,Nigeria,1991,275.4142617162,Total GHG,Africa,99720162.0,2.7618713828022058e-06
NGA,Nigeria,1992,299.39378986214,Total GHG,Africa,102372770.0,2.9245451682331154e-06
NGA,Nigeria,1993,303.00043660203,Total GHG,Africa,105122069.0,2.882367513162531e-06
NGA,Nigeria,1994,326.77502147748,Total GHG,Africa,107935714.0,3.027496732707767e-06
NGA,Nigeria,1995,358.62625459463,Total GHG,Africa,110819428.0,3.236131615790599e-06
NGA,Nigeria,1996,417.04055135758,Total GHG,Africa,113754779.0,3.6661365353061783e-06
NGA,Nigeria,1997,391.03884816512,Total GHG,Africa,116754792.0,3.349231680059179e-06
NGA,Nigeria,1998,358.91549865041,Total GHG,Africa,119846254.0,2.9947994757550786e-06
NGA,Nigeria,1999,346.03130633584,Total GHG,Africa,123047320.0,2.8121807637569024e-06
NGA,Nigeria,2000,379.86785496845,Total GHG,Africa,126382494.0,3.005699942655428e-06
NGA,Nigeria,2001,385.88774428153,Total GHG,Africa,129862595.0,2.971508033406617e-06
NGA,Nigeria,2002,332.82738602573,Total GHG,Africa,133471989.0,2.493612244182036e-06
NGA,Nigeria,2003,369.18643085748,Total GHG,Africa,137202644.0,2.6908113436755633e-06
NGA,Nigeria,2004,359.99112663192,Total GHG,Africa,141057045.0,2.552096044773375e-06
NGA,Nigeria,2005,351.6043237257,Total GHG,Africa,145017253.0,2.4245689147463027e-06
NGA,Nigeria,2006,324.01093433072,Total GHG,Africa,149077334.0,2.1734419689227873e-06
NGA,Nigeria,2007,298.67143732579,Total GHG,Africa,153267261.0,1.94869690615656e-06
NGA,Nigeria,2008,303.82146328557,Total GHG,Africa,157595014.0,1.9278621548621456e-06
NGA,Nigeria,2009,287.38886373219,Total GHG,Africa,162049464.0,1.7734638340561866e-06
NGA,Nigeria,2010,309.51953260921,Total GHG,Africa,166642886.0,1.8573822143791365e-06
NGA,Nigeria,2011,330.19522296733,Total GHG,Africa,171379598.0,1.926689214006267e-06
NGA,Nigeria,2012,331.6926955034,Total GHG,Africa,176200625.0,1.8824717307523738e-06
NGA,Nigeria,2013,335.40481610176,Total GHG,Africa,181049443.0,1.8525592266072864e-06
NGA,Nigeria,2014,346.61759351387,Total GHG,Africa,185896915.0,1.86456883113886e-06
NGA,Nigeria,2015,342.39752229955,Total GHG,Africa,190671878.0,1.7957421193467766e-06
NGA,Nigeria,2016,336.75007956517,Total GHG,Africa,195443700.0,1.7230029904528515e-06
NGA,Nigeria,2017,334.53414506316,Total GHG,Africa,200254579.0,1.6705442978318113e-06
NGA,Nigeria,2018,346.52871174009,Total GHG,Africa,204938755.0,1.6908891231435948e-06
NGA,Nigeria,2019,360.08569661295,Total GHG,Africa,209485641.0,1.7189039539609782e-06
NGA,Nigeria,2020,333.68467568114,Total GHG,Africa,213996181.0,1.5593020124089972e-06
NGA,Nigeria,2021,342.74709499378,Total GHG,Africa,218529286.0,1.568426370979769e-06
NGA,Nigeria,2022,334.76991285853,Total GHG,Africa,223150896.0,1.5001952439327424e-06
NGA,Nigeria,2023,337.77674538824,Total GHG,Africa,227882945.0,1.4822379331118437e-06
NGA,Nigeria,2024,350.55535432209,Total GHG,Africa,232679478.0,1.5066019458840714e-06
NIC,Nicaragua,1970,7.907999730996,Total GHG,North America,2423065.0,3.263634995757852e-06
NIC,Nicaragua,1971,7.4962080442075,Total GHG,North America,2499825.0,2.998693126201834e-06
NIC,Nicaragua,1972,7.5643078724308,Total GHG,North America,2573578.0,2.9392184237007e-06
NIC,Nicaragua,1973,7.9878987668308,Total GHG,North America,2649278.0,3.0151229002131145e-06
NIC,Nicaragua,1974,8.4597893527797,Total GHG,North America,2732075.0,3.0964703943997507e-06
NIC,Nicaragua,1975,8.6860738514746,Total GHG,North America,2816943.0,3.0835106892381564e-06
NIC,Nicaragua,1976,9.1920734501626,Total GHG,North America,2903851.0,3.165476964955364e-06
NIC,Nicaragua,1977,9.9814261601973,Total GHG,North America,2992534.0,3.3354428588605174e-06
NIC,Nicaragua,1978,9.7082879211473,Total GHG,North America,3080314.0,3.1517202211032053e-06
NIC,Nicaragua,1979,8.1554405996227,Total GHG,North America,3164525.0,2.5771452586478857e-06
NIC,Nicaragua,1980,7.8710383994141,Total GHG,North America,3252403.0,2.420068607553892e-06
NIC,Nicaragua,1981,8.0672616005372,Total GHG,North America,3345674.0,2.4112515446924e-06
NIC,Nicaragua,1982,8.1449468933078,Total GHG,North America,3438745.0,2.3685812391752806e-06
NIC,Nicaragua,1983,7.950938393486,Total GHG,North America,3530282.0,2.2522105581044233e-06
NIC,Nicaragua,1984,8.1344177840484,Total GHG,North America,3619104.0,2.2476330561510255e-06
NIC,Nicaragua,1985,8.2282288308007,Total GHG,North America,3706479.0,2.2199583029610314e-06
NIC,Nicaragua,1986,8.1232072079145,Total GHG,North America,3794157.0,2.1409781429483546e-06
NIC,Nicaragua,1987,7.606282230933,Total GHG,North America,3882164.0,1.959289260044913e-06
NIC,Nicaragua,1988,7.8164071218322,Total GHG,North America,3972320.0,1.9677183917288135e-06
NIC,Nicaragua,1989,8.1621553108457,Total GHG,North America,4066476.0,2.007181478716633e-06
NIC,Nicaragua,1990,9.0103465346581,Total GHG,North America,4162559.0,2.1646171344737935e-06
NIC,Nicaragua,1991,7.8962632184485,Total GHG,North America,4259637.0,1.853740874738505e-06
NIC,Nicaragua,1992,8.7724936765054,Total GHG,North America,4357026.0,2.0134132035258455e-06
NIC,Nicaragua,1993,9.4066996916393,Total GHG,North America,4453732.0,2.1120937882295794e-06
NIC,Nicaragua,1994,9.7557107447935,Total GHG,North America,4549316.0,2.1444346237529992e-06
NIC,Nicaragua,1995,9.2621266198771,Total GHG,North America,4642931.0,1.9948878456038007e-06
NIC,Nicaragua,1996,9.2998313464871,Total GHG,North America,4729974.0,1.966148512970071e-06
NIC,Nicaragua,1997,9.9735335809405,Total GHG,North America,4809573.0,2.0736837929147768e-06
NIC,Nicaragua,1998,10.361920483771,Total GHG,North America,4883655.0,2.1217552189438032e-06
NIC,Nicaragua,1999,11.376536843436,Total GHG,North America,4954018.0,2.2964262228025817e-06
NIC,Nicaragua,2000,11.796062833204,Total GHG,North America,5022633.0,2.3485814777237357e-06
NIC,Nicaragua,2001,12.044586494772,Total GHG,North America,5087825.0,2.3673350586492263e-06
NIC,Nicaragua,2002,12.319667686167,Total GHG,North America,5149909.0,2.3922107528826238e-06
NIC,Nicaragua,2003,13.055540656378,Total GHG,North America,5210963.0,2.5053988401717688e-06
NIC,Nicaragua,2004,13.000105333553,Total GHG,North America,5272912.0,2.4654508426374267e-06
NIC,Nicaragua,2005,13.02709565306,Total GHG,North America,5342105.0,2.438569749763436e-06
NIC,Nicaragua,2006,13.632670736989,Total GHG,North America,5418855.0,2.515784374556802e-06
NIC,Nicaragua,2007,13.90045548224,Total GHG,North America,5497243.0,2.5286230720090053e-06
NIC,Nicaragua,2008,13.756051820333,Total GHG,North America,5576593.0,2.466748392850796e-06
NIC,Nicaragua,2009,13.820938709724,Total GHG,North America,5656601.0,2.443329255452877e-06
NIC,Nicaragua,2010,14.202194264252,Total GHG,North America,5737450.0,2.475349548013839e-06
NIC,Nicaragua,2011,15.171474045094,Total GHG,North America,5819051.0,2.607207609126299e-06
NIC,Nicaragua,2012,15.632048834689,Total GHG,North America,5901287.0,2.6489219783225252e-06
NIC,Nicaragua,2013,15.751144702068,Total GHG,North America,5983845.0,2.632278192711877e-06
NIC,Nicaragua,2014,16.476803629053,Total GHG,North America,6066492.0,2.716034840077758e-06
NIC,Nicaragua,2015,17.695897668471,Total GHG,North America,6149417.0,2.8776545270016656e-06
NIC,Nicaragua,2016,17.935578605903,Total GHG,North America,6232666.0,2.877673632102699e-06
NIC,Nicaragua,2017,17.971070361748,Total GHG,North America,6316231.0,2.845220569315467e-06
NIC,Nicaragua,2018,17.444270169895,Total GHG,North America,6400080.0,2.7256331436317983e-06
NIC,Nicaragua,2019,17.907220863627,Total GHG,North America,6483657.0,2.7619013256911956e-06
NIC,Nicaragua,2020,17.8226656226,Total GHG,North America,6565267.0,2.7146901447572503e-06
NIC,Nicaragua,2021,18.441014842061,Total GHG,North America,6644741.0,2.7752797049668305e-06
NIC,Nicaragua,2022,18.706396448084,Total GHG,North America,6730654.0,2.779283625050998e-06
NIC,Nicaragua,2023,18.960952774873,Total GHG,North America,6823613.0,2.778726281058583e-06
NIC,Nicaragua,2024,19.158621094605,Total GHG,North America,6916140.0,2.7701320526485873e-06
NLD,Netherlands,1970,179.5283220386,Total GHG,Europe,13038526.0,1.3769065770057137e-05
NLD,Netherlands,1971,181.07275445342,Total GHG,Europe,13194497.0,1.3723354096288778e-05
NLD,Netherlands,1972,199.18492817308,Total GHG,Europe,13328593.0,1.4944182643515337e-05
NLD,Netherlands,1973,208.09107853412,Total GHG,Europe,13439322.0,1.5483748252636552e-05
NLD,Netherlands,1974,203.48140731897,Total GHG,Europe,13545056.0,1.5022559324890943e-05
NLD,Netherlands,1975,195.40079319748,Total GHG,Europe,13666335.0,1.4297966001673456e-05
NLD,Netherlands,1976,206.49417248595,Total GHG,Europe,13774037.0,1.499155058796125e-05
NLD,Netherlands,1977,204.48300943845,Total GHG,Europe,13856185.0,1.4757525930726966e-05
NLD,Netherlands,1978,210.27394288757,Total GHG,Europe,13941700.0,1.5082374666473242e-05
NLD,Netherlands,1979,220.83151329164,Total GHG,Europe,14038270.0,1.5730678587293162e-05
NLD,Netherlands,1980,213.79078476949,Total GHG,Europe,14149800.0,1.5109102939228116e-05
NLD,Netherlands,1981,212.467849321,Total GHG,Europe,14247208.0,1.4912946404727157e-05
NLD,Netherlands,1982,201.29052868374,Total GHG,Europe,14312690.0,1.4063780371386511e-05
NLD,Netherlands,1983,197.62377851212,Total GHG,Europe,14367070.0,1.3755329271181946e-05
NLD,Netherlands,1984,204.9990694659,Total GHG,Europe,14424211.0,1.4212151324318536e-05
NLD,Netherlands,1985,209.14654359261,Total GHG,Europe,14491632.0,1.4432228446914053e-05
NLD,Netherlands,1986,212.06903553787,Total GHG,Europe,14572278.0,1.4552908991845338e-05
NLD,Netherlands,1987,216.70754635335,Total GHG,Europe,14665037.0,1.4777156467682285e-05
NLD,Netherlands,1988,216.21720460716,Total GHG,Europe,14760094.0,1.4648768809139021e-05
NLD,Netherlands,1989,219.09941044782,Total GHG,Europe,14848907.0,1.4755255080243952e-05
NLD,Netherlands,1990,223.81716029604,Total GHG,Europe,14951510.0,1.49695355382861e-05
NLD,Netherlands,1991,229.21530274861,Total GHG,Europe,15069798.0,1.521024387643484e-05
NLD,Netherlands,1992,228.11887263233,Total GHG,Europe,15184166.0,1.5023470675460873e-05
NLD,Netherlands,1993,231.48130182136,Total GHG,Europe,15290368.0,1.5139027512049417e-05
NLD,Netherlands,1994,233.43073269688,Total GHG,Europe,15382838.0,1.5174750764252994e-05
NLD,Netherlands,1995,236.58163627265,Total GHG,Europe,15459006.0,1.530380648488331e-05
NLD,Netherlands,1996,247.75841686023,Total GHG,Europe,15530498.0,1.595302461390678e-05
NLD,Netherlands,1997,238.00085165519,Total GHG,Europe,15610650.0,1.5246056484207256e-05
NLD,Netherlands,1998,237.92377158238,Total GHG,Europe,15707209.0,1.5147425082481553e-05
NLD,Netherlands,1999,227.53392753253,Total GHG,Europe,15812088.0,1.4389872326319585e-05
NLD,Netherlands,2000,225.88010185019,Total GHG,Europe,15925513.0,1.4183536935368423e-05
NLD,Netherlands,2001,224.85656604644,Total GHG,Europe,16046180.0,1.4013090096611157e-05
NLD,Netherlands,2002,223.5263256613,Total GHG,Europe,16148929.0,1.3841557273630963e-05
NLD,Netherlands,2003,226.07663863948,Total GHG,Europe,16225302.0,1.393358586727569e-05
NLD,Netherlands,2004,228.46536519686,Total GHG,Europe,16281779.0,1.403196574507368e-05
NLD,Netherlands,2005,222.29971092077,Total GHG,Europe,16319868.0,1.3621415989441213e-05
NLD,Netherlands,2006,218.48300087613,Total GHG,Europe,16346101.0,1.3366062088820447e-05
NLD,Netherlands,2007,218.60476075167,Total GHG,Europe,16381696.0,1.3344452293075759e-05
NLD,Netherlands,2008,214.11059130793,Total GHG,Europe,16445593.0,1.3019329330838359e-05
NLD,Netherlands,2009,208.24355883773,Total GHG,Europe,16530388.0,1.2597620747784626e-05
NLD,Netherlands,2010,219.86846579563,Total GHG,Europe,16615394.0,1.3232816856201544e-05
NLD,Netherlands,2011,206.76095259901,Total GHG,Europe,16693074.0,1.2386032231032464e-05
NLD,Netherlands,2012,203.88543939191,Total GHG,Europe,16754962.0,1.216866020895243e-05
NLD,Netherlands,2013,201.67827652419,Total GHG,Europe,16804432.0,1.200149320870768e-05
NLD,Netherlands,2014,193.57407192125,Total GHG,Europe,16865008.0,1.1477852362788681e-05
NLD,Netherlands,2015,201.52961047456,Total GHG,Europe,16939923.0,1.1896725296482163e-05
NLD,Netherlands,2016,202.67870383604,Total GHG,Europe,17030314.0,1.1901055014959795e-05
NLD,Netherlands,2017,198.73095536553,Total GHG,Europe,17131296.0,1.1600462414841819e-05
NLD,Netherlands,2018,191.88390941688,Total GHG,Europe,17231624.0,1.1135567339264134e-05
NLD,Netherlands,2019,186.70002669098,Total GHG,Europe,17344874.0,1.076398863958193e-05
NLD,Netherlands,2020,170.3435907836,Total GHG,Europe,17441500.0,9.76656771399249e-06
NLD,Netherlands,2021,173.58958935401,Total GHG,Europe,17533044.0,9.900710301873993e-06
NLD,Netherlands,2022,160.28355647294,Total GHG,Europe,17700982.0,9.055065785216888e-06
NLD,Netherlands,2023,149.4883818116,Total GHG,Europe,17877117.0,8.361996054039362e-06
NLD,Netherlands,2024,145.00667452457,Total GHG,Europe,17994237.0,8.058506427617354e-06
NOR,Norway,1970,55.057603641366,Total GHG,Europe,3875763.0,1.420561671117816e-05
NOR,Norway,1971,53.605343861261,Total GHG,Europe,3903039.0,1.373425780814924e-05
NOR,Norway,1972,57.150660355617,Total GHG,Europe,3933004.0,1.4531045571175875e-05
NOR,Norway,1973,58.84298167119,Total GHG,Europe,3960612.0,1.4857042717436093e-05
NOR,Norway,1974,57.816969931906,Total GHG,Europe,3985258.0,1.450771065057921e-05
NOR,Norway,1975,56.247537525107,Total GHG,Europe,4007313.0,1.4036222657203717e-05
NOR,Norway,1976,58.92251160923,Total GHG,Europe,4026152.0,1.4634944634288522e-05
NOR,Norway,1977,60.081438395239,Total GHG,Europe,4043205.0,1.4859854594372286e-05
NOR,Norway,1978,58.911469972728,Total GHG,Europe,4058671.0,1.45149656064086e-05
NOR,Norway,1979,62.187539525862,Total GHG,Europe,4072517.0,1.527005032167134e-05
NOR,Norway,1980,60.226734903349,Total GHG,Europe,4085620.0,1.4741149422449713e-05
NOR,Norway,1981,56.547088014701,Total GHG,Europe,4099702.0,1.3792975200319682e-05
NOR,Norway,1982,52.453732786771,Total GHG,Europe,4114787.0,1.2747617990134362e-05
NOR,Norway,1983,52.558730711541,Total GHG,Europe,4128432.0,1.273091835145668e-05
NOR,Norway,1984,55.218140459615,Total GHG,Europe,4140099.0,1.3337396149129526e-05
NOR,Norway,1985,55.388557319347,Total GHG,Europe,4152516.0,1.333855361890165e-05
NOR,Norway,1986,57.126659034036,Total GHG,Europe,4167354.0,1.3708136873909921e-05
NOR,Norway,1987,55.558350923307,Total GHG,Europe,4186905.0,1.3269551356743706e-05
NOR,Norway,1988,57.009628667292,Total GHG,Europe,4209488.0,1.3543126543487474e-05
NOR,Norway,1989,55.534214211679,Total GHG,Europe,4226901.0,1.3138281263667874e-05
NOR,Norway,1990,55.350514291829,Total GHG,Europe,4241473.0,1.3049832992413013e-05
NOR,Norway,1991,51.821441964393,Total GHG,Europe,4261732.0,1.215971392954625e-05
NOR,Norway,1992,51.518767866602,Total GHG,Europe,4286401.0,1.2019119971883639e-05
NOR,Norway,1993,54.173034074642,Total GHG,Europe,4311991.0,1.2563345812790888e-05
NOR,Norway,1994,56.616690449997,Total GHG,Europe,4336613.0,1.3055509092002676e-05
NOR,Norway,1995,56.130278876241,Total GHG,Europe,4359184.0,1.2876327054843521e-05
NOR,Norway,1996,56.60470778068,Total GHG,Europe,4381336.0,1.2919508519930908e-05
NOR,Norway,1997,59.289569633319,Total GHG,Europe,4405157.0,1.3459127480205358e-05
NOR,Norway,1998,60.78398149648,Total GHG,Europe,4431464.0,1.3716456118447538e-05
NOR,Norway,1999,62.471227365488,Total GHG,Europe,4461913.0,1.4000996291386228e-05
NOR,Norway,2000,57.669140244191,Total GHG,Europe,4490967.0,1.2841140948974017e-05
NOR,Norway,2001,58.578554119448,Total GHG,Europe,4513751.0,1.297779920058683e-05
NOR,Norway,2002,57.570392040055,Total GHG,Europe,4538159.0,1.2685847287425364e-05
NOR,Norway,2003,61.342521729225,Total GHG,Europe,4564855.0,1.3438000052405826e-05
NOR,Norway,2004,62.045990377095,Total GHG,Europe,4591910.0,1.351202231252246e-05
NOR,Norway,2005,59.493182215093,Total GHG,Europe,4623291.0,1.2868145702940394e-05
NOR,Norway,2006,60.358689545034,Total GHG,Europe,4660677.0,1.2950627032303246e-05
NOR,Norway,2007,61.669942343436,Total GHG,Europe,4709153.0,1.3095761030367032e-05
NOR,Norway,2008,63.348757474952,Total GHG,Europe,4768212.0,1.328564197123618e-05
NOR,Norway,2009,60.284637281033,Total GHG,Europe,4828726.0,1.2484584397837649e-05
NOR,Norway,2010,63.387754625146,Total GHG,Europe,4889252.0,1.2964714157737421e-05
NOR,Norway,2011,61.846994740941,Total GHG,Europe,4953088.0,1.2486552781000661e-05
NOR,Norway,2012,61.357799972883,Total GHG,Europe,5018573.0,1.2226144757261277e-05
NOR,Norway,2013,62.166591785733,Total GHG,Europe,5079623.0,1.2238426313475034e-05
NOR,Norway,2014,61.954300806322,Total GHG,Europe,5137232.0,1.205986040854725e-05
NOR,Norway,2015,62.893212395666,Total GHG,Europe,5188607.0,1.2121406072124175e-05
NOR,Norway,2016,62.213842024219,Total GHG,Europe,5234519.0,1.1885302551049867e-05
NOR,Norway,2017,61.991310664646,Total GHG,Europe,5276968.0,1.174752446189668e-05
NOR,Norway,2018,61.118755730072,Total GHG,Europe,5311916.0,1.1505971805667108e-05
NOR,Norway,2019,59.549657084127,Total GHG,Europe,5347896.0,1.1135156159380624e-05
NOR,Norway,2020,57.832135048987,Total GHG,Europe,5379475.0,1.0750516555795314e-05
NOR,Norway,2021,58.709100098251,Total GHG,Europe,5408320.0,1.0855330324065698e-05
NOR,Norway,2022,57.651452408019,Total GHG,Europe,5457127.0,1.056443297141866e-05
NOR,Norway,2023,55.466958799797,Total GHG,Europe,5519594.0,1.0049101220089195e-05
NOR,Norway,2024,53.759636410718,Total GHG,Europe,5572272.0,9.647704995505963e-06
NPL,Nepal,1970,15.683659597751,Total GHG,Asia,12436190.0,1.2611305872418321e-06
NPL,Nepal,1971,16.002799932489,Total GHG,Asia,12710061.0,1.2590655491337927e-06
NPL,Nepal,1972,16.209936270547,Total GHG,Asia,12989099.0,1.2479646410075866e-06
NPL,Nepal,1973,16.898019211228,Total GHG,Asia,13275239.0,1.272897550938857e-06
NPL,Nepal,1974,17.243510280409,Total GHG,Asia,13568435.0,1.2708547655207841e-06
NPL,Nepal,1975,17.738971127393,Total GHG,Asia,13870695.0,1.278881204394805e-06
NPL,Nepal,1976,18.035873084193,Total GHG,Asia,14177649.0,1.2721342645873797e-06
NPL,Nepal,1977,18.551542100819,Total GHG,Asia,14499175.0,1.279489495148448e-06
NPL,Nepal,1978,18.947378226338,Total GHG,Asia,14839695.0,1.2768037500998504e-06
NPL,Nepal,1979,19.26036791175,Total GHG,Asia,15190590.0,1.267914406994725e-06
NPL,Nepal,1980,20.238056693665,Total GHG,Asia,15553105.0,1.3012229193890867e-06
NPL,Nepal,1981,20.35633226024,Total GHG,Asia,15922423.0,1.278469505567086e-06
NPL,Nepal,1982,19.989370038721,Total GHG,Asia,16297987.0,1.2264931883134402e-06
NPL,Nepal,1983,21.115000988426,Total GHG,Asia,16689119.0,1.265195663619272e-06
NPL,Nepal,1984,21.439527159262,Total GHG,Asia,17085242.0,1.2548565106225595e-06
NPL,Nepal,1985,21.416087789798,Total GHG,Asia,17477692.0,1.2253384365508901e-06
NPL,Nepal,1986,21.56504224511,Total GHG,Asia,17868124.0,1.2069001896959076e-06
NPL,Nepal,1987,22.211602455575,Total GHG,Asia,18250505.0,1.2170404301456317e-06
NPL,Nepal,1988,22.568839027216,Total GHG,Asia,18638661.0,1.2108616078813817e-06
NPL,Nepal,1989,22.568429738419,Total GHG,Asia,19057807.0,1.184209166270757e-06
NPL,Nepal,1990,23.096164811373,Total GHG,Asia,19524573.0,1.18292803696004e-06
NPL,Nepal,1991,22.850876486303,Total GHG,Asia,20036500.0,1.1404624802886233e-06
NPL,Nepal,1992,23.708645758676,Total GHG,Asia,20609707.0,1.1503630672030416e-06
NPL,Nepal,1993,23.635616073883,Total GHG,Asia,21180159.0,1.1159319471531352e-06
NPL,Nepal,1994,25.206109624436,Total GHG,Asia,21717479.0,1.1606369977121192e-06
NPL,Nepal,1995,26.072138863491,Total GHG,Asia,22245439.0,1.1720217732493837e-06
NPL,Nepal,1996,26.482925078957,Total GHG,Asia,22741862.0,1.1645011775621977e-06
NPL,Nepal,1997,27.031383699908,Total GHG,Asia,23219463.0,1.1641692014973818e-06
NPL,Nepal,1998,27.627210865037,Total GHG,Asia,23680357.0,1.1666720592530341e-06
NPL,Nepal,1999,28.620166729945,Total GHG,Asia,24125199.0,1.1863183690192567e-06
NPL,Nepal,2000,28.897136147795,Total GHG,Asia,24546509.0,1.1772401585820208e-06
NPL,Nepal,2001,29.492045754688,Total GHG,Asia,24946748.0,1.182200010786496e-06
NPL,Nepal,2002,29.083065489453,Total GHG,Asia,25328981.0,1.1482130090212867e-06
NPL,Nepal,2003,30.107477516445,Total GHG,Asia,25688758.0,1.172009854133275e-06
NPL,Nepal,2004,29.71333581324,Total GHG,Asia,26016656.0,1.1420889684377577e-06
NPL,Nepal,2005,30.405852470487,Total GHG,Asia,26309458.0,1.155700450784163e-06
NPL,Nepal,2006,29.835742665657,Total GHG,Asia,26565425.0,1.123104285576346e-06
NPL,Nepal,2007,30.857715387116,Total GHG,Asia,26788492.0,1.151901920687286e-06
NPL,Nepal,2008,31.72700998326,Total GHG,Asia,26990037.0,1.1755082063525886e-06
NPL,Nepal,2009,33.04296173741,Total GHG,Asia,27173035.0,1.2160202839841041e-06
NPL,Nepal,2010,34.455919875971,Total GHG,Asia,27341952.0,1.2601850766167316e-06
NPL,Nepal,2011,35.845871249854,Total GHG,Asia,27464494.0,1.3051713696183152e-06
NPL,Nepal,2012,36.457468832826,Total GHG,Asia,27534915.0,1.324045083590271e-06
NPL,Nepal,2013,37.790187244069,Total GHG,Asia,27589996.0,1.3697061516090471e-06
NPL,Nepal,2014,38.563058899207,Total GHG,Asia,27672370.0,1.3935582279077289e-06
NPL,Nepal,2015,38.416572418861,Total GHG,Asia,27823629.0,1.3807175339658606e-06
NPL,Nepal,2016,43.03156501406,Total GHG,Asia,27955462.0,1.5392900683973673e-06
NPL,Nepal,2017,45.424737382371,Total GHG,Asia,28011258.0,1.6216600262069987e-06
NPL,Nepal,2018,47.838226390004,Total GHG,Asia,28079689.0,1.7036594098319252e-06
NPL,Nepal,2019,46.623053176222,Total GHG,Asia,28414064.0,1.6408442374248894e-06
NPL,Nepal,2020,49.817198390362,Total GHG,Asia,28966574.0,1.719816723591889e-06
NPL,Nepal,2021,50.758083926615,Total GHG,Asia,29475010.0,1.7220718136012508e-06
NPL,Nepal,2022,48.037706881943,Total GHG,Asia,29715436.0,1.6165910162631637e-06
NPL,Nepal,2023,42.116033626293,Total GHG,Asia,29694614.0,1.4183054754068533e-06
NPL,Nepal,2024,41.468234697375,Total GHG,Asia,29651054.0,1.3985416740118244e-06
NZL,New Zealand,1970,58.171250695226,Total GHG,Oceania,2810700.0,2.069635702679973e-05
NZL,New Zealand,1971,56.455108592509,Total GHG,Oceania,2853000.0,1.9787980579218015e-05
NZL,New Zealand,1972,60.615546820146,Total GHG,Oceania,2903900.0,2.0873840979422844e-05
NZL,New Zealand,1973,61.447772593166,Total GHG,Oceania,2961300.0,2.075026933885996e-05
NZL,New Zealand,1974,62.650422808825,Total GHG,Oceania,3023700.0,2.0719787944844065e-05
NZL,New Zealand,1975,61.751533015081,Total GHG,Oceania,3083100.0,2.0029039932237358e-05
NZL,New Zealand,1976,64.06718039647,Total GHG,Oceania,3110500.0,2.0597068122960936e-05
NZL,New Zealand,1977,65.075457337451,Total GHG,Oceania,3120200.0,2.0856181442680276e-05
NZL,New Zealand,1978,64.993815855949,Total GHG,Oceania,3121200.0,2.0823342258089515e-05
NZL,New Zealand,1979,63.078796477665,Total GHG,Oceania,3109000.0,2.028909503945481e-05
NZL,New Zealand,1980,65.603742076289,Total GHG,Oceania,3112900.0,2.1074799086475312e-05
NZL,New Zealand,1981,65.552268357219,Total GHG,Oceania,3124900.0,2.0977397151018916e-05
NZL,New Zealand,1982,67.465108135124,Total GHG,Oceania,3156100.0,2.137609965942904e-05
NZL,New Zealand,1983,67.687912982388,Total GHG,Oceania,3199300.0,2.115710092282312e-05
NZL,New Zealand,1984,68.80252622498,Total GHG,Oceania,3227100.0,2.1320233716023676e-05
NZL,New Zealand,1985,69.791237998065,Total GHG,Oceania,3247100.0,2.149340580766376e-05
NZL,New Zealand,1986,70.269507211041,Total GHG,Oceania,3246300.0,2.1646030006789577e-05
NZL,New Zealand,1987,69.690204213512,Total GHG,Oceania,3274400.0,2.1283350908108966e-05
NZL,New Zealand,1988,71.412309070112,Total GHG,Oceania,3283400.0,2.1749500234547115e-05
NZL,New Zealand,1989,69.54795336808,Total GHG,Oceania,3299200.0,2.1080247747356936e-05
NZL,New Zealand,1990,71.813865292618,Total GHG,Oceania,3329800.0,2.1567020629652834e-05
NZL,New Zealand,1991,72.153437748614,Total GHG,Oceania,3495100.0,2.0644169765847614e-05
NZL,New Zealand,1992,73.353894604585,Total GHG,Oceania,3531700.0,2.0770137498820678e-05
NZL,New Zealand,1993,73.977576251063,Total GHG,Oceania,3572200.0,2.070924815269666e-05
NZL,New Zealand,1994,76.177986829576,Total GHG,Oceania,3620000.0,2.1043642770601103e-05
NZL,New Zealand,1995,77.661591953012,Total GHG,Oceania,3673400.0,2.1141610484295748e-05
NZL,New Zealand,1996,78.351812306003,Total GHG,Oceania,3732000.0,2.0994590650054395e-05
NZL,New Zealand,1997,80.516140313958,Total GHG,Oceania,3781300.0,2.1293243147583635e-05
NZL,New Zealand,1998,78.610536741228,Total GHG,Oceania,3815000.0,2.0605645279483093e-05
NZL,New Zealand,1999,80.809159807717,Total GHG,Oceania,3835100.0,2.107093942992803e-05
NZL,New Zealand,2000,81.683988115297,Total GHG,Oceania,3857700.0,2.117427174619514e-05
NZL,New Zealand,2001,84.132365256602,Total GHG,Oceania,3880500.0,2.168080537472027e-05
NZL,New Zealand,2002,85.81187054802,Total GHG,Oceania,3948500.0,2.1732777142717486e-05
NZL,New Zealand,2003,87.311028439815,Total GHG,Oceania,4027200.0,2.1680330860105036e-05
NZL,New Zealand,2004,87.269751507773,Total GHG,Oceania,4087500.0,2.1350397922390948e-05
NZL,New Zealand,2005,87.701345109043,Total GHG,Oceania,4133900.0,2.1215158835250734e-05
NZL,New Zealand,2006,88.156583037136,Total GHG,Oceania,4184600.0,2.106690795706543e-05
NZL,New Zealand,2007,86.916036845942,Total GHG,Oceania,4223800.0,2.057768759078129e-05
NZL,New Zealand,2008,86.632141582103,Total GHG,Oceania,4259800.0,2.033713826520095e-05
NZL,New Zealand,2009,84.375051629598,Total GHG,Oceania,4302600.0,1.9610247671082136e-05
NZL,New Zealand,2010,84.793662595463,Total GHG,Oceania,4350700.0,1.948965973187372e-05
NZL,New Zealand,2011,84.206165433717,Total GHG,Oceania,4384000.0,1.9207610728493844e-05
NZL,New Zealand,2012,86.888184575587,Total GHG,Oceania,4408100.0,1.9711028464777798e-05
NZL,New Zealand,2013,85.877379151036,Total GHG,Oceania,4442100.0,1.9332608259840164e-05
NZL,New Zealand,2014,87.275262838786,Total GHG,Oceania,4516500.0,1.9323649471667444e-05
NZL,New Zealand,2015,86.179464900775,Total GHG,Oceania,4609400.0,1.869646047224693e-05
NZL,New Zealand,2016,85.682043436306,Total GHG,Oceania,4714100.0,1.8175694922955813e-05
NZL,New Zealand,2017,86.855427571215,Total GHG,Oceania,4813600.0,1.804375676649805e-05
NZL,New Zealand,2018,85.831836816916,Total GHG,Oceania,4900600.0,1.7514556751605107e-05
NZL,New Zealand,2019,87.124586041851,Total GHG,Oceania,4979200.0,1.7497707672286916e-05
NZL,New Zealand,2020,83.770543643739,Total GHG,Oceania,5090200.0,1.645722047144297e-05
NZL,New Zealand,2021,83.478751860196,Total GHG,Oceania,5111300.0,1.633219569584959e-05
NZL,New Zealand,2022,80.084062030076,Total GHG,Oceania,5117100.0,1.5650282783231907e-05
NZL,New Zealand,2023,78.208111792013,Total GHG,Oceania,5245000.0,1.491098413575081e-05
NZL,New Zealand,2024,77.837353277562,Total GHG,Oceania,5338500.0,1.4580378997389154e-05
OMN,Oman,1970,14.847432225969,Total GHG,Asia,662680.0,2.2405131022467855e-05
OMN,Oman,1971,14.86782537345,Total GHG,Asia,681119.0,2.18285283092235e-05
OMN,Oman,1972,14.702599305183,Total GHG,Asia,700593.0,2.0985935208006644e-05
OMN,Oman,1973,15.044725171628,Total GHG,Asia,721179.0,2.0861291262818245e-05
OMN,Oman,1974,15.394520396381,Total GHG,Asia,746988.0,2.0608792104265395e-05
OMN,Oman,1975,34.909648658517,Total GHG,Asia,778864.0,4.482123792923668e-05
OMN,Oman,1976,38.515164941973,Total GHG,Asia,814701.0,4.727521500768134e-05
OMN,Oman,1977,37.84161020727,Total GHG,Asia,855314.0,4.42429449386658e-05
OMN,Oman,1978,32.278605297241,Total GHG,Asia,900304.0,3.5853006648022224e-05
OMN,Oman,1979,29.525295050844,Total GHG,Asia,949116.0,3.110820495160128e-05
OMN,Oman,1980,20.747991341509,Total GHG,Asia,1001248.0,2.0722130123115353e-05
OMN,Oman,1981,23.311117358537,Total GHG,Asia,1057320.0,2.2047362537866492e-05
OMN,Oman,1982,21.63705446395,Total GHG,Asia,1117678.0,1.9358933846734035e-05
OMN,Oman,1983,24.719745577243,Total GHG,Asia,1181459.0,2.0923066798968903e-05
OMN,Oman,1984,23.616051777302,Total GHG,Asia,1247716.0,1.892742561392336e-05
OMN,Oman,1985,23.048460691937,Total GHG,Asia,1325480.0,1.738876534684567e-05
OMN,Oman,1986,26.454875665082,Total GHG,Asia,1413419.0,1.871693791089691e-05
OMN,Oman,1987,26.725110935221,Total GHG,Asia,1500996.0,1.780491815782387e-05
OMN,Oman,1988,28.921902005659,Total GHG,Asia,1588568.0,1.820627257105708e-05
OMN,Oman,1989,29.445687297465,Total GHG,Asia,1676228.0,1.7566636100497665e-05
OMN,Oman,1990,34.965935329055,Total GHG,Asia,1763954.0,1.982247571595121e-05
OMN,Oman,1991,42.577768416254,Total GHG,Asia,1851473.0,2.299669960958329e-05
OMN,Oman,1992,41.168060606466,Total GHG,Asia,1938238.0,2.1239940918744758e-05
OMN,Oman,1993,40.074723445628,Total GHG,Asia,2021675.0,1.9822534999754165e-05
OMN,Oman,1994,39.190270626906,Total GHG,Asia,2081834.0,1.882487778896204e-05
OMN,Oman,1995,42.194975056339,Total GHG,Asia,2120528.0,1.9898334309350783e-05
OMN,Oman,1996,44.214800807458,Total GHG,Asia,2156926.0,2.0498988285855888e-05
OMN,Oman,1997,47.828501301003,Total GHG,Asia,2190720.0,2.18323205617345e-05
OMN,Oman,1998,44.761130650569,Total GHG,Asia,2222489.0,2.014009097483452e-05
OMN,Oman,1999,49.415254981364,Total GHG,Asia,2252909.0,2.193397735166578e-05
OMN,Oman,2000,52.059168369889,Total GHG,Asia,2282131.0,2.2811647696775075e-05
OMN,Oman,2001,55.920062746278,Total GHG,Asia,2310217.0,2.420554551640733e-05
OMN,Oman,2002,58.557341448246,Total GHG,Asia,2337140.0,2.505512782642289e-05
OMN,Oman,2003,63.497658163907,Total GHG,Asia,2363796.0,2.6862579581278164e-05
OMN,Oman,2004,61.807577386034,Total GHG,Asia,2404821.0,2.570152929720507e-05
OMN,Oman,2005,62.188031746624,Total GHG,Asia,2459802.0,2.528172257223305e-05
OMN,Oman,2006,68.950601385236,Total GHG,Asia,2514795.0,2.7417980942874467e-05
OMN,Oman,2007,70.675730385342,Total GHG,Asia,2570174.0,2.7498422435734705e-05
OMN,Oman,2008,70.104115956656,Total GHG,Asia,2626529.0,2.66907831425642e-05
OMN,Oman,2009,72.161429598454,Total GHG,Asia,2684659.0,2.6879178919354008e-05
OMN,Oman,2010,76.420398653926,Total GHG,Asia,2757446.0,2.7714195909521345e-05
OMN,Oman,2011,85.519010066608,Total GHG,Asia,3076763.0,2.7795124312989983e-05
OMN,Oman,2012,94.364173194886,Total GHG,Asia,3547106.0,2.6603144421081864e-05
OMN,Oman,2013,98.923692531944,Total GHG,Asia,3833913.0,2.5802278907201077e-05
OMN,Oman,2014,103.64803933717,Total GHG,Asia,4002439.0,2.5896219614382632e-05
OMN,Oman,2015,109.23238514167,Total GHG,Asia,4184895.0,2.6101583227696274e-05
OMN,Oman,2016,111.59444023468,Total GHG,Asia,4390877.0,2.5415068614921345e-05
OMN,Oman,2017,111.98542940643,Total GHG,Asia,4537396.0,2.468055012311687e-05
OMN,Oman,2018,115.4890043621,Total GHG,Asia,4597877.0,2.511789775196248e-05
OMN,Oman,2019,116.70322558665,Total GHG,Asia,4591241.0,2.5418666889115602e-05
OMN,Oman,2020,113.28397826016,Total GHG,Asia,4522497.0,2.5048989144749017e-05
OMN,Oman,2021,119.54839545114,Total GHG,Asia,4500424.0,2.656380719930833e-05
OMN,Oman,2022,127.59369549683,Total GHG,Asia,4730226.0,2.697412248311814e-05
OMN,Oman,2023,130.24858399731,Total GHG,Asia,5049269.0,2.579553277856854e-05
OMN,Oman,2024,132.26466164521,Total GHG,Asia,5281538.0,2.5042830638577247e-05
PAK,Pakistan,1970,84.222458105233,Total GHG,Asia,60166719.0,1.3998180307161673e-06
PAK,Pakistan,1971,85.305583547701,Total GHG,Asia,61847899.0,1.3792802169027763e-06
PAK,Pakistan,1972,87.383205470687,Total GHG,Asia,63583194.0,1.3743129272601028e-06
PAK,Pakistan,1973,90.262322940305,Total GHG,Asia,65461912.0,1.3788525293961013e-06
PAK,Pakistan,1974,93.273285982946,Total GHG,Asia,67415487.0,1.3835587360356235e-06
PAK,Pakistan,1975,97.908817457945,Total GHG,Asia,69461175.0,1.4095473832388381e-06
PAK,Pakistan,1976,99.171414433868,Total GHG,Asia,71620254.0,1.3846839252185282e-06
PAK,Pakistan,1977,103.89837027265,Total GHG,Asia,73901827.0,1.4058971813058153e-06
PAK,Pakistan,1978,108.22421518497,Total GHG,Asia,76307379.0,1.4182667076662404e-06
PAK,Pakistan,1979,113.0938075821,Total GHG,Asia,78997039.0,1.4316208431824893e-06
PAK,Pakistan,1980,114.99438884547,Total GHG,Asia,82291010.0,1.3974113192373018e-06
PAK,Pakistan,1981,120.42226038518,Total GHG,Asia,85802049.0,1.4034893314165491e-06
PAK,Pakistan,1982,127.05459514662,Total GHG,Asia,89089246.0,1.42614962917769e-06
PAK,Pakistan,1983,131.20085169967,Total GHG,Asia,92227711.0,1.4225751704893772e-06
PAK,Pakistan,1984,135.62483929536,Total GHG,Asia,95164936.0,1.4251555772113377e-06
PAK,Pakistan,1985,144.04947950336,Total GHG,Asia,98229285.0,1.4664616514653446e-06
PAK,Pakistan,1986,157.81115712738,Total GHG,Asia,101606764.0,1.5531560194888206e-06
PAK,Pakistan,1987,166.80415890399,Total GHG,Asia,105130717.0,1.5866357965007504e-06
PAK,Pakistan,1988,174.19594367722,Total GHG,Asia,108724739.0,1.6021739420061518e-06
PAK,Pakistan,1989,182.90249333544,Total GHG,Asia,112336629.0,1.6281643393041463e-06
PAK,Pakistan,1990,188.87742085379,Total GHG,Asia,116155576.0,1.6260727840890737e-06
PAK,Pakistan,1991,190.81929471525,Total GHG,Asia,120060406.0,1.5893607315908128e-06
PAK,Pakistan,1992,201.80769835659,Total GHG,Asia,123546848.0,1.6334508052895854e-06
PAK,Pakistan,1993,213.98596137287,Total GHG,Asia,127020117.0,1.6846619765975337e-06
PAK,Pakistan,1994,219.02094863818,Total GHG,Asia,130748083.0,1.6751369780173372e-06
PAK,Pakistan,1995,230.47618123225,Total GHG,Asia,134582253.0,1.7125302637952569e-06
PAK,Pakistan,1996,240.16232648763,Total GHG,Asia,138557092.0,1.733309518993297e-06
PAK,Pakistan,1997,246.58762449533,Total GHG,Asia,142531804.0,1.7300533465171745e-06
PAK,Pakistan,1998,252.06531959314,Total GHG,Asia,146522356.0,1.7203198643157226e-06
PAK,Pakistan,1999,265.27003406291,Total GHG,Asia,150565377.0,1.7618262534746617e-06
PAK,Pakistan,2000,271.33194793722,Total GHG,Asia,154879127.0,1.7518948691983523e-06
PAK,Pakistan,2001,274.66192222485,Total GHG,Asia,159270907.0,1.7244952477406939e-06
PAK,Pakistan,2002,279.87688555581,Total GHG,Asia,163222549.0,1.7146949809968352e-06
PAK,Pakistan,2003,290.86530423078,Total GHG,Asia,167110248.0,1.7405593475678404e-06
PAK,Pakistan,2004,310.87883631361,Total GHG,Asia,171286000.0,1.8149693279871678e-06
PAK,Pakistan,2005,319.16484961721,Total GHG,Asia,175453212.0,1.8190880974992353e-06
PAK,Pakistan,2006,341.14837509777,Total GHG,Asia,179682690.0,1.8986156935749903e-06
PAK,Pakistan,2007,363.58122210031,Total GHG,Asia,184493231.0,1.9707022318900688e-06
PAK,Pakistan,2008,365.14263765789,Total GHG,Asia,189499113.0,1.92688309658679e-06
PAK,Pakistan,2009,375.79517854385,Total GHG,Asia,194376534.0,1.933336143054439e-06
PAK,Pakistan,2010,369.14623248631,Total GHG,Asia,199239047.0,1.8527805570476856e-06
PAK,Pakistan,2011,377.64378491006,Total GHG,Asia,203746065.0,1.8535022254788576e-06
PAK,Pakistan,2012,381.79593543691,Total GHG,Asia,207667125.0,1.8384996442595811e-06
PAK,Pakistan,2013,396.26988838518,Total GHG,Asia,211073978.0,1.8773981148219986e-06
PAK,Pakistan,2014,412.43466563129,Total GHG,Asia,214264647.0,1.924884349359276e-06
PAK,Pakistan,2015,423.57231837349,Total GHG,Asia,217290883.0,1.949333135958079e-06
PAK,Pakistan,2016,454.0304506915,Total GHG,Asia,220138869.0,2.0624728961040496e-06
PAK,Pakistan,2017,477.20103281016,Total GHG,Asia,223273967.0,2.137289175366154e-06
PAK,Pakistan,2018,473.29276303213,Total GHG,Asia,226928892.0,2.085643475631697e-06
PAK,Pakistan,2019,476.09084949141,Total GHG,Asia,230800899.0,2.062777274933448e-06
PAK,Pakistan,2020,511.26421845639,Total GHG,Asia,235001746.0,2.1755762548946765e-06
PAK,Pakistan,2021,526.95171032811,Total GHG,Asia,239477801.0,2.2004198640863167e-06
PAK,Pakistan,2022,537.65633571558,Total GHG,Asia,243700667.0,2.206216102459744e-06
PAK,Pakistan,2023,522.21000937951,Total GHG,Asia,247504495.0,2.1099011126222576e-06
PAK,Pakistan,2024,525.88247143799,Total GHG,Asia,251269164.0,2.0929049273948716e-06
PAN,Panama,1970,5.8577236769321,Total GHG,North America,1513070.0,3.871416178320963e-06
PAN,Panama,1971,6.039558445753,Total GHG,North America,1556081.0,3.8812622516135085e-06
PAN,Panama,1972,6.3128903978114,Total GHG,North America,1599723.0,3.946239691378695e-06
PAN,Panama,1973,6.7218852536652,Total GHG,North America,1643690.0,4.089509124996319e-06
PAN,Panama,1974,6.8581894729628,Total GHG,North America,1687926.0,4.063086576640682e-06
PAN,Panama,1975,6.996592095706,Total GHG,North America,1732389.0,4.0386957523431515e-06
PAN,Panama,1976,7.0195496369623,Total GHG,North America,1776935.0,3.950369392781559e-06
PAN,Panama,1977,7.046151683954,Total GHG,North America,1821543.0,3.868232418314583e-06
PAN,Panama,1978,6.9171912079435,Total GHG,North America,1866311.0,3.7063443380784337e-06
PAN,Panama,1979,7.2579046411529,Total GHG,North America,1911552.0,3.796864872707046e-06
PAN,Panama,1980,7.076012097411,Total GHG,North America,1957534.0,3.614758209773623e-06
PAN,Panama,1981,6.740982602744,Total GHG,North America,2004418.0,3.363062296758461e-06
PAN,Panama,1982,7.1527161991245,Total GHG,North America,2052271.0,3.4852688553921484e-06
PAN,Panama,1983,7.645518757811,Total GHG,North America,2101106.0,3.6388067797678937e-06
PAN,Panama,1984,7.0319527434184,Total GHG,North America,2150782.0,3.2694865139369776e-06
PAN,Panama,1985,6.8507842150134,Total GHG,North America,2200915.0,3.112698225516842e-06
PAN,Panama,1986,6.9605035327868,Total GHG,North America,2251325.0,3.091736436448225e-06
PAN,Panama,1987,7.2677762754438,Total GHG,North America,2301970.0,3.157198519287306e-06
PAN,Panama,1988,6.5601722527612,Total GHG,North America,2352848.0,2.788183619494842e-06
PAN,Panama,1989,6.7253500240121,Total GHG,North America,2403820.0,2.797776049792455e-06
PAN,Panama,1990,6.8745141263877,Total GHG,North America,2455583.0,2.799544599546299e-06
PAN,Panama,1991,7.3685333808283,Total GHG,North America,2508265.0,2.937701311794527e-06
PAN,Panama,1992,8.0959419841301,Total GHG,North America,2561336.0,3.1608277805528443e-06
PAN,Panama,1993,8.241859802978,Total GHG,North America,2615099.0,3.1516435144436218e-06
PAN,Panama,1994,8.5750632878315,Total GHG,North America,2669546.0,3.2121803811702437e-06
PAN,Panama,1995,8.9179552964233,Total GHG,North America,2724557.0,3.273176261837539e-06
PAN,Panama,1996,8.9706174980635,Total GHG,North America,2780227.0,3.226577361511668e-06
PAN,Panama,1997,9.01237377259,Total GHG,North America,2836695.0,3.1770683039910878e-06
PAN,Panama,1998,10.2812624314,Total GHG,North America,2893914.0,3.5527187163820347e-06
PAN,Panama,1999,9.5436618250366,Total GHG,North America,2951822.0,3.2331427250818643e-06
PAN,Panama,2000,9.6956236961818,Total GHG,North America,3010369.0,3.2207426053689097e-06
PAN,Panama,2001,11.19575701242,Total GHG,North America,3069537.0,3.647376465056456e-06
PAN,Panama,2002,10.477095517097,Total GHG,North America,3129344.0,3.3480165546187953e-06
PAN,Panama,2003,10.566143817455,Total GHG,North America,3189807.0,3.312471198870339e-06
PAN,Panama,2004,10.572210579633,Total GHG,North America,3251155.0,3.25183221951368e-06
PAN,Panama,2005,12.387976779187,Total GHG,North America,3313026.0,3.739172822424877e-06
PAN,Panama,2006,12.839044717732,Total GHG,North America,3375024.0,3.8041343462245006e-06
PAN,Panama,2007,12.779999326747,Total GHG,North America,3437490.0,3.7178288014647314e-06
PAN,Panama,2008,12.772465129025,Total GHG,North America,3500648.0,3.6486002388772025e-06
PAN,Panama,2009,14.263744643325,Total GHG,North America,3564381.0,4.001745224016456e-06
PAN,Panama,2010,14.84508442394,Total GHG,North America,3628535.0,4.091206071855445e-06
PAN,Panama,2011,15.911142195087,Total GHG,North America,3693505.0,4.307870760994503e-06
PAN,Panama,2012,16.369704859284,Total GHG,North America,3759256.0,4.354506545785655e-06
PAN,Panama,2013,16.254517448441,Total GHG,North America,3825329.0,4.249181560185019e-06
PAN,Panama,2014,16.611890785181,Total GHG,North America,3892101.0,4.2681037273136024e-06
PAN,Panama,2015,16.388571113655,Total GHG,North America,3960035.0,4.138491481427563e-06
PAN,Panama,2016,16.572157603822,Total GHG,North America,4029086.0,4.113130770557392e-06
PAN,Panama,2017,16.088000236104,Total GHG,North America,4098707.0,3.925140351848522e-06
PAN,Panama,2018,16.032009263059,Total GHG,North America,4167860.0,3.846580562461071e-06
PAN,Panama,2019,19.319135238664,Total GHG,North America,4234700.0,4.562102448500248e-06
PAN,Panama,2020,15.97369569238,Total GHG,North America,4293261.0,3.7206439795717053e-06
PAN,Panama,2021,17.18227973395,Total GHG,North America,4345405.0,3.954126193979618e-06
PAN,Panama,2022,18.063614093449,Total GHG,North America,4400773.0,4.1046457277957765e-06
PAN,Panama,2023,19.49312359185,Total GHG,North America,4458759.0,4.371871992150731e-06
PAN,Panama,2024,19.217954518897,Total GHG,North America,4515577.0,4.255924440862596e-06
PER,Peru,1970,36.787463338802,Total GHG,South America,13501237.0,2.7247476167407475e-06
PER,Peru,1971,37.57934183719,Total GHG,South America,13838067.0,2.7156496523098205e-06
PER,Peru,1972,36.948441839886,Total GHG,South America,14210147.0,2.6001449414904716e-06
PER,Peru,1973,38.090878703845,Total GHG,South America,14582867.0,2.612029493503918e-06
PER,Peru,1974,40.211976038857,Total GHG,South America,14956552.0,2.68858598150543e-06
PER,Peru,1975,40.441702441998,Total GHG,South America,15333957.0,2.6373950599964507e-06
PER,Peru,1976,41.319321698759,Total GHG,South America,15716809.0,2.628989236858385e-06
PER,Peru,1977,41.385773151748,Total GHG,South America,16109806.0,2.5689802317760993e-06
PER,Peru,1978,42.583218386572,Total GHG,South America,16516059.0,2.5782917333107128e-06
PER,Peru,1979,44.557457477363,Total GHG,South America,16933139.0,2.6313761126843053e-06
PER,Peru,1980,45.539304204308,Total GHG,South America,17360949.0,2.6230884155185298e-06
PER,Peru,1981,47.087089399647,Total GHG,South America,17798805.0,2.645519707623461e-06
PER,Peru,1982,46.977778803465,Total GHG,South America,18246503.0,2.5746182051138787e-06
PER,Peru,1983,42.506528329683,Total GHG,South America,18705957.0,2.272352509400241e-06
PER,Peru,1984,44.153701333116,Total GHG,South America,19174716.0,2.302704318182131e-06
PER,Peru,1985,43.196411685705,Total GHG,South America,19648204.0,2.1984916120427598e-06
PER,Peru,1986,45.316142390156,Total GHG,South America,20117122.0,2.2526155774248424e-06
PER,Peru,1987,47.391738121822,Total GHG,South America,20582320.0,2.3025459774127505e-06
PER,Peru,1988,47.558801489814,Total GHG,South America,21054702.0,2.258820927022097e-06
PER,Peru,1989,44.34628441054,Total GHG,South America,21532589.0,2.0594961623305027e-06
PER,Peru,1990,43.459141638538,Total GHG,South America,22014771.0,1.9740901069803544e-06
PER,Peru,1991,42.52624822435,Total GHG,South America,22483775.0,1.8914194001830208e-06
PER,Peru,1992,43.343948197802,Total GHG,South America,22946340.0,1.8889264343595536e-06
PER,Peru,1993,45.104584971434,Total GHG,South America,23413783.0,1.9264116768927942e-06
PER,Peru,1994,46.030490248925,Total GHG,South America,23881493.0,1.9274544622869684e-06
PER,Peru,1995,50.597991403206,Total GHG,South America,24348919.0,2.078038511820833e-06
PER,Peru,1996,53.51645179267,Total GHG,South America,24811171.0,2.1569498591045943e-06
PER,Peru,1997,53.395002414229,Total GHG,South America,25274147.0,2.112633214257597e-06
PER,Peru,1998,53.480776227933,Total GHG,South America,25738095.0,2.0778840169768976e-06
PER,Peru,1999,56.08496716338,Total GHG,South America,26186504.0,2.1417508485813915e-06
PER,Peru,2000,56.529337315512,Total GHG,South America,26598331.0,2.125296407338942e-06
PER,Peru,2001,53.732784005926,Total GHG,South America,26964601.0,1.9927157092339693e-06
PER,Peru,2002,55.3559975817,Total GHG,South America,27288217.0,2.028567772738688e-06
PER,Peru,2003,55.390580288506,Total GHG,South America,27580490.0,2.008324735655748e-06
PER,Peru,2004,59.349275656681,Total GHG,South America,27852190.0,2.130865675434535e-06
PER,Peru,2005,60.194810042031,Total GHG,South America,28101180.0,2.14207410656887e-06
PER,Peru,2006,59.767073262452,Total GHG,South America,28324491.0,2.1100846353232614e-06
PER,Peru,2007,62.9141973164,Total GHG,South America,28530699.0,2.205140410909666e-06
PER,Peru,2008,68.038850464144,Total GHG,South America,28719041.0,2.369119862468388e-06
PER,Peru,2009,71.569592837243,Total GHG,South America,28896811.0,2.4767297968361626e-06
PER,Peru,2010,75.801949521384,Total GHG,South America,29086019.0,2.606130097122745e-06
PER,Peru,2011,79.655415793591,Total GHG,South America,29304086.0,2.7182358048495698e-06
PER,Peru,2012,79.814978395597,Total GHG,South America,29550366.0,2.7009810435375657e-06
PER,Peru,2013,81.889985447746,Total GHG,South America,29817919.0,2.746334693837823e-06
PER,Peru,2014,84.816527094673,Total GHG,South America,30115826.0,2.8163440409926994e-06
PER,Peru,2015,86.767484345204,Total GHG,South America,30457600.0,2.8487958455427874e-06
PER,Peru,2016,89.161229717303,Total GHG,South America,30866494.0,2.888608914161194e-06
PER,Peru,2017,87.203087336634,Total GHG,South America,31324637.0,2.783849892231281e-06
PER,Peru,2018,87.292051183305,Total GHG,South America,31897584.0,2.7366352004372807e-06
PER,Peru,2019,91.26336886895,Total GHG,South America,32449303.0,2.812490883670136e-06
PER,Peru,2020,80.141807073386,Total GHG,South America,32838579.0,2.4404773139966257e-06
PER,Peru,2021,93.508524334208,Total GHG,South America,33155882.0,2.8202695477746003e-06
PER,Peru,2022,97.630082665037,Total GHG,South America,33475438.0,2.9164691636009957e-06
PER,Peru,2023,99.2574014718,Total GHG,South America,33845617.0,2.9326515593378014e-06
PER,Peru,2024,103.81302462112,Total GHG,South America,34217848.0,3.0338852583926374e-06
PHL,Philippines,1970,66.033248826777,Total GHG,Asia,37622204.0,1.7551669441475837e-06
PHL,Philippines,1971,67.022567183913,Total GHG,Asia,38518659.0,1.7400026097459155e-06
PHL,Philippines,1972,67.396255216165,Total GHG,Asia,39408560.0,1.7101932985159824e-06
PHL,Philippines,1973,74.182330992922,Total GHG,Asia,40294130.0,1.8410207887084796e-06
PHL,Philippines,1974,71.963870163302,Total GHG,Asia,41174341.0,1.7477843825916243e-06
PHL,Philippines,1975,73.908314325261,Total GHG,Asia,42120826.0,1.7546739070421126e-06
PHL,Philippines,1976,72.976266151951,Total GHG,Asia,43201488.0,1.6892072363792421e-06
PHL,Philippines,1977,77.21957744408,Total GHG,Asia,44367962.0,1.7404355296752192e-06
PHL,Philippines,1978,79.403526770045,Total GHG,Asia,45575281.0,1.7422498562333604e-06
PHL,Philippines,1979,83.623030678915,Total GHG,Asia,46807103.0,1.7865457445404173e-06
PHL,Philippines,1980,79.517860537496,Total GHG,Asia,48043740.0,1.655113872015293e-06
PHL,Philippines,1981,78.052579620428,Total GHG,Asia,49311727.0,1.5828401146937727e-06
PHL,Philippines,1982,78.950194893596,Total GHG,Asia,50695707.0,1.5573349217438866e-06
PHL,Philippines,1983,80.832583884611,Total GHG,Asia,52194620.0,1.5486765472113983e-06
PHL,Philippines,1984,77.231314352245,Total GHG,Asia,53726181.0,1.4374986815505274e-06
PHL,Philippines,1985,78.496897764389,Total GHG,Asia,55213006.0,1.4217102717499026e-06
PHL,Philippines,1986,77.836854301298,Total GHG,Asia,56645077.0,1.3741150762545173e-06
PHL,Philippines,1987,83.922755593879,Total GHG,Asia,58157496.0,1.4430256005842995e-06
PHL,Philippines,1988,86.836188993369,Total GHG,Asia,59739052.0,1.4535916805872482e-06
PHL,Philippines,1989,89.337020658781,Total GHG,Asia,61265260.0,1.4582003024027156e-06
PHL,Philippines,1990,92.011146253685,Total GHG,Asia,62854666.0,1.4638713735856141e-06
PHL,Philippines,1991,91.503049997109,Total GHG,Asia,64382249.0,1.4212465612549354e-06
PHL,Philippines,1992,94.412687783491,Total GHG,Asia,65926125.0,1.4320982430484273e-06
PHL,Philippines,1993,99.087728475547,Total GHG,Asia,67530621.0,1.4673007149682067e-06
PHL,Philippines,1994,104.92896405012,Total GHG,Asia,69019291.0,1.520284583191676e-06
PHL,Philippines,1995,116.8375145224,Total GHG,Asia,70546246.0,1.6561833002765307e-06
PHL,Philippines,1996,122.79943823754,Total GHG,Asia,72190242.0,1.7010531456251388e-06
PHL,Philippines,1997,132.06102857301,Total GHG,Asia,73908810.0,1.786810375826779e-06
PHL,Philippines,1998,126.39115387122,Total GHG,Asia,75791024.0,1.6676269457874062e-06
PHL,Philippines,1999,131.09237606132,Total GHG,Asia,77753257.0,1.6860049484656316e-06
PHL,Philippines,2000,132.77516832028,Total GHG,Asia,79625397.0,1.6674977246302456e-06
PHL,Philippines,2001,131.62046044787,Total GHG,Asia,81401488.0,1.616929415932421e-06
PHL,Philippines,2002,134.56593254839,Total GHG,Asia,83068889.0,1.6199317719102998e-06
PHL,Philippines,2003,137.65986807205,Total GHG,Asia,84731835.0,1.624653450170765e-06
PHL,Philippines,2004,140.93007650239,Total GHG,Asia,86394504.0,1.6312389096231168e-06
PHL,Philippines,2005,145.0007884128,Total GHG,Asia,88015962.0,1.647437409282648e-06
PHL,Philippines,2006,137.58836170514,Total GHG,Asia,89508986.0,1.537145797910614e-06
PHL,Philippines,2007,146.19582629677,Total GHG,Asia,91075184.0,1.605221311403225e-06
PHL,Philippines,2008,148.11134370732,Total GHG,Asia,92699095.0,1.5977647215144874e-06
PHL,Philippines,2009,150.4793888139,Total GHG,Asia,94384250.0,1.5943273248863024e-06
PHL,Philippines,2010,156.64380068428,Total GHG,Asia,96337125.0,1.6259962157297095e-06
PHL,Philippines,2011,157.75934983606,Total GHG,Asia,98248614.0,1.6057157797265212e-06
PHL,Philippines,2012,163.07283951933,Total GHG,Asia,100175512.0,1.627871285742268e-06
PHL,Philippines,2013,173.26310131553,Total GHG,Asia,102076336.0,1.6973875445091407e-06
PHL,Philippines,2014,181.13840045268,Total GHG,Asia,103767130.0,1.7456240762626856e-06
PHL,Philippines,2015,190.63380672339,Total GHG,Asia,105312992.0,1.8101641887013333e-06
PHL,Philippines,2016,202.6230278155,Total GHG,Asia,106735719.0,1.898361951499104e-06
PHL,Philippines,2017,220.80733979038,Total GHG,Asia,108119693.0,2.0422490451427755e-06
PHL,Philippines,2018,226.90600230312,Total GHG,Asia,109465287.0,2.0728580586749842e-06
PHL,Philippines,2019,235.21670182183,Total GHG,Asia,110804683.0,2.122804699705968e-06
PHL,Philippines,2020,225.14494406491,Total GHG,Asia,112081264.0,2.008765212220572e-06
PHL,Philippines,2021,235.61299406005,Total GHG,Asia,113100950.0,2.0832096817935658e-06
PHL,Philippines,2022,242.59674573043,Total GHG,Asia,113964338.0,2.1287075412172358e-06
PHL,Philippines,2023,254.53138369803,Total GHG,Asia,114891199.0,2.2154123719957873e-06
PHL,Philippines,2024,266.59728422387,Total GHG,Asia,115843670.0,2.3013539214000216e-06
PLW,Palau,1970,2.1663474132485,Total GHG,Oceania,11368.0,0.00019056539525409043
PLW,Palau,1971,2.1665094991613,Total GHG,Oceania,11759.0,0.00018424266512129432
PLW,Palau,1972,2.1664908286854,Total GHG,Oceania,12194.0,0.00017766859346280136
PLW,Palau,1973,2.1665624166574,Total GHG,Oceania,12552.0,0.00017260694842713512
PLW,Palau,1974,2.1666395810337,Total GHG,Oceania,12687.0,0.00017077635225299124
PLW,Palau,1975,2.1666834333089,Total GHG,Oceania,12655.0,0.00017121165020220466
PLW,Palau,1976,2.1668277095997,Total GHG,Oceania,12598.0,0.0001719977543736863
PLW,Palau,1977,2.1668813992072,Total GHG,Oceania,12525.0,0.00017300450293071456
PLW,Palau,1978,2.1669332927545,Total GHG,Oceania,12440.0,0.00017419077916032958
PLW,Palau,1979,2.1668678010916,Total GHG,Oceania,12337.0,0.0001756397666443706
PLW,Palau,1980,2.166660919172,Total GHG,Oceania,12271.0,0.00017656759181582595
PLW,Palau,1981,2.1994025219739,Total GHG,Oceania,12402.0,0.00017734256748701017
PLW,Palau,1982,2.1837953589391,Total GHG,Oceania,12694.0,0.00017203366621546402
PLW,Palau,1983,2.2674112409467,Total GHG,Oceania,13006.0,0.0001743357866328387
PLW,Palau,1984,2.5073296519895,Total GHG,Oceania,13337.0,0.00018799802444249082
PLW,Palau,1985,2.0294485424046,Total GHG,Oceania,13688.0,0.00014826479707806837
PLW,Palau,1986,2.2124868027245,Total GHG,Oceania,14024.0,0.00015776431850574016
PLW,Palau,1987,2.3195563480469,Total GHG,Oceania,14334.0,0.00016182198605043256
PLW,Palau,1988,2.2204082835611,Total GHG,Oceania,14645.0,0.00015161545125033117
PLW,Palau,1989,2.3185743629581,Total GHG,Oceania,14945.0,0.000155140472596728
PLW,Palau,1990,2.3433900001459,Total GHG,Oceania,15259.0,0.00015357428403865915
PLW,Palau,1991,2.3259593450101,Total GHG,Oceania,15614.0,0.00014896627033496223
PLW,Palau,1992,2.1276019688887,Total GHG,Oceania,15989.0,0.00013306660634740758
PLW,Palau,1993,2.1774280959909,Total GHG,Oceania,16372.0,0.0001329970740282739
PLW,Palau,1994,3.2586437693885,Total GHG,Oceania,16770.0,0.0001943138801066488
PLW,Palau,1995,2.5566316583397,Total GHG,Oceania,17195.0,0.00014868459775165454
PLW,Palau,1996,2.405839358623,Total GHG,Oceania,17654.0,0.00013627729458609946
PLW,Palau,1997,2.6979548322017,Total GHG,Oceania,18108.0,0.00014899242501666116
PLW,Palau,1998,2.4379764145965,Total GHG,Oceania,18524.0,0.00013161176930449688
PLW,Palau,1999,2.6008065316492,Total GHG,Oceania,18901.0,0.00013760153069410086
PLW,Palau,2000,2.2407856213408,Total GHG,Oceania,19178.0,0.00011684146529047867
PLW,Palau,2001,2.4828821685785,Total GHG,Oceania,19352.0,0.00012830106286577616
PLW,Palau,2002,1.5096471254962,Total GHG,Oceania,19503.0,7.74058927086192e-05
PLW,Palau,2003,1.794536231337,Total GHG,Oceania,19659.0,9.128318995559285e-05
PLW,Palau,2004,1.5964390370254,Total GHG,Oceania,19820.0,8.054687371470232e-05
PLW,Palau,2005,1.8429621193125,Total GHG,Oceania,19819.0,9.298966241043948e-05
PLW,Palau,2006,1.8022361864896,Total GHG,Oceania,19593.0,9.198367715457561e-05
PLW,Palau,2007,1.4635690123808,Total GHG,Oceania,19302.0,7.58247338296964e-05
PLW,Palau,2008,1.481132914789,Total GHG,Oceania,19009.0,7.791745566778895e-05
PLW,Palau,2009,2.2835540961881,Total GHG,Oceania,18709.0,0.00012205644856422576
PLW,Palau,2010,2.2049445865214,Total GHG,Oceania,18396.0,0.00011986000144169386
PLW,Palau,2011,2.4652544252453,Total GHG,Oceania,18078.0,0.0001363676526853247
PLW,Palau,2012,3.7209933939947,Total GHG,Oceania,17765.0,0.00020945642521782718
PLW,Palau,2013,1.8806758419294,Total GHG,Oceania,17648.0,0.00010656594752546465
PLW,Palau,2014,1.3222772735814,Total GHG,Oceania,17715.0,7.464167505398814e-05
PLW,Palau,2015,1.2532048431888,Total GHG,Oceania,17770.0,7.052362651597074e-05
PLW,Palau,2016,1.2006182638369,Total GHG,Oceania,17797.0,6.746183423256168e-05
PLW,Palau,2017,1.2552620009916,Total GHG,Oceania,17812.0,7.047282736310352e-05
PLW,Palau,2018,1.2867348257056,Total GHG,Oceania,17814.0,7.223166193474795e-05
PLW,Palau,2019,1.3265054256483,Total GHG,Oceania,17798.0,7.453115100844477e-05
PLW,Palau,2020,1.3360265757922,Total GHG,Oceania,17792.0,7.509142175091053e-05
PLW,Palau,2021,1.3894728604918,Total GHG,Oceania,17783.0,7.813489627688242e-05
PLW,Palau,2022,1.4626826556078,Total GHG,Oceania,17759.0,8.236289518597894e-05
PLW,Palau,2023,1.4620351206145,Total GHG,Oceania,17727.0,8.247504488150843e-05
PLW,Palau,2024,1.5338110380463,Total GHG,Oceania,17695.0,8.668047686048601e-05
PNG,Papua New Guinea,1970,2.7629967531146,Total GHG,Oceania,2505628.0,1.1027162663869496e-06
PNG,Papua New Guinea,1971,2.7937285113806,Total GHG,Oceania,2566421.0,1.0885698454698585e-06
PNG,Papua New Guinea,1972,2.905342203088,Total GHG,Oceania,2628432.0,1.1053518611430692e-06
PNG,Papua New Guinea,1973,3.1855555923664,Total GHG,Oceania,2690629.0,1.1839445692313582e-06
PNG,Papua New Guinea,1974,3.5596935187919,Total GHG,Oceania,2752671.0,1.293177978331555e-06
PNG,Papua New Guinea,1975,3.2800159268942,Total GHG,Oceania,2814820.0,1.1652666695896008e-06
PNG,Papua New Guinea,1976,3.2913908397253,Total GHG,Oceania,2877327.0,1.1439057290760836e-06
PNG,Papua New Guinea,1977,3.3899938738432,Total GHG,Oceania,2940327.0,1.1529309066111354e-06
PNG,Papua New Guinea,1978,3.4007660520918,Total GHG,Oceania,3003714.0,1.1321870364794386e-06
PNG,Papua New Guinea,1979,3.5409032454497,Total GHG,Oceania,3067341.0,1.1543885226486718e-06
PNG,Papua New Guinea,1980,3.6836684114119,Total GHG,Oceania,3131512.0,1.1763226235160204e-06
PNG,Papua New Guinea,1981,3.6834854716099,Total GHG,Oceania,3197019.0,1.1521625212768208e-06
PNG,Papua New Guinea,1982,3.7092942231942,Total GHG,Oceania,3264291.0,1.1363246178708332e-06
PNG,Papua New Guinea,1983,3.7271147013061,Total GHG,Oceania,3333633.0,1.118033899144297e-06
PNG,Papua New Guinea,1984,3.8283129559299,Total GHG,Oceania,3405198.0,1.1242556103727007e-06
PNG,Papua New Guinea,1985,3.9584830390453,Total GHG,Oceania,3478936.0,1.1378430183956532e-06
PNG,Papua New Guinea,1986,3.858073759361,Total GHG,Oceania,3554793.0,1.0853160111885558e-06
PNG,Papua New Guinea,1987,4.2771252118657,Total GHG,Oceania,3632543.0,1.1774465469137461e-06
PNG,Papua New Guinea,1988,4.139205119459,Total GHG,Oceania,3711880.0,1.115123635316605e-06
PNG,Papua New Guinea,1989,4.0410722239728,Total GHG,Oceania,3796078.0,1.064538775012737e-06
PNG,Papua New Guinea,1990,4.8718502044579,Total GHG,Oceania,3896481.0,1.2503205339530463e-06
PNG,Papua New Guinea,1991,5.0091015706742,Total GHG,Oceania,4021837.0,1.2454760276645223e-06
PNG,Papua New Guinea,1992,5.4456309563089,Total GHG,Oceania,4166699.0,1.3069412876497438e-06
PNG,Papua New Guinea,1993,5.576369508221,Total GHG,Oceania,4320872.0,1.2905657719601506e-06
PNG,Papua New Guinea,1994,5.569284103359,Total GHG,Oceania,4480208.0,1.243086058361353e-06
PNG,Papua New Guinea,1995,5.6079262950821,Total GHG,Oceania,4644278.0,1.2074915186132485e-06
PNG,Papua New Guinea,1996,5.7316967871953,Total GHG,Oceania,4813361.0,1.1907888868496048e-06
PNG,Papua New Guinea,1997,5.6750140518251,Total GHG,Oceania,4987883.0,1.1377600580897947e-06
PNG,Papua New Guinea,1998,9.0000365541519,Total GHG,Oceania,5166390.0,1.7420358420777176e-06
PNG,Papua New Guinea,1999,6.172577687624,Total GHG,Oceania,5349333.0,1.1538966984526855e-06
PNG,Papua New Guinea,2000,7.0746701682355,Total GHG,Oceania,5537064.0,1.2776934072345019e-06
PNG,Papua New Guinea,2001,7.1513564121534,Total GHG,Oceania,5728435.0,1.2483961871180173e-06
PNG,Papua New Guinea,2002,7.8755953148317,Total GHG,Oceania,5924003.0,1.3294381037335227e-06
PNG,Papua New Guinea,2003,8.11108092376,Total GHG,Oceania,6123997.0,1.3244749995403327e-06
PNG,Papua New Guinea,2004,8.6209418514913,Total GHG,Oceania,6328041.0,1.362339759096267e-06
PNG,Papua New Guinea,2005,9.9954740438086,Total GHG,Oceania,6535905.0,1.529317522792727e-06
PNG,Papua New Guinea,2006,10.56854016924,Total GHG,Oceania,6747720.0,1.5662386953281999e-06
PNG,Papua New Guinea,2007,9.7098278265747,Total GHG,Oceania,6963345.0,1.3944200418871532e-06
PNG,Papua New Guinea,2008,10.287252035454,Total GHG,Oceania,7183002.0,1.4321661104165082e-06
PNG,Papua New Guinea,2009,8.5966370684054,Total GHG,Oceania,7406438.0,1.1606979047695262e-06
PNG,Papua New Guinea,2010,7.5293708428612,Total GHG,Oceania,7633523.0,9.863559516177786e-07
PNG,Papua New Guinea,2011,7.7752668808433,Total GHG,Oceania,7859346.0,9.893020209115747e-07
PNG,Papua New Guinea,2012,7.5705491237327,Total GHG,Oceania,8081390.0,9.367879936165314e-07
PNG,Papua New Guinea,2013,7.9836539773564,Total GHG,Oceania,8302698.0,9.615734520702066e-07
PNG,Papua New Guinea,2014,9.5958336997413,Total GHG,Oceania,8523441.0,1.1258168736947085e-06
PNG,Papua New Guinea,2015,10.631312176171,Total GHG,Oceania,8743246.0,1.215945676945496e-06
PNG,Papua New Guinea,2016,11.331140863072,Total GHG,Oceania,8961718.0,1.2643938208133752e-06
PNG,Papua New Guinea,2017,10.483770610921,Total GHG,Oceania,9178714.0,1.1421829475154146e-06
PNG,Papua New Guinea,2018,9.372814376948,Total GHG,Oceania,9394513.0,9.976902876123542e-07
PNG,Papua New Guinea,2019,9.6679638679921,Total GHG,Oceania,9609010.0,1.006135269709585e-06
PNG,Papua New Guinea,2020,10.124634897541,Total GHG,Oceania,9815746.0,1.031468713385717e-06
PNG,Papua New Guinea,2021,10.077276871042,Total GHG,Oceania,10012896.0,1.0064297952402581e-06
PNG,Papua New Guinea,2022,10.427687031899,Total GHG,Oceania,10203169.0,1.0220047351856074e-06
PNG,Papua New Guinea,2023,10.66230244286,Total GHG,Oceania,10389635.0,1.0262441792093754e-06
PNG,Papua New Guinea,2024,10.761087900867,Total GHG,Oceania,10576502.0,1.0174524526981604e-06
POL,Poland,1970,484.91295341237,Total GHG,Europe,32664300.0,1.4845349614483395e-05
POL,Poland,1971,496.45584634243,Total GHG,Europe,32783500.0,1.5143466876399104e-05
POL,Poland,1972,513.88968500435,Total GHG,Europe,33055650.0,1.5546198153851156e-05
POL,Poland,1973,539.32341277905,Total GHG,Europe,33357200.0,1.6168126005151813e-05
POL,Poland,1974,558.76665846506,Total GHG,Europe,33678899.0,1.6591001340781955e-05
POL,Poland,1975,579.23493037961,Total GHG,Europe,34015199.0,1.7028709147919728e-05
POL,Poland,1976,605.12369587431,Total GHG,Europe,34356300.0,1.7613179995351945e-05
POL,Poland,1977,620.70685453959,Total GHG,Europe,34689050.0,1.7893452099137627e-05
POL,Poland,1978,656.39803324086,Total GHG,Europe,34965600.0,1.8772680384173585e-05
POL,Poland,1979,658.23998716702,Total GHG,Europe,35247217.0,1.8674949207111018e-05
POL,Poland,1980,659.71094304449,Total GHG,Europe,35574150.0,1.854467198919693e-05
POL,Poland,1981,599.66524332827,Total GHG,Europe,35898587.0,1.6704424698617526e-05
POL,Poland,1982,619.43251375844,Total GHG,Europe,36230481.0,1.7096999450778476e-05
POL,Poland,1983,620.50068721078,Total GHG,Europe,36571808.0,1.696663963703353e-05
POL,Poland,1984,632.80925827807,Total GHG,Europe,36904134.0,1.7147381328012468e-05
POL,Poland,1985,639.77659237704,Total GHG,Europe,37201885.0,1.7197424065394533e-05
POL,Poland,1986,646.16671773348,Total GHG,Europe,37456119.0,1.7251299253226957e-05
POL,Poland,1987,658.841386545,Total GHG,Europe,37668045.0,1.749072420787965e-05
POL,Poland,1988,645.79802341551,Total GHG,Europe,37824487.0,1.707354348032559e-05
POL,Poland,1989,614.64657313952,Total GHG,Europe,37961529.0,1.619130180819429e-05
POL,Poland,1990,513.45562922291,Total GHG,Europe,38110782.0,1.3472713029685668e-05
POL,Poland,1991,502.57176083577,Total GHG,Europe,38246193.0,1.3140438862392658e-05
POL,Poland,1992,488.79619166141,Total GHG,Europe,38363667.0,1.2741122783215953e-05
POL,Poland,1993,484.8249146952,Total GHG,Europe,38461408.0,1.2605490539899111e-05
POL,Poland,1994,477.68812985006,Total GHG,Europe,38542652.0,1.2393753544775799e-05
POL,Poland,1995,478.1718567984,Total GHG,Europe,38594998.0,1.2389477434314156e-05
POL,Poland,1996,491.57391198519,Total GHG,Europe,38624370.0,1.2727040259431805e-05
POL,Poland,1997,481.04145972171,Total GHG,Europe,38649660.0,1.2446201589398458e-05
POL,Poland,1998,442.45289741213,Total GHG,Europe,38663481.0,1.1443690168821841e-05
POL,Poland,1999,428.22079346922,Total GHG,Europe,38660271.0,1.1076507804852687e-05
POL,Poland,2000,412.06045506178,Total GHG,Europe,38258629.0,1.0770392610299233e-05
POL,Poland,2001,406.5304968018,Total GHG,Europe,38248076.0,1.0628782917127647e-05
POL,Poland,2002,398.75671386297,Total GHG,Europe,38230364.0,1.0430366654708546e-05
POL,Poland,2003,410.26618184923,Total GHG,Europe,38204570.0,1.0738667699943488e-05
POL,Poland,2004,410.03368810603,Total GHG,Europe,38182222.0,1.0738863969363282e-05
POL,Poland,2005,409.95234769955,Total GHG,Europe,38165445.0,1.0741453367032664e-05
POL,Poland,2006,423.24011013508,Total GHG,Europe,38141267.0,1.1096645272299947e-05
POL,Poland,2007,420.4154440774,Total GHG,Europe,38120560.0,1.1028574713419741e-05
POL,Poland,2008,411.64121088527,Total GHG,Europe,38125759.0,1.0796931567585842e-05
POL,Poland,2009,395.30775863575,Total GHG,Europe,38151603.0,1.0361498011911847e-05
POL,Poland,2010,414.17336465925,Total GHG,Europe,38042794.0,1.0887038545571863e-05
POL,Poland,2011,410.71482374392,Total GHG,Europe,38063255.0,1.0790323206565493e-05
POL,Poland,2012,405.0957495741,Total GHG,Europe,38063164.0,1.064272401459059e-05
POL,Poland,2013,399.15332808263,Total GHG,Europe,38040196.0,1.0492935632682598e-05
POL,Poland,2014,385.42384919013,Total GHG,Europe,38011735.0,1.0139601604350078e-05
POL,Poland,2015,387.92298239612,Total GHG,Europe,37986412.0,1.021215118701182e-05
POL,Poland,2016,399.44948573924,Total GHG,Europe,37970087.0,1.0520109836441513e-05
POL,Poland,2017,412.81002571038,Total GHG,Europe,37974826.0,1.0870623231042058e-05
POL,Poland,2018,411.6684368728,Total GHG,Europe,37974750.0,1.0840583199963133e-05
POL,Poland,2019,392.65575849683,Total GHG,Europe,37965475.0,1.034244292997335e-05
POL,Poland,2020,375.62435805308,Total GHG,Europe,37515748.0,1.0012444855239991e-05
POL,Poland,2021,403.14141756792,Total GHG,Europe,36981559.0,1.0901147179001296e-05
POL,Poland,2022,384.93571327703,Total GHG,Europe,36821749.0,1.0454031210658407e-05
POL,Poland,2023,354.31093470926,Total GHG,Europe,36687353.0,9.657576950543692e-06
POL,Poland,2024,348.19504097853,Total GHG,Europe,36554707.0,9.525313415274537e-06
PRI,Puerto Rico,1970,31.449137129525,Total GHG,North America,2718000.0,1.1570690628964312e-05
PRI,Puerto Rico,1971,33.822535790821,Total GHG,North America,2762190.0,1.2244825949996561e-05
PRI,Puerto Rico,1972,41.0425526402,Total GHG,North America,2817256.0,1.4568272333149704e-05
PRI,Puerto Rico,1973,45.365930444392,Total GHG,North America,2878786.0,1.575870191267847e-05
PRI,Puerto Rico,1974,43.086486946163,Total GHG,North America,2939299.0,1.4658762836364385e-05
PRI,Puerto Rico,1975,40.251356952047,Total GHG,North America,2994000.0,1.344400699801169e-05
PRI,Puerto Rico,1976,44.022780063792,Total GHG,North America,3043854.0,1.4462842194071069e-05
PRI,Puerto Rico,1977,49.301116927886,Total GHG,North America,3088690.0,1.5961821007574732e-05
PRI,Puerto Rico,1978,49.901475809097,Total GHG,North America,3129421.0,1.594591325650879e-05
PRI,Puerto Rico,1979,42.744557837161,Total GHG,North America,3168088.0,1.3492225543343808e-05
PRI,Puerto Rico,1980,35.343168800556,Total GHG,North America,3206000.0,1.1024070118701186e-05
PRI,Puerto Rico,1981,30.629181129202,Total GHG,North America,3242552.0,9.446010774600376e-06
PRI,Puerto Rico,1982,23.836534274045,Total GHG,North America,3277453.0,7.272883630686695e-06
PRI,Puerto Rico,1983,24.357189193212,Total GHG,North America,3311138.0,7.356138340719113e-06
PRI,Puerto Rico,1984,22.155785638155,Total GHG,North America,3344190.0,6.6251575532954165e-06
PRI,Puerto Rico,1985,19.705832491969,Total GHG,North America,3377000.0,5.835307222969796e-06
PRI,Puerto Rico,1986,23.967680934062,Total GHG,North America,3409554.0,7.0295648445697e-06
PRI,Puerto Rico,1987,21.574177543731,Total GHG,North America,3441850.0,6.26819226396589e-06
PRI,Puerto Rico,1988,24.938021505156,Total GHG,North America,3473898.0,7.1786855875319315e-06
PRI,Puerto Rico,1989,26.117044836662,Total GHG,North America,3505650.0,7.4499864038514965e-06
PRI,Puerto Rico,1990,21.752457036063,Total GHG,North America,3537000.0,6.149973716726887e-06
PRI,Puerto Rico,1991,22.307958918286,Total GHG,North America,3562110.0,6.262568791611152e-06
PRI,Puerto Rico,1992,22.733748681238,Total GHG,North America,3585176.0,6.34104118772356e-06
PRI,Puerto Rico,1993,23.303848738214,Total GHG,North America,3615497.0,6.445545035223097e-06
PRI,Puerto Rico,1994,24.032160285461,Total GHG,North America,3649237.0,6.585530149305458e-06
PRI,Puerto Rico,1995,24.384995421038,Total GHG,North America,3683103.0,6.62077477090323e-06
PRI,Puerto Rico,1996,24.70716283749,Total GHG,North America,3724655.0,6.633409762109511e-06
PRI,Puerto Rico,1997,25.385429412656,Total GHG,North America,3759430.0,6.752467638087688e-06
PRI,Puerto Rico,1998,25.818576827958,Total GHG,North America,3781101.0,6.828322445752706e-06
PRI,Puerto Rico,1999,27.798798889085,Total GHG,North America,3800081.0,7.315317460097561e-06
PRI,Puerto Rico,2000,27.851343528756,Total GHG,North America,3810605.0,7.30890331817546e-06
PRI,Puerto Rico,2001,27.518238966569,Total GHG,North America,3818774.0,7.2060402020567335e-06
PRI,Puerto Rico,2002,22.855306169705,Total GHG,North America,3823701.0,5.97727337197783e-06
PRI,Puerto Rico,2003,29.203691520989,Total GHG,North America,3826095.0,7.632766965009756e-06
PRI,Puerto Rico,2004,29.24237538637,Total GHG,North America,3826878.0,7.641313725279457e-06
PRI,Puerto Rico,2005,29.357144561717,Total GHG,North America,3821362.0,7.682377268030876e-06
PRI,Puerto Rico,2006,19.930683510306,Total GHG,North America,3805214.0,5.237729996343439e-06
PRI,Puerto Rico,2007,20.899417189358,Total GHG,North America,3782995.0,5.524569075390795e-06
PRI,Puerto Rico,2008,18.262750036763,Total GHG,North America,3760866.0,4.855995942626778e-06
PRI,Puerto Rico,2009,16.774782801928,Total GHG,North America,3740410.0,4.484744400193562e-06
PRI,Puerto Rico,2010,16.145403068032,Total GHG,North America,3724465.0,4.334958998952064e-06
PRI,Puerto Rico,2011,14.310667916881,Total GHG,North America,3693464.0,3.87459250093706e-06
PRI,Puerto Rico,2012,13.906603689288,Total GHG,North America,3661045.0,3.7985339402514854e-06
PRI,Puerto Rico,2013,13.487054388173,Total GHG,North America,3631427.0,3.713981965814816e-06
PRI,Puerto Rico,2014,14.072369831183,Total GHG,North America,3585017.0,3.925328619413241e-06
PRI,Puerto Rico,2015,14.628550765467,Total GHG,North America,3535167.0,4.1380084068070905e-06
PRI,Puerto Rico,2016,13.852655763873,Total GHG,North America,3480432.0,3.980154119911839e-06
PRI,Puerto Rico,2017,14.054628336386,Total GHG,North America,3410837.0,4.120580472296389e-06
PRI,Puerto Rico,2018,16.076075545346,Total GHG,North America,3290690.0,4.88532056965135e-06
PRI,Puerto Rico,2019,14.906324310052,Total GHG,North America,3302691.0,4.513387510382291e-06
PRI,Puerto Rico,2020,14.654483177045,Total GHG,North America,3281590.0,4.465665478333673e-06
PRI,Puerto Rico,2021,14.901458090373,Total GHG,North America,3262711.0,4.567201351996238e-06
PRI,Puerto Rico,2022,16.121873471207,Total GHG,North America,3220137.0,5.006579990605058e-06
PRI,Puerto Rico,2023,16.81116053631,Total GHG,North America,3203792.0,5.247269653058001e-06
PRI,Puerto Rico,2024,17.616493919667,Total GHG,North America,3203295.0,5.499491592147149e-06
PRK,North Korea,1970,94.807451835809,Total GHG,Asia,15172775.0,6.248524204425954e-06
PRK,North Korea,1971,95.490566851685,Total GHG,Asia,15572457.0,6.132016730030785e-06
PRK,North Korea,1972,98.824088839215,Total GHG,Asia,15975069.0,6.186144725835925e-06
PRK,North Korea,1973,101.08185438812,Total GHG,Asia,16350367.0,6.182237645682204e-06
PRK,North Korea,1974,104.78418930215,Total GHG,Asia,16673121.0,6.284617577126082e-06
PRK,North Korea,1975,109.07305222529,Total GHG,Asia,16971055.0,6.427004816453072e-06
PRK,North Korea,1976,116.06373144743,Total GHG,Asia,17243450.0,6.73088804429682e-06
PRK,North Korea,1977,122.72357354542,Total GHG,Asia,17492798.0,7.015662877112054e-06
PRK,North Korea,1978,131.40307789108,Total GHG,Asia,17735995.0,7.408835979660571e-06
PRK,North Korea,1979,140.98874635548,Total GHG,Asia,17983470.0,7.839907779504177e-06
PRK,North Korea,1980,148.03760863396,Total GHG,Asia,18236786.0,8.117527322739872e-06
PRK,North Korea,1981,152.34031806855,Total GHG,Asia,18501295.0,8.234035405010838e-06
PRK,North Korea,1982,158.48433255356,Total GHG,Asia,18776357.0,8.440632682557112e-06
PRK,North Korea,1983,164.02370172041,Total GHG,Asia,19054034.0,8.608345178790486e-06
PRK,North Korea,1984,169.59633898434,Total GHG,Asia,19335043.0,8.771448761936553e-06
PRK,North Korea,1985,175.23308379999,Total GHG,Asia,19620388.0,8.931173216349748e-06
PRK,North Korea,1986,173.24564730312,Total GHG,Asia,19910855.0,8.701065187965057e-06
PRK,North Korea,1987,167.66221918324,Total GHG,Asia,20205483.0,8.297857526258592e-06
PRK,North Korea,1988,171.21498621401,Total GHG,Asia,20503161.0,8.350662915538243e-06
PRK,North Korea,1989,171.5138444249,Total GHG,Asia,20804367.0,8.244127034718239e-06
PRK,North Korea,1990,164.95961407386,Total GHG,Asia,21112137.0,7.813496761311278e-06
PRK,North Korea,1991,159.04214686566,Total GHG,Asia,21428638.0,7.421943796225406e-06
PRK,North Korea,1992,142.9944445637,Total GHG,Asia,21750911.0,6.574181861334452e-06
PRK,North Korea,1993,133.44697752997,Total GHG,Asia,22073352.0,6.04561452786917e-06
PRK,North Korea,1994,121.54785467213,Total GHG,Asia,22393975.0,5.4277034189834544e-06
PRK,North Korea,1995,112.8202418701,Total GHG,Asia,22669304.0,4.976784548396369e-06
PRK,North Korea,1996,102.89593427783,Total GHG,Asia,22895746.0,4.4941070833782835e-06
PRK,North Korea,1997,100.59101643871,Total GHG,Asia,23110830.0,4.3525488456585074e-06
PRK,North Korea,1998,85.762470752162,Total GHG,Asia,23311564.0,3.6789668317476255e-06
PRK,North Korea,1999,93.378111354794,Total GHG,Asia,23497599.0,3.973942671963804e-06
PRK,North Korea,2000,99.770333527618,Total GHG,Asia,23665910.0,4.215782681824532e-06
PRK,North Korea,2001,103.48591120553,Total GHG,Asia,23815358.0,4.3453435050411585e-06
PRK,North Korea,2002,99.762966295402,Total GHG,Asia,23943973.0,4.166516822225033e-06
PRK,North Korea,2003,101.92087678599,Total GHG,Asia,24090380.0,4.23077082163046e-06
PRK,North Korea,2004,104.46912029366,Total GHG,Asia,24254943.0,4.30712701710575e-06
PRK,North Korea,2005,109.28902174255,Total GHG,Asia,24396433.0,4.479713150793397e-06
PRK,North Korea,2006,110.99625751712,Total GHG,Asia,24524507.0,4.525932265106084e-06
PRK,North Korea,2007,95.214790546368,Total GHG,Asia,24646383.0,3.863235856813878e-06
PRK,North Korea,2008,102.82393884153,Total GHG,Asia,24764618.0,4.152050269522832e-06
PRK,North Korea,2009,99.454709854644,Total GHG,Asia,24878332.0,3.997643807255406e-06
PRK,North Korea,2010,97.143788643865,Total GHG,Asia,24987258.0,3.8877330455332474e-06
PRK,North Korea,2011,78.107743684242,Total GHG,Asia,25097874.0,3.1121258989602863e-06
PRK,North Korea,2012,76.098716180138,Total GHG,Asia,25211728.0,3.0183855775430386e-06
PRK,North Korea,2013,65.23971058885,Total GHG,Asia,25329451.0,2.575646451589101e-06
PRK,North Korea,2014,69.032792555668,Total GHG,Asia,25451262.0,2.7123524387776132e-06
PRK,North Korea,2015,59.391309600238,Total GHG,Asia,25575350.0,2.3222090645968874e-06
PRK,North Korea,2016,65.06315841552,Total GHG,Asia,25698326.0,2.5318053174171732e-06
PRK,North Korea,2017,101.64259262013,Total GHG,Asia,25817709.0,3.936933080318242e-06
PRK,North Korea,2018,92.485019896948,Total GHG,Asia,25931147.0,3.56656108952481e-06
PRK,North Korea,2019,100.75796391093,Total GHG,Asia,26037632.0,3.869705352273586e-06
PRK,North Korea,2020,95.250677376594,Total GHG,Asia,26136312.0,3.644380943133599e-06
PRK,North Korea,2021,81.636017994097,Total GHG,Asia,26232534.0,3.112014187958243e-06
PRK,North Korea,2022,84.570590947442,Total GHG,Asia,26328845.0,3.212088906575355e-06
PRK,North Korea,2023,90.622464257268,Total GHG,Asia,26418204.0,3.430303750295365e-06
PRK,North Korea,2024,91.251815189815,Total GHG,Asia,26498823.0,3.443617672747767e-06
PRT,Portugal,1970,29.625411324154,Total GHG,Europe,8680431.0,3.412896355509767e-06
PRT,Portugal,1971,30.522327835481,Total GHG,Europe,8643756.0,3.5311417670143627e-06
PRT,Portugal,1972,31.253846674973,Total GHG,Europe,8630430.0,3.6213545182537835e-06
PRT,Portugal,1973,33.657266552609,Total GHG,Europe,8633100.0,3.8986304517043704e-06
PRT,Portugal,1974,33.092859004727,Total GHG,Europe,8754365.0,3.780155271653284e-06
PRT,Portugal,1975,34.673725156936,Total GHG,Europe,9093470.0,3.8130356351245456e-06
PRT,Portugal,1976,35.936851463475,Total GHG,Europe,9355810.0,3.841126686355858e-06
PRT,Portugal,1977,36.51321942143,Total GHG,Europe,9455675.0,3.861513791604513e-06
PRT,Portugal,1978,38.533337878929,Total GHG,Europe,9558250.0,4.031421848029608e-06
PRT,Portugal,1979,41.567010907508,Total GHG,Europe,9661265.0,4.302439784801265e-06
PRT,Portugal,1980,41.872022877694,Total GHG,Europe,9766312.0,4.287393529685924e-06
PRT,Portugal,1981,43.651628014565,Total GHG,Europe,9851362.0,4.431024665885285e-06
PRT,Portugal,1982,46.028194705288,Total GHG,Europe,9911771.0,4.643791175692821e-06
PRT,Portugal,1983,44.820565589185,Total GHG,Europe,9957865.0,4.501021613486927e-06
PRT,Portugal,1984,43.072459827319,Total GHG,Europe,9996232.0,4.308869564783911e-06
PRT,Portugal,1985,41.724972990135,Total GHG,Europe,10023613.0,4.162667991086149e-06
PRT,Portugal,1986,46.213492086126,Total GHG,Europe,10032734.0,4.606271040987033e-06
PRT,Portugal,1987,46.167771755648,Total GHG,Europe,10030031.0,4.602954044274439e-06
PRT,Portugal,1988,47.068364761223,Total GHG,Europe,10019610.0,4.697624434606038e-06
PRT,Portugal,1989,56.022955198239,Total GHG,Europe,10005000.0,5.599495771937932e-06
PRT,Portugal,1990,57.636871524928,Total GHG,Europe,9983218.0,5.7733760321499536e-06
PRT,Portugal,1991,59.157143854728,Total GHG,Europe,9960235.0,5.939332139726422e-06
PRT,Portugal,1992,62.972137124037,Total GHG,Europe,9952494.0,6.327272051009224e-06
PRT,Portugal,1993,61.851121155793,Total GHG,Europe,9964675.0,6.20703847900639e-06
PRT,Portugal,1994,64.008722509062,Total GHG,Europe,9991525.0,6.4063015915050005e-06
PRT,Portugal,1995,67.442857966025,Total GHG,Europe,10026176.0,6.726678044154123e-06
PRT,Portugal,1996,66.08747288256,Total GHG,Europe,10063945.0,6.566756165952814e-06
PRT,Portugal,1997,68.840320951674,Total GHG,Europe,10108977.0,6.8098207119943e-06
PRT,Portugal,1998,73.579773307851,Total GHG,Europe,10160196.0,7.241963964853729e-06
PRT,Portugal,1999,80.757749328712,Total GHG,Europe,10217828.0,7.903612130553772e-06
PRT,Portugal,2000,80.571567002948,Total GHG,Europe,10289898.0,7.830161873611186e-06
PRT,Portugal,2001,79.493146813248,Total GHG,Europe,10362722.0,7.671068162713233e-06
PRT,Portugal,2002,83.963553412755,Total GHG,Europe,10419631.0,8.058207955037467e-06
PRT,Portugal,2003,79.201878204282,Total GHG,Europe,10458821.0,7.57273484308432e-06
PRT,Portugal,2004,81.225425191925,Total GHG,Europe,10483861.0,7.747663307623499e-06
PRT,Portugal,2005,84.724818572389,Total GHG,Europe,10503330.0,8.066472116213525e-06
PRT,Portugal,2006,79.900309592621,Total GHG,Europe,10522288.0,7.593434963253334e-06
PRT,Portugal,2007,78.163550813388,Total GHG,Europe,10542964.0,7.4138117908197355e-06
PRT,Portugal,2008,75.795570550032,Total GHG,Europe,10558177.0,7.178850150933442e-06
PRT,Portugal,2009,74.956550780383,Total GHG,Europe,10568247.0,7.092619124097213e-06
PRT,Portugal,2010,69.518997512603,Total GHG,Europe,10573100.0,6.575081812581267e-06
PRT,Portugal,2011,67.732298572602,Total GHG,Europe,10557560.0,6.415525800715507e-06
PRT,Portugal,2012,66.253223407136,Total GHG,Europe,10514844.0,6.300923095686061e-06
PRT,Portugal,2013,64.637774346936,Total GHG,Europe,10457295.0,6.181117999151406e-06
PRT,Portugal,2014,64.413544963356,Total GHG,Europe,10401062.0,6.192977694331214e-06
PRT,Portugal,2015,68.861094356111,Total GHG,Europe,10358076.0,6.648058418968059e-06
PRT,Portugal,2016,67.744763239588,Total GHG,Europe,10325452.0,6.5609489288786575e-06
PRT,Portugal,2017,72.819673222181,Total GHG,Europe,10300300.0,7.0696652740387165e-06
PRT,Portugal,2018,68.877584788976,Total GHG,Europe,10283822.0,6.6976640386206605e-06
PRT,Portugal,2019,64.560440414578,Total GHG,Europe,10286263.0,6.27637465759703e-06
PRT,Portugal,2020,58.682527210275,Total GHG,Europe,10297081.0,5.6989478096049745e-06
PRT,Portugal,2021,56.95977642747,Total GHG,Europe,10361831.0,5.497076378438328e-06
PRT,Portugal,2022,57.31886288348,Total GHG,Europe,10434332.0,5.49329491178544e-06
PRT,Portugal,2023,54.977693687807,Total GHG,Europe,10578174.0,5.197276362423892e-06
PRT,Portugal,2024,53.169594055909,Total GHG,Europe,10701636.0,4.968361291293126e-06
PRY,Paraguay,1970,10.348619969109,Total GHG,South America,2388028.0,4.3335421398363e-06
PRY,Paraguay,1971,10.663783901575,Total GHG,South America,2442537.0,4.365863813557379e-06
PRY,Paraguay,1972,11.001294328547,Total GHG,South America,2499881.0,4.4007272060338075e-06
PRY,Paraguay,1973,11.612071409757,Total GHG,South America,2561102.0,4.534013643250835e-06
PRY,Paraguay,1974,11.916008667879,Total GHG,South America,2625621.0,4.538358227588445e-06
PRY,Paraguay,1975,12.498003533369,Total GHG,South America,2691648.0,4.643253327838186e-06
PRY,Paraguay,1976,13.652624235759,Total GHG,South America,2758836.0,4.948690040204999e-06
PRY,Paraguay,1977,14.521810970356,Total GHG,South America,2827874.0,5.135239749138752e-06
PRY,Paraguay,1978,14.787031586058,Total GHG,South America,2899269.0,5.100262026758469e-06
PRY,Paraguay,1979,14.524260935101,Total GHG,South America,2973968.0,4.883798660611345e-06
PRY,Paraguay,1980,14.740083008817,Total GHG,South America,3053235.0,4.82769358035559e-06
PRY,Paraguay,1981,15.853090368584,Total GHG,South America,3137604.0,5.05261032577215e-06
PRY,Paraguay,1982,16.535838690714,Total GHG,South America,3226189.0,5.1255021608200885e-06
PRY,Paraguay,1983,16.994294270122,Total GHG,South America,3318068.0,5.121743819030231e-06
PRY,Paraguay,1984,17.721153461494,Total GHG,South America,3412936.0,5.1923486000012895e-06
PRY,Paraguay,1985,18.286769964627,Total GHG,South America,3510671.0,5.208910195409082e-06
PRY,Paraguay,1986,18.657776360247,Total GHG,South America,3611474.0,5.166249669870806e-06
PRY,Paraguay,1987,19.421093250889,Total GHG,South America,3714889.0,5.227906742540356e-06
PRY,Paraguay,1988,20.407692009997,Total GHG,South America,3820546.0,5.341564271179303e-06
PRY,Paraguay,1989,20.588317690003,Total GHG,South America,3927802.0,5.24168929340201e-06
PRY,Paraguay,1990,20.770441547717,Total GHG,South America,4035747.0,5.146616363145906e-06
PRY,Paraguay,1991,19.474532521351,Total GHG,South America,4144364.0,4.699040074991242e-06
PRY,Paraguay,1992,20.395997756212,Total GHG,South America,4253600.0,4.794996651356968e-06
PRY,Paraguay,1993,22.31247872543,Total GHG,South America,4362696.0,5.114378523149447e-06
PRY,Paraguay,1994,23.720325058735,Total GHG,South America,4471417.0,5.304878757390554e-06
PRY,Paraguay,1995,25.546274133016,Total GHG,South America,4579806.0,5.578025386449993e-06
PRY,Paraguay,1996,25.518945924414,Total GHG,South America,4687543.0,5.443991857656345e-06
PRY,Paraguay,1997,25.895268403148,Total GHG,South America,4794412.0,5.401135405790741e-06
PRY,Paraguay,1998,26.054356223033,Total GHG,South America,4900025.0,5.317188427208637e-06
PRY,Paraguay,1999,25.561157744089,Total GHG,South America,5003135.0,5.1090281881438346e-06
PRY,Paraguay,2000,24.887579523819,Total GHG,South America,5100868.0,4.879087152190372e-06
PRY,Paraguay,2001,25.459918590445,Total GHG,South America,5187689.0,4.907757305891891e-06
PRY,Paraguay,2002,24.622535487059,Total GHG,South America,5261328.0,4.6799088532513084e-06
PRY,Paraguay,2003,26.531524058516,Total GHG,South America,5326436.0,4.981102571872824e-06
PRY,Paraguay,2004,25.629864158558,Total GHG,South America,5388175.0,4.756687405022665e-06
PRY,Paraguay,2005,25.819829845261,Total GHG,South America,5448097.0,4.739238278110871e-06
PRY,Paraguay,2006,27.640840333693,Total GHG,South America,5505148.0,5.020907763731874e-06
PRY,Paraguay,2007,29.700932800761,Total GHG,South America,5559386.0,5.342484368014921e-06
PRY,Paraguay,2008,30.910022662073,Total GHG,South America,5613574.0,5.506300025985762e-06
PRY,Paraguay,2009,33.461452089124,Total GHG,South America,5671236.0,5.900204486133887e-06
PRY,Paraguay,2010,36.453676067323,Total GHG,South America,5737971.0,6.353060353097463e-06
PRY,Paraguay,2011,36.832553737223,Total GHG,South America,5814626.0,6.334466522390778e-06
PRY,Paraguay,2012,38.005222342524,Total GHG,South America,5897008.0,6.444831403064741e-06
PRY,Paraguay,2013,38.755906108203,Total GHG,South America,5982445.0,6.478272028945189e-06
PRY,Paraguay,2014,41.116748615914,Total GHG,South America,6069811.0,6.773975106624242e-06
PRY,Paraguay,2015,40.860442267891,Total GHG,South America,6159103.0,6.6341547247855735e-06
PRY,Paraguay,2016,41.209172837712,Total GHG,South America,6249126.0,6.594389813505441e-06
PRY,Paraguay,2017,42.437644890949,Total GHG,South America,6338660.0,6.695049882932513e-06
PRY,Paraguay,2018,42.000356980216,Total GHG,South America,6427382.0,6.534597909415684e-06
PRY,Paraguay,2019,42.408079314191,Total GHG,South America,6515058.0,6.509240487834644e-06
PRY,Paraguay,2020,42.584450540727,Total GHG,South America,6603739.0,6.4485362823586755e-06
PRY,Paraguay,2021,42.403801580053,Total GHG,South America,6684182.0,6.343902900916372e-06
PRY,Paraguay,2022,41.197578928504,Total GHG,South America,6760464.0,6.09389813014373e-06
PRY,Paraguay,2023,40.954551424128,Total GHG,South America,6844146.0,5.983880446753766e-06
PRY,Paraguay,2024,41.442035300931,Total GHG,South America,6929153.0,5.980822663452662e-06
PYF,French Polynesia,1970,0.19158969242368,Total GHG,Oceania,114010.0,1.6804639279333392e-06
PYF,French Polynesia,1971,0.19237436485804,Total GHG,Oceania,117945.0,1.631051463462122e-06
PYF,French Polynesia,1972,0.20149129543718,Total GHG,Oceania,121886.0,1.653112707260719e-06
PYF,French Polynesia,1973,0.23184006068874,Total GHG,Oceania,125897.0,1.8415058396049151e-06
PYF,French Polynesia,1974,0.27282473894313,Total GHG,Oceania,129960.0,2.099297775801246e-06
PYF,French Polynesia,1975,0.23597998758532,Total GHG,Oceania,134045.0,1.7604534864062069e-06
PYF,French Polynesia,1976,0.23444322897507,Total GHG,Oceania,138114.0,1.6974617270882748e-06
PYF,French Polynesia,1977,0.24647260235413,Total GHG,Oceania,142313.0,1.731905042786885e-06
PYF,French Polynesia,1978,0.24653181173915,Total GHG,Oceania,146821.0,1.6791318117922505e-06
PYF,French Polynesia,1979,0.26188207272884,Total GHG,Oceania,151569.0,1.7278076171831971e-06
PYF,French Polynesia,1980,0.28111978884464,Total GHG,Oceania,156471.0,1.7966255014963795e-06
PYF,French Polynesia,1981,0.40389664525103,Total GHG,Oceania,161506.0,2.500815110590504e-06
PYF,French Polynesia,1982,0.49906790813019,Total GHG,Oceania,166646.0,2.9947788013525078e-06
PYF,French Polynesia,1983,0.63479624419466,Total GHG,Oceania,171750.0,3.6960480011333914e-06
PYF,French Polynesia,1984,0.83130064165067,Total GHG,Oceania,176469.0,4.710746032734758e-06
PYF,French Polynesia,1985,0.80352871011409,Total GHG,Oceania,180988.0,4.43967948214296e-06
PYF,French Polynesia,1986,0.8780027301641,Total GHG,Oceania,185669.0,4.7288601229289755e-06
PYF,French Polynesia,1987,0.98700686070298,Total GHG,Oceania,190449.0,5.182525824252057e-06
PYF,French Polynesia,1988,0.97894655779298,Total GHG,Oceania,195193.0,5.015274921708155e-06
PYF,French Polynesia,1989,0.95299532127825,Total GHG,Oceania,199643.0,4.77349729907009e-06
PYF,French Polynesia,1990,0.93838649886811,Total GHG,Oceania,203776.0,4.604990277893913e-06
PYF,French Polynesia,1991,0.97134568620031,Total GHG,Oceania,207744.0,4.6756858739617516e-06
PYF,French Polynesia,1992,1.0035412507767,Total GHG,Oceania,211559.0,4.743552629652722e-06
PYF,French Polynesia,1993,1.0154939667269,Total GHG,Oceania,215219.0,4.718421546085151e-06
PYF,French Polynesia,1994,0.84013564276711,Total GHG,Oceania,218738.0,3.840830778223765e-06
PYF,French Polynesia,1995,0.79795178136734,Total GHG,Oceania,222118.0,3.592467883590434e-06
PYF,French Polynesia,1996,0.79009484315748,Total GHG,Oceania,225489.0,3.5039174556518502e-06
PYF,French Polynesia,1997,0.82707911843563,Total GHG,Oceania,229121.0,3.6097918498768334e-06
PYF,French Polynesia,1998,0.85306962682686,Total GHG,Oceania,232891.0,3.6629566055659518e-06
PYF,French Polynesia,1999,0.85398646167594,Total GHG,Oceania,236595.0,3.609486513560895e-06
PYF,French Polynesia,2000,0.80752705948462,Total GHG,Oceania,240337.0,3.3599781119204283e-06
PYF,French Polynesia,2001,0.92472324564409,Total GHG,Oceania,244097.0,3.788343345653941e-06
PYF,French Polynesia,2002,0.96880229034111,Total GHG,Oceania,247775.0,3.9100082346528505e-06
PYF,French Polynesia,2003,1.0291320659998,Total GHG,Oceania,251637.0,4.089748590230371e-06
PYF,French Polynesia,2004,0.98096782713639,Total GHG,Oceania,255654.0,3.837091643926518e-06
PYF,French Polynesia,2005,1.0358876855469,Total GHG,Oceania,259507.0,3.991752382582743e-06
PYF,French Polynesia,2006,0.97872284744964,Total GHG,Oceania,263223.0,3.718226930965911e-06
PYF,French Polynesia,2007,1.0467968226768,Total GHG,Oceania,266438.0,3.928857079984087e-06
PYF,French Polynesia,2008,1.0699356133195,Total GHG,Oceania,268379.0,3.986659214467227e-06
PYF,French Polynesia,2009,1.031922916277,Total GHG,Oceania,269481.0,3.8292974876781666e-06
PYF,French Polynesia,2010,1.0885753612027,Total GHG,Oceania,270580.0,4.023118342829108e-06
PYF,French Polynesia,2011,1.0563654206311,Total GHG,Oceania,271727.0,3.887598290310127e-06
PYF,French Polynesia,2012,1.0252742376322,Total GHG,Oceania,273084.0,3.754428079390224e-06
PYF,French Polynesia,2013,1.0954090873808,Total GHG,Oceania,274728.0,3.987249524550828e-06
PYF,French Polynesia,2014,1.0834847300397,Total GHG,Oceania,276387.0,3.920172548056529e-06
PYF,French Polynesia,2015,1.1058403876375,Total GHG,Oceania,277866.0,3.97976142326697e-06
PYF,French Polynesia,2016,1.1092851115883,Total GHG,Oceania,279178.0,3.973397300604991e-06
PYF,French Polynesia,2017,0.98048360316913,Total GHG,Oceania,280087.0,3.500639455487509e-06
PYF,French Polynesia,2018,0.88087572216137,Total GHG,Oceania,279815.0,3.1480646933201222e-06
PYF,French Polynesia,2019,0.88417789816518,Total GHG,Oceania,279034.0,3.168710258123311e-06
PYF,French Polynesia,2020,0.81360780880748,Total GHG,Oceania,279209.0,2.913974151289822e-06
PYF,French Polynesia,2021,0.73760045282495,Total GHG,Oceania,279792.0,2.6362456854554457e-06
PYF,French Polynesia,2022,1.0294713971365,Total GHG,Oceania,280378.0,3.6717267301161288e-06
PYF,French Polynesia,2023,1.0337767016741,Total GHG,Oceania,281118.0,3.677376410169751e-06
PYF,French Polynesia,2024,1.0810034887819,Total GHG,Oceania,281807.0,3.835971032592874e-06
QAT,Qatar,1970,23.54860111338,Total GHG,Asia,116350.0,0.00020239450892462396
QAT,Qatar,1971,27.172870502751,Total GHG,Asia,131346.0,0.0002068800763080033
QAT,Qatar,1972,32.117547552851,Total GHG,Asia,146506.0,0.00021922342807018826
QAT,Qatar,1973,36.480516977567,Total GHG,Asia,161841.0,0.00022540961176442927
QAT,Qatar,1974,31.440017140781,Total GHG,Asia,177362.0,0.00017726467417361667
QAT,Qatar,1975,29.149907283012,Total GHG,Asia,193087.0,0.00015096773621741495
QAT,Qatar,1976,29.157298616105,Total GHG,Asia,209052.0,0.00013947390417745346
QAT,Qatar,1977,26.013664818617,Total GHG,Asia,225285.0,0.00011547002604974587
QAT,Qatar,1978,28.959079702279,Total GHG,Asia,241808.0,0.00011976063530685089
QAT,Qatar,1979,28.297598643119,Total GHG,Asia,258670.0,0.00010939652314964626
QAT,Qatar,1980,24.701749428391,Total GHG,Asia,275913.0,8.952731269781054e-05
QAT,Qatar,1981,20.671353580878,Total GHG,Asia,293553.0,7.041779024870466e-05
QAT,Qatar,1982,19.972565071232,Total GHG,Asia,311537.0,6.410976889175925e-05
QAT,Qatar,1983,17.997837172268,Total GHG,Asia,329709.0,5.458703636318086e-05
QAT,Qatar,1984,25.163101439313,Total GHG,Asia,347878.0,7.23331209197276e-05
QAT,Qatar,1985,22.377743350071,Total GHG,Asia,365940.0,6.115140009310543e-05
QAT,Qatar,1986,23.403535148285,Total GHG,Asia,382422.0,6.119819243737285e-05
QAT,Qatar,1987,23.261602531162,Total GHG,Asia,397005.0,5.859271931376683e-05
QAT,Qatar,1988,24.687635180117,Total GHG,Asia,411264.0,6.002868031268722e-05
QAT,Qatar,1989,26.250000500492,Total GHG,Asia,425646.0,6.16709671898526e-05
QAT,Qatar,1990,26.28981168376,Total GHG,Asia,440175.0,5.972581742207077e-05
QAT,Qatar,1991,27.149424407255,Total GHG,Asia,454853.0,5.9688348559325766e-05
QAT,Qatar,1992,28.737620005054,Total GHG,Asia,469657.0,6.118852695702183e-05
QAT,Qatar,1993,29.033519487453,Total GHG,Asia,484545.0,5.991913957930223e-05
QAT,Qatar,1994,30.174529927655,Total GHG,Asia,499459.0,6.041442826669456e-05
QAT,Qatar,1995,29.838133207366,Total GHG,Asia,514325.0,5.801416071037962e-05
QAT,Qatar,1996,35.294801733219,Total GHG,Asia,529019.0,6.671745576854329e-05
QAT,Qatar,1997,51.631972155044,Total GHG,Asia,550500.0,9.379104841969845e-05
QAT,Qatar,1998,53.126745916637,Total GHG,Asia,580540.0,9.151263636723912e-05
QAT,Qatar,1999,57.257567547367,Total GHG,Asia,612500.0,9.348174293447674e-05
QAT,Qatar,2000,59.996639440945,Total GHG,Asia,644989.0,9.301963202619735e-05
QAT,Qatar,2001,56.44895181795,Total GHG,Asia,677925.0,8.326725200862927e-05
QAT,Qatar,2002,59.621141413824,Total GHG,Asia,711205.0,8.383116178011122e-05
QAT,Qatar,2003,65.36599482218,Total GHG,Asia,744682.0,8.77770576194671e-05
QAT,Qatar,2004,66.242441167755,Total GHG,Asia,773332.0,8.565847678326386e-05
QAT,Qatar,2005,65.671673899314,Total GHG,Asia,825408.0,7.95626816063256e-05
QAT,Qatar,2006,71.413334834185,Total GHG,Asia,972831.0,7.340774999376562e-05
QAT,Qatar,2007,80.014513083518,Total GHG,Asia,1208595.0,6.620457066553973e-05
QAT,Qatar,2008,85.469576234594,Total GHG,Asia,1426938.0,5.989718981104575e-05
QAT,Qatar,2009,87.065902832238,Total GHG,Asia,1608903.0,5.411507271242455e-05
QAT,Qatar,2010,93.74259335365,Total GHG,Asia,1616832.0,5.79791798737593e-05
QAT,Qatar,2011,107.02152617468,Total GHG,Asia,1624761.0,6.58690885457492e-05
QAT,Qatar,2012,116.29878735015,Total GHG,Asia,1722438.0,6.75198685526852e-05
QAT,Qatar,2013,127.19089300146,Total GHG,Asia,1916426.0,6.636879952654577e-05
QAT,Qatar,2014,135.91400013081,Total GHG,Asia,2151745.0,6.316454790451936e-05
QAT,Qatar,2015,139.63005001005,Total GHG,Asia,2344557.0,5.9554982032874445e-05
QAT,Qatar,2016,139.9209361129,Total GHG,Asia,2477113.0,5.648548778876862e-05
QAT,Qatar,2017,139.46138567942,Total GHG,Asia,2545820.0,5.478053659701786e-05
QAT,Qatar,2018,140.39553436326,Total GHG,Asia,2580734.0,5.440139679767849e-05
QAT,Qatar,2019,142.39976732817,Total GHG,Asia,2638657.0,5.3966759350749256e-05
QAT,Qatar,2020,140.67766335416,Total GHG,Asia,2794148.0,5.0347248375590695e-05
QAT,Qatar,2021,144.03444270062,Total GHG,Asia,2504910.0,5.750084541984343e-05
QAT,Qatar,2022,146.13061245786,Total GHG,Asia,2657333.0,5.499145664388317e-05
QAT,Qatar,2023,156.12657350207,Total GHG,Asia,2656032.0,5.878188722954768e-05
QAT,Qatar,2024,162.74468869021,Total GHG,Asia,2857822.0,5.69471047147828e-05
REU,Réunion,1970,0.51529002353653,Total GHG,Africa,,
REU,Réunion,1971,0.51476285650533,Total GHG,Africa,,
REU,Réunion,1972,0.51844212754156,Total GHG,Africa,,
REU,Réunion,1973,0.53586263900047,Total GHG,Africa,,
REU,Réunion,1974,0.5612593982781,Total GHG,Africa,,
REU,Réunion,1975,0.57628958508177,Total GHG,Africa,,
REU,Réunion,1976,0.60551590082302,Total GHG,Africa,,
REU,Réunion,1977,0.63596180051194,Total GHG,Africa,,
REU,Réunion,1978,0.61959472018309,Total GHG,Africa,,
REU,Réunion,1979,0.68287258419484,Total GHG,Africa,,
REU,Réunion,1980,0.66733721591837,Total GHG,Africa,,
REU,Réunion,1981,0.66762067256972,Total GHG,Africa,,
REU,Réunion,1982,0.68159732580627,Total GHG,Africa,,
REU,Réunion,1983,0.80282260434394,Total GHG,Africa,,
REU,Réunion,1984,0.8559470166305,Total GHG,Africa,,
REU,Réunion,1985,0.85433202011522,Total GHG,Africa,,
REU,Réunion,1986,0.86892931739632,Total GHG,Africa,,
REU,Réunion,1987,1.2206678185456,Total GHG,Africa,,
REU,Réunion,1988,1.303010840706,Total GHG,Africa,,
REU,Réunion,1989,1.2742459646993,Total GHG,Africa,,
REU,Réunion,1990,1.161249274412,Total GHG,Africa,,
REU,Réunion,1991,1.5515559255472,Total GHG,Africa,,
REU,Réunion,1992,1.4098913190386,Total GHG,Africa,,
REU,Réunion,1993,1.6280993254603,Total GHG,Africa,,
REU,Réunion,1994,1.6697481827529,Total GHG,Africa,,
REU,Réunion,1995,1.6866630479772,Total GHG,Africa,,
REU,Réunion,1996,1.7288696987073,Total GHG,Africa,,
REU,Réunion,1997,1.713581538483,Total GHG,Africa,,
REU,Réunion,1998,2.1812174703276,Total GHG,Africa,,
REU,Réunion,1999,2.2641255644044,Total GHG,Africa,,
REU,Réunion,2000,2.3230124004807,Total GHG,Africa,,
REU,Réunion,2001,2.3739999284307,Total GHG,Africa,,
REU,Réunion,2002,2.4978119897576,Total GHG,Africa,,
REU,Réunion,2003,2.5780971951838,Total GHG,Africa,,
REU,Réunion,2004,2.7870889264928,Total GHG,Africa,,
REU,Réunion,2005,2.6914381450907,Total GHG,Africa,,
REU,Réunion,2006,2.5977036358694,Total GHG,Africa,,
REU,Réunion,2007,2.4724108611745,Total GHG,Africa,,
REU,Réunion,2008,2.6676879447017,Total GHG,Africa,,
REU,Réunion,2009,2.8017923507953,Total GHG,Africa,,
REU,Réunion,2010,2.9594223565437,Total GHG,Africa,,
REU,Réunion,2011,2.8659059337449,Total GHG,Africa,,
REU,Réunion,2012,2.9050054476389,Total GHG,Africa,,
REU,Réunion,2013,2.9111041687257,Total GHG,Africa,,
REU,Réunion,2014,2.9009557228893,Total GHG,Africa,,
REU,Réunion,2015,2.8767661129827,Total GHG,Africa,,
REU,Réunion,2016,2.8947186431734,Total GHG,Africa,,
REU,Réunion,2017,2.8965209427029,Total GHG,Africa,,
REU,Réunion,2018,2.9053406704196,Total GHG,Africa,,
REU,Réunion,2019,2.9019660879169,Total GHG,Africa,,
REU,Réunion,2020,2.8899632654597,Total GHG,Africa,,
REU,Réunion,2021,2.9017514349342,Total GHG,Africa,,
REU,Réunion,2022,2.9198132526537,Total GHG,Africa,,
REU,Réunion,2023,2.9795823628328,Total GHG,Africa,,
REU,Réunion,2024,3.0343888984009,Total GHG,Africa,,
ROU,Romania,1970,172.29624686241,Total GHG,Europe,20250398.0,8.50828941052961e-06
ROU,Romania,1971,175.06191810734,Total GHG,Europe,20461567.0,8.55564571898819e-06
ROU,Romania,1972,182.22934648255,Total GHG,Europe,20657957.0,8.821266618114753e-06
ROU,Romania,1973,196.7687086552,Total GHG,Europe,20835681.0,9.443833808705363e-06
ROU,Romania,1974,201.05963251001,Total GHG,Europe,21029429.0,9.560869793944953e-06
ROU,Romania,1975,215.41835239911,Total GHG,Europe,21293583.0,1.0116585470801696e-05
ROU,Romania,1976,231.78336072643,Total GHG,Europe,21551634.0,1.0754792918552254e-05
ROU,Romania,1977,241.55953903361,Total GHG,Europe,21756096.0,1.1103073779119655e-05
ROU,Romania,1978,258.53435309082,Total GHG,Europe,21951464.0,1.1777544909570495e-05
ROU,Romania,1979,264.0929809175,Total GHG,Europe,22090488.0,1.1955054180672694e-05
ROU,Romania,1980,261.02791945571,Total GHG,Europe,22207282.0,1.1754158814019203e-05
ROU,Romania,1981,263.78981666178,Total GHG,Europe,22353070.0,1.1801055365628971e-05
ROU,Romania,1982,262.08930210428,Total GHG,Europe,22475741.0,1.1660986042875296e-05
ROU,Romania,1983,265.10496900109,Total GHG,Europe,22560478.0,1.1750857805454743e-05
ROU,Romania,1984,265.03473636845,Total GHG,Europe,22640547.0,1.1706198457504141e-05
ROU,Romania,1985,264.94123755889,Total GHG,Europe,22732999.0,1.165447803692289e-05
ROU,Romania,1986,267.44785368128,Total GHG,Europe,22836841.0,1.1711245600093287e-05
ROU,Romania,1987,275.25245308001,Total GHG,Europe,22949430.0,1.199386882724364e-05
ROU,Romania,1988,279.08836079869,Total GHG,Europe,23057662.0,1.2103931474001571e-05
ROU,Romania,1989,275.5062269392,Total GHG,Europe,23161458.0,1.1895029533080344e-05
ROU,Romania,1990,241.01455213183,Total GHG,Europe,23201835.0,1.0387736665303843e-05
ROU,Romania,1991,196.71087714405,Total GHG,Europe,23001155.0,8.552217362304197e-06
ROU,Romania,1992,179.65064151885,Total GHG,Europe,22794284.0,7.881389979998933e-06
ROU,Romania,1993,169.78127844525,Total GHG,Europe,22763280.0,7.458559506593514e-06
ROU,Romania,1994,165.95327027853,Total GHG,Europe,22730211.0,7.300999989772642e-06
ROU,Romania,1995,170.62197822179,Total GHG,Europe,22684270.0,7.521598809297808e-06
ROU,Romania,1996,174.35774166702,Total GHG,Europe,22619004.0,7.70846239149257e-06
ROU,Romania,1997,161.29344685949,Total GHG,Europe,22553978.0,7.151441171907234e-06
ROU,Romania,1998,143.45829237541,Total GHG,Europe,22507344.0,6.373843682995648e-06
ROU,Romania,1999,126.15287662213,Total GHG,Europe,22472040.0,5.613770562090936e-06
ROU,Romania,2000,130.37855075502,Total GHG,Europe,22442971.0,5.809326704339635e-06
ROU,Romania,2001,136.00031808276,Total GHG,Europe,22131970.0,6.144971192476765e-06
ROU,Romania,2002,135.6109675314,Total GHG,Europe,21730496.0,6.240583166228696e-06
ROU,Romania,2003,140.65752141501,Total GHG,Europe,21574326.0,6.5196716418862865e-06
ROU,Romania,2004,140.36737692003,Total GHG,Europe,21451748.0,6.543400422195432e-06
ROU,Romania,2005,138.32832917228,Total GHG,Europe,21319685.0,6.488291415763413e-06
ROU,Romania,2006,144.77263287335,Total GHG,Europe,21193760.0,6.8309083840408685e-06
ROU,Romania,2007,142.50963566974,Total GHG,Europe,20882982.0,6.824199516608308e-06
ROU,Romania,2008,140.04509589622,Total GHG,Europe,20537875.0,6.818869814731077e-06
ROU,Romania,2009,118.24572655209,Total GHG,Europe,20367487.0,5.805611981099583e-06
ROU,Romania,2010,116.51313520098,Total GHG,Europe,20246871.0,5.754624267669805e-06
ROU,Romania,2011,122.41020958158,Total GHG,Europe,20147528.0,6.075693731835489e-06
ROU,Romania,2012,119.39050104804,Total GHG,Europe,20058035.0,5.952253101963378e-06
ROU,Romania,2013,111.22146237029,Total GHG,Europe,19983693.0,5.565611039475537e-06
ROU,Romania,2014,111.31122038896,Total GHG,Europe,19908979.0,5.5910059671548195e-06
ROU,Romania,2015,112.2451566555,Total GHG,Europe,19815616.0,5.664479804993193e-06
ROU,Romania,2016,111.54455968127,Total GHG,Europe,19702267.0,5.661508885311015e-06
ROU,Romania,2017,115.21039024377,Total GHG,Europe,19588715.0,5.881467479810186e-06
ROU,Romania,2018,116.06003063877,Total GHG,Europe,19473970.0,5.959751947793388e-06
ROU,Romania,2019,113.96594066465,Total GHG,Europe,19371648.0,5.88313088616157e-06
ROU,Romania,2020,108.1538459384,Total GHG,Europe,19265250.0,5.613934204767651e-06
ROU,Romania,2021,113.47833337826,Total GHG,Europe,19122059.0,5.934420209573666e-06
ROU,Romania,2022,107.30607136536,Total GHG,Europe,19048502.0,5.63330761470692e-06
ROU,Romania,2023,101.28636141848,Total GHG,Europe,19059479.0,5.3142250855062726e-06
ROU,Romania,2024,101.85758975999,Total GHG,Europe,19069340.0,5.341432360007741e-06
RUS,Russia,1970,1707.6312492448,Total GHG,Europe/Asia,130404000.0,1.3094929981018987e-05
RUS,Russia,1971,1721.7006437261,Total GHG,Europe/Asia,131155000.0,1.3127220797728642e-05
RUS,Russia,1972,1804.4686895703,Total GHG,Europe/Asia,131909000.0,1.3679648011661828e-05
RUS,Russia,1973,1905.6985296921,Total GHG,Europe/Asia,132669000.0,1.4364309142995726e-05
RUS,Russia,1974,1996.8001521583,Total GHG,Europe/Asia,133432000.0,1.4964927095136849e-05
RUS,Russia,1975,2095.3793146012,Total GHG,Europe/Asia,134200000.0,1.561385480328763e-05
RUS,Russia,1976,2170.7189115985,Total GHG,Europe/Asia,135147000.0,1.606190971015635e-05
RUS,Russia,1977,2218.8439674699,Total GHG,Europe/Asia,136100000.0,1.630304164195371e-05
RUS,Russia,1978,2349.1473678017,Total GHG,Europe/Asia,137060000.0,1.7139554704521377e-05
RUS,Russia,1979,2382.9964029692,Total GHG,Europe/Asia,138027000.0,1.7264711998153984e-05
RUS,Russia,1980,2451.9611100951,Total GHG,Europe/Asia,139010000.0,1.7638739012266024e-05
RUS,Russia,1981,2448.564907106,Total GHG,Europe/Asia,139941000.0,1.7497123124073717e-05
RUS,Russia,1982,2487.0141066454,Total GHG,Europe/Asia,140823000.0,1.7660567568120263e-05
RUS,Russia,1983,2534.9981819117,Total GHG,Europe/Asia,141668000.0,1.7893936399975297e-05
RUS,Russia,1984,2583.9559112389,Total GHG,Europe/Asia,142745000.0,1.810190137124873e-05
RUS,Russia,1985,2629.3881416221,Total GHG,Europe/Asia,143858000.0,1.8277663679615315e-05
RUS,Russia,1986,2706.2557329121,Total GHG,Europe/Asia,144894000.0,1.8677486527475948e-05
RUS,Russia,1987,2778.1348245346,Total GHG,Europe/Asia,145908000.0,1.904031872505003e-05
RUS,Russia,1988,2835.0982438764,Total GHG,Europe/Asia,146857000.0,1.9305162463324185e-05
RUS,Russia,1989,2848.8517046496,Total GHG,Europe/Asia,147721000.0,1.9285353501869062e-05
RUS,Russia,1990,3055.8849023639,Total GHG,Europe/Asia,147969406.0,2.065214009417528e-05
RUS,Russia,1991,2986.108329119,Total GHG,Europe/Asia,148394216.0,2.0122808082486178e-05
RUS,Russia,1992,2756.5275438312,Total GHG,Europe/Asia,148538197.0,1.855770165185996e-05
RUS,Russia,1993,2521.9791943916,Total GHG,Europe/Asia,148458777.0,1.698774060621286e-05
RUS,Russia,1994,2283.2896872834,Total GHG,Europe/Asia,148407912.0,1.5385228836609464e-05
RUS,Russia,1995,2213.7261933253,Total GHG,Europe/Asia,148375787.0,1.4919726716093509e-05
RUS,Russia,1996,2149.4894036192,Total GHG,Europe/Asia,148160129.0,1.4507880211276003e-05
RUS,Russia,1997,2013.351995508,Total GHG,Europe/Asia,147915361.0,1.3611513921856974e-05
RUS,Russia,1998,2002.2967909639,Total GHG,Europe/Asia,147670784.0,1.3559193882006478e-05
RUS,Russia,1999,2054.2443714647,Total GHG,Europe/Asia,147214776.0,1.3954063765071383e-05
RUS,Russia,2000,2084.3476298543,Total GHG,Europe/Asia,146596869.0,1.4218227470153541e-05
RUS,Russia,2001,2092.1256391312,Total GHG,Europe/Asia,145976482.0,1.4331936284991441e-05
RUS,Russia,2002,2084.5671281882,Total GHG,Europe/Asia,145306497.0,1.4346000841161287e-05
RUS,Russia,2003,2150.1386205417,Total GHG,Europe/Asia,144648618.0,1.4864563867051258e-05
RUS,Russia,2004,2162.8786505558,Total GHG,Europe/Asia,144067316.0,1.501297248125175e-05
RUS,Russia,2005,2166.7250726837,Total GHG,Europe/Asia,143518814.0,1.5097150069005587e-05
RUS,Russia,2006,2203.8701592366,Total GHG,Europe/Asia,143049637.0,1.540633171433074e-05
RUS,Russia,2007,2216.1012173482,Total GHG,Europe/Asia,142805114.0,1.5518360339309697e-05
RUS,Russia,2008,2206.7808633861,Total GHG,Europe/Asia,142742366.0,1.5459887104478148e-05
RUS,Russia,2009,2092.0750465347,Total GHG,Europe/Asia,142785348.0,1.4651888837604683e-05
RUS,Russia,2010,2191.192778844,Total GHG,Europe/Asia,142849468.0,1.533917353366692e-05
RUS,Russia,2011,2283.4198160165,Total GHG,Europe/Asia,143018195.0,1.596593927098926e-05
RUS,Russia,2012,2293.7574310267,Total GHG,Europe/Asia,143378447.0,1.5997923530492e-05
RUS,Russia,2013,2243.8938086202,Total GHG,Europe/Asia,143805638.0,1.560365671212557e-05
RUS,Russia,2014,2233.8809602865,Total GHG,Europe/Asia,144237223.0,1.548754831675108e-05
RUS,Russia,2015,2248.7539296942,Total GHG,Europe/Asia,144640716.0,1.5547170892698015e-05
RUS,Russia,2016,2237.8431077533,Total GHG,Europe/Asia,145015460.0,1.5431755398723007e-05
RUS,Russia,2017,2286.9044489797,Total GHG,Europe/Asia,145293260.0,1.573992110149982e-05
RUS,Russia,2018,2376.9299795898,Total GHG,Europe/Asia,145398106.0,1.634773687897833e-05
RUS,Russia,2019,2409.0263032525,Total GHG,Europe/Asia,145453291.0,1.656219867347312e-05
RUS,Russia,2020,2325.7998613895,Total GHG,Europe/Asia,145245148.0,1.6012926375960593e-05
RUS,Russia,2021,2498.4553331653,Total GHG,Europe/Asia,144746762.0,1.7260872012911072e-05
RUS,Russia,2022,2459.3933507985,Total GHG,Europe/Asia,144236933.0,1.705106521364053e-05
RUS,Russia,2023,2512.819593253,Total GHG,Europe/Asia,143826130.0,1.7471231362847628e-05
RUS,Russia,2024,2575.6547638945,Total GHG,Europe/Asia,143533851.0,1.794458064038496e-05
RWA,Rwanda,1970,4.3514290774833,Total GHG,Africa,3980669.0,1.0931401423939795e-06
RWA,Rwanda,1971,4.3848891091463,Total GHG,Africa,4100044.0,1.0694736712938448e-06
RWA,Rwanda,1972,4.4778583308636,Total GHG,Africa,4220335.0,1.0610196420103143e-06
RWA,Rwanda,1973,4.5905021426323,Total GHG,Africa,4345047.0,1.0564907911542268e-06
RWA,Rwanda,1974,4.6244865961684,Total GHG,Africa,4474228.0,1.0335831334854639e-06
RWA,Rwanda,1975,4.770915781745,Total GHG,Africa,4607728.0,1.035416105669649e-06
RWA,Rwanda,1976,4.7424117324508,Total GHG,Africa,4745954.0,9.992536237078573e-07
RWA,Rwanda,1977,4.8493631700184,Total GHG,Africa,4888240.0,9.92046865542281e-07
RWA,Rwanda,1978,4.9562246023442,Total GHG,Africa,5035171.0,9.843210096229503e-07
RWA,Rwanda,1979,4.7704467649273,Total GHG,Africa,5189541.0,9.192425235540677e-07
RWA,Rwanda,1980,5.0645005432162,Total GHG,Africa,5353259.0,9.460593151230306e-07
RWA,Rwanda,1981,5.2032142108672,Total GHG,Africa,5527230.0,9.413782691994363e-07
RWA,Rwanda,1982,5.3557911701204,Total GHG,Africa,5711549.0,9.377125487534818e-07
RWA,Rwanda,1983,5.4937389105919,Total GHG,Africa,5905311.0,9.303047562764942e-07
RWA,Rwanda,1984,5.5666499241876,Total GHG,Africa,6107627.0,9.114259800389906e-07
RWA,Rwanda,1985,5.7407528906197,Total GHG,Africa,6317228.0,9.087455590679488e-07
RWA,Rwanda,1986,5.7883017948306,Total GHG,Africa,6531881.0,8.861615505289518e-07
RWA,Rwanda,1987,5.920558708889,Total GHG,Africa,6749493.0,8.771856951165072e-07
RWA,Rwanda,1988,6.0642807766408,Total GHG,Africa,6968071.0,8.702954916275681e-07
RWA,Rwanda,1989,6.2763036467835,Total GHG,Africa,7184706.0,8.735644362877897e-07
RWA,Rwanda,1990,5.6714058065993,Total GHG,Africa,7375307.0,7.689721670703742e-07
RWA,Rwanda,1991,5.4528591977135,Total GHG,Africa,7526966.0,7.244431817167103e-07
RWA,Rwanda,1992,5.1214342894315,Total GHG,Africa,7683266.0,6.665699572852872e-07
RWA,Rwanda,1993,4.8613543002703,Total GHG,Africa,7981132.0,6.091058637133554e-07
RWA,Rwanda,1994,4.955079684935,Total GHG,Africa,6792352.0,7.295086716552675e-07
RWA,Rwanda,1995,4.969141666173,Total GHG,Africa,5674118.0,8.757557855111579e-07
RWA,Rwanda,1996,5.208204841846,Total GHG,Africa,6708764.0,7.763285221906748e-07
RWA,Rwanda,1997,5.7541056955052,Total GHG,Africa,7755238.0,7.419637792554143e-07
RWA,Rwanda,1998,3.9916307995646,Total GHG,Africa,8081681.0,4.939109573323421e-07
RWA,Rwanda,1999,4.2981629910316,Total GHG,Africa,8147912.0,5.275171100315763e-07
RWA,Rwanda,2000,4.1093026389556,Total GHG,Africa,8213931.0,5.00284533551061e-07
RWA,Rwanda,2001,4.2446489800562,Total GHG,Africa,8287094.0,5.121999316112741e-07
RWA,Rwanda,2002,4.4502789380605,Total GHG,Africa,8400180.0,5.297837591647441e-07
RWA,Rwanda,2003,4.5828465276958,Total GHG,Africa,8586875.0,5.337036497789709e-07
RWA,Rwanda,2004,4.7235577312833,Total GHG,Africa,8816844.0,5.357424642290711e-07
RWA,Rwanda,2005,4.7960970710746,Total GHG,Africa,9054528.0,5.296904566504848e-07
RWA,Rwanda,2006,5.0702266911749,Total GHG,Africa,9299246.0,5.452298703760391e-07
RWA,Rwanda,2007,5.1862971859811,Total GHG,Africa,9549933.0,5.430715781965276e-07
RWA,Rwanda,2008,5.398046295588,Total GHG,Africa,9804269.0,5.505812106530329e-07
RWA,Rwanda,2009,5.5457645901327,Total GHG,Africa,10060432.0,5.512451741766854e-07
RWA,Rwanda,2010,5.8254477458345,Total GHG,Africa,10317553.0,5.646152479986777e-07
RWA,Rwanda,2011,5.7781252555724,Total GHG,Africa,10573733.0,5.464602951079245e-07
RWA,Rwanda,2012,5.9572005885157,Total GHG,Africa,10829901.0,5.5006971795178e-07
RWA,Rwanda,2013,6.153126462795,Total GHG,Africa,11093340.0,5.546685184800069e-07
RWA,Rwanda,2014,6.2212377004414,Total GHG,Africa,11364757.0,5.474149337677348e-07
RWA,Rwanda,2015,6.8754863236051,Total GHG,Africa,11640022.0,5.906764028113606e-07
RWA,Rwanda,2016,6.8912179661248,Total GHG,Africa,11919183.0,5.781619399689391e-07
RWA,Rwanda,2017,7.0400887918494,Total GHG,Africa,12202060.0,5.769590373960955e-07
RWA,Rwanda,2018,7.3037610476517,Total GHG,Africa,12487996.0,5.848625390055939e-07
RWA,Rwanda,2019,7.4914097932454,Total GHG,Africa,12776103.0,5.863610987830483e-07
RWA,Rwanda,2020,7.6415400580161,Total GHG,Africa,13065837.0,5.848488740534648e-07
RWA,Rwanda,2021,7.8139303638205,Total GHG,Africa,13355260.0,5.85082608936142e-07
RWA,Rwanda,2022,8.2309227321633,Total GHG,Africa,13651030.0,6.029525048412684e-07
RWA,Rwanda,2023,8.3468967797015,Total GHG,Africa,13954471.0,5.981521463408753e-07
RWA,Rwanda,2024,8.3498807486411,Total GHG,Africa,14256567.0,5.856866347025269e-07
SAU,Saudi Arabia,1970,85.368044115217,Total GHG,Asia,3562470.0,2.3963161546684464e-05
SAU,Saudi Arabia,1971,96.878052190674,Total GHG,Asia,3724031.0,2.6014297998774445e-05
SAU,Saudi Arabia,1972,122.70655872437,Total GHG,Asia,3905722.0,3.1417125623474995e-05
SAU,Saudi Arabia,1973,160.23047770948,Total GHG,Asia,4106344.0,3.902022765493587e-05
SAU,Saudi Arabia,1974,171.52934499094,Total GHG,Asia,4323632.0,3.967251259842188e-05
SAU,Saudi Arabia,1975,143.7582441817,Total GHG,Asia,4556287.0,3.1551621788026086e-05
SAU,Saudi Arabia,1976,175.69058395018,Total GHG,Asia,4807933.0,3.654181203235985e-05
SAU,Saudi Arabia,1977,188.79679780266,Total GHG,Asia,5083048.0,3.7142438513793295e-05
SAU,Saudi Arabia,1978,193.05150342156,Total GHG,Asia,5381902.0,3.587049772024091e-05
SAU,Saudi Arabia,1979,225.6753652915,Total GHG,Asia,5703698.0,3.956649971500945e-05
SAU,Saudi Arabia,1980,267.00479401331,Total GHG,Asia,6047997.0,4.4147639956387215e-05
SAU,Saudi Arabia,1981,253.26622258748,Total GHG,Asia,6420551.0,3.944618189116168e-05
SAU,Saudi Arabia,1982,237.49385033975,Total GHG,Asia,6824486.0,3.480025460375331e-05
SAU,Saudi Arabia,1983,228.68536318418,Total GHG,Asia,7252941.0,3.153001840000905e-05
SAU,Saudi Arabia,1984,182.19950251304,Total GHG,Asia,7697307.0,2.3670551598505812e-05
SAU,Saudi Arabia,1985,174.60442570381,Total GHG,Asia,8151779.0,2.1419180488554708e-05
SAU,Saudi Arabia,1986,185.79108819519,Total GHG,Asia,8628639.0,2.1531911138615258e-05
SAU,Saudi Arabia,1987,193.90995545649,Total GHG,Asia,9130194.0,2.1238317110949667e-05
SAU,Saudi Arabia,1988,212.17652403152,Total GHG,Asia,9629165.0,2.2034779135212656e-05
SAU,Saudi Arabia,1989,214.06940426828,Total GHG,Asia,10128394.0,2.113557235908082e-05
SAU,Saudi Arabia,1990,236.60953012592,Total GHG,Asia,10640691.0,2.223629368862605e-05
SAU,Saudi Arabia,1991,252.02416014545,Total GHG,Asia,11160744.0,2.2581304628566878e-05
SAU,Saudi Arabia,1992,267.42075992245,Total GHG,Asia,11686676.0,2.2882533914900178e-05
SAU,Saudi Arabia,1993,277.50613683243,Total GHG,Asia,12215862.0,2.271686900461302e-05
SAU,Saudi Arabia,1994,294.53306407034,Total GHG,Asia,12750040.0,2.3100560003759987e-05
SAU,Saudi Arabia,1995,291.23617681912,Total GHG,Asia,13289245.0,2.1915178538669427e-05
SAU,Saudi Arabia,1996,308.26799069882,Total GHG,Asia,13831009.0,2.2288178013536102e-05
SAU,Saudi Arabia,1997,314.10648238712,Total GHG,Asia,14374943.0,2.1850972375133594e-05
SAU,Saudi Arabia,1998,330.10895686775,Total GHG,Asia,14922185.0,2.2122025485393058e-05
SAU,Saudi Arabia,1999,331.36126732273,Total GHG,Asia,15472075.0,2.141673093768806e-05
SAU,Saudi Arabia,2000,350.31483849822,Total GHG,Asia,16177722.0,2.1654151214751993e-05
SAU,Saudi Arabia,2001,362.48112732278,Total GHG,Asia,17041397.0,2.1270622785372587e-05
SAU,Saudi Arabia,2002,380.35156812625,Total GHG,Asia,17910910.0,2.1235747827790438e-05
SAU,Saudi Arabia,2003,407.38807703106,Total GHG,Asia,18786767.0,2.168484215677237e-05
SAU,Saudi Arabia,2004,429.75684209571,Total GHG,Asia,19669480.0,2.1848917312288376e-05
SAU,Saudi Arabia,2005,457.15851284721,Total GHG,Asia,20559890.0,2.223545519198838e-05
SAU,Saudi Arabia,2006,480.83646061988,Total GHG,Asia,21459144.0,2.2407066219411174e-05
SAU,Saudi Arabia,2007,502.56805706823,Total GHG,Asia,22368313.0,2.2467856966604054e-05
SAU,Saudi Arabia,2008,538.92769880891,Total GHG,Asia,23287877.0,2.314198493958509e-05
SAU,Saudi Arabia,2009,558.5048326176,Total GHG,Asia,24217654.0,2.3061888348788863e-05
SAU,Saudi Arabia,2010,603.27070233383,Total GHG,Asia,23978487.0,2.5158831011057116e-05
SAU,Saudi Arabia,2011,634.2139190695,Total GHG,Asia,25091867.0,2.52756767389808e-05
SAU,Saudi Arabia,2012,669.68062781491,Total GHG,Asia,26168861.0,2.5590744198416203e-05
SAU,Saudi Arabia,2013,678.32010133069,Total GHG,Asia,27624004.0,2.4555459133682792e-05
SAU,Saudi Arabia,2014,721.0808926054,Total GHG,Asia,28309273.0,2.547154399215409e-05
SAU,Saudi Arabia,2015,752.88706664233,Total GHG,Asia,29816382.0,2.525078551255246e-05
SAU,Saudi Arabia,2016,757.45568562376,Total GHG,Asia,30954198.0,2.4470208713653637e-05
SAU,Saudi Arabia,2017,752.69421206778,Total GHG,Asia,30977355.0,2.4298207902765746e-05
SAU,Saudi Arabia,2018,736.70534994965,Total GHG,Asia,30196281.0,2.4397221298531763e-05
SAU,Saudi Arabia,2019,738.285007055,Total GHG,Asia,30063799.0,2.4557275913632872e-05
SAU,Saudi Arabia,2020,740.204805978,Total GHG,Asia,31552510.0,2.3459458723822606e-05
SAU,Saudi Arabia,2021,757.99454898504,Total GHG,Asia,30784383.0,2.462269745620823e-05
SAU,Saudi Arabia,2022,804.65387788438,Total GHG,Asia,32175224.0,2.5008493426009404e-05
SAU,Saudi Arabia,2023,818.19172594842,Total GHG,Asia,33702731.0,2.4276718879203587e-05
SAU,Saudi Arabia,2024,838.87655111445,Total GHG,Asia,35300280.0,2.376401975039433e-05
SCG,Serbia and Montenegro,1970,46.168794821457,Total GHG,Europe,,
SCG,Serbia and Montenegro,1971,47.136978507808,Total GHG,Europe,,
SCG,Serbia and Montenegro,1972,46.953930351664,Total GHG,Europe,,
SCG,Serbia and Montenegro,1973,50.25159166157,Total GHG,Europe,,
SCG,Serbia and Montenegro,1974,53.866821707767,Total GHG,Europe,,
SCG,Serbia and Montenegro,1975,56.02664961126,Total GHG,Europe,,
SCG,Serbia and Montenegro,1976,57.418066033932,Total GHG,Europe,,
SCG,Serbia and Montenegro,1977,59.322906807203,Total GHG,Europe,,
SCG,Serbia and Montenegro,1978,62.36785155792,Total GHG,Europe,,
SCG,Serbia and Montenegro,1979,64.367833787394,Total GHG,Europe,,
SCG,Serbia and Montenegro,1980,63.390290351407,Total GHG,Europe,,
SCG,Serbia and Montenegro,1981,72.154534765863,Total GHG,Europe,,
SCG,Serbia and Montenegro,1982,76.387224169691,Total GHG,Europe,,
SCG,Serbia and Montenegro,1983,79.861355005702,Total GHG,Europe,,
SCG,Serbia and Montenegro,1984,82.425046444574,Total GHG,Europe,,
SCG,Serbia and Montenegro,1985,85.223406970786,Total GHG,Europe,,
SCG,Serbia and Montenegro,1986,87.494846206856,Total GHG,Europe,,
SCG,Serbia and Montenegro,1987,83.866599325327,Total GHG,Europe,,
SCG,Serbia and Montenegro,1988,83.449497084552,Total GHG,Europe,,
SCG,Serbia and Montenegro,1989,82.009582016754,Total GHG,Europe,,
SCG,Serbia and Montenegro,1990,85.334954108286,Total GHG,Europe,,
SCG,Serbia and Montenegro,1991,73.406063418095,Total GHG,Europe,,
SCG,Serbia and Montenegro,1992,67.286954019062,Total GHG,Europe,,
SCG,Serbia and Montenegro,1993,60.115625677699,Total GHG,Europe,,
SCG,Serbia and Montenegro,1994,55.662391141701,Total GHG,Europe,,
SCG,Serbia and Montenegro,1995,62.374732431768,Total GHG,Europe,,
SCG,Serbia and Montenegro,1996,70.725843061884,Total GHG,Europe,,
SCG,Serbia and Montenegro,1997,76.713062266771,Total GHG,Europe,,
SCG,Serbia and Montenegro,1998,76.516712181817,Total GHG,Europe,,
SCG,Serbia and Montenegro,1999,58.031987408718,Total GHG,Europe,,
SCG,Serbia and Montenegro,2000,65.845013139656,Total GHG,Europe,,
SCG,Serbia and Montenegro,2001,69.869280133661,Total GHG,Europe,,
SCG,Serbia and Montenegro,2002,73.916441121494,Total GHG,Europe,,
SCG,Serbia and Montenegro,2003,76.96446047184,Total GHG,Europe,,
SCG,Serbia and Montenegro,2004,82.44559933999,Total GHG,Europe,,
SCG,Serbia and Montenegro,2005,76.58621178879,Total GHG,Europe,,
SCG,Serbia and Montenegro,2006,78.162147372436,Total GHG,Europe,,
SCG,Serbia and Montenegro,2007,76.779830521465,Total GHG,Europe,,
SCG,Serbia and Montenegro,2008,76.141219813649,Total GHG,Europe,,
SCG,Serbia and Montenegro,2009,71.196739041139,Total GHG,Europe,,
SCG,Serbia and Montenegro,2010,72.936257714695,Total GHG,Europe,,
SCG,Serbia and Montenegro,2011,77.14820234999,Total GHG,Europe,,
SCG,Serbia and Montenegro,2012,69.712140240851,Total GHG,Europe,,
SCG,Serbia and Montenegro,2013,71.085134301816,Total GHG,Europe,,
SCG,Serbia and Montenegro,2014,61.521407381381,Total GHG,Europe,,
SCG,Serbia and Montenegro,2015,69.645429645069,Total GHG,Europe,,
SCG,Serbia and Montenegro,2016,71.840040418536,Total GHG,Europe,,
SCG,Serbia and Montenegro,2017,71.828293094663,Total GHG,Europe,,
SCG,Serbia and Montenegro,2018,70.324973561506,Total GHG,Europe,,
SCG,Serbia and Montenegro,2019,70.903026652321,Total GHG,Europe,,
SCG,Serbia and Montenegro,2020,71.598837429093,Total GHG,Europe,,
SCG,Serbia and Montenegro,2021,69.632179248963,Total GHG,Europe,,
SCG,Serbia and Montenegro,2022,70.234731706582,Total GHG,Europe,,
SCG,Serbia and Montenegro,2023,68.126245581279,Total GHG,Europe,,
SCG,Serbia and Montenegro,2024,66.753674928177,Total GHG,Europe,,
SDN,Sudan and South Sudan,1970,38.823763538228,Total GHG,Africa,11695771.0,3.31947022032391e-06
SDN,Sudan and South Sudan,1971,39.579379490115,Total GHG,Africa,12105539.0,3.2695264118446113e-06
SDN,Sudan and South Sudan,1972,40.382480194314,Total GHG,Africa,12527856.0,3.2234150994642657e-06
SDN,Sudan and South Sudan,1973,43.803461818837,Total GHG,Africa,13049315.0,3.3567633104754543e-06
SDN,Sudan and South Sudan,1974,44.487482351653,Total GHG,Africa,13580723.0,3.2757815877441136e-06
SDN,Sudan and South Sudan,1975,45.614816997797,Total GHG,Africa,14064798.0,3.243190339299363e-06
SDN,Sudan and South Sudan,1976,45.964589320643,Total GHG,Africa,14569716.0,3.154803382622077e-06
SDN,Sudan and South Sudan,1977,45.888354045273,Total GHG,Africa,15086614.0,3.0416602456504156e-06
SDN,Sudan and South Sudan,1978,46.889920234735,Total GHG,Africa,15695003.0,2.9875700077747676e-06
SDN,Sudan and South Sudan,1979,49.675596946709,Total GHG,Africa,16355352.0,3.0372685923671347e-06
SDN,Sudan and South Sudan,1980,52.737697752544,Total GHG,Africa,17058905.0,3.0915054484765583e-06
SDN,Sudan and South Sudan,1981,54.986383527644,Total GHG,Africa,17780572.0,3.0924980100552446e-06
SDN,Sudan and South Sudan,1982,59.445556910451,Total GHG,Africa,18486645.0,3.2155946582222467e-06
SDN,Sudan and South Sudan,1983,59.113719767017,Total GHG,Africa,19109770.0,3.093376831171542e-06
SDN,Sudan and South Sudan,1984,59.973544220135,Total GHG,Africa,19546528.0,3.0682453794420674e-06
SDN,Sudan and South Sudan,1985,61.358126038639,Total GHG,Africa,19905872.0,3.082413372226999e-06
SDN,Sudan and South Sudan,1986,58.054886711408,Total GHG,Africa,20288238.0,2.8615046171780914e-06
SDN,Sudan and South Sudan,1987,56.707155777972,Total GHG,Africa,20704904.0,2.738827273865747e-06
SDN,Sudan and South Sudan,1988,58.43467625174,Total GHG,Africa,21138431.0,2.764380963361945e-06
SDN,Sudan and South Sudan,1989,58.825281554043,Total GHG,Africa,21578022.0,2.7261665389924526e-06
SDN,Sudan and South Sudan,1990,61.17146284891,Total GHG,Africa,22021481.0,2.7778087608599073e-06
SDN,Sudan and South Sudan,1991,62.246595005989,Total GHG,Africa,22470676.0,2.7701256075246245e-06
SDN,Sudan and South Sudan,1992,67.375333992351,Total GHG,Africa,22927355.0,2.938643990654439e-06
SDN,Sudan and South Sudan,1993,70.522325566924,Total GHG,Africa,23445592.0,3.0079140491280405e-06
SDN,Sudan and South Sudan,1994,77.217342685517,Total GHG,Africa,24043948.0,3.2115084713008445e-06
SDN,Sudan and South Sudan,1995,77.921553918379,Total GHG,Africa,24672143.0,3.1582807346074074e-06
SDN,Sudan and South Sudan,1996,80.627411119926,Total GHG,Africa,25231528.0,3.1955025125678474e-06
SDN,Sudan and South Sudan,1997,83.092939323111,Total GHG,Africa,25799821.0,3.2206789079316094e-06
SDN,Sudan and South Sudan,1998,86.784581300196,Total GHG,Africa,26458999.0,3.279964646440177e-06
SDN,Sudan and South Sudan,1999,90.796847498245,Total GHG,Africa,27130613.0,3.3466566899260624e-06
SDN,Sudan and South Sudan,2000,95.630984931878,Total GHG,Africa,27816745.0,3.4378927128921086e-06
SDN,Sudan and South Sudan,2001,100.79276175629,Total GHG,Africa,28516770.0,3.5345083526742336e-06
SDN,Sudan and South Sudan,2002,104.42017384572,Total GHG,Africa,29228727.0,3.5725187020878466e-06
SDN,Sudan and South Sudan,2003,107.90554557219,Total GHG,Africa,29896035.0,3.6093597553050093e-06
SDN,Sudan and South Sudan,2004,110.67908766658,Total GHG,Africa,30556637.0,3.6220964913966157e-06
SDN,Sudan and South Sudan,2005,114.42841259741,Total GHG,Africa,31262444.0,3.6602516616234482e-06
SDN,Sudan and South Sudan,2006,117.39178521433,Total GHG,Africa,31992435.0,3.6693607477620882e-06
SDN,Sudan and South Sudan,2007,120.58296082931,Total GHG,Africa,32764135.0,3.6803340246678265e-06
SDN,Sudan and South Sudan,2008,122.21956461428,Total GHG,Africa,33623980.0,3.6348928536800225e-06
SDN,Sudan and South Sudan,2009,124.08898736415,Total GHG,Africa,34569113.0,3.589591302621794e-06
SDN,Sudan and South Sudan,2010,124.9455856551,Total GHG,Africa,35414399.0,3.528101257770886e-06
SDN,Sudan and South Sudan,2011,121.72459103046,Total GHG,Africa,36140806.0,3.368065201159598e-06
SDN,Sudan and South Sudan,2012,123.45652999147,Total GHG,Africa,36923178.0,3.3436052008164088e-06
SDN,Sudan and South Sudan,2013,124.79532907172,Total GHG,Africa,37785849.0,3.3027001476589823e-06
SDN,Sudan and South Sudan,2014,126.71758172602,Total GHG,Africa,38823318.0,3.263955484845989e-06
SDN,Sudan and South Sudan,2015,130.18881024751,Total GHG,Africa,40024431.0,3.2527335678428504e-06
SDN,Sudan and South Sudan,2016,134.00246221729,Total GHG,Africa,41259892.0,3.247765704701554e-06
SDN,Sudan and South Sudan,2017,133.67378777535,Total GHG,Africa,42714306.0,3.12948518408212e-06
SDN,Sudan and South Sudan,2018,137.99104823975,Total GHG,Africa,44230596.0,3.119809831179982e-06
SDN,Sudan and South Sudan,2019,138.21324353847,Total GHG,Africa,45548175.0,3.0344408648309183e-06
SDN,Sudan and South Sudan,2020,137.71674395657,Total GHG,Africa,46789231.0,2.943342752450238e-06
SDN,Sudan and South Sudan,2021,139.71642609315,Total GHG,Africa,48066924.0,2.9067062018187395e-06
SDN,Sudan and South Sudan,2022,139.45956506921,Total GHG,Africa,49383346.0,2.8240201680382286e-06
SDN,Sudan and South Sudan,2023,138.35990114459,Total GHG,Africa,50042791.0,2.7648318245197394e-06
SDN,Sudan and South Sudan,2024,138.70195171916,Total GHG,Africa,50448963.0,2.7493518889409086e-06
SEN,Senegal,1970,7.434652466763,Total GHG,Africa,4466328.0,1.6646006443689313e-06
SEN,Senegal,1971,7.5894649511573,Total GHG,Africa,4601864.0,1.649215394274429e-06
SEN,Senegal,1972,7.4121950662312,Total GHG,Africa,4741631.0,1.5632163418518227e-06
SEN,Senegal,1973,7.1814671254161,Total GHG,Africa,4885181.0,1.4700513912209395e-06
SEN,Senegal,1974,7.4480964712481,Total GHG,Africa,5029437.0,1.4809006398227275e-06
SEN,Senegal,1975,7.7366376678848,Total GHG,Africa,5170810.0,1.49621387517329e-06
SEN,Senegal,1976,7.9480891892166,Total GHG,Africa,5308564.0,1.4972201878354675e-06
SEN,Senegal,1977,8.1146679059336,Total GHG,Africa,5439549.0,1.4917905704928113e-06
SEN,Senegal,1978,8.3013971032597,Total GHG,Africa,5568096.0,1.4908861311406447e-06
SEN,Senegal,1979,8.3961567152339,Total GHG,Africa,5702895.0,1.4722621958205262e-06
SEN,Senegal,1980,8.0904952372399,Total GHG,Africa,5845638.0,1.384022622892471e-06
SEN,Senegal,1981,8.2400008511985,Total GHG,Africa,5997160.0,1.3739838275447879e-06
SEN,Senegal,1982,8.3682390217625,Total GHG,Africa,6156961.0,1.3591508898241356e-06
SEN,Senegal,1983,8.1061530533485,Total GHG,Africa,6324504.0,1.281705735872489e-06
SEN,Senegal,1984,8.286060501865,Total GHG,Africa,6499364.0,1.2749032831312418e-06
SEN,Senegal,1985,8.7560864202234,Total GHG,Africa,6683287.0,1.3101467017985912e-06
SEN,Senegal,1986,9.0255843519155,Total GHG,Africa,6878192.0,1.3122030254339366e-06
SEN,Senegal,1987,9.3539230893572,Total GHG,Africa,7081530.0,1.3208901309967197e-06
SEN,Senegal,1988,9.3477661998604,Total GHG,Africa,7289618.0,1.2823396507005444e-06
SEN,Senegal,1989,9.6395169890322,Total GHG,Africa,7502207.0,1.2848908313289942e-06
SEN,Senegal,1990,9.8879231203465,Total GHG,Africa,7720523.0,1.2807322924038307e-06
SEN,Senegal,1991,10.089747181512,Total GHG,Africa,7943085.0,1.2702554714587593e-06
SEN,Senegal,1992,10.465387565084,Total GHG,Africa,8168395.0,1.2812048835890038e-06
SEN,Senegal,1993,10.646375408969,Total GHG,Africa,8396288.0,1.2679859729643624e-06
SEN,Senegal,1994,10.936740491371,Total GHG,Africa,8624078.0,1.2681634478921688e-06
SEN,Senegal,1995,11.182218042742,Total GHG,Africa,8848101.0,1.2637986436572096e-06
SEN,Senegal,1996,11.696200556779,Total GHG,Africa,9067014.0,1.289972702896345e-06
SEN,Senegal,1997,12.130689572436,Total GHG,Africa,9283495.0,1.3066942538813237e-06
SEN,Senegal,1998,12.704666297679,Total GHG,Africa,9502952.0,1.3369178648570464e-06
SEN,Senegal,1999,13.705975449656,Total GHG,Africa,9730887.0,1.4085021693968905e-06
SEN,Senegal,2000,13.558691086646,Total GHG,Africa,9968260.0,1.3601863401081031e-06
SEN,Senegal,2001,14.384456631549,Total GHG,Africa,10212942.0,1.4084537669506985e-06
SEN,Senegal,2002,14.455010793774,Total GHG,Africa,10466214.0,1.3811117175488672e-06
SEN,Senegal,2003,14.426894604455,Total GHG,Africa,10721176.0,1.3456447878903396e-06
SEN,Senegal,2004,15.244214729103,Total GHG,Africa,10975704.0,1.388905415917102e-06
SEN,Senegal,2005,16.072049723351,Total GHG,Africa,11235472.0,1.4304739243131931e-06
SEN,Senegal,2006,16.302797416408,Total GHG,Africa,11500094.0,1.4176229704216332e-06
SEN,Senegal,2007,17.256944533191,Total GHG,Africa,11770344.0,1.4661376535121658e-06
SEN,Senegal,2008,18.004312257121,Total GHG,Africa,12048959.0,1.4942628867042372e-06
SEN,Senegal,2009,18.764681634951,Total GHG,Africa,12337389.0,1.5209605237340737e-06
SEN,Senegal,2010,19.500865254269,Total GHG,Africa,12635413.0,1.5433500475424904e-06
SEN,Senegal,2011,20.226823832108,Total GHG,Africa,12958897.0,1.5608445558374296e-06
SEN,Senegal,2012,20.569748669108,Total GHG,Africa,13310495.0,1.5453781898500395e-06
SEN,Senegal,2013,21.063081928797,Total GHG,Africa,13710849.0,1.5362346947878284e-06
SEN,Senegal,2014,21.816963742128,Total GHG,Africa,14152102.0,1.5416058859756664e-06
SEN,Senegal,2015,23.425088649076,Total GHG,Africa,14593331.0,1.6051913472719833e-06
SEN,Senegal,2016,24.958790357104,Total GHG,Africa,15034521.0,1.6600988057487166e-06
SEN,Senegal,2017,24.961804259826,Total GHG,Africa,15475002.0,1.6130404545231077e-06
SEN,Senegal,2018,25.914999724618,Total GHG,Africa,15914498.0,1.6283893921516092e-06
SEN,Senegal,2019,26.465734498636,Total GHG,Africa,16352922.0,1.6184101225845755e-06
SEN,Senegal,2020,27.16183626793,Total GHG,Africa,16789219.0,1.6178141620482763e-06
SEN,Senegal,2021,29.548698447524,Total GHG,Africa,17220867.0,1.7158658996393155e-06
SEN,Senegal,2022,31.500777863908,Total GHG,Africa,17651103.0,1.7846350941302648e-06
SEN,Senegal,2023,31.075388920497,Total GHG,Africa,18077573.0,1.7190022643248074e-06
SEN,Senegal,2024,31.720612000848,Total GHG,Africa,18501984.0,1.714443813206627e-06
SGP,Singapore,1970,8.862815613831,Total GHG,Asia,2074507.0,4.272251486175269e-06
SGP,Singapore,1971,8.9119961387632,Total GHG,Asia,2112900.0,4.217897741853945e-06
SGP,Singapore,1972,10.32741778497,Total GHG,Asia,2152400.0,4.798094120502695e-06
SGP,Singapore,1973,11.278341155255,Total GHG,Asia,2193000.0,5.14288242373689e-06
SGP,Singapore,1974,11.724687581429,Total GHG,Asia,2229800.0,5.258179021180824e-06
SGP,Singapore,1975,11.717012256297,Total GHG,Asia,2262600.0,5.178561060857863e-06
SGP,Singapore,1976,12.599538760964,Total GHG,Asia,2293300.0,5.494064780431692e-06
SGP,Singapore,1977,13.815016570324,Total GHG,Asia,2325300.0,5.941176007536232e-06
SGP,Singapore,1978,15.380061682779,Total GHG,Asia,2353600.0,6.53469650016103e-06
SGP,Singapore,1979,16.411663728319,Total GHG,Asia,2383500.0,6.8855312474591985e-06
SGP,Singapore,1980,16.507731750652,Total GHG,Asia,2413945.0,6.838487103331683e-06
SGP,Singapore,1981,17.67632389666,Total GHG,Asia,2532835.0,6.978869092009547e-06
SGP,Singapore,1982,18.33823542346,Total GHG,Asia,2646466.0,6.9293296885204645e-06
SGP,Singapore,1983,19.672494268462,Total GHG,Asia,2681061.0,7.337578021709316e-06
SGP,Singapore,1984,19.834254838209,Total GHG,Asia,2732221.0,7.259388914077228e-06
SGP,Singapore,1985,20.637274820614,Total GHG,Asia,2735957.0,7.542982152356195e-06
SGP,Singapore,1986,21.038498820221,Total GHG,Asia,2733373.0,7.696900064579917e-06
SGP,Singapore,1987,21.453444236861,Total GHG,Asia,2774789.0,7.731558773247623e-06
SGP,Singapore,1988,23.894349589802,Total GHG,Asia,2846108.0,8.395447252810505e-06
SGP,Singapore,1989,25.269133663977,Total GHG,Asia,2930901.0,8.621626477310903e-06
SGP,Singapore,1990,33.754886130784,Total GHG,Asia,3047132.0,1.1077592349390837e-05
SGP,Singapore,1991,35.804354737041,Total GHG,Asia,3135083.0,1.142054444397198e-05
SGP,Singapore,1992,36.613415468608,Total GHG,Asia,3230698.0,1.133297370060835e-05
SGP,Singapore,1993,42.451972155195,Total GHG,Asia,3313471.0,1.2811934118389749e-05
SGP,Singapore,1994,45.397349396007,Total GHG,Asia,3419048.0,1.3277774806322403e-05
SGP,Singapore,1995,46.825732234491,Total GHG,Asia,3524506.0,1.3285757559922156e-05
SGP,Singapore,1996,48.790244793704,Total GHG,Asia,3670704.0,1.3291794923726892e-05
SGP,Singapore,1997,50.338293776605,Total GHG,Asia,3796038.0,1.3260745486901079e-05
SGP,Singapore,1998,54.771889384109,Total GHG,Asia,3927213.0,1.3946758014935529e-05
SGP,Singapore,1999,52.73051604403,Total GHG,Asia,3958723.0,1.3320082269971906e-05
SGP,Singapore,2000,57.243345789652,Total GHG,Asia,4027887.0,1.4211755640029623e-05
SGP,Singapore,2001,58.766980306253,Total GHG,Asia,4138012.0,1.4201742359918965e-05
SGP,Singapore,2002,51.403914027973,Total GHG,Asia,4175950.0,1.2309513770033885e-05
SGP,Singapore,2003,49.808835218274,Total GHG,Asia,4114826.0,1.2104724529852295e-05
SGP,Singapore,2004,52.470541188317,Total GHG,Asia,4166664.0,1.2592937944676365e-05
SGP,Singapore,2005,50.329124234885,Total GHG,Asia,4265762.0,1.1798390119956294e-05
SGP,Singapore,2006,50.598575686478,Total GHG,Asia,4401365.0,1.1496109885564592e-05
SGP,Singapore,2007,51.167425277789,Total GHG,Asia,4588599.0,1.1150990809567147e-05
SGP,Singapore,2008,50.447863863967,Total GHG,Asia,4839396.0,1.0424413266442135e-05
SGP,Singapore,2009,51.44737131889,Total GHG,Asia,4987573.0,1.0315111441755338e-05
SGP,Singapore,2010,58.050944760808,Total GHG,Asia,5076732.0,1.1434707359145214e-05
SGP,Singapore,2011,60.447078693752,Total GHG,Asia,5183688.0,1.1661017926571198e-05
SGP,Singapore,2012,58.587656093556,Total GHG,Asia,5312437.0,1.1028395460229645e-05
SGP,Singapore,2013,62.01333891044,Total GHG,Asia,5399162.0,1.1485734065849479e-05
SGP,Singapore,2014,63.911353052952,Total GHG,Asia,5469724.0,1.1684566360743614e-05
SGP,Singapore,2015,65.746659977216,Total GHG,Asia,5535002.0,1.1878344393952521e-05
SGP,Singapore,2016,63.878314622136,Total GHG,Asia,5607283.0,1.1392026159930933e-05
SGP,Singapore,2017,69.102597837617,Total GHG,Asia,5612253.0,1.2312808748575127e-05
SGP,Singapore,2018,67.086357833839,Total GHG,Asia,5638676.0,1.1897537264747788e-05
SGP,Singapore,2019,69.587525406222,Total GHG,Asia,5703569.0,1.2200698440962492e-05
SGP,Singapore,2020,68.067532162577,Total GHG,Asia,5685807.0,1.1971481297655196e-05
SGP,Singapore,2021,70.645246476232,Total GHG,Asia,5453566.0,1.2953954619093636e-05
SGP,Singapore,2022,71.907968849652,Total GHG,Asia,5637022.0,1.2756375414119724e-05
SGP,Singapore,2023,72.392943700916,Total GHG,Asia,5917648.0,1.2233398083312155e-05
SGP,Singapore,2024,76.092758336065,Total GHG,Asia,6036860.0,1.2604691567481273e-05
SHN,"Saint Helena, Ascension and Tristan da Cunha",1970,0.0057113175139807,Total GHG,Africa,,
SHN,"Saint Helena, Ascension and Tristan da Cunha",1971,0.0058256468546992,Total GHG,Africa,,
SHN,"Saint Helena, Ascension and Tristan da Cunha",1972,0.0053953222336311,Total GHG,Africa,,
SHN,"Saint Helena, Ascension and Tristan da Cunha",1973,0.005379881877447,Total GHG,Africa,,
SHN,"Saint Helena, Ascension and Tristan da Cunha",1974,0.0056458018121369,Total GHG,Africa,,
SHN,"Saint Helena, Ascension and Tristan da Cunha",1975,0.0054852232238819,Total GHG,Africa,,
SHN,"Saint Helena, Ascension and Tristan da Cunha",1976,0.0051409071576441,Total GHG,Africa,,
SHN,"Saint Helena, Ascension and Tristan da Cunha",1977,0.0067657033175964,Total GHG,Africa,,
SHN,"Saint Helena, Ascension and Tristan da Cunha",1978,0.0065225253795771,Total GHG,Africa,,
SHN,"Saint Helena, Ascension and Tristan da Cunha",1979,0.0068717470901001,Total GHG,Africa,,
SHN,"Saint Helena, Ascension and Tristan da Cunha",1980,0.0071176642491088,Total GHG,Africa,,
SHN,"Saint Helena, Ascension and Tristan da Cunha",1981,0.0058647641523816,Total GHG,Africa,,
SHN,"Saint Helena, Ascension and Tristan da Cunha",1982,0.0057925876837401,Total GHG,Africa,,
SHN,"Saint Helena, Ascension and Tristan da Cunha",1983,0.0069108717103892,Total GHG,Africa,,
SHN,"Saint Helena, Ascension and Tristan da Cunha",1984,0.0060853543393529,Total GHG,Africa,,
SHN,"Saint Helena, Ascension and Tristan da Cunha",1985,0.0063896340690749,Total GHG,Africa,,
SHN,"Saint Helena, Ascension and Tristan da Cunha",1986,0.0067120484314293,Total GHG,Africa,,
SHN,"Saint Helena, Ascension and Tristan da Cunha",1987,0.0081850591281348,Total GHG,Africa,,
SHN,"Saint Helena, Ascension and Tristan da Cunha",1988,0.0088709792813347,Total GHG,Africa,,
SHN,"Saint Helena, Ascension and Tristan da Cunha",1989,0.0089806311224552,Total GHG,Africa,,
SHN,"Saint Helena, Ascension and Tristan da Cunha",1990,0.01330726335237,Total GHG,Africa,,
SHN,"Saint Helena, Ascension and Tristan da Cunha",1991,0.008794911793362,Total GHG,Africa,,
SHN,"Saint Helena, Ascension and Tristan da Cunha",1992,0.0084971373623155,Total GHG,Africa,,
SHN,"Saint Helena, Ascension and Tristan da Cunha",1993,0.0098249539110223,Total GHG,Africa,,
SHN,"Saint Helena, Ascension and Tristan da Cunha",1994,0.0083333367133717,Total GHG,Africa,,
SHN,"Saint Helena, Ascension and Tristan da Cunha",1995,0.0087141147671065,Total GHG,Africa,,
SHN,"Saint Helena, Ascension and Tristan da Cunha",1996,0.0063199482174383,Total GHG,Africa,,
SHN,"Saint Helena, Ascension and Tristan da Cunha",1997,0.0065181162996891,Total GHG,Africa,,
SHN,"Saint Helena, Ascension and Tristan da Cunha",1998,0.0065719166519278,Total GHG,Africa,,
SHN,"Saint Helena, Ascension and Tristan da Cunha",1999,0.0068225173696325,Total GHG,Africa,,
SHN,"Saint Helena, Ascension and Tristan da Cunha",2000,0.014251981581276,Total GHG,Africa,,
SHN,"Saint Helena, Ascension and Tristan da Cunha",2001,0.010405506324661,Total GHG,Africa,,
SHN,"Saint Helena, Ascension and Tristan da Cunha",2002,0.010449884988152,Total GHG,Africa,,
SHN,"Saint Helena, Ascension and Tristan da Cunha",2003,0.010942732837013,Total GHG,Africa,,
SHN,"Saint Helena, Ascension and Tristan da Cunha",2004,0.012298177807229,Total GHG,Africa,,
SHN,"Saint Helena, Ascension and Tristan da Cunha",2005,0.012927099972271,Total GHG,Africa,,
SHN,"Saint Helena, Ascension and Tristan da Cunha",2006,0.011666978262527,Total GHG,Africa,,
SHN,"Saint Helena, Ascension and Tristan da Cunha",2007,0.013087201126673,Total GHG,Africa,,
SHN,"Saint Helena, Ascension and Tristan da Cunha",2008,0.013618407645981,Total GHG,Africa,,
SHN,"Saint Helena, Ascension and Tristan da Cunha",2009,0.013805442834487,Total GHG,Africa,,
SHN,"Saint Helena, Ascension and Tristan da Cunha",2010,0.014681747818421,Total GHG,Africa,,
SHN,"Saint Helena, Ascension and Tristan da Cunha",2011,0.015226732461621,Total GHG,Africa,,
SHN,"Saint Helena, Ascension and Tristan da Cunha",2012,0.015424236383992,Total GHG,Africa,,
SHN,"Saint Helena, Ascension and Tristan da Cunha",2013,0.018262675984492,Total GHG,Africa,,
SHN,"Saint Helena, Ascension and Tristan da Cunha",2014,0.018240819447256,Total GHG,Africa,,
SHN,"Saint Helena, Ascension and Tristan da Cunha",2015,0.018332999131702,Total GHG,Africa,,
SHN,"Saint Helena, Ascension and Tristan da Cunha",2016,0.019044010365001,Total GHG,Africa,,
SHN,"Saint Helena, Ascension and Tristan da Cunha",2017,0.019782952154381,Total GHG,Africa,,
SHN,"Saint Helena, Ascension and Tristan da Cunha",2018,0.020674656604385,Total GHG,Africa,,
SHN,"Saint Helena, Ascension and Tristan da Cunha",2019,0.020416567165395,Total GHG,Africa,,
SHN,"Saint Helena, Ascension and Tristan da Cunha",2020,0.019082516581022,Total GHG,Africa,,
SHN,"Saint Helena, Ascension and Tristan da Cunha",2021,0.019405298607501,Total GHG,Africa,,
SHN,"Saint Helena, Ascension and Tristan da Cunha",2022,0.020735483366621,Total GHG,Africa,,
SHN,"Saint Helena, Ascension and Tristan da Cunha",2023,0.020772016751657,Total GHG,Africa,,
SHN,"Saint Helena, Ascension and Tristan da Cunha",2024,0.021008263917755,Total GHG,Africa,,
SLB,Solomon Islands,1970,0.14712943537462,Total GHG,Oceania,176579.0,8.332215913252425e-07
SLB,Solomon Islands,1971,0.15582500848561,Total GHG,Oceania,180637.0,8.626416984649325e-07
SLB,Solomon Islands,1972,0.16322903820409,Total GHG,Oceania,184994.0,8.823477421110413e-07
SLB,Solomon Islands,1973,0.18291785487773,Total GHG,Oceania,189774.0,9.638720524293634e-07
SLB,Solomon Islands,1974,0.21301389702952,Total GHG,Oceania,195041.0,1.0921493277286315e-06
SLB,Solomon Islands,1975,0.20079919981652,Total GHG,Oceania,200744.0,1.000274976171243e-06
SLB,Solomon Islands,1976,0.20959042464196,Total GHG,Oceania,207194.0,1.0115660909194282e-06
SLB,Solomon Islands,1977,0.22282344118194,Total GHG,Oceania,214418.0,1.0392011919798711e-06
SLB,Solomon Islands,1978,0.22919572283599,Total GHG,Oceania,222029.0,1.032278318760117e-06
SLB,Solomon Islands,1979,0.23585342188527,Total GHG,Oceania,229953.0,1.0256592516091114e-06
SLB,Solomon Islands,1980,0.2527913080953,Total GHG,Oceania,238135.0,1.0615462157822243e-06
SLB,Solomon Islands,1981,0.29945080779348,Total GHG,Oceania,246555.0,1.2145395866783476e-06
SLB,Solomon Islands,1982,0.28103252040862,Total GHG,Oceania,255200.0,1.1012246097516458e-06
SLB,Solomon Islands,1983,0.29155000426345,Total GHG,Oceania,264068.0,1.1040716946523244e-06
SLB,Solomon Islands,1984,0.2761854090943,Total GHG,Oceania,273163.0,1.0110644893133403e-06
SLB,Solomon Islands,1985,0.2762582799068,Total GHG,Oceania,282455.0,9.780612129606488e-07
SLB,Solomon Islands,1986,0.24737638953141,Total GHG,Oceania,291842.0,8.476380696795184e-07
SLB,Solomon Islands,1987,0.25660311323451,Total GHG,Oceania,301414.0,8.51331103513805e-07
SLB,Solomon Islands,1988,0.28660142730141,Total GHG,Oceania,311265.0,9.207634244178111e-07
SLB,Solomon Islands,1989,0.28253935274372,Total GHG,Oceania,321282.0,8.794123316703706e-07
SLB,Solomon Islands,1990,0.30158376915764,Total GHG,Oceania,331435.0,9.099333780609773e-07
SLB,Solomon Islands,1991,0.30963153045034,Total GHG,Oceania,341738.0,9.060494602600237e-07
SLB,Solomon Islands,1992,0.32892451824607,Total GHG,Oceania,352205.0,9.339007630387701e-07
SLB,Solomon Islands,1993,0.33340883254714,Total GHG,Oceania,362839.0,9.188891837623298e-07
SLB,Solomon Islands,1994,0.33969371877435,Total GHG,Oceania,373675.0,9.090619355706162e-07
SLB,Solomon Islands,1995,0.32663032124894,Total GHG,Oceania,384733.0,8.489792174025623e-07
SLB,Solomon Islands,1996,0.33118313438488,Total GHG,Oceania,396009.0,8.363020395619292e-07
SLB,Solomon Islands,1997,0.33880070814604,Total GHG,Oceania,407474.0,8.314658313071263e-07
SLB,Solomon Islands,1998,0.34636849476607,Total GHG,Oceania,419071.0,8.265150649080228e-07
SLB,Solomon Islands,1999,0.35092418546773,Total GHG,Oceania,430500.0,8.151549023640651e-07
SLB,Solomon Islands,2000,0.40610733833016,Total GHG,Oceania,440469.0,9.219884675883206e-07
SLB,Solomon Islands,2001,0.42887896789841,Total GHG,Oceania,449125.0,9.549211642603062e-07
SLB,Solomon Islands,2002,0.44485150901874,Total GHG,Oceania,457671.0,9.71989724100369e-07
SLB,Solomon Islands,2003,0.45932610591051,Total GHG,Oceania,466154.0,9.853527072823788e-07
SLB,Solomon Islands,2004,0.47394165310861,Total GHG,Oceania,474611.0,9.985896936830582e-07
SLB,Solomon Islands,2005,0.49097902114231,Total GHG,Oceania,483080.0,1.0163513727380765e-06
SLB,Solomon Islands,2006,0.49617919754509,Total GHG,Oceania,491594.0,1.0093272040445775e-06
SLB,Solomon Islands,2007,0.52438190438203,Total GHG,Oceania,500156.0,1.0484366965147475e-06
SLB,Solomon Islands,2008,0.53370265469727,Total GHG,Oceania,508790.0,1.0489645132515772e-06
SLB,Solomon Islands,2009,0.53714821363837,Total GHG,Oceania,518141.0,1.0366834773514738e-06
SLB,Solomon Islands,2010,0.57261545767475,Total GHG,Oceania,532968.0,1.074389940249227e-06
SLB,Solomon Islands,2011,0.59132542722773,Total GHG,Oceania,552945.0,1.0694109309745634e-06
SLB,Solomon Islands,2012,0.59677519970898,Total GHG,Oceania,573606.0,1.0403921850695077e-06
SLB,Solomon Islands,2013,0.62527171986286,Total GHG,Oceania,594945.0,1.0509739889617695e-06
SLB,Solomon Islands,2014,0.61174806977895,Total GHG,Oceania,616908.0,9.916358189210548e-07
SLB,Solomon Islands,2015,0.57525977264292,Total GHG,Oceania,639415.0,8.996657454750359e-07
SLB,Solomon Islands,2016,0.57000524423881,Total GHG,Oceania,662379.0,8.605424450938361e-07
SLB,Solomon Islands,2017,0.5428076478539,Total GHG,Oceania,685672.0,7.916433044573791e-07
SLB,Solomon Islands,2018,0.58114188122136,Total GHG,Oceania,709101.0,8.195474004709625e-07
SLB,Solomon Islands,2019,0.58409944134297,Total GHG,Oceania,728147.0,8.021724203257996e-07
SLB,Solomon Islands,2020,0.58131786153861,Total GHG,Oceania,744498.0,7.80818567059428e-07
SLB,Solomon Islands,2021,0.61555492801968,Total GHG,Oceania,762591.0,8.071888181471851e-07
SLB,Solomon Islands,2022,0.59213073619308,Total GHG,Oceania,781066.0,7.581058914266912e-07
SLB,Solomon Islands,2023,0.59894686339881,Total GHG,Oceania,800005.0,7.486789000053875e-07
SLB,Solomon Islands,2024,0.61975198600172,Total GHG,Oceania,819198.0,7.565350330466139e-07
SLE,Sierra Leone,1970,2.1118790962184,Total GHG,Africa,2712286.0,7.786343682850555e-07
SLE,Sierra Leone,1971,2.1373336063055,Total GHG,Africa,2763222.0,7.734932648572934e-07
SLE,Sierra Leone,1972,2.1667879876976,Total GHG,Africa,2814388.0,7.698966836475994e-07
SLE,Sierra Leone,1973,2.1884415621099,Total GHG,Africa,2866955.0,7.633330701423287e-07
SLE,Sierra Leone,1974,2.2549944103135,Total GHG,Africa,2920459.0,7.721369861085192e-07
SLE,Sierra Leone,1975,2.3404130309219,Total GHG,Africa,2974657.0,7.867841673584214e-07
SLE,Sierra Leone,1976,2.4101087920192,Total GHG,Africa,3028820.0,7.957253293425162e-07
SLE,Sierra Leone,1977,2.4624681712892,Total GHG,Africa,3085354.0,7.981152798963101e-07
SLE,Sierra Leone,1978,2.523572898523,Total GHG,Africa,3145517.0,8.022760323733746e-07
SLE,Sierra Leone,1979,2.51627609357,Total GHG,Africa,3207499.0,7.844978575425901e-07
SLE,Sierra Leone,1980,2.538004783999,Total GHG,Africa,3272089.0,7.756527356068248e-07
SLE,Sierra Leone,1981,2.5170827082944,Total GHG,Africa,3338940.0,7.538568253081516e-07
SLE,Sierra Leone,1982,2.5993426828048,Total GHG,Africa,3408183.0,7.62676969753326e-07
SLE,Sierra Leone,1983,2.5601017796208,Total GHG,Africa,3481646.0,7.35313636027557e-07
SLE,Sierra Leone,1984,2.5064903911746,Total GHG,Africa,3558758.0,7.043160538521024e-07
SLE,Sierra Leone,1985,2.5478211773438,Total GHG,Africa,3638438.0,7.00251365378165e-07
SLE,Sierra Leone,1986,2.6881413405262,Total GHG,Africa,3728380.0,7.209944642247303e-07
SLE,Sierra Leone,1987,2.9886518154139,Total GHG,Africa,3829718.0,7.803843038609892e-07
SLE,Sierra Leone,1988,3.0315221749905,Total GHG,Africa,3934517.0,7.70494110202218e-07
SLE,Sierra Leone,1989,2.9672771673568,Total GHG,Africa,4034037.0,7.355602259862267e-07
SLE,Sierra Leone,1990,3.4734375863674,Total GHG,Africa,4196828.0,8.276340098682624e-07
SLE,Sierra Leone,1991,3.677603994702,Total GHG,Africa,4246267.0,8.660793102981983e-07
SLE,Sierra Leone,1992,3.3429140886453,Total GHG,Africa,4166366.0,8.023572793761517e-07
SLE,Sierra Leone,1993,3.3508130814178,Total GHG,Africa,4157130.0,8.060400039012011e-07
SLE,Sierra Leone,1994,3.3594429726907,Total GHG,Africa,4173105.0,8.050223928443449e-07
SLE,Sierra Leone,1995,3.4459718909991,Total GHG,Africa,4179179.0,8.245571417254681e-07
SLE,Sierra Leone,1996,3.5092603847378,Total GHG,Africa,4199210.0,8.356953771632759e-07
SLE,Sierra Leone,1997,3.5725727790381,Total GHG,Africa,4253716.0,8.398710160805517e-07
SLE,Sierra Leone,1998,3.6131234439367,Total GHG,Africa,4295785.0,8.410857256442537e-07
SLE,Sierra Leone,1999,3.695663468237,Total GHG,Africa,4318043.0,8.558653696216087e-07
SLE,Sierra Leone,2000,3.3907626628226,Total GHG,Africa,4423611.0,7.665146557467644e-07
SLE,Sierra Leone,2001,3.4526486931854,Total GHG,Africa,4692716.0,7.357463552419111e-07
SLE,Sierra Leone,2002,3.6199915606639,Total GHG,Africa,4971435.0,7.281582803886402e-07
SLE,Sierra Leone,2003,3.8052104926239,Total GHG,Africa,5177687.0,7.349247825571341e-07
SLE,Sierra Leone,2004,3.9931829134032,Total GHG,Africa,5355717.0,7.455925907592205e-07
SLE,Sierra Leone,2005,4.4614198135257,Total GHG,Africa,5501712.0,8.109148231542655e-07
SLE,Sierra Leone,2006,5.0989659157082,Total GHG,Africa,5624466.0,9.065688930661506e-07
SLE,Sierra Leone,2007,4.6213623414487,Total GHG,Africa,5749352.0,8.038057752332263e-07
SLE,Sierra Leone,2008,4.8098850171307,Total GHG,Africa,5894722.0,8.159646913171986e-07
SLE,Sierra Leone,2009,5.1793993677728,Total GHG,Africa,6055646.0,8.553008824777406e-07
SLE,Sierra Leone,2010,5.4571651206837,Total GHG,Africa,6222714.0,8.769750820435746e-07
SLE,Sierra Leone,2011,5.8610229306305,Total GHG,Africa,6387251.0,9.176127461767981e-07
SLE,Sierra Leone,2012,6.1974112442859,Total GHG,Africa,6551080.0,9.460136716825165e-07
SLE,Sierra Leone,2013,6.5029883061517,Total GHG,Africa,6714051.0,9.685640317822578e-07
SLE,Sierra Leone,2014,6.7111861216574,Total GHG,Africa,6876385.0,9.759759120028038e-07
SLE,Sierra Leone,2015,6.2428564273312,Total GHG,Africa,7037655.0,8.870648571621087e-07
SLE,Sierra Leone,2016,6.3194709535635,Total GHG,Africa,7205328.0,8.770552782001736e-07
SLE,Sierra Leone,2017,6.3431757801882,Total GHG,Africa,7379299.0,8.595905627605278e-07
SLE,Sierra Leone,2018,6.5519380572301,Total GHG,Africa,7554563.0,8.672822051030748e-07
SLE,Sierra Leone,2019,6.7020601230934,Total GHG,Africa,7731991.0,8.667961619579485e-07
SLE,Sierra Leone,2020,6.8741785325708,Total GHG,Africa,7912558.0,8.687681698599618e-07
SLE,Sierra Leone,2021,7.8333185092136,Total GHG,Africa,8094602.0,9.677212677304702e-07
SLE,Sierra Leone,2022,7.3354986508881,Total GHG,Africa,8276807.0,8.862715599008289e-07
SLE,Sierra Leone,2023,7.7945386705306,Total GHG,Africa,8460512.0,9.212845121584368e-07
SLE,Sierra Leone,2024,7.9284830540788,Total GHG,Africa,8642022.0,9.174337966368056e-07
SLV,El Salvador,1970,5.3752714752424,Total GHG,North America,3668796.0,1.4651322873341554e-06
SLV,El Salvador,1971,5.2455839836086,Total GHG,North America,3757523.0,1.3960217897824177e-06
SLV,El Salvador,1972,5.6211307692516,Total GHG,North America,3846830.0,1.4612371145206833e-06
SLV,El Salvador,1973,5.6234711775248,Total GHG,North America,3938068.0,1.4279771648241725e-06
SLV,El Salvador,1974,5.7570295972916,Total GHG,North America,4029671.0,1.428659956927402e-06
SLV,El Salvador,1975,6.0900518280854,Total GHG,North America,4120449.0,1.4780068453912183e-06
SLV,El Salvador,1976,6.389414522299,Total GHG,North America,4210310.0,1.5175639138920887e-06
SLV,El Salvador,1977,6.8155495241409,Total GHG,North America,4301256.0,1.5845486816271573e-06
SLV,El Salvador,1978,7.1986148837378,Total GHG,North America,4394114.0,1.6382403560166623e-06
SLV,El Salvador,1979,6.9744973117811,Total GHG,North America,4480388.0,1.556672616697728e-06
SLV,El Salvador,1980,6.2254955901206,Total GHG,North America,4540382.0,1.3711391662905455e-06
SLV,El Salvador,1981,6.1229467667333,Total GHG,North America,4570599.0,1.3396377076031609e-06
SLV,El Salvador,1982,5.6362003663326,Total GHG,North America,4622477.0,1.2193030633430087e-06
SLV,El Salvador,1983,5.7616265788314,Total GHG,North America,4707367.0,1.2239595040776298e-06
SLV,El Salvador,1984,5.6727823049617,Total GHG,North America,4798003.0,1.1823215418918454e-06
SLV,El Salvador,1985,6.1115012394825,Total GHG,North America,4894706.0,1.2485941422186543e-06
SLV,El Salvador,1986,6.074745632735,Total GHG,North America,4992769.0,1.2167087307133576e-06
SLV,El Salvador,1987,6.686179615229,Total GHG,North America,5092441.0,1.3129616259135845e-06
SLV,El Salvador,1988,6.7529474086062,Total GHG,North America,5195833.0,1.2996852301846884e-06
SLV,El Salvador,1989,6.7830982851816,Total GHG,North America,5298979.0,1.2800764609902397e-06
SLV,El Salvador,1990,7.0833984239685,Total GHG,North America,5399726.0,1.3118070109424998e-06
SLV,El Salvador,1991,7.9505526496812,Total GHG,North America,5495077.0,1.446850089576761e-06
SLV,El Salvador,1992,8.4869674599426,Total GHG,North America,5585609.0,1.519434579101867e-06
SLV,El Salvador,1993,8.7366603794106,Total GHG,North America,5659957.0,1.5435912992643935e-06
SLV,El Salvador,1994,9.4760276713357,Total GHG,North America,5714129.0,1.6583503227413487e-06
SLV,El Salvador,1995,9.6607831282315,Total GHG,North America,5762131.0,1.6765990096774094e-06
SLV,El Salvador,1996,9.605357148128,Total GHG,North America,5805286.0,1.6545881026581637e-06
SLV,El Salvador,1997,10.740427783343,Total GHG,North America,5844578.0,1.8376737864295761e-06
SLV,El Salvador,1998,10.65966354619,Total GHG,North America,5880781.0,1.8126271912166089e-06
SLV,El Salvador,1999,10.771342586715,Total GHG,North America,5913900.0,1.8213602845355859e-06
SLV,El Salvador,2000,10.269868816653,Total GHG,North America,5943366.0,1.727954969734827e-06
SLV,El Salvador,2001,10.842485383824,Total GHG,North America,5968060.0,1.8167520741788789e-06
SLV,El Salvador,2002,11.00450004304,Total GHG,North America,5986631.0,1.8381791099267686e-06
SLV,El Salvador,2003,11.465208475861,Total GHG,North America,5998599.0,1.9113143712158455e-06
SLV,El Salvador,2004,11.875005691281,Total GHG,North America,6004671.0,1.977628031790751e-06
SLV,El Salvador,2005,12.14788291231,Total GHG,North America,6005578.0,2.0227666533196304e-06
SLV,El Salvador,2006,12.638640746978,Total GHG,North America,6002319.0,2.1056262999314097e-06
SLV,El Salvador,2007,12.890248649688,Total GHG,North America,6009824.0,2.1448629193946448e-06
SLV,El Salvador,2008,12.378615393678,Total GHG,North America,6029297.0,2.053077729240739e-06
SLV,El Salvador,2009,12.101255612809,Total GHG,North America,6048279.0,2.0007766858653513e-06
SLV,El Salvador,2010,11.758208856525,Total GHG,North America,6068249.0,1.937660906222701e-06
SLV,El Salvador,2011,11.676309562243,Total GHG,North America,6090127.0,1.917252228441706e-06
SLV,El Salvador,2012,11.940837026287,Total GHG,North America,6113975.0,1.9530398842466645e-06
SLV,El Salvador,2013,11.129054301633,Total GHG,North America,6138839.0,1.812892356621993e-06
SLV,El Salvador,2014,11.615022663967,Total GHG,North America,6162955.0,1.8846515452355243e-06
SLV,El Salvador,2015,12.111366035062,Total GHG,North America,6183676.0,1.95860294670387e-06
SLV,El Salvador,2016,12.069587031222,Total GHG,North America,6200800.0,1.946456430012579e-06
SLV,El Salvador,2017,11.421446502155,Total GHG,North America,6213533.0,1.8381565692424904e-06
SLV,El Salvador,2018,11.73976308055,Total GHG,North America,6219807.0,1.887480283640634e-06
SLV,El Salvador,2019,12.766893564814,Total GHG,North America,6222318.0,2.051790597139844e-06
SLV,El Salvador,2020,11.646113185343,Total GHG,North America,6234673.0,1.8679589427293139e-06
SLV,El Salvador,2021,12.596883600903,Total GHG,North America,6255782.0,2.0136385188778957e-06
SLV,El Salvador,2022,13.602655076959,Total GHG,North America,6280319.0,2.1659178581468553e-06
SLV,El Salvador,2023,14.380131566509,Total GHG,North America,6309624.0,2.2790790016186384e-06
SLV,El Salvador,2024,14.751634624787,Total GHG,North America,6338193.0,2.327419601262852e-06
SOM,Somalia,1970,18.580765867229,Total GHG,Africa,3738448.0,4.970181708353039e-06
SOM,Somalia,1971,18.44642000908,Total GHG,Africa,3837691.0,4.80664545662483e-06
SOM,Somalia,1972,18.800155119588,Total GHG,Africa,3939436.0,4.7722961153799676e-06
SOM,Somalia,1973,18.635858951441,Total GHG,Africa,4045592.0,4.606460303322975e-06
SOM,Somalia,1974,18.373535250043,Total GHG,Africa,4151842.0,4.425393656609042e-06
SOM,Somalia,1975,19.778041465537,Total GHG,Africa,4257535.0,4.645420757677154e-06
SOM,Somalia,1976,19.752643617224,Total GHG,Africa,4365812.0,4.524391709314097e-06
SOM,Somalia,1977,21.073432041578,Total GHG,Africa,4484050.0,4.6996425199491526e-06
SOM,Somalia,1978,22.655139342041,Total GHG,Africa,4814892.0,4.705222742699317e-06
SOM,Somalia,1979,22.696895097803,Total GHG,Africa,5449117.0,4.165242753606319e-06
SOM,Somalia,1980,22.622464281069,Total GHG,Africa,5936154.0,3.8109631726314714e-06
SOM,Somalia,1981,23.554052053447,Total GHG,Africa,5982849.0,3.936929053941859e-06
SOM,Somalia,1982,24.208594476779,Total GHG,Africa,6003840.0,4.032185147635346e-06
SOM,Somalia,1983,23.576550734802,Total GHG,Africa,6198430.0,3.803632651300733e-06
SOM,Somalia,1984,23.983755940939,Total GHG,Africa,6428389.0,3.730912354703333e-06
SOM,Somalia,1985,24.758444256688,Total GHG,Africa,6693289.0,3.6989952557984576e-06
SOM,Somalia,1986,25.108968782199,Total GHG,Africa,6974788.0,3.599961573340867e-06
SOM,Somalia,1987,26.040976651526,Total GHG,Africa,7228302.0,3.6026409316497848e-06
SOM,Somalia,1988,27.059878158694,Total GHG,Africa,7235360.0,3.7399491053235777e-06
SOM,Somalia,1989,26.890590803747,Total GHG,Africa,7114817.0,3.77951967053362e-06
SOM,Somalia,1990,25.66638794857,Total GHG,Africa,7082811.0,3.6237572834528552e-06
SOM,Somalia,1991,22.863474943513,Total GHG,Africa,6813760.0,3.3554858027745327e-06
SOM,Somalia,1992,20.986459166145,Total GHG,Africa,6495107.0,3.231118312007023e-06
SOM,Somalia,1993,22.943896109558,Total GHG,Africa,6681399.0,3.433995800813273e-06
SOM,Somalia,1994,24.76162660935,Total GHG,Africa,7026797.0,3.523885293591091e-06
SOM,Somalia,1995,25.531847066033,Total GHG,Africa,7285007.0,3.504711397811011e-06
SOM,Somalia,1996,26.19214477179,Total GHG,Africa,7554474.0,3.467103701963896e-06
SOM,Somalia,1997,26.780302022165,Total GHG,Africa,7824525.0,3.4226105766375595e-06
SOM,Somalia,1998,26.89702953889,Total GHG,Africa,8155417.0,3.298056928160755e-06
SOM,Somalia,1999,27.576355006295,Total GHG,Africa,8492059.0,3.2473108119355976e-06
SOM,Somalia,2000,28.301174102461,Total GHG,Africa,8838713.0,3.2019564502729075e-06
SOM,Somalia,2001,28.816698206423,Total GHG,Africa,9198493.0,3.132762965240393e-06
SOM,Somalia,2002,29.383876436109,Total GHG,Africa,9550063.0,3.0768254027338875e-06
SOM,Somalia,2003,29.920926990319,Total GHG,Africa,9909157.0,3.0195229513791133e-06
SOM,Somalia,2004,30.431750840875,Total GHG,Africa,10280998.0,2.959999684940606e-06
SOM,Somalia,2005,31.173033001225,Total GHG,Africa,10644228.0,2.928632588594025e-06
SOM,Somalia,2006,30.303781119296,Total GHG,Africa,10975502.0,2.7610382759071976e-06
SOM,Somalia,2007,29.070092869685,Total GHG,Africa,11322582.0,2.5674437923863125e-06
SOM,Somalia,2008,29.528293915634,Total GHG,Africa,11663084.0,2.531774092995815e-06
SOM,Somalia,2009,29.896519824373,Total GHG,Africa,11961201.0,2.4994580246894104e-06
SOM,Somalia,2010,30.251155878766,Total GHG,Africa,12261756.0,2.4671144882320283e-06
SOM,Somalia,2011,30.64352855567,Total GHG,Africa,12348830.0,2.481492461688273e-06
SOM,Somalia,2012,30.924830765919,Total GHG,Africa,12461160.0,2.4816975920314805e-06
SOM,Somalia,2013,31.079708916058,Total GHG,Africa,12869594.0,2.4149719809387926e-06
SOM,Somalia,2014,31.324035952042,Total GHG,Africa,13339491.0,2.3482182305188404e-06
SOM,Somalia,2015,31.447624387755,Total GHG,Africa,13806963.0,2.2776641313339506e-06
SOM,Somalia,2016,31.811261073554,Total GHG,Africa,14348740.0,2.2170072824201987e-06
SOM,Somalia,2017,32.038411573858,Total GHG,Africa,14916629.0,2.147831897800636e-06
SOM,Somalia,2018,32.579995086912,Total GHG,Africa,15452487.0,2.1083981553850847e-06
SOM,Somalia,2019,33.108774907311,Total GHG,Africa,16030971.0,2.0653006550452247e-06
SOM,Somalia,2020,33.508353149305,Total GHG,Africa,16651191.0,2.0123697547703944e-06
SOM,Somalia,2021,33.384152501169,Total GHG,Africa,17271431.0,1.9329117836946456e-06
SOM,Somalia,2022,33.644703872395,Total GHG,Africa,17801897.0,1.8899504851867752e-06
SOM,Somalia,2023,34.244724926772,Total GHG,Africa,18358615.0,1.8653218081414095e-06
SOM,Somalia,2024,34.416872869166,Total GHG,Africa,19009151.0,1.810542347165636e-06
SPM,Saint Pierre and Miquelon,1970,0.041449244144911,Total GHG,North America,,
SPM,Saint Pierre and Miquelon,1971,0.041470398583658,Total GHG,North America,,
SPM,Saint Pierre and Miquelon,1972,0.049567583236232,Total GHG,North America,,
SPM,Saint Pierre and Miquelon,1973,0.050028859208605,Total GHG,North America,,
SPM,Saint Pierre and Miquelon,1974,0.045130804254886,Total GHG,North America,,
SPM,Saint Pierre and Miquelon,1975,0.053726235819512,Total GHG,North America,,
SPM,Saint Pierre and Miquelon,1976,0.049156023897214,Total GHG,North America,,
SPM,Saint Pierre and Miquelon,1977,0.05379890331616,Total GHG,North America,,
SPM,Saint Pierre and Miquelon,1978,0.053800485428719,Total GHG,North America,,
SPM,Saint Pierre and Miquelon,1979,0.053246481088105,Total GHG,North America,,
SPM,Saint Pierre and Miquelon,1980,0.052744311090126,Total GHG,North America,,
SPM,Saint Pierre and Miquelon,1981,0.051810958464642,Total GHG,North America,,
SPM,Saint Pierre and Miquelon,1982,0.044922177884424,Total GHG,North America,,
SPM,Saint Pierre and Miquelon,1983,0.048415635425169,Total GHG,North America,,
SPM,Saint Pierre and Miquelon,1984,0.053337027526263,Total GHG,North America,,
SPM,Saint Pierre and Miquelon,1985,0.049058274396842,Total GHG,North America,,
SPM,Saint Pierre and Miquelon,1986,0.061190916571987,Total GHG,North America,,
SPM,Saint Pierre and Miquelon,1987,0.080571318639259,Total GHG,North America,,
SPM,Saint Pierre and Miquelon,1988,0.086669232020322,Total GHG,North America,,
SPM,Saint Pierre and Miquelon,1989,0.10622489844135,Total GHG,North America,,
SPM,Saint Pierre and Miquelon,1990,0.098400479161841,Total GHG,North America,,
SPM,Saint Pierre and Miquelon,1991,0.093029643194014,Total GHG,North America,,
SPM,Saint Pierre and Miquelon,1992,0.087211600182728,Total GHG,North America,,
SPM,Saint Pierre and Miquelon,1993,0.050995714445273,Total GHG,North America,,
SPM,Saint Pierre and Miquelon,1994,0.052806845124174,Total GHG,North America,,
SPM,Saint Pierre and Miquelon,1995,0.034912139214726,Total GHG,North America,,
SPM,Saint Pierre and Miquelon,1996,0.034669923501588,Total GHG,North America,,
SPM,Saint Pierre and Miquelon,1997,0.022884827760803,Total GHG,North America,,
SPM,Saint Pierre and Miquelon,1998,0.029211308861722,Total GHG,North America,,
SPM,Saint Pierre and Miquelon,1999,0.029500539701502,Total GHG,North America,,
SPM,Saint Pierre and Miquelon,2000,0.023478293626318,Total GHG,North America,,
SPM,Saint Pierre and Miquelon,2001,0.023200411312801,Total GHG,North America,,
SPM,Saint Pierre and Miquelon,2002,0.025817383045289,Total GHG,North America,,
SPM,Saint Pierre and Miquelon,2003,0.029321189238116,Total GHG,North America,,
SPM,Saint Pierre and Miquelon,2004,0.028029876262278,Total GHG,North America,,
SPM,Saint Pierre and Miquelon,2005,0.029334922160331,Total GHG,North America,,
SPM,Saint Pierre and Miquelon,2006,0.031788638338214,Total GHG,North America,,
SPM,Saint Pierre and Miquelon,2007,0.033975688513755,Total GHG,North America,,
SPM,Saint Pierre and Miquelon,2008,0.035459720426907,Total GHG,North America,,
SPM,Saint Pierre and Miquelon,2009,0.038499300638116,Total GHG,North America,,
SPM,Saint Pierre and Miquelon,2010,0.042468832365636,Total GHG,North America,,
SPM,Saint Pierre and Miquelon,2011,0.033946349676942,Total GHG,North America,,
SPM,Saint Pierre and Miquelon,2012,0.034629901451383,Total GHG,North America,,
SPM,Saint Pierre and Miquelon,2013,0.039625451315733,Total GHG,North America,,
SPM,Saint Pierre and Miquelon,2014,0.043518832856521,Total GHG,North America,,
SPM,Saint Pierre and Miquelon,2015,0.044295959751408,Total GHG,North America,,
SPM,Saint Pierre and Miquelon,2016,0.047448941007629,Total GHG,North America,,
SPM,Saint Pierre and Miquelon,2017,0.043805471855592,Total GHG,North America,,
SPM,Saint Pierre and Miquelon,2018,0.03441097876341,Total GHG,North America,,
SPM,Saint Pierre and Miquelon,2019,0.041346222908078,Total GHG,North America,,
SPM,Saint Pierre and Miquelon,2020,0.038788626251842,Total GHG,North America,,
SPM,Saint Pierre and Miquelon,2021,0.035170097623035,Total GHG,North America,,
SPM,Saint Pierre and Miquelon,2022,0.035068565502105,Total GHG,North America,,
SPM,Saint Pierre and Miquelon,2023,0.035109438354039,Total GHG,North America,,
SPM,Saint Pierre and Miquelon,2024,0.035007766695614,Total GHG,North America,,
STP,São Tomé and Príncipe,1970,0.034184129358809,Total GHG,Africa,77626.0,4.403695844022492e-07
STP,São Tomé and Príncipe,1971,0.034149365834287,Total GHG,Africa,79330.0,4.304722782590067e-07
STP,São Tomé and Príncipe,1972,0.033597064029567,Total GHG,Africa,81041.0,4.1456872483763773e-07
STP,São Tomé and Príncipe,1973,0.034843709284088,Total GHG,Africa,82798.0,4.2082790990226815e-07
STP,São Tomé and Príncipe,1974,0.035650567587596,Total GHG,Africa,84672.0,4.2104317351185755e-07
STP,São Tomé and Príncipe,1975,0.037418149143315,Total GHG,Africa,86708.0,4.3154206236235416e-07
STP,São Tomé and Príncipe,1976,0.039510777829768,Total GHG,Africa,88922.0,4.44330737385214e-07
STP,São Tomé and Príncipe,1977,0.039968074301611,Total GHG,Africa,91301.0,4.3776162694396554e-07
STP,São Tomé and Príncipe,1978,0.040689732588501,Total GHG,Africa,93794.0,4.338202079930592e-07
STP,São Tomé and Príncipe,1979,0.043668184952324,Total GHG,Africa,96252.0,4.5368600083451775e-07
STP,São Tomé and Príncipe,1980,0.043458394373059,Total GHG,Africa,98544.0,4.4100497618382647e-07
STP,São Tomé and Príncipe,1981,0.044322943452699,Total GHG,Africa,100615.0,4.405202350812404e-07
STP,São Tomé and Príncipe,1982,0.043040990133938,Total GHG,Africa,102508.0,4.1987932779820115e-07
STP,São Tomé and Príncipe,1983,0.04561058858415,Total GHG,Africa,104380.0,4.3696674251916075e-07
STP,São Tomé and Príncipe,1984,0.045943008307743,Total GHG,Africa,106394.0,4.3181954158827565e-07
STP,São Tomé and Príncipe,1985,0.046250536466635,Total GHG,Africa,108658.0,4.25652381477986e-07
STP,São Tomé and Príncipe,1986,0.049628370863473,Total GHG,Africa,111150.0,4.464990630991723e-07
STP,São Tomé and Príncipe,1987,0.059621776284071,Total GHG,Africa,113919.0,5.233699056704412e-07
STP,São Tomé and Príncipe,1988,0.057655490794738,Total GHG,Africa,116939.0,4.930390271401158e-07
STP,São Tomé and Príncipe,1989,0.056085364369668,Total GHG,Africa,119979.0,4.674598418862301e-07
STP,São Tomé and Príncipe,1990,0.08326071837173,Total GHG,Africa,122980.0,6.770264951352253e-07
STP,São Tomé and Príncipe,1991,0.098119773401129,Total GHG,Africa,125697.0,7.806055307694615e-07
STP,São Tomé and Príncipe,1992,0.091061057956794,Total GHG,Africa,128110.0,7.108036683849349e-07
STP,São Tomé and Príncipe,1993,0.090460164896798,Total GHG,Africa,130467.0,6.933566717775223e-07
STP,São Tomé and Príncipe,1994,0.10153296031184,Total GHG,Africa,132732.0,7.649471138221379e-07
STP,São Tomé and Príncipe,1995,0.1047878353028,Total GHG,Africa,134895.0,7.768103732740279e-07
STP,São Tomé and Príncipe,1996,0.10798634460774,Total GHG,Africa,136962.0,7.884401849253077e-07
STP,São Tomé and Príncipe,1997,0.10878602567846,Total GHG,Africa,138922.0,7.830727003531479e-07
STP,São Tomé and Príncipe,1998,0.11114389679656,Total GHG,Africa,140751.0,7.896490738720152e-07
STP,São Tomé and Príncipe,1999,0.11806455879035,Total GHG,Africa,142442.0,8.288605803790314e-07
STP,São Tomé and Príncipe,2000,0.11580005256751,Total GHG,Africa,144018.0,8.04066523403394e-07
STP,São Tomé and Príncipe,2001,0.11570240930838,Total GHG,Africa,146375.0,7.904519850273612e-07
STP,São Tomé and Príncipe,2002,0.12666584283686,Total GHG,Africa,149922.0,8.448782889559905e-07
STP,São Tomé and Príncipe,2003,0.13767524756271,Total GHG,Africa,153814.0,8.950761800792515e-07
STP,São Tomé and Príncipe,2004,0.14804317736638,Total GHG,Africa,157705.0,9.387348363487524e-07
STP,São Tomé and Príncipe,2005,0.1568071056718,Total GHG,Africa,161639.0,9.701068781160488e-07
STP,São Tomé and Príncipe,2006,0.16353579171783,Total GHG,Africa,165638.0,9.873084178620244e-07
STP,São Tomé and Príncipe,2007,0.16669921372943,Total GHG,Africa,169700.0,9.823171109571596e-07
STP,São Tomé and Príncipe,2008,0.17556703100595,Total GHG,Africa,173793.0,1.010207724165818e-06
STP,São Tomé and Príncipe,2009,0.18831357793426,Total GHG,Africa,177853.0,1.058815864417581e-06
STP,São Tomé and Príncipe,2010,0.19842957694514,Total GHG,Africa,181802.0,1.0914598131216378e-06
STP,São Tomé and Príncipe,2011,0.20363514835704,Total GHG,Africa,185649.0,1.0968825490955512e-06
STP,São Tomé and Príncipe,2012,0.21031611769196,Total GHG,Africa,189439.0,1.1102049614491207e-06
STP,São Tomé and Príncipe,2013,0.21370351614215,Total GHG,Africa,193148.0,1.106423655135699e-06
STP,São Tomé and Príncipe,2014,0.21438881079262,Total GHG,Africa,196767.0,1.0895567386432685e-06
STP,São Tomé and Príncipe,2015,0.22514512937426,Total GHG,Africa,200291.0,1.1240900957819373e-06
STP,São Tomé and Príncipe,2016,0.23326010356198,Total GHG,Africa,203689.0,1.1451777148593197e-06
STP,São Tomé and Príncipe,2017,0.23839717881545,Total GHG,Africa,206970.0,1.1518441262765136e-06
STP,São Tomé and Príncipe,2018,0.24246348244149,Total GHG,Africa,210187.0,1.1535607932055264e-06
STP,São Tomé and Príncipe,2019,0.2517523630001,Total GHG,Africa,213392.0,1.1797647662522494e-06
STP,São Tomé and Príncipe,2020,0.24870050058397,Total GHG,Africa,217435.0,1.143792400413779e-06
STP,São Tomé and Príncipe,2021,0.251252020066,Total GHG,Africa,221961.0,1.13196471481927e-06
STP,São Tomé and Príncipe,2022,0.23650622903037,Total GHG,Africa,226305.0,1.0450773470774839e-06
STP,São Tomé and Príncipe,2023,0.24211747499797,Total GHG,Africa,230871.0,1.0487132424512824e-06
STP,São Tomé and Príncipe,2024,0.24546513171181,Total GHG,Africa,235536.0,1.042155473947974e-06
SUR,Suriname,1970,1.7594444151251,Total GHG,South America,379442.0,4.63692584143321e-06
SUR,Suriname,1971,1.7617141414251,Total GHG,South America,391932.0,4.49494846408331e-06
SUR,Suriname,1972,1.7241703883246,Total GHG,South America,397413.0,4.338485123346745e-06
SUR,Suriname,1973,1.9479630441536,Total GHG,South America,395772.0,4.921932436235004e-06
SUR,Suriname,1974,1.8735095203378,Total GHG,South America,393676.0,4.759013809167437e-06
SUR,Suriname,1975,1.766640339132,Total GHG,South America,391170.0,4.5162981290283e-06
SUR,Suriname,1976,1.8376725382937,Total GHG,South America,388289.0,4.732744265981524e-06
SUR,Suriname,1977,1.9987291102535,Total GHG,South America,385067.0,5.190600883102161e-06
SUR,Suriname,1978,2.147136692092,Total GHG,South America,381502.0,5.628113855476511e-06
SUR,Suriname,1979,2.1503374641711,Total GHG,South America,377602.0,5.694719477574537e-06
SUR,Suriname,1980,2.2121556105662,Total GHG,South America,375377.0,5.893157040964683e-06
SUR,Suriname,1981,2.0107134177697,Total GHG,South America,375459.0,5.355347502043366e-06
SUR,Suriname,1982,2.01040049018,Total GHG,South America,376555.0,5.338929214005922e-06
SUR,Suriname,1983,1.8083185090596,Total GHG,South America,378746.0,4.7744887313914864e-06
SUR,Suriname,1984,1.6767084870878,Total GHG,South America,382193.0,4.3870727278830324e-06
SUR,Suriname,1985,1.8099484238981,Total GHG,South America,386972.0,4.677207715023568e-06
SUR,Suriname,1986,1.8316467264504,Total GHG,South America,392330.0,4.668637948794127e-06
SUR,Suriname,1987,1.5380566062308,Total GHG,South America,396911.0,3.875066718309143e-06
SUR,Suriname,1988,1.6410372574229,Total GHG,South America,402227.0,4.079878420451387e-06
SUR,Suriname,1989,1.8485585451873,Total GHG,South America,408409.0,4.5262434108633744e-06
SUR,Suriname,1990,2.2134003587275,Total GHG,South America,412493.0,5.365910109329128e-06
SUR,Suriname,1991,2.4612577981323,Total GHG,South America,415013.0,5.930555905796445e-06
SUR,Suriname,1992,2.5983620632456,Total GHG,South America,417589.0,6.2222952789599345e-06
SUR,Suriname,1993,2.4764726800302,Total GHG,South America,419352.0,5.90547482790162e-06
SUR,Suriname,1994,2.4388425028847,Total GHG,South America,422375.0,5.774116609374844e-06
SUR,Suriname,1995,2.4758623508399,Total GHG,South America,429606.0,5.76310002849099e-06
SUR,Suriname,1996,2.4855619369365,Total GHG,South America,438830.0,5.664065667653761e-06
SUR,Suriname,1997,2.4582607322439,Total GHG,South America,448067.0,5.4863686284504324e-06
SUR,Suriname,1998,2.4706733542256,Total GHG,South America,457406.0,5.401488730418053e-06
SUR,Suriname,1999,2.3953864525189,Total GHG,South America,466916.0,5.130229961104139e-06
SUR,Suriname,2000,2.528140301106,Total GHG,South America,476643.0,5.304054189626198e-06
SUR,Suriname,2001,2.5482777754101,Total GHG,South America,486560.0,5.237335118813918e-06
SUR,Suriname,2002,1.9676536228923,Total GHG,South America,496551.0,3.962641547177027e-06
SUR,Suriname,2003,2.1887854881176,Total GHG,South America,506414.0,4.322126734485223e-06
SUR,Suriname,2004,2.3325464994033,Total GHG,South America,513923.0,4.5387081321585134e-06
SUR,Suriname,2005,2.6045166136666,Total GHG,South America,519313.0,5.0153117939789685e-06
SUR,Suriname,2006,2.4806092388144,Total GHG,South America,524997.0,4.7249969786768305e-06
SUR,Suriname,2007,2.373080245634,Total GHG,South America,531016.0,4.4689430179768596e-06
SUR,Suriname,2008,2.458798051008,Total GHG,South America,537245.0,4.576679263665552e-06
SUR,Suriname,2009,2.5672651617564,Total GHG,South America,543568.0,4.722988037846967e-06
SUR,Suriname,2010,2.8783019374719,Total GHG,South America,549923.0,5.234009011210478e-06
SUR,Suriname,2011,3.1134340794864,Total GHG,South America,556269.0,5.596993683786801e-06
SUR,Suriname,2012,3.5821716102772,Total GHG,South America,562633.0,6.36679969052153e-06
SUR,Suriname,2013,3.4655208870587,Total GHG,South America,569020.0,6.090332303009912e-06
SUR,Suriname,2014,3.8348920046971,Total GHG,South America,575373.0,6.665053808046433e-06
SUR,Suriname,2015,3.9230765214055,Total GHG,South America,581627.0,6.745004137368967e-06
SUR,Suriname,2016,4.1934596896474,Total GHG,South America,587757.0,7.134682682890039e-06
SUR,Suriname,2017,3.657389801732,Total GHG,South America,593713.0,6.160198280536219e-06
SUR,Suriname,2018,3.3175648666635,Total GHG,South America,599513.0,5.533766351461103e-06
SUR,Suriname,2019,3.8786179437235,Total GHG,South America,605768.0,6.4028108842386854e-06
SUR,Suriname,2020,3.7911438082902,Total GHG,South America,612317.0,6.191472404473826e-06
SUR,Suriname,2021,3.9148008035639,Total GHG,South America,617896.0,6.335695333136806e-06
SUR,Suriname,2022,3.9563712235632,Total GHG,South America,623164.0,6.348844322783729e-06
SUR,Suriname,2023,3.5866743140538,Total GHG,South America,628886.0,5.70321857070089e-06
SUR,Suriname,2024,3.6665753428261,Total GHG,South America,634431.0,5.779313026674453e-06
SVK,Slovakia,1970,56.313977809052,Total GHG,Europe,4538223.0,1.2408816800992811e-05
SVK,Slovakia,1971,56.492868516518,Total GHG,Europe,4557449.0,1.2395721491676156e-05
SVK,Slovakia,1972,57.343598024297,Total GHG,Europe,4596622.0,1.2475160677623047e-05
SVK,Slovakia,1973,58.609083866318,Total GHG,Europe,4641445.0,1.2627335639292936e-05
SVK,Slovakia,1974,59.24015381594,Total GHG,Europe,4689623.0,1.2632178282974985e-05
SVK,Slovakia,1975,60.633534282095,Total GHG,Europe,4739105.0,1.2794300671138326e-05
SVK,Slovakia,1976,61.492566672982,Total GHG,Europe,4789507.0,1.2839018018552223e-05
SVK,Slovakia,1977,63.700718965737,Total GHG,Europe,4840501.0,1.3159943354156317e-05
SVK,Slovakia,1978,70.361497946887,Total GHG,Europe,4890125.0,1.4388486582017229e-05
SVK,Slovakia,1979,71.600240177631,Total GHG,Europe,4938973.0,1.4496989592296008e-05
SVK,Slovakia,1980,75.67875480858,Total GHG,Europe,4979815.0,1.5197101661121948e-05
SVK,Slovakia,1981,73.641642177747,Total GHG,Europe,5016105.0,1.4681040803122542e-05
SVK,Slovakia,1982,71.90605336919,Total GHG,Europe,5055099.0,1.4224459969862115e-05
SVK,Slovakia,1983,71.862569028771,Total GHG,Europe,5091971.0,1.4112917970029878e-05
SVK,Slovakia,1984,74.232346222309,Total GHG,Europe,5127097.0,1.4478436086211945e-05
SVK,Slovakia,1985,73.786554218408,Total GHG,Europe,5161768.0,1.4294821894050255e-05
SVK,Slovakia,1986,71.159170333228,Total GHG,Europe,5193838.0,1.3700691152328587e-05
SVK,Slovakia,1987,72.791136031696,Total GHG,Europe,5222840.0,1.3937079449436705e-05
SVK,Slovakia,1988,74.188824459518,Total GHG,Europe,5250596.0,1.4129600612867187e-05
SVK,Slovakia,1989,73.739097209993,Total GHG,Europe,5275942.0,1.3976479879800234e-05
SVK,Slovakia,1990,73.84474417223,Total GHG,Europe,5299187.0,1.393510819154523e-05
SVK,Slovakia,1991,64.277495847891,Total GHG,Europe,5303294.0,1.2120296526628734e-05
SVK,Slovakia,1992,59.567399489872,Total GHG,Europe,5305016.0,1.1228505152457977e-05
SVK,Slovakia,1993,57.803015504497,Total GHG,Europe,5325305.0,1.0854404678135243e-05
SVK,Slovakia,1994,54.850997793751,Total GHG,Europe,5346331.0,1.025955890006642e-05
SVK,Slovakia,1995,54.836948362042,Total GHG,Europe,5361999.0,1.0226959826371098e-05
SVK,Slovakia,1996,55.377710402967,Total GHG,Europe,5373361.0,1.0305972444986852e-05
SVK,Slovakia,1997,54.677099838495,Total GHG,Europe,5383291.0,1.0156816683046672e-05
SVK,Slovakia,1998,53.767354662145,Total GHG,Europe,5390516.0,9.9744355943188e-06
SVK,Slovakia,1999,52.612863506438,Total GHG,Europe,5396020.0,9.75030921057335e-06
SVK,Slovakia,2000,50.482046326,Total GHG,Europe,5388720.0,9.3680960090708e-06
SVK,Slovakia,2001,51.058344694255,Total GHG,Europe,5378867.0,9.492397691605872e-06
SVK,Slovakia,2002,50.596098920065,Total GHG,Europe,5376912.0,9.40988041464413e-06
SVK,Slovakia,2003,51.217226148577,Total GHG,Europe,5373374.0,9.531669701118328e-06
SVK,Slovakia,2004,50.948603933369,Total GHG,Europe,5372280.0,9.483609181459082e-06
SVK,Slovakia,2005,51.095412440329,Total GHG,Europe,5372807.0,9.510003326069408e-06
SVK,Slovakia,2006,51.31735014015,Total GHG,Europe,5373054.0,9.550871839395249e-06
SVK,Slovakia,2007,50.245456940346,Total GHG,Europe,5374622.0,9.348649438108577e-06
SVK,Slovakia,2008,50.103727634555,Total GHG,Europe,5379233.0,9.314288418916785e-06
SVK,Slovakia,2009,45.764592401329,Total GHG,Europe,5386406.0,8.49631320055135e-06
SVK,Slovakia,2010,49.101357904735,Total GHG,Europe,5391428.0,9.10730105358636e-06
SVK,Slovakia,2011,47.479979096406,Total GHG,Europe,5398384.0,8.795220772810159e-06
SVK,Slovakia,2012,45.381398499146,Total GHG,Europe,5407579.0,8.392184099232948e-06
SVK,Slovakia,2013,45.841870098727,Total GHG,Europe,5413393.0,8.468232418877957e-06
SVK,Slovakia,2014,43.045080057047,Total GHG,Europe,5418649.0,7.943876796051377e-06
SVK,Slovakia,2015,43.929643055047,Total GHG,Europe,5423801.0,8.099420140054364e-06
SVK,Slovakia,2016,44.801383389554,Total GHG,Europe,5430798.0,8.249502815157918e-06
SVK,Slovakia,2017,47.065080302554,Total GHG,Europe,5439232.0,8.65289075784118e-06
SVK,Slovakia,2018,46.669738140209,Total GHG,Europe,5446771.0,8.568331244366432e-06
SVK,Slovakia,2019,44.01847769767,Total GHG,Europe,5454147.0,8.070643805102797e-06
SVK,Slovakia,2020,41.996194589153,Total GHG,Europe,5458827.0,7.693263514149285e-06
SVK,Slovakia,2021,46.371881011479,Total GHG,Europe,5447247.0,8.512902207569989e-06
SVK,Slovakia,2022,42.524275323404,Total GHG,Europe,5431752.0,7.828832266900993e-06
SVK,Slovakia,2023,40.307738950781,Total GHG,Europe,5426740.0,7.427615649686736e-06
SVK,Slovakia,2024,39.000776046537,Total GHG,Europe,5422069.0,7.192969334498878e-06
SVN,Slovenia,1970,13.982598664029,Total GHG,Europe,1724891.0,8.106366526365434e-06
SVN,Slovenia,1971,14.312130499832,Total GHG,Europe,1738335.0,8.233240715875823e-06
SVN,Slovenia,1972,13.91324426015,Total GHG,Europe,1752233.0,7.940293477037585e-06
SVN,Slovenia,1973,15.425554395633,Total GHG,Europe,1766697.0,8.731295969616182e-06
SVN,Slovenia,1974,16.57660624475,Total GHG,Europe,1776132.0,9.332981019851001e-06
SVN,Slovenia,1975,16.647701763598,Total GHG,Europe,1793581.0,9.281823214896902e-06
SVN,Slovenia,1976,16.190149233489,Total GHG,Europe,1820249.0,8.894469511308067e-06
SVN,Slovenia,1977,17.22643497014,Total GHG,Europe,1842377.0,9.350113994117382e-06
SVN,Slovenia,1978,18.127364667878,Total GHG,Europe,1862548.0,9.732562418728537e-06
SVN,Slovenia,1979,18.821431744464,Total GHG,Europe,1882599.0,9.997578743250156e-06
SVN,Slovenia,1980,19.138351423095,Total GHG,Europe,1901315.0,1.006584991076965e-05
SVN,Slovenia,1981,16.771614948195,Total GHG,Europe,1906531.0,8.796927481480764e-06
SVN,Slovenia,1982,17.061503946984,Total GHG,Europe,1910334.0,8.931162795084001e-06
SVN,Slovenia,1983,19.855706671824,Total GHG,Europe,1922321.0,1.032902760351887e-05
SVN,Slovenia,1984,20.103426684665,Total GHG,Europe,1932154.0,1.0404670996548411e-05
SVN,Slovenia,1985,19.676636190986,Total GHG,Europe,1941641.0,1.0134023844256481e-05
SVN,Slovenia,1986,19.535114226685,Total GHG,Europe,1965964.0,9.936659179255062e-06
SVN,Slovenia,1987,19.110992869482,Total GHG,Europe,1989776.0,9.604595125020104e-06
SVN,Slovenia,1988,23.359835373215,Total GHG,Europe,1995196.0,1.1708040399647453e-05
SVN,Slovenia,1989,22.065378075877,Total GHG,Europe,1996351.0,1.1052854971834612e-05
SVN,Slovenia,1990,21.074109561799,Total GHG,Europe,1998161.0,1.0546752519841493e-05
SVN,Slovenia,1991,19.73705304692,Total GHG,Europe,1999429.0,9.87134479239823e-06
SVN,Slovenia,1992,18.792187036681,Total GHG,Europe,1996498.0,9.412574937055284e-06
SVN,Slovenia,1993,19.345720337733,Total GHG,Europe,1991746.0,9.712945494924051e-06
SVN,Slovenia,1994,19.177045253783,Total GHG,Europe,1989443.0,9.639404222077738e-06
SVN,Slovenia,1995,20.079036922894,Total GHG,Europe,1989872.0,1.0090617347695732e-05
SVN,Slovenia,1996,20.735615493322,Total GHG,Europe,1988628.0,1.042709621574372e-05
SVN,Slovenia,1997,21.507068646739,Total GHG,Europe,1985956.0,1.082957963154219e-05
SVN,Slovenia,1998,21.346366797972,Total GHG,Europe,1981629.0,1.077213080650919e-05
SVN,Slovenia,1999,20.72766595168,Total GHG,Europe,1983045.0,1.0452443566172224e-05
SVN,Slovenia,2000,20.510737165748,Total GHG,Europe,1988925.0,1.0312473907134759e-05
SVN,Slovenia,2001,22.348171924339,Total GHG,Europe,1992060.0,1.1218623899048723e-05
SVN,Slovenia,2002,22.994088186323,Total GHG,Europe,1994530.0,1.1528574745089319e-05
SVN,Slovenia,2003,22.831060825235,Total GHG,Europe,1995733.0,1.1439937519314958e-05
SVN,Slovenia,2004,23.365594017681,Total GHG,Europe,1997012.0,1.170027722301168e-05
SVN,Slovenia,2005,23.507644097504,Total GHG,Europe,2000474.0,1.1751037052970445e-05
SVN,Slovenia,2006,23.587812278748,Total GHG,Europe,2006868.0,1.1753544467672014e-05
SVN,Slovenia,2007,23.515283737352,Total GHG,Europe,2018122.0,1.1652062530090848e-05
SVN,Slovenia,2008,24.134269114167,Total GHG,Europe,2021316.0,1.1939879323256236e-05
SVN,Slovenia,2009,21.870090971951,Total GHG,Europe,2039669.0,1.072237258690062e-05
SVN,Slovenia,2010,22.003910730577,Total GHG,Europe,2048583.0,1.0741039406544426e-05
SVN,Slovenia,2011,21.023417241134,Total GHG,Europe,2052843.0,1.0241122794648203e-05
SVN,Slovenia,2012,20.366291707285,Total GHG,Europe,2057159.0,9.900203001948318e-06
SVN,Slovenia,2013,20.323951171877,Total GHG,Europe,2059953.0,9.866220817599721e-06
SVN,Slovenia,2014,18.678439360419,Total GHG,Europe,2061980.0,9.058496862442408e-06
SVN,Slovenia,2015,18.888000880596,Total GHG,Europe,2063531.0,9.153243096709475e-06
SVN,Slovenia,2016,19.79198319949,Total GHG,Europe,2065042.0,9.584300561194397e-06
SVN,Slovenia,2017,20.098764270451,Total GHG,Europe,2066388.0,9.726520029370573e-06
SVN,Slovenia,2018,20.033218799413,Total GHG,Europe,2073894.0,9.659712019714122e-06
SVN,Slovenia,2019,19.354622709803,Total GHG,Europe,2088385.0,9.267746469067246e-06
SVN,Slovenia,2020,18.023764647531,Total GHG,Europe,2102419.0,8.572869940545153e-06
SVN,Slovenia,2021,18.190498644401,Total GHG,Europe,2108079.0,8.628945425859752e-06
SVN,Slovenia,2022,17.498217974052,Total GHG,Europe,2112076.0,8.284842957380321e-06
SVN,Slovenia,2023,16.677122032559,Total GHG,Europe,2120461.0,7.86485676112836e-06
SVN,Slovenia,2024,17.336899254101,Total GHG,Europe,2126324.0,8.153460739803058e-06
SWE,Sweden,1970,114.71101809495,Total GHG,Europe,8042801.0,1.4262570725665102e-05
SWE,Sweden,1971,107.67356446715,Total GHG,Europe,8098334.0,1.3295767310554244e-05
SWE,Sweden,1972,107.93855731878,Total GHG,Europe,8122300.0,1.3289161606783793e-05
SWE,Sweden,1973,109.54376410317,Total GHG,Europe,8136312.0,1.346356483172843e-05
SWE,Sweden,1974,102.71121627989,Total GHG,Europe,8159955.0,1.2587228272691455e-05
SWE,Sweden,1975,104.36281090838,Total GHG,Europe,8192437.0,1.2738921386686282e-05
SWE,Sweden,1976,111.3762862715,Total GHG,Europe,8222286.0,1.3545659476148119e-05
SWE,Sweden,1977,107.38826968087,Total GHG,Europe,8251540.0,1.3014330619601916e-05
SWE,Sweden,1978,102.14616417552,Total GHG,Europe,8275599.0,1.2343053859366555e-05
SWE,Sweden,1979,105.55469238856,Total GHG,Europe,8293678.0,1.272712690178712e-05
SWE,Sweden,1980,97.969010292338,Total GHG,Europe,8310531.0,1.1788537975772907e-05
SWE,Sweden,1981,90.316586983577,Total GHG,Europe,8320503.0,1.0854702772606055e-05
SWE,Sweden,1982,84.007084749876,Total GHG,Europe,8325263.0,1.009062233227659e-05
SWE,Sweden,1983,78.340637866495,Total GHG,Europe,8329033.0,9.405730277031559e-06
SWE,Sweden,1984,78.060258033915,Total GHG,Europe,8336605.0,9.363554832442583e-06
SWE,Sweden,1985,81.829769147077,Total GHG,Europe,8350386.0,9.799519345222725e-06
SWE,Sweden,1986,82.754849975237,Total GHG,Europe,8369829.0,9.88728084829893e-06
SWE,Sweden,1987,80.458143859451,Total GHG,Europe,8397804.0,9.580855168738279e-06
SWE,Sweden,1988,78.45656377744,Total GHG,Europe,8436489.0,9.299670014082873e-06
SWE,Sweden,1989,75.832343625019,Total GHG,Europe,8492964.0,8.928843172421196e-06
SWE,Sweden,1990,75.251851599627,Total GHG,Europe,8558835.0,8.792300774536138e-06
SWE,Sweden,1991,75.466199235067,Total GHG,Europe,8617375.0,8.757446349389111e-06
SWE,Sweden,1992,78.256159203372,Total GHG,Europe,8668067.0,9.028098098846258e-06
SWE,Sweden,1993,78.696971613355,Total GHG,Europe,8718561.0,9.026371624096569e-06
SWE,Sweden,1994,81.628627357617,Total GHG,Europe,8780745.0,9.296321366537464e-06
SWE,Sweden,1995,81.027859901136,Total GHG,Europe,8826939.0,9.179610270461367e-06
SWE,Sweden,1996,86.490494226134,Total GHG,Europe,8840998.0,9.782888111289473e-06
SWE,Sweden,1997,80.436798822199,Total GHG,Europe,8846062.0,9.092949927572179e-06
SWE,Sweden,1998,81.380151740048,Total GHG,Europe,8850974.0,9.194485458893903e-06
SWE,Sweden,1999,79.797043978285,Total GHG,Europe,8857874.0,9.008600029565221e-06
SWE,Sweden,2000,76.199451875952,Total GHG,Europe,8872109.0,8.588651455471522e-06
SWE,Sweden,2001,75.742621707097,Total GHG,Europe,8895960.0,8.514271838800647e-06
SWE,Sweden,2002,77.116516060082,Total GHG,Europe,8924958.0,8.640546662525696e-06
SWE,Sweden,2003,77.238209341562,Total GHG,Europe,8958229.0,8.62204006412004e-06
SWE,Sweden,2004,75.685643935714,Total GHG,Europe,8993531.0,8.415564913904671e-06
SWE,Sweden,2005,71.924123422492,Total GHG,Europe,9029572.0,7.965396745548072e-06
SWE,Sweden,2006,72.176631646822,Total GHG,Europe,9080505.0,7.948526171927883e-06
SWE,Sweden,2007,69.762195792954,Total GHG,Europe,9148092.0,7.6258738754435356e-06
SWE,Sweden,2008,68.087860457967,Total GHG,Europe,9219637.0,7.385091241441176e-06
SWE,Sweden,2009,63.090359188893,Total GHG,Europe,9298515.0,6.784993000376189e-06
SWE,Sweden,2010,69.186566963749,Total GHG,Europe,9378126.0,7.377440542358783e-06
SWE,Sweden,2011,64.633026712264,Total GHG,Europe,9449213.0,6.8400433678724355e-06
SWE,Sweden,2012,61.747978004491,Total GHG,Europe,9519374.0,6.48655867544347e-06
SWE,Sweden,2013,59.711036013559,Total GHG,Europe,9600379.0,6.219654037987355e-06
SWE,Sweden,2014,58.361332930237,Total GHG,Europe,9696110.0,6.019046084485118e-06
SWE,Sweden,2015,58.390869234621,Total GHG,Europe,9799186.0,5.958746903530661e-06
SWE,Sweden,2016,58.01746354036,Total GHG,Europe,9923085.0,5.846716373019076e-06
SWE,Sweden,2017,57.336187511831,Total GHG,Europe,10057698.0,5.700726698279368e-06
SWE,Sweden,2018,54.846823201606,Total GHG,Europe,10175214.0,5.390237807441298e-06
SWE,Sweden,2019,54.920918968931,Total GHG,Europe,10278887.0,5.343080332426166e-06
SWE,Sweden,2020,53.705367033247,Total GHG,Europe,10353442.0,5.1871992940364184e-06
SWE,Sweden,2021,55.817687035086,Total GHG,Europe,10415811.0,5.35893815998447e-06
SWE,Sweden,2022,52.830701898466,Total GHG,Europe,10486941.0,5.037760954168237e-06
SWE,Sweden,2023,51.401283651622,Total GHG,Europe,10536632.0,4.878340977612391e-06
SWE,Sweden,2024,52.565801794433,Total GHG,Europe,10569709.0,4.973249669828469e-06
SWZ,Eswatini,1970,1.8589193034513,Total GHG,Africa,441216.0,4.213172920862571e-06
SWZ,Eswatini,1971,1.8736360151142,Total GHG,Africa,453183.0,4.134391658809355e-06
SWZ,Eswatini,1972,1.9437206393093,Total GHG,Africa,465788.0,4.172972767244541e-06
SWZ,Eswatini,1973,2.0044615667093,Total GHG,Africa,479038.0,4.184347727548336e-06
SWZ,Eswatini,1974,2.0449029969492,Total GHG,Africa,492988.0,4.147977226523161e-06
SWZ,Eswatini,1975,2.1235800233779,Total GHG,Africa,507673.0,4.18296821650531e-06
SWZ,Eswatini,1976,2.1938169823084,Total GHG,Africa,523330.0,4.192033673415245e-06
SWZ,Eswatini,1977,2.1603564348616,Total GHG,Africa,540348.0,3.998083521844441e-06
SWZ,Eswatini,1978,2.5718195415782,Total GHG,Africa,558446.0,4.605314643811936e-06
SWZ,Eswatini,1979,2.6253480797272,Total GHG,Africa,577199.0,4.54842797670682e-06
SWZ,Eswatini,1980,2.6498868165696,Total GHG,Africa,596644.0,4.4413198097518784e-06
SWZ,Eswatini,1981,2.6141572416941,Total GHG,Africa,616808.0,4.238202555242636e-06
SWZ,Eswatini,1982,2.5852232368809,Total GHG,Africa,637652.0,4.054285467435058e-06
SWZ,Eswatini,1983,2.4404433759907,Total GHG,Africa,658957.0,3.70349412175711e-06
SWZ,Eswatini,1984,2.4473067800802,Total GHG,Africa,680783.0,3.5948412050245086e-06
SWZ,Eswatini,1985,2.5939357370377,Total GHG,Africa,706196.0,3.6731102088339495e-06
SWZ,Eswatini,1986,2.6969517176809,Total GHG,Africa,734732.0,3.6706604825717403e-06
SWZ,Eswatini,1987,2.6934939208156,Total GHG,Africa,763811.0,3.5263879687718556e-06
SWZ,Eswatini,1988,2.7325275210263,Total GHG,Africa,799798.0,3.4165220731063346e-06
SWZ,Eswatini,1989,2.825886615585,Total GHG,Africa,837800.0,3.3729847404929578e-06
SWZ,Eswatini,1990,3.221718948258,Total GHG,Africa,872428.0,3.692819290827438e-06
SWZ,Eswatini,1991,3.2955001211532,Total GHG,Africa,908189.0,3.628650117049645e-06
SWZ,Eswatini,1992,3.1473106267229,Total GHG,Africa,943416.0,3.336079340103305e-06
SWZ,Eswatini,1993,2.7879228074844,Total GHG,Africa,971318.0,2.870247238787297e-06
SWZ,Eswatini,1994,3.544133338508,Total GHG,Africa,971212.0,3.6491861081905906e-06
SWZ,Eswatini,1995,3.5187611603091,Total GHG,Africa,970433.0,3.625970221858799e-06
SWZ,Eswatini,1996,3.3024854677057,Total GHG,Africa,989841.0,3.3363797495817004e-06
SWZ,Eswatini,1997,3.3697680687261,Total GHG,Africa,1006635.0,3.3475570278463397e-06
SWZ,Eswatini,1998,3.3183870981611,Total GHG,Africa,1019653.0,3.2544278280563093e-06
SWZ,Eswatini,1999,3.5330064092004,Total GHG,Africa,1030782.0,3.4275010712259236e-06
SWZ,Eswatini,2000,3.2550309883852,Total GHG,Africa,1041414.0,3.125587891448742e-06
SWZ,Eswatini,2001,3.1168648679423,Total GHG,Africa,1051064.0,2.9654377544491104e-06
SWZ,Eswatini,2002,3.142283263143,Total GHG,Africa,1059441.0,2.9659823087297924e-06
SWZ,Eswatini,2003,3.181484409502,Total GHG,Africa,1066700.0,2.9825484292697106e-06
SWZ,Eswatini,2004,3.2144251923983,Total GHG,Africa,1073159.0,2.9952925823650546e-06
SWZ,Eswatini,2005,3.1869875839301,Total GHG,Africa,1079022.0,2.953589068554765e-06
SWZ,Eswatini,2006,3.1101872359917,Total GHG,Africa,1084436.0,2.868022857957224e-06
SWZ,Eswatini,2007,3.1882526860801,Total GHG,Africa,1090705.0,2.9231118277445325e-06
SWZ,Eswatini,2008,3.1209058414151,Total GHG,Africa,1098091.0,2.842119497760295e-06
SWZ,Eswatini,2009,3.0837141703413,Total GHG,Africa,1105153.0,2.7903052069182276e-06
SWZ,Eswatini,2010,2.7881695812538,Total GHG,Africa,1111650.0,2.508136177082535e-06
SWZ,Eswatini,2011,2.6628620590876,Total GHG,Africa,1117833.0,2.382164472767936e-06
SWZ,Eswatini,2012,2.6756836354327,Total GHG,Africa,1123863.0,2.3807916404692566e-06
SWZ,Eswatini,2013,2.8858654427732,Total GHG,Africa,1129990.0,2.5538858244526058e-06
SWZ,Eswatini,2014,2.8962956235298,Total GHG,Africa,1136299.0,2.5488851292923784e-06
SWZ,Eswatini,2015,2.8930762875675,Total GHG,Africa,1142813.0,2.531539532335999e-06
SWZ,Eswatini,2016,2.9364881012433,Total GHG,Africa,1149507.0,2.5545630441948594e-06
SWZ,Eswatini,2017,2.9081180713265,Total GHG,Africa,1158195.0,2.5109053927244546e-06
SWZ,Eswatini,2018,2.9150717557087,Total GHG,Africa,1168929.0,2.4937971046220087e-06
SWZ,Eswatini,2019,3.0110804238343,Total GHG,Africa,1179874.0,2.552035576539783e-06
SWZ,Eswatini,2020,2.8571328841825,Total GHG,Africa,1192729.0,2.395458552766387e-06
SWZ,Eswatini,2021,2.9058947006604,Total GHG,Africa,1206593.0,2.4083470570941484e-06
SWZ,Eswatini,2022,3.0491617610153,Total GHG,Africa,1218917.0,2.501533542493295e-06
SWZ,Eswatini,2023,2.9216943965253,Total GHG,Africa,1230506.0,2.374384518665736e-06
SWZ,Eswatini,2024,2.9297572535237,Total GHG,Africa,1242822.0,2.357342607005428e-06
SYC,Seychelles,1970,0.13008821836592,Total GHG,Africa,53600.0,2.427018999364179e-06
SYC,Seychelles,1971,0.13378033609367,Total GHG,Africa,54695.0,2.445933560538806e-06
SYC,Seychelles,1972,0.13550312153328,Total GHG,Africa,56029.0,2.4184461891748917e-06
SYC,Seychelles,1973,0.14090526701068,Total GHG,Africa,56892.0,2.476714951323209e-06
SYC,Seychelles,1974,0.151745275296,Total GHG,Africa,57937.0,2.6191427808826827e-06
SYC,Seychelles,1975,0.15864597787732,Total GHG,Africa,59292.0,2.6756725675861834e-06
SYC,Seychelles,1976,0.16457517645264,Total GHG,Africa,60504.0,2.72007101105117e-06
SYC,Seychelles,1977,0.16952063819255,Total GHG,Africa,61786.0,2.743673942196452e-06
SYC,Seychelles,1978,0.17347043715722,Total GHG,Africa,62150.0,2.7911574763832663e-06
SYC,Seychelles,1979,0.19617833994889,Total GHG,Africa,62686.0,3.1295399283554543e-06
SYC,Seychelles,1980,0.19495476716162,Total GHG,Africa,63261.0,3.0817528518616524e-06
SYC,Seychelles,1981,0.15963821641935,Total GHG,Africa,64035.0,2.4929837810470836e-06
SYC,Seychelles,1982,0.14200449889703,Total GHG,Africa,64413.0,2.2045937760549893e-06
SYC,Seychelles,1983,0.23248580715679,Total GHG,Africa,64335.0,3.61367540462874e-06
SYC,Seychelles,1984,0.23599585509398,Total GHG,Africa,64717.0,3.646582120524437e-06
SYC,Seychelles,1985,0.24591763903216,Total GHG,Africa,65244.0,3.76919929851266e-06
SYC,Seychelles,1986,0.24381724940574,Total GHG,Africa,65652.0,3.713782510902029e-06
SYC,Seychelles,1987,0.3421591015097,Total GHG,Africa,68499.0,4.99509630081753e-06
SYC,Seychelles,1988,0.45040218023024,Total GHG,Africa,68755.0,6.550828015856883e-06
SYC,Seychelles,1989,0.43343118598834,Total GHG,Africa,69167.0,6.266444778410803e-06
SYC,Seychelles,1990,0.31751583214081,Total GHG,Africa,69507.0,4.56811302661329e-06
SYC,Seychelles,1991,0.4348625580689,Total GHG,Africa,70439.0,6.173604935744403e-06
SYC,Seychelles,1992,0.37311330076985,Total GHG,Africa,70763.0,5.272717391431256e-06
SYC,Seychelles,1993,0.37504743175987,Total GHG,Africa,72253.0,5.190752380660595e-06
SYC,Seychelles,1994,0.37426058511568,Total GHG,Africa,74205.0,5.0436033301755945e-06
SYC,Seychelles,1995,0.39561065436364,Total GHG,Africa,75304.0,5.2535144794916606e-06
SYC,Seychelles,1996,0.40776323402792,Total GHG,Africa,76417.0,5.336027769055576e-06
SYC,Seychelles,1997,0.42784586081771,Total GHG,Africa,77319.0,5.533515187957811e-06
SYC,Seychelles,1998,0.43692211575527,Total GHG,Africa,78846.0,5.541462036822033e-06
SYC,Seychelles,1999,0.45390837009045,Total GHG,Africa,80410.0,5.644924388638851e-06
SYC,Seychelles,2000,0.81845222852866,Total GHG,Africa,81131.0,1.0088033286027042e-05
SYC,Seychelles,2001,0.90301898177972,Total GHG,Africa,81202.0,1.1120649513309031e-05
SYC,Seychelles,2002,0.82294907141387,Total GHG,Africa,83723.0,9.829426458844882e-06
SYC,Seychelles,2003,0.83002399053281,Total GHG,Africa,82781.0,1.002674515326959e-05
SYC,Seychelles,2004,1.1327959090985,Total GHG,Africa,82475.0,1.3735021631991513e-05
SYC,Seychelles,2005,1.0346679916334,Total GHG,Africa,82858.0,1.2487243134439645e-05
SYC,Seychelles,2006,1.1228230636844,Total GHG,Africa,84600.0,1.3272140232676124e-05
SYC,Seychelles,2007,0.93869668288854,Total GHG,Africa,85033.0,1.1039204578087801e-05
SYC,Seychelles,2008,0.99391574798352,Total GHG,Africa,86956.0,1.1430099682408575e-05
SYC,Seychelles,2009,1.0956996445759,Total GHG,Africa,87298.0,1.2551257125889481e-05
SYC,Seychelles,2010,0.99078476904366,Total GHG,Africa,89770.0,1.1036925131376405e-05
SYC,Seychelles,2011,0.85433914686228,Total GHG,Africa,87441.0,9.770464048470168e-06
SYC,Seychelles,2012,0.96293613693421,Total GHG,Africa,88303.0,1.09049085187843e-05
SYC,Seychelles,2013,0.87798704731028,Total GHG,Africa,89949.0,9.760942837722264e-06
SYC,Seychelles,2014,1.0062733574878,Total GHG,Africa,91359.0,1.1014496190717937e-05
SYC,Seychelles,2015,1.0695317091279,Total GHG,Africa,93419.0,1.1448759985954678e-05
SYC,Seychelles,2016,1.1897281542371,Total GHG,Africa,94677.0,1.2566179264627102e-05
SYC,Seychelles,2017,1.2447802610725,Total GHG,Africa,95843.0,1.2987701356097995e-05
SYC,Seychelles,2018,1.0934262457646,Total GHG,Africa,96762.0,1.130016169327422e-05
SYC,Seychelles,2019,0.98278715707122,Total GHG,Africa,97625.0,1.0066961916222483e-05
SYC,Seychelles,2020,0.92836603955341,Total GHG,Africa,98462.0,9.428673392307793e-06
SYC,Seychelles,2021,0.87965636031746,Total GHG,Africa,99258.0,8.862322032656915e-06
SYC,Seychelles,2022,0.93729558925271,Total GHG,Africa,119878.0,7.818745635168337e-06
SYC,Seychelles,2023,0.93523607240039,Total GHG,Africa,119773.0,7.808404835817671e-06
SYC,Seychelles,2024,0.97643740361626,Total GHG,Africa,121354.0,8.046190513837698e-06
SYR,Syria,1970,15.601030117854,Total GHG,Asia,6380609.0,2.445069133346676e-06
SYR,Syria,1971,15.603184016812,Total GHG,Asia,6598094.0,2.364801716497522e-06
SYR,Syria,1972,15.985639739479,Total GHG,Asia,6826024.0,2.341866911027415e-06
SYR,Syria,1973,15.277861334073,Total GHG,Asia,7060321.0,2.1639046346579708e-06
SYR,Syria,1974,18.611961853463,Total GHG,Asia,7302160.0,2.5488296412928505e-06
SYR,Syria,1975,23.319193460417,Total GHG,Asia,7554364.0,3.086850654855525e-06
SYR,Syria,1976,25.540745487098,Total GHG,Asia,7817320.0,3.2671996908272913e-06
SYR,Syria,1977,25.997177621851,Total GHG,Asia,8090501.0,3.2132963857060275e-06
SYR,Syria,1978,27.397789820755,Total GHG,Asia,8372759.0,3.27225348547056e-06
SYR,Syria,1979,29.911515028479,Total GHG,Asia,8661909.0,3.453224344480991e-06
SYR,Syria,1980,29.904915096175,Total GHG,Asia,8957663.0,3.338472891442221e-06
SYR,Syria,1981,32.241093994108,Total GHG,Asia,9260189.0,3.4816885480531767e-06
SYR,Syria,1982,35.185301079804,Total GHG,Asia,9572511.0,3.675660553412161e-06
SYR,Syria,1983,39.640338387898,Total GHG,Asia,9904809.0,4.002130519417184e-06
SYR,Syria,1984,42.34537705339,Total GHG,Asia,10258398.0,4.127874260034559e-06
SYR,Syria,1985,40.119715981949,Total GHG,Asia,10625672.0,3.775734464789521e-06
SYR,Syria,1986,42.086788285506,Total GHG,Asia,11002844.0,3.8250827045722e-06
SYR,Syria,1987,50.926232260773,Total GHG,Asia,11388923.0,4.471558220278862e-06
SYR,Syria,1988,52.908167880842,Total GHG,Asia,11782264.0,4.4904924792758e-06
SYR,Syria,1989,55.927425581029,Total GHG,Asia,12179060.0,4.592097056835995e-06
SYR,Syria,1990,63.398979608959,Total GHG,Asia,12579208.0,5.039981818327434e-06
SYR,Syria,1991,71.842777879956,Total GHG,Asia,12980821.0,5.5345326678455855e-06
SYR,Syria,1992,71.254540019473,Total GHG,Asia,13385571.0,5.323234998303247e-06
SYR,Syria,1993,75.230669757545,Total GHG,Asia,13795686.0,5.453202527046861e-06
SYR,Syria,1994,78.217467948718,Total GHG,Asia,14208583.0,5.504945000407007e-06
SYR,Syria,1995,79.808559820852,Total GHG,Asia,14616801.0,5.460056535000511e-06
SYR,Syria,1996,82.820934949617,Total GHG,Asia,15018104.0,5.514739740090826e-06
SYR,Syria,1997,81.582855272356,Total GHG,Asia,15417542.0,5.291560436310535e-06
SYR,Syria,1998,83.598158258452,Total GHG,Asia,15820413.0,5.284195694414046e-06
SYR,Syria,1999,82.84961075584,Total GHG,Asia,16228061.0,5.105330252076326e-06
SYR,Syria,2000,84.953054398605,Total GHG,Asia,16637888.0,5.105999896056819e-06
SYR,Syria,2001,77.654514662307,Total GHG,Asia,17051338.0,4.554159600983043e-06
SYR,Syria,2002,73.310648345834,Total GHG,Asia,17468332.0,4.196774388409494e-06
SYR,Syria,2003,73.74677739112,Total GHG,Asia,17889296.0,4.122396845080992e-06
SYR,Syria,2004,74.709607878648,Total GHG,Asia,18336875.0,4.074282443363332e-06
SYR,Syria,2005,86.642449339728,Total GHG,Asia,18814091.0,4.605189235011567e-06
SYR,Syria,2006,88.434705575365,Total GHG,Asia,19637022.0,4.503468274128582e-06
SYR,Syria,2007,92.372942447712,Total GHG,Asia,20884125.0,4.4231176765946385e-06
SYR,Syria,2008,92.036939754076,Total GHG,Asia,21636564.0,4.2537687478509065e-06
SYR,Syria,2009,89.245852809696,Total GHG,Asia,21976969.0,4.060880861673691e-06
SYR,Syria,2010,88.786442218994,Total GHG,Asia,22482421.0,3.949149525266607e-06
SYR,Syria,2011,84.432370095666,Total GHG,Asia,22878098.0,3.690532757385076e-06
SYR,Syria,2012,66.592958100007,Total GHG,Asia,22759763.0,2.9259073611621964e-06
SYR,Syria,2013,47.900769116799,Total GHG,Asia,21666917.0,2.210779185465057e-06
SYR,Syria,2014,47.035512904812,Total GHG,Asia,20273659.0,2.3200307800783273e-06
SYR,Syria,2015,43.71979963578,Total GHG,Asia,19424618.0,2.2507417976394694e-06
SYR,Syria,2016,41.336179099931,Total GHG,Asia,19193834.0,2.1536176201133656e-06
SYR,Syria,2017,46.269566133386,Total GHG,Asia,19224668.0,2.406781023910842e-06
SYR,Syria,2018,47.801474407297,Total GHG,Asia,19577845.0,2.4416106270785676e-06
SYR,Syria,2019,47.341464685646,Total GHG,Asia,20353534.0,2.3259579729813015e-06
SYR,Syria,2020,46.339380871313,Total GHG,Asia,21049429.0,2.2014554822989735e-06
SYR,Syria,2021,46.286121865507,Total GHG,Asia,21628839.0,2.140018789982532e-06
SYR,Syria,2022,45.699071780504,Total GHG,Asia,22462173.0,2.034490241905981e-06
SYR,Syria,2023,46.530654724748,Total GHG,Asia,23594623.0,1.9720872304146584e-06
SYR,Syria,2024,47.16557606493,Total GHG,Asia,24672760.0,1.911645720419199e-06
TCA,Turks and Caicos Islands,1970,0.0045356955381359,Total GHG,North America,5667.0,8.003697790958002e-07
TCA,Turks and Caicos Islands,1971,0.0046641654760006,Total GHG,North America,5754.0,8.105953208204032e-07
TCA,Turks and Caicos Islands,1972,0.0054207836959586,Total GHG,North America,5915.0,9.164469477529332e-07
TCA,Turks and Caicos Islands,1973,0.0055210409696556,Total GHG,North America,6090.0,9.065748718646306e-07
TCA,Turks and Caicos Islands,1974,0.0051328501490888,Total GHG,North America,6273.0,8.182448826859238e-07
TCA,Turks and Caicos Islands,1975,0.0059491002186744,Total GHG,North America,6463.0,9.204858763228223e-07
TCA,Turks and Caicos Islands,1976,0.0055906439168026,Total GHG,North America,6660.0,8.394360235439339e-07
TCA,Turks and Caicos Islands,1977,0.0060528802089666,Total GHG,North America,6864.0,8.818298672736888e-07
TCA,Turks and Caicos Islands,1978,0.0060998095361899,Total GHG,North America,7083.0,8.611901081730764e-07
TCA,Turks and Caicos Islands,1979,0.0061234643518888,Total GHG,North America,7306.0,8.38141849423597e-07
TCA,Turks and Caicos Islands,1980,0.0061328920231049,Total GHG,North America,7564.0,8.108001088187335e-07
TCA,Turks and Caicos Islands,1981,0.0061874107404559,Total GHG,North America,7908.0,7.824242210996332e-07
TCA,Turks and Caicos Islands,1982,0.0060890934379742,Total GHG,North America,8297.0,7.338909772175725e-07
TCA,Turks and Caicos Islands,1983,0.0061956238398136,Total GHG,North America,8697.0,7.123863216987006e-07
TCA,Turks and Caicos Islands,1984,0.0068361053373964,Total GHG,North America,9107.0,7.506429490937081e-07
TCA,Turks and Caicos Islands,1985,0.0070693903904076,Total GHG,North America,9521.0,7.425050299766412e-07
TCA,Turks and Caicos Islands,1986,0.0074409666875855,Total GHG,North America,9941.0,7.485128948380947e-07
TCA,Turks and Caicos Islands,1987,0.0079010149395663,Total GHG,North America,10361.0,7.625726222918926e-07
TCA,Turks and Caicos Islands,1988,0.0085103189023467,Total GHG,North America,10775.0,7.898207798001578e-07
TCA,Turks and Caicos Islands,1989,0.0088697353028152,Total GHG,North America,11193.0,7.924359244898776e-07
TCA,Turks and Caicos Islands,1990,0.009219732888952,Total GHG,North America,11688.0,7.888204045989049e-07
TCA,Turks and Caicos Islands,1991,0.0095240265069255,Total GHG,North America,12305.0,7.739964654145063e-07
TCA,Turks and Caicos Islands,1992,0.0098761335253263,Total GHG,North America,12970.0,7.614597937799769e-07
TCA,Turks and Caicos Islands,1993,0.010186116404341,Total GHG,North America,13648.0,7.463449885947392e-07
TCA,Turks and Caicos Islands,1994,0.010695851277482,Total GHG,North America,14344.0,7.456672669744842e-07
TCA,Turks and Caicos Islands,1995,0.010996337256101,Total GHG,North America,15052.0,7.305565543516476e-07
TCA,Turks and Caicos Islands,1996,0.01121052137626,Total GHG,North America,15765.0,7.111018951005392e-07
TCA,Turks and Caicos Islands,1997,0.011404622497765,Total GHG,North America,16482.0,6.919440903873924e-07
TCA,Turks and Caicos Islands,1998,0.012281796234297,Total GHG,North America,17212.0,7.135600879791424e-07
TCA,Turks and Caicos Islands,1999,0.01281190569455,Total GHG,North America,17959.0,7.13397499557325e-07
TCA,Turks and Caicos Islands,2000,0.025739387824007,Total GHG,North America,18730.0,1.3742331993596904e-06
TCA,Turks and Caicos Islands,2001,0.027053514313315,Total GHG,North America,19576.0,1.3819735550324377e-06
TCA,Turks and Caicos Islands,2002,0.035465033275644,Total GHG,North America,20597.0,1.7218543125525076e-06
TCA,Turks and Caicos Islands,2003,0.032676257964931,Total GHG,North America,21727.0,1.5039470688512452e-06
TCA,Turks and Caicos Islands,2004,0.035933804422275,Total GHG,North America,22856.0,1.5721825526021614e-06
TCA,Turks and Caicos Islands,2005,0.042697499986534,Total GHG,North America,23988.0,1.779952475676755e-06
TCA,Turks and Caicos Islands,2006,0.051802581384829,Total GHG,North America,25123.0,2.061958419966923e-06
TCA,Turks and Caicos Islands,2007,0.062000402479022,Total GHG,North America,26270.0,2.3601219063198326e-06
TCA,Turks and Caicos Islands,2008,0.069543985777765,Total GHG,North America,27427.0,2.5356030837410215e-06
TCA,Turks and Caicos Islands,2009,0.076267898038296,Total GHG,North America,28588.0,2.6678290904678887e-06
TCA,Turks and Caicos Islands,2010,0.083972273333362,Total GHG,North America,29739.0,2.8236414584673998e-06
TCA,Turks and Caicos Islands,2011,0.067303072581532,Total GHG,North America,30846.0,2.1819060034212537e-06
TCA,Turks and Caicos Islands,2012,0.069801814727139,Total GHG,North America,32127.0,2.1726838711096277e-06
TCA,Turks and Caicos Islands,2013,0.079272446348373,Total GHG,North America,33653.0,2.355583346161501e-06
TCA,Turks and Caicos Islands,2014,0.087085253859618,Total GHG,North America,35050.0,2.4846006807308986e-06
TCA,Turks and Caicos Islands,2015,0.091308418127152,Total GHG,North America,36605.0,2.494424754190739e-06
TCA,Turks and Caicos Islands,2016,0.098340789042257,Total GHG,North America,38315.0,2.5666394112555656e-06
TCA,Turks and Caicos Islands,2017,0.098093475115824,Total GHG,North America,39913.0,2.4576823369785285e-06
TCA,Turks and Caicos Islands,2018,0.20146822603072,Total GHG,North America,41559.0,4.847764047034818e-06
TCA,Turks and Caicos Islands,2019,0.23228769440517,Total GHG,North America,43166.0,5.3812652181154145e-06
TCA,Turks and Caicos Islands,2020,0.22502936400687,Total GHG,North America,44386.0,5.06982751333461e-06
TCA,Turks and Caicos Islands,2021,0.22429980509979,Total GHG,North America,45243.0,4.957668702336052e-06
TCA,Turks and Caicos Islands,2022,0.22948380578068,Total GHG,North America,45847.0,5.0054268715658605e-06
TCA,Turks and Caicos Islands,2023,0.23004119034807,Total GHG,North America,46198.0,4.979462105460626e-06
TCA,Turks and Caicos Islands,2024,0.23784845807724,Total GHG,North America,46535.0,5.111173483984958e-06
TCD,Chad,1970,8.7495156783877,Total GHG,Africa,3727828.0,2.34708137778559e-06
TCD,Chad,1971,8.8404339599691,Total GHG,Africa,3807316.0,2.3219596061816515e-06
TCD,Chad,1972,9.4318664040084,Total GHG,Africa,3893252.0,2.422619035194331e-06
TCD,Chad,1973,8.5324846811228,Total GHG,Africa,3985909.0,2.140662188003489e-06
TCD,Chad,1974,7.0965448119587,Total GHG,Africa,4078356.0,1.7400503565551168e-06
TCD,Chad,1975,7.3778993634592,Total GHG,Africa,4167234.0,1.7704547821070763e-06
TCD,Chad,1976,7.6649327401474,Total GHG,Africa,4251297.0,1.8029633639210339e-06
TCD,Chad,1977,8.3189036058389,Total GHG,Africa,4331667.0,1.9204854864972076e-06
TCD,Chad,1978,8.596109883656,Total GHG,Africa,4411366.0,1.9486276776073444e-06
TCD,Chad,1979,8.8880663726124,Total GHG,Africa,4505384.0,1.9727655561906374e-06
TCD,Chad,1980,9.0982747691415,Total GHG,Africa,4515453.0,2.014919603668004e-06
TCD,Chad,1981,9.2382920656235,Total GHG,Africa,4520959.0,2.0434363739249794e-06
TCD,Chad,1982,9.7928608421018,Total GHG,Africa,4738483.0,2.0666658173305254e-06
TCD,Chad,1983,9.7714541664214,Total GHG,Africa,4979130.0,1.9624822341295367e-06
TCD,Chad,1984,8.0423112921355,Total GHG,Africa,5045145.0,1.5940694057624705e-06
TCD,Chad,1985,8.1831019589052,Total GHG,Africa,5096269.0,1.6057044788854748e-06
TCD,Chad,1986,8.7597203782158,Total GHG,Africa,5251069.0,1.6681784943629192e-06
TCD,Chad,1987,9.224191810646,Total GHG,Africa,5438309.0,1.6961507355771802e-06
TCD,Chad,1988,9.5387462240455,Total GHG,Africa,5625602.0,1.6955956400835858e-06
TCD,Chad,1989,9.985007458321,Total GHG,Africa,5819586.0,1.7157590691710717e-06
TCD,Chad,1990,11.065694185493,Total GHG,Africa,5982833.0,1.8495743045966684e-06
TCD,Chad,1991,17.949342181351,Total GHG,Africa,6205676.0,2.89240723836549e-06
TCD,Chad,1992,18.691239485826,Total GHG,Africa,6474656.0,2.886831282747068e-06
TCD,Chad,1993,19.291946423475,Total GHG,Africa,6629146.0,2.910170695210967e-06
TCD,Chad,1994,20.307266920342,Total GHG,Africa,6783450.0,2.9936487952799826e-06
TCD,Chad,1995,21.237086089157,Total GHG,Africa,7089064.0,2.995753189582856e-06
TCD,Chad,1996,22.087384759737,Total GHG,Africa,7410108.0,2.980710235226936e-06
TCD,Chad,1997,22.836371830012,Total GHG,Africa,7670366.0,2.9772206215468726e-06
TCD,Chad,1998,24.133498671154,Total GHG,Africa,7938840.0,3.039927580245225e-06
TCD,Chad,1999,25.453217531674,Total GHG,Africa,8222705.0,3.095479836826689e-06
TCD,Chad,2000,26.570023809808,Total GHG,Africa,8512093.0,3.1214442569892035e-06
TCD,Chad,2001,27.836148467823,Total GHG,Africa,8804124.0,3.1617169939704396e-06
TCD,Chad,2002,29.327871451873,Total GHG,Africa,9116192.0,3.2171186666398646e-06
TCD,Chad,2003,31.456260853575,Total GHG,Africa,9487833.0,3.315431548339331e-06
TCD,Chad,2004,34.737426764347,Total GHG,Africa,9920036.0,3.5017440223348987e-06
TCD,Chad,2005,36.635132607364,Total GHG,Africa,10328092.0,3.547134611829949e-06
TCD,Chad,2006,38.301977451941,Total GHG,Africa,10706424.0,3.5774762378120837e-06
TCD,Chad,2007,40.221805876853,Total GHG,Africa,11081660.0,3.6295831018866304e-06
TCD,Chad,2008,41.977976007755,Total GHG,Africa,11476296.0,3.657798300754442e-06
TCD,Chad,2009,44.053796655023,Total GHG,Africa,11893754.0,3.7039438225326505e-06
TCD,Chad,2010,46.629770873025,Total GHG,Africa,12312575.0,3.787166443495776e-06
TCD,Chad,2011,48.9602368967,Total GHG,Africa,12754997.0,3.838514183633285e-06
TCD,Chad,2012,52.080184187492,Total GHG,Africa,13210998.0,3.9421839430671325e-06
TCD,Chad,2013,54.751741593379,Total GHG,Africa,13691079.0,3.999081562043357e-06
TCD,Chad,2014,57.757862370309,Total GHG,Africa,14188678.0,4.070700763687004e-06
TCD,Chad,2015,62.764528081948,Total GHG,Africa,14647621.0,4.2849639598094466e-06
TCD,Chad,2016,66.10827980874,Total GHG,Africa,15114655.0,4.37378688489681e-06
TCD,Chad,2017,69.976169549823,Total GHG,Africa,15622759.0,4.479117264103158e-06
TCD,Chad,2018,74.114511977222,Total GHG,Africa,16156531.0,4.587278790058459e-06
TCD,Chad,2019,78.082801693068,Total GHG,Africa,16685223.0,4.67975775289716e-06
TCD,Chad,2020,82.415826235616,Total GHG,Africa,17224679.0,4.784752519081255e-06
TCD,Chad,2021,86.141313093366,Total GHG,Africa,17828273.0,4.8317250410831155e-06
TCD,Chad,2022,91.531200650254,Total GHG,Africa,18455316.0,4.9596116723362525e-06
TCD,Chad,2023,96.873253364772,Total GHG,Africa,19319064.0,5.014386481910925e-06
TCD,Chad,2024,101.17379719021,Total GHG,Africa,20299123.0,4.984146221007183e-06
TGO,Togo,1970,1.9677942612175,Total GHG,Africa,2244773.0,8.766116935732477e-07
TGO,Togo,1971,1.7676302336383,Total GHG,Africa,2317976.0,7.625748642946692e-07
TGO,Togo,1972,1.9006096611669,Total GHG,Africa,2384994.0,7.969033302251075e-07
TGO,Togo,1973,1.8617018519202,Total GHG,Africa,2448749.0,7.602665082947252e-07
TGO,Togo,1974,1.8630160382033,Total GHG,Africa,2511760.0,7.417173767411298e-07
TGO,Togo,1975,1.9809736857784,Total GHG,Africa,2574622.0,7.69423117559937e-07
TGO,Togo,1976,1.9542437855185,Total GHG,Africa,2637796.0,7.408623659746622e-07
TGO,Togo,1977,2.0777492844108,Total GHG,Africa,2701894.0,7.689973346144593e-07
TGO,Togo,1978,2.1572204461529,Total GHG,Africa,2768148.0,7.793009789046323e-07
TGO,Togo,1979,2.2076342438778,Total GHG,Africa,2839854.0,7.773759650594008e-07
TGO,Togo,1980,2.1005137603427,Total GHG,Africa,2920894.0,7.191338543414106e-07
TGO,Togo,1981,2.1265174936132,Total GHG,Africa,3013043.0,7.057707087529782e-07
TGO,Togo,1982,2.3649755710755,Total GHG,Africa,3115042.0,7.592114556001171e-07
TGO,Togo,1983,2.1619558210414,Total GHG,Africa,3222899.0,6.708109131069265e-07
TGO,Togo,1984,2.2811935827836,Total GHG,Africa,3332837.0,6.844599909277291e-07
TGO,Togo,1985,2.335194132881,Total GHG,Africa,3441091.0,6.786202785340464e-07
TGO,Togo,1986,2.661187446947,Total GHG,Africa,3547952.0,7.500629791347233e-07
TGO,Togo,1987,2.8034859302643,Total GHG,Africa,3657508.0,7.665016536571622e-07
TGO,Togo,1988,3.0089472710365,Total GHG,Africa,3769742.0,7.981838733357614e-07
TGO,Togo,1989,3.0437403851032,Total GHG,Africa,3883411.0,7.837801317200781e-07
TGO,Togo,1990,3.2488224003443,Total GHG,Africa,3998761.0,8.124572587219641e-07
TGO,Togo,1991,3.1303319705121,Total GHG,Africa,4115560.0,7.606089986568292e-07
TGO,Togo,1992,2.8716935848419,Total GHG,Africa,4233617.0,6.783073633826347e-07
TGO,Togo,1993,2.7992541829412,Total GHG,Africa,4207453.0,6.653084854284052e-07
TGO,Togo,1994,3.2532453912185,Total GHG,Africa,4222940.0,7.703745237248221e-07
TGO,Togo,1995,3.2051646099357,Total GHG,Africa,4410832.0,7.2665760335821e-07
TGO,Togo,1996,3.8931862156112,Total GHG,Africa,4577860.0,8.504380246689938e-07
TGO,Togo,1997,3.8134231602866,Total GHG,Africa,4725030.0,8.070685604719124e-07
TGO,Togo,1998,4.2199256551639,Total GHG,Africa,4860913.0,8.681343721156705e-07
TGO,Togo,1999,4.7181683053849,Total GHG,Africa,5000269.0,9.435828963171581e-07
TGO,Togo,2000,4.7253512888226,Total GHG,Africa,5140037.0,9.193224268273945e-07
TGO,Togo,2001,4.7178138559478,Total GHG,Africa,5277382.0,8.939686109415237e-07
TGO,Togo,2002,4.8942815389668,Total GHG,Africa,5413274.0,9.041259575936485e-07
TGO,Togo,2003,5.2488069582776,Total GHG,Africa,5552167.0,9.453618665068251e-07
TGO,Togo,2004,5.2731226747727,Total GHG,Africa,5696508.0,9.256763397458057e-07
TGO,Togo,2005,5.4547986230707,Total GHG,Africa,5844631.0,9.333007717802373e-07
TGO,Togo,2006,5.4302296852111,Total GHG,Africa,6010668.0,9.034319788101922e-07
TGO,Togo,2007,5.4984601590686,Total GHG,Africa,6188344.0,8.885188281499218e-07
TGO,Togo,2008,5.9842825189979,Total GHG,Africa,6368812.0,9.396230441403986e-07
TGO,Togo,2009,7.3898023613353,Total GHG,Africa,6551865.0,1.1278929528211128e-06
TGO,Togo,2010,7.2961286208583,Total GHG,Africa,6732590.0,1.0837030950731146e-06
TGO,Togo,2011,7.221279556812,Total GHG,Africa,6916474.0,1.0440695008485538e-06
TGO,Togo,2012,7.5998027423605,Total GHG,Africa,7100736.0,1.0702838047155252e-06
TGO,Togo,2013,7.4793832902045,Total GHG,Africa,7285442.0,1.0266203876449089e-06
TGO,Togo,2014,7.2482940702738,Total GHG,Africa,7472450.0,9.700023513404306e-07
TGO,Togo,2015,7.2800699049967,Total GHG,Africa,7663195.0,9.500045222647603e-07
TGO,Togo,2016,8.0745745951736,Total GHG,Africa,7858289.0,1.0275232426770764e-06
TGO,Togo,2017,7.8173233836482,Total GHG,Africa,8057140.0,9.70235515784534e-07
TGO,Togo,2018,8.2848224271831,Total GHG,Africa,8258778.0,1.0031535448928522e-06
TGO,Togo,2019,8.728604940108,Total GHG,Africa,8463068.0,1.0313759667425572e-06
TGO,Togo,2020,9.3528593299575,Total GHG,Africa,8669720.0,1.078796008401367e-06
TGO,Togo,2021,9.7450064178607,Total GHG,Africa,8878379.0,1.097610996090694e-06
TGO,Togo,2022,10.128055090131,Total GHG,Africa,9089738.0,1.114229594970834e-06
TGO,Togo,2023,10.545133384788,Total GHG,Africa,9304337.0,1.1333567759624357e-06
TGO,Togo,2024,10.84426498811,Total GHG,Africa,9515236.0,1.1396737808825762e-06
THA,Thailand,1970,81.617804446492,Total GHG,Asia,35954408.0,2.2700361092440182e-06
THA,Thailand,1971,81.371452675605,Total GHG,Asia,36937387.0,2.202956388756059e-06
THA,Thailand,1972,82.496902869509,Total GHG,Asia,37933929.0,2.174752393022853e-06
THA,Thailand,1973,88.437029371484,Total GHG,Asia,38947787.0,2.2706560804464707e-06
THA,Thailand,1974,87.468100197229,Total GHG,Asia,39952891.0,2.189280875750118e-06
THA,Thailand,1975,92.140363303248,Total GHG,Asia,40940005.0,2.250619248904537e-06
THA,Thailand,1976,96.988867948631,Total GHG,Asia,41896504.0,2.3149632711271326e-06
THA,Thailand,1977,101.32724488433,Total GHG,Asia,42843974.0,2.3650290910065907e-06
THA,Thailand,1978,108.14059337011,Total GHG,Asia,43788976.0,2.4695848875321954e-06
THA,Thailand,1979,108.82506796269,Total GHG,Asia,44718434.0,2.43356169320889e-06
THA,Thailand,1980,111.0715960478,Total GHG,Asia,45650022.0,2.4331115557359426e-06
THA,Thailand,1981,113.17691769581,Total GHG,Asia,46575855.0,2.429948257435317e-06
THA,Thailand,1982,112.83946885714,Total GHG,Asia,47494577.0,2.375839011202058e-06
THA,Thailand,1983,117.72007575048,Total GHG,Asia,48423309.0,2.4310621925998492e-06
THA,Thailand,1984,122.52955134675,Total GHG,Asia,49351708.0,2.482782386108096e-06
THA,Thailand,1985,129.22394699481,Total GHG,Asia,50270753.0,2.5705592075537443e-06
THA,Thailand,1986,131.03055546175,Total GHG,Asia,51177834.0,2.5602989657934723e-06
THA,Thailand,1987,139.74903533836,Total GHG,Asia,52074105.0,2.6836569795747806e-06
THA,Thailand,1988,152.18456355258,Total GHG,Asia,52969595.0,2.8730550715477434e-06
THA,Thailand,1989,166.66441190127,Total GHG,Asia,53848956.0,3.095035155394099e-06
THA,Thailand,1990,183.28212319452,Total GHG,Asia,54738329.0,3.348332448996023e-06
THA,Thailand,1991,197.67711325698,Total GHG,Asia,55637434.0,3.552951655839843e-06
THA,Thailand,1992,208.53505998207,Total GHG,Asia,56528834.0,3.689003385105555e-06
THA,Thailand,1993,223.31660790092,Total GHG,Asia,57408198.0,3.889977663136543e-06
THA,Thailand,1994,239.18491544462,Total GHG,Asia,58260854.0,4.105413824600306e-06
THA,Thailand,1995,255.49881183488,Total GHG,Asia,59098232.0,4.323290277700355e-06
THA,Thailand,1996,275.11594521242,Total GHG,Asia,59920064.0,4.591382699665007e-06
THA,Thailand,1997,279.4812487779,Total GHG,Asia,60724584.0,4.602439907664086e-06
THA,Thailand,1998,255.84490533275,Total GHG,Asia,61522630.0,4.158549550510926e-06
THA,Thailand,1999,265.46085970871,Total GHG,Asia,62299043.0,4.261074439116344e-06
THA,Thailand,2000,266.58681906878,Total GHG,Asia,63007815.0,4.231011963655302e-06
THA,Thailand,2001,278.65693187897,Total GHG,Asia,63651141.0,4.37787803173819e-06
THA,Thailand,2002,291.77899207615,Total GHG,Asia,64266437.0,4.540145769651895e-06
THA,Thailand,2003,305.22962199177,Total GHG,Asia,64868166.0,4.7053838702911684e-06
THA,Thailand,2004,327.0301371245,Total GHG,Asia,65452047.0,4.996484481600706e-06
THA,Thailand,2005,338.87219450696,Total GHG,Asia,66017420.0,5.133072369489144e-06
THA,Thailand,2006,343.89792108755,Total GHG,Asia,66567687.0,5.166138956992002e-06
THA,Thailand,2007,355.10252176872,Total GHG,Asia,67102394.0,5.291950116842627e-06
THA,Thailand,2008,356.99055412476,Total GHG,Asia,67619830.0,5.2793766876485795e-06
THA,Thailand,2009,354.29965024226,Total GHG,Asia,68121080.0,5.201028084731774e-06
THA,Thailand,2010,373.95030959646,Total GHG,Asia,68579447.0,5.452804388995146e-06
THA,Thailand,2011,373.98369592468,Total GHG,Asia,69007208.0,5.419487424048224e-06
THA,Thailand,2012,392.5640698053,Total GHG,Asia,69436098.0,5.653602104848979e-06
THA,Thailand,2013,403.86672511664,Total GHG,Asia,69845114.0,5.7823189338146116e-06
THA,Thailand,2014,395.70634490521,Total GHG,Asia,70216367.0,5.635528606958688e-06
THA,Thailand,2015,401.38253653418,Total GHG,Asia,70540795.0,5.6900767355142514e-06
THA,Thailand,2016,401.08994442238,Total GHG,Asia,70859841.0,5.660328032945769e-06
THA,Thailand,2017,406.63680870109,Total GHG,Asia,71160187.0,5.714386454620896e-06
THA,Thailand,2018,402.11731623537,Total GHG,Asia,71376079.0,5.63378266036959e-06
THA,Thailand,2019,410.46006129419,Total GHG,Asia,71522271.0,5.7389125870204815e-06
THA,Thailand,2020,403.90953636972,Total GHG,Asia,71641484.0,5.637928108380893e-06
THA,Thailand,2021,398.69811090178,Total GHG,Asia,71727332.0,5.558524202486439e-06
THA,Thailand,2022,417.77118043425,Total GHG,Asia,71735329.0,5.823785661236042e-06
THA,Thailand,2023,410.66283061029,Total GHG,Asia,71702435.0,5.72732056603503e-06
THA,Thailand,2024,422.38728704425,Total GHG,Asia,71668011.0,5.893665544091212e-06
TJK,Tajikistan,1970,14.226152770557,Total GHG,Asia,2936779.0,4.844134601397313e-06
TJK,Tajikistan,1971,14.565415801466,Total GHG,Asia,3028837.0,4.808913718851823e-06
TJK,Tajikistan,1972,15.169935824387,Total GHG,Asia,3123691.0,4.856413718382196e-06
TJK,Tajikistan,1973,15.767357235188,Total GHG,Asia,3222290.0,4.893214836401441e-06
TJK,Tajikistan,1974,16.396153781851,Total GHG,Asia,3324499.0,4.931917194696405e-06
TJK,Tajikistan,1975,17.295791483638,Total GHG,Asia,3430425.0,5.041880082974558e-06
TJK,Tajikistan,1976,17.672381567874,Total GHG,Asia,3540076.0,4.992091008180051e-06
TJK,Tajikistan,1977,18.044320588953,Total GHG,Asia,3653265.0,4.939231232596868e-06
TJK,Tajikistan,1978,18.471551011868,Total GHG,Asia,3768508.0,4.90155547284708e-06
TJK,Tajikistan,1979,18.917009203165,Total GHG,Asia,3882691.0,4.872138731401752e-06
TJK,Tajikistan,1980,20.224993561684,Total GHG,Asia,3995256.0,5.062252221555765e-06
TJK,Tajikistan,1981,20.348497242011,Total GHG,Asia,4109022.0,4.9521509600121394e-06
TJK,Tajikistan,1982,20.158079493222,Total GHG,Asia,4227171.0,4.768692700915577e-06
TJK,Tajikistan,1983,20.651623878985,Total GHG,Asia,4350874.0,4.746546068441651e-06
TJK,Tajikistan,1984,20.883930990966,Total GHG,Asia,4480026.0,4.661564685331291e-06
TJK,Tajikistan,1985,21.591107234514,Total GHG,Asia,4619003.0,4.674408575728138e-06
TJK,Tajikistan,1986,22.29201592007,Total GHG,Asia,4772139.0,4.671283866641353e-06
TJK,Tajikistan,1987,22.788430467261,Total GHG,Asia,4939059.0,4.613921491373357e-06
TJK,Tajikistan,1988,23.019778184485,Total GHG,Asia,5114989.0,4.500455071259195e-06
TJK,Tajikistan,1989,23.19075739656,Total GHG,Asia,5267249.0,4.402821548128824e-06
TJK,Tajikistan,1990,21.985158859231,Total GHG,Asia,5398768.0,4.072254792062004e-06
TJK,Tajikistan,1991,22.581204417092,Total GHG,Asia,5541205.0,4.0751432977289235e-06
TJK,Tajikistan,1992,18.506568199437,Total GHG,Asia,5649400.0,3.2758466738834217e-06
TJK,Tajikistan,1993,14.12438333062,Total GHG,Asia,5724993.0,2.467144209716938e-06
TJK,Tajikistan,1994,11.582453515106,Total GHG,Asia,5825368.0,1.9882784255185253e-06
TJK,Tajikistan,1995,11.023578478607,Total GHG,Asia,5948584.0,1.8531432822680154e-06
TJK,Tajikistan,1996,9.8766275805702,Total GHG,Asia,6066523.0,1.6280540897265534e-06
TJK,Tajikistan,1997,10.050425426076,Total GHG,Asia,6139829.0,1.636922693787726e-06
TJK,Tajikistan,1998,10.173552406392,Total GHG,Asia,6176397.0,1.6471662048912984e-06
TJK,Tajikistan,1999,10.025013655088,Total GHG,Asia,6208370.0,1.6147577633240286e-06
TJK,Tajikistan,2000,10.50862402351,Total GHG,Asia,6284735.0,1.6720870527571967e-06
TJK,Tajikistan,2001,9.999226935391,Total GHG,Asia,6407377.0,1.560580395907873e-06
TJK,Tajikistan,2002,10.857186204057,Total GHG,Asia,6531669.0,1.6622376614701387e-06
TJK,Tajikistan,2003,10.199688615271,Total GHG,Asia,6658575.0,1.5318125297486324e-06
TJK,Tajikistan,2004,12.334394273533,Total GHG,Asia,6790547.0,1.8164065830827767e-06
TJK,Tajikistan,2005,11.808893406205,Total GHG,Asia,6924720.0,1.705324317258315e-06
TJK,Tajikistan,2006,12.488926862258,Total GHG,Asia,7057566.0,1.7695798894771935e-06
TJK,Tajikistan,2007,13.971814649019,Total GHG,Asia,7194477.0,1.9420195031576306e-06
TJK,Tajikistan,2008,12.789472113731,Total GHG,Asia,7338403.0,1.7428140855348228e-06
TJK,Tajikistan,2009,12.006610793388,Total GHG,Asia,7490230.0,1.6029695741503266e-06
TJK,Tajikistan,2010,11.887497464394,Total GHG,Asia,7652141.0,1.5534864640358823e-06
TJK,Tajikistan,2011,11.854492608854,Total GHG,Asia,7824785.0,1.5149927581210218e-06
TJK,Tajikistan,2012,12.82961618748,Total GHG,Asia,8014084.0,1.6008836677379473e-06
TJK,Tajikistan,2013,13.052522070734,Total GHG,Asia,8216724.0,1.5885311555717339e-06
TJK,Tajikistan,2014,14.517955610017,Total GHG,Asia,8425552.0,1.7230865835279398e-06
TJK,Tajikistan,2015,15.287949689115,Total GHG,Asia,8643840.0,1.7686525536237367e-06
TJK,Tajikistan,2016,16.322312213396,Total GHG,Asia,8865631.0,1.8410773258435862e-06
TJK,Tajikistan,2017,18.055080377643,Total GHG,Asia,9085946.0,1.9871437027738225e-06
TJK,Tajikistan,2018,19.42729917397,Total GHG,Asia,9307333.0,2.087311066872755e-06
TJK,Tajikistan,2019,20.410574415745,Total GHG,Asia,9529966.0,2.141725837819883e-06
TJK,Tajikistan,2020,21.126411037543,Total GHG,Asia,9749310.0,2.1669647428939073e-06
TJK,Tajikistan,2021,21.353209211726,Total GHG,Asia,9966908.0,2.1424105862847336e-06
TJK,Tajikistan,2022,21.848950302171,Total GHG,Asia,10182222.0,2.1457939438141304e-06
TJK,Tajikistan,2023,21.673821732673,Total GHG,Asia,10389799.0,2.0860674718224098e-06
TJK,Tajikistan,2024,22.1889706355,Total GHG,Asia,10590927.0,2.09509239705835e-06
TKM,Turkmenistan,1970,28.645340675452,Total GHG,Asia,2195616.0,1.3046607728970822e-05
TKM,Turkmenistan,1971,28.904980906526,Total GHG,Asia,2253119.0,1.282887450974671e-05
TKM,Turkmenistan,1972,30.226989359535,Total GHG,Asia,2311430.0,1.3077181381021705e-05
TKM,Turkmenistan,1973,31.515873602777,Total GHG,Asia,2370919.0,1.3292682543257276e-05
TKM,Turkmenistan,1974,32.926570308386,Total GHG,Asia,2432028.0,1.3538729944057387e-05
TKM,Turkmenistan,1975,35.32795091744,Total GHG,Asia,2494570.0,1.41619401008751e-05
TKM,Turkmenistan,1976,36.28758084929,Total GHG,Asia,2558521.0,1.4183030293396068e-05
TKM,Turkmenistan,1977,37.530126684152,Total GHG,Asia,2623948.0,1.4302923184511279e-05
TKM,Turkmenistan,1978,39.626370556413,Total GHG,Asia,2691088.0,1.4725037069175366e-05
TKM,Turkmenistan,1979,40.838900947811,Total GHG,Asia,2760358.0,1.4794784208356668e-05
TKM,Turkmenistan,1980,43.083934688737,Total GHG,Asia,2832203.0,1.521216335437008e-05
TKM,Turkmenistan,1981,44.093052230787,Total GHG,Asia,2907187.0,1.516691297490908e-05
TKM,Turkmenistan,1982,45.140998627533,Total GHG,Asia,2985557.0,1.5119791257555292e-05
TKM,Turkmenistan,1983,46.343268547995,Total GHG,Asia,3067534.0,1.5107662555001836e-05
TKM,Turkmenistan,1984,47.780353176362,Total GHG,Asia,3154079.0,1.5148749659207013e-05
TKM,Turkmenistan,1985,48.995132345984,Total GHG,Asia,3247534.0,1.5086872792089011e-05
TKM,Turkmenistan,1986,50.594918850047,Total GHG,Asia,3347809.0,1.5112845102587096e-05
TKM,Turkmenistan,1987,52.030882092511,Total GHG,Asia,3452731.0,1.5069486181376714e-05
TKM,Turkmenistan,1988,53.118639178312,Total GHG,Asia,3559363.0,1.492363638614887e-05
TKM,Turkmenistan,1989,53.566765924599,Total GHG,Asia,3662459.0,1.4625901866641783e-05
TKM,Turkmenistan,1990,61.318201632727,Total GHG,Asia,3760562.0,1.6305595183040992e-05
TKM,Turkmenistan,1991,55.546304356539,Total GHG,Asia,3855894.0,1.440555792159717e-05
TKM,Turkmenistan,1992,42.670139348365,Total GHG,Asia,3944689.0,1.081711114573671e-05
TKM,Turkmenistan,1993,42.037108782688,Total GHG,Asia,4032407.0,1.0424817927031672e-05
TKM,Turkmenistan,1994,47.202980785432,Total GHG,Asia,4116662.0,1.1466324120229447e-05
TKM,Turkmenistan,1995,47.047542463898,Total GHG,Asia,4191203.0,1.1225307498562585e-05
TKM,Turkmenistan,1996,45.406871249448,Total GHG,Asia,4263819.0,1.0649343053597727e-05
TKM,Turkmenistan,1997,42.396889498111,Total GHG,Asia,4336730.0,9.776234512665303e-06
TKM,Turkmenistan,1998,46.527868734645,Total GHG,Asia,4410507.0,1.0549324314561795e-05
TKM,Turkmenistan,1999,57.036549549311,Total GHG,Asia,4492170.0,1.269688136230619e-05
TKM,Turkmenistan,2000,59.589735614204,Total GHG,Asia,4582677.0,1.3003258927959357e-05
TKM,Turkmenistan,2001,61.201225126927,Total GHG,Asia,4675409.0,1.309002594787472e-05
TKM,Turkmenistan,2002,67.583488289158,Total GHG,Asia,4769465.0,1.4170035483887186e-05
TKM,Turkmenistan,2003,77.011753770127,Total GHG,Asia,4863865.0,1.583344804391713e-05
TKM,Turkmenistan,2004,80.871705279429,Total GHG,Asia,4958093.0,1.6311050494500403e-05
TKM,Turkmenistan,2005,81.221964253351,Total GHG,Asia,5052257.0,1.6076372253697902e-05
TKM,Turkmenistan,2006,85.225550860249,Total GHG,Asia,5147105.0,1.6557958475735196e-05
TKM,Turkmenistan,2007,89.799171155744,Total GHG,Asia,5244046.0,1.7124024304085817e-05
TKM,Turkmenistan,2008,93.563043994318,Total GHG,Asia,5345029.0,1.7504684070810092e-05
TKM,Turkmenistan,2009,81.743983799864,Total GHG,Asia,5451592.0,1.4994516060604681e-05
TKM,Turkmenistan,2010,88.856683388153,Total GHG,Asia,5564356.0,1.596890698369281e-05
TKM,Turkmenistan,2011,95.548305610703,Total GHG,Asia,5683417.0,1.6811771089593285e-05
TKM,Turkmenistan,2012,99.43910331525,Total GHG,Asia,5808546.0,1.7119448363712707e-05
TKM,Turkmenistan,2013,98.419854149282,Total GHG,Asia,5939341.0,1.65708374294862e-05
TKM,Turkmenistan,2014,97.034765036556,Total GHG,Asia,6075283.0,1.597205678098551e-05
TKM,Turkmenistan,2015,102.82381033382,Total GHG,Asia,6215770.0,1.654240911967785e-05
TKM,Turkmenistan,2016,100.91360549923,Total GHG,Asia,6360041.0,1.5866816817569258e-05
TKM,Turkmenistan,2017,105.30168082146,Total GHG,Asia,6507061.0,1.6182679218999175e-05
TKM,Turkmenistan,2018,107.15990880827,Total GHG,Asia,6655524.0,1.6100897361089826e-05
TKM,Turkmenistan,2019,106.3271507725,Total GHG,Asia,6803944.0,1.5627281878348792e-05
TKM,Turkmenistan,2020,109.88407093077,Total GHG,Asia,6949912.0,1.581085788291564e-05
TKM,Turkmenistan,2021,128.43486723351,Total GHG,Asia,7092043.0,1.8109713552711115e-05
TKM,Turkmenistan,2022,134.77888368106,Total GHG,Asia,7230193.0,1.8641118387996004e-05
TKM,Turkmenistan,2023,128.31960361542,Total GHG,Asia,7364438.0,1.7424222135541096e-05
TKM,Turkmenistan,2024,114.81218331098,Total GHG,Asia,7494498.0,1.531952951498286e-05
TLS,Timor-Leste,1970,0.60917698835426,Total GHG,Asia,553069.0,1.1014484419742565e-06
TLS,Timor-Leste,1971,0.62685944639296,Total GHG,Asia,562966.0,1.1134943253996865e-06
TLS,Timor-Leste,1972,0.67209116689721,Total GHG,Asia,572962.0,1.1730117649987435e-06
TLS,Timor-Leste,1973,0.68067513862915,Total GHG,Asia,582855.0,1.1678292862361136e-06
TLS,Timor-Leste,1974,0.67641039437407,Total GHG,Asia,590827.0,1.1448535601353187e-06
TLS,Timor-Leste,1975,0.61330176989128,Total GHG,Asia,598158.0,1.0253173407214817e-06
TLS,Timor-Leste,1976,0.54682509222933,Total GHG,Asia,607620.0,8.999458415281425e-07
TLS,Timor-Leste,1977,0.47463332489625,Total GHG,Asia,618315.0,7.676238242582664e-07
TLS,Timor-Leste,1978,0.4186840140719,Total GHG,Asia,628775.0,6.658725522991531e-07
TLS,Timor-Leste,1979,0.34367097524164,Total GHG,Asia,638719.0,5.380628652688271e-07
TLS,Timor-Leste,1980,0.31072119003756,Total GHG,Asia,649871.0,4.781274899750258e-07
TLS,Timor-Leste,1981,0.31391396722407,Total GHG,Asia,660493.0,4.752722091287417e-07
TLS,Timor-Leste,1982,0.33654011892602,Total GHG,Asia,669149.0,5.029374906426222e-07
TLS,Timor-Leste,1983,0.36064111134089,Total GHG,Asia,677707.0,5.321490132769619e-07
TLS,Timor-Leste,1984,0.38819340944059,Total GHG,Asia,686777.0,5.652393854782411e-07
TLS,Timor-Leste,1985,0.41685397479834,Total GHG,Asia,696665.0,5.983564192235006e-07
TLS,Timor-Leste,1986,0.43260876820828,Total GHG,Asia,707185.0,6.117335183979863e-07
TLS,Timor-Leste,1987,0.44882121126315,Total GHG,Asia,718476.0,6.246850434296344e-07
TLS,Timor-Leste,1988,0.45134421625704,Total GHG,Asia,730745.0,6.176494074636707e-07
TLS,Timor-Leste,1989,0.4879755732584,Total GHG,Asia,744856.0,6.551273981258123e-07
TLS,Timor-Leste,1990,0.52966737694922,Total GHG,Asia,760345.0,6.966145328097376e-07
TLS,Timor-Leste,1991,0.60181477615263,Total GHG,Asia,778278.0,7.732645354906987e-07
TLS,Timor-Leste,1992,0.61000639466172,Total GHG,Asia,799318.0,7.631585860217336e-07
TLS,Timor-Leste,1993,0.66026111412731,Total GHG,Asia,821437.0,8.037878913748833e-07
TLS,Timor-Leste,1994,0.74383176935742,Total GHG,Asia,844493.0,8.808027649221723e-07
TLS,Timor-Leste,1995,0.75355155047855,Total GHG,Asia,868146.0,8.680009473965785e-07
TLS,Timor-Leste,1996,0.8017211847773,Total GHG,Asia,892282.0,8.985065089033513e-07
TLS,Timor-Leste,1997,0.79103308631066,Total GHG,Asia,917184.0,8.624584448820084e-07
TLS,Timor-Leste,1998,0.89409528433327,Total GHG,Asia,942530.0,9.486120169472272e-07
TLS,Timor-Leste,1999,0.90664740085756,Total GHG,Asia,834697.0,1.086199424291162e-06
TLS,Timor-Leste,2000,1.0225592176246,Total GHG,Asia,745088.0,1.372400599156878e-06
TLS,Timor-Leste,2001,1.0805093640559,Total GHG,Asia,812249.0,1.3302686295161952e-06
TLS,Timor-Leste,2002,1.0619182698538,Total GHG,Asia,879159.0,1.2078796552771455e-06
TLS,Timor-Leste,2003,1.0814678132267,Total GHG,Asia,916878.0,1.1795111380431202e-06
TLS,Timor-Leste,2004,1.682526419053,Total GHG,Asia,929074.0,1.8109713747806957e-06
TLS,Timor-Leste,2005,2.0152145597055,Total GHG,Asia,948311.0,2.125056610864474e-06
TLS,Timor-Leste,2006,2.1607737362364,Total GHG,Asia,976597.0,2.2125541407933877e-06
TLS,Timor-Leste,2007,1.9758187828198,Total GHG,Asia,1004889.0,1.966206001677598e-06
TLS,Timor-Leste,2008,2.1780685057015,Total GHG,Asia,1032429.0,2.1096545192952733e-06
TLS,Timor-Leste,2009,2.1721327374555,Total GHG,Asia,1058782.0,2.051539162410676e-06
TLS,Timor-Leste,2010,2.0811302155222,Total GHG,Asia,1084679.0,1.918660004962021e-06
TLS,Timor-Leste,2011,2.2237447490232,Total GHG,Asia,1110207.0,2.0030001153147115e-06
TLS,Timor-Leste,2012,2.6146442696843,Total GHG,Asia,1134885.0,2.3038847721877545e-06
TLS,Timor-Leste,2013,2.3782916920981,Total GHG,Asia,1158695.0,2.052560589368298e-06
TLS,Timor-Leste,2014,2.16042986354,Total GHG,Asia,1181903.0,1.8279248496196388e-06
TLS,Timor-Leste,2015,2.2114554369908,Total GHG,Asia,1205131.0,1.835033234553588e-06
TLS,Timor-Leste,2016,2.0160142916992,Total GHG,Asia,1228312.0,1.6412884443848143e-06
TLS,Timor-Leste,2017,1.8953452760857,Total GHG,Asia,1251703.0,1.5142132567275942e-06
TLS,Timor-Leste,2018,1.8814235759496,Total GHG,Asia,1275959.0,1.4745172657974121e-06
TLS,Timor-Leste,2019,2.1094838304764,Total GHG,Asia,1300945.0,1.6215011629826012e-06
TLS,Timor-Leste,2020,1.914057194118,Total GHG,Asia,1326053.0,1.44342435341423e-06
TLS,Timor-Leste,2021,1.8925020203808,Total GHG,Asia,1350139.0,1.4017090243158668e-06
TLS,Timor-Leste,2022,1.932907932729,Total GHG,Asia,1369295.0,1.4116081141967217e-06
TLS,Timor-Leste,2023,1.8770238971866,Total GHG,Asia,1384286.0,1.3559509358518399e-06
TLS,Timor-Leste,2024,1.9401197768467,Total GHG,Asia,1400638.0,1.3851685994858772e-06
TON,Tonga,1970,0.067162398706761,Total GHG,Oceania,84401.0,7.957535894925533e-07
TON,Tonga,1971,0.06708966145236,Total GHG,Oceania,85896.0,7.810568763663035e-07
TON,Tonga,1972,0.069063245745458,Total GHG,Oceania,87356.0,7.905953311215943e-07
TON,Tonga,1973,0.079259625066361,Total GHG,Oceania,88805.0,8.925130912264062e-07
TON,Tonga,1974,0.088302373518932,Total GHG,Oceania,90683.0,9.737478195354367e-07
TON,Tonga,1975,0.09159848703344,Total GHG,Oceania,93017.0,9.847499600442929e-07
TON,Tonga,1976,0.098365776666312,Total GHG,Oceania,95325.0,1.0318990471157827e-06
TON,Tonga,1977,0.10815316136688,Total GHG,Oceania,96725.0,1.1181510609137244e-06
TON,Tonga,1978,0.12577200625716,Total GHG,Oceania,97204.0,1.2938974348500063e-06
TON,Tonga,1979,0.12918428576176,Total GHG,Oceania,97544.0,1.3243693693283031e-06
TON,Tonga,1980,0.13435665085426,Total GHG,Oceania,97769.0,1.3742254789786127e-06
TON,Tonga,1981,0.16021223341218,Total GHG,Oceania,97909.0,1.636338165155195e-06
TON,Tonga,1982,0.15050807867212,Total GHG,Oceania,97980.0,1.5361102130242905e-06
TON,Tonga,1983,0.1348832665913,Total GHG,Oceania,97998.0,1.3763879527265863e-06
TON,Tonga,1984,0.1221869857048,Total GHG,Oceania,97990.0,1.2469332146627206e-06
TON,Tonga,1985,0.13941867225565,Total GHG,Oceania,97984.0,1.4228718184157617e-06
TON,Tonga,1986,0.12341664592356,Total GHG,Oceania,98010.0,1.2592250374814815e-06
TON,Tonga,1987,0.168900852483,Total GHG,Oceania,98376.0,1.7168908319407172e-06
TON,Tonga,1988,0.19180862762948,Total GHG,Oceania,98969.0,1.9380677548472755e-06
TON,Tonga,1989,0.19740586024991,Total GHG,Oceania,99403.0,1.9859145121365553e-06
TON,Tonga,1990,0.19406820482527,Total GHG,Oceania,99700.0,1.946521613091976e-06
TON,Tonga,1991,0.19952283335904,Total GHG,Oceania,99895.0,1.9973255253920616e-06
TON,Tonga,1992,0.20906177808162,Total GHG,Oceania,100022.0,2.090157946068065e-06
TON,Tonga,1993,0.20966611899346,Total GHG,Oceania,100103.0,2.094503850968103e-06
TON,Tonga,1994,0.24853440668057,Total GHG,Oceania,100166.0,2.4812252329190546e-06
TON,Tonga,1995,0.21909129801069,Total GHG,Oceania,100225.0,2.1859944924987777e-06
TON,Tonga,1996,0.23599942538422,Total GHG,Oceania,100275.0,2.3535220681547745e-06
TON,Tonga,1997,0.24652812442439,Total GHG,Oceania,100674.0,2.4487764906966048e-06
TON,Tonga,1998,0.25353545587115,Total GHG,Oceania,101388.0,2.500645597813844e-06
TON,Tonga,1999,0.255306093883,Total GHG,Oceania,102046.0,2.501872624924054e-06
TON,Tonga,2000,0.20813959531716,Total GHG,Oceania,102677.0,2.0271296913345736e-06
TON,Tonga,2001,0.20297064777483,Total GHG,Oceania,103288.0,1.965094181074568e-06
TON,Tonga,2002,0.2136155313233,Total GHG,Oceania,103874.0,2.056487006597416e-06
TON,Tonga,2003,0.2353184646726,Total GHG,Oceania,104464.0,2.2526273613168173e-06
TON,Tonga,2004,0.22134456977249,Total GHG,Oceania,105071.0,2.1066190459069582e-06
TON,Tonga,2005,0.23106037524465,Total GHG,Oceania,105671.0,2.186601577014034e-06
TON,Tonga,2006,0.24339644985408,Total GHG,Oceania,106253.0,2.2907254369672387e-06
TON,Tonga,2007,0.22473878518504,Total GHG,Oceania,106726.0,2.105754785010588e-06
TON,Tonga,2008,0.23478952996764,Total GHG,Oceania,107020.0,2.1938846007067837e-06
TON,Tonga,2009,0.24213164299503,Total GHG,Oceania,107203.0,2.258627491721594e-06
TON,Tonga,2010,0.23781544165453,Total GHG,Oceania,107400.0,2.2142964772302608e-06
TON,Tonga,2011,0.23149075853157,Total GHG,Oceania,107570.0,2.1520011019017385e-06
TON,Tonga,2012,0.23082645633291,Total GHG,Oceania,107460.0,2.1480221136507535e-06
TON,Tonga,2013,0.23227700175048,Total GHG,Oceania,107078.0,2.1692317913154894e-06
TON,Tonga,2014,0.24559570864365,Total GHG,Oceania,106609.0,2.3037052091629224e-06
TON,Tonga,2015,0.24937015801692,Total GHG,Oceania,106095.0,2.350442132210943e-06
TON,Tonga,2016,0.25892695720309,Total GHG,Oceania,105524.0,2.453725760993613e-06
TON,Tonga,2017,0.27155751115839,Total GHG,Oceania,105356.0,2.577522980735696e-06
TON,Tonga,2018,0.26437141329909,Total GHG,Oceania,105567.0,2.504299765069482e-06
TON,Tonga,2019,0.28361151443769,Total GHG,Oceania,105669.0,2.6839613740802885e-06
TON,Tonga,2020,0.3079604666918,Total GHG,Oceania,105704.0,2.91342301797283e-06
TON,Tonga,2021,0.32897146706797,Total GHG,Oceania,105490.0,3.1185085512178404e-06
TON,Tonga,2022,0.28370553828823,Total GHG,Oceania,105042.0,2.7008771566442943e-06
TON,Tonga,2023,0.28424192441385,Total GHG,Oceania,104597.0,2.7174959550833197e-06
TON,Tonga,2024,0.29290421642737,Total GHG,Oceania,104175.0,2.8116555452591316e-06
TTO,Trinidad and Tobago,1970,9.0843343923545,Total GHG,North America,991471.0,9.162481194462067e-06
TTO,Trinidad and Tobago,1971,9.1161446871944,Total GHG,North America,1002585.0,9.092640212245744e-06
TTO,Trinidad and Tobago,1972,8.8157434393026,Total GHG,North America,1014921.0,8.68613758046449e-06
TTO,Trinidad and Tobago,1973,9.232182777661,Total GHG,North America,1027851.0,8.982024415660442e-06
TTO,Trinidad and Tobago,1974,9.4792944126365,Total GHG,North America,1040761.0,9.108041531760414e-06
TTO,Trinidad and Tobago,1975,8.9118768048345,Total GHG,North America,1053469.0,8.459552967229695e-06
TTO,Trinidad and Tobago,1976,10.045202622205,Total GHG,North America,1066311.0,9.42051861249204e-06
TTO,Trinidad and Tobago,1977,10.951792717414,Total GHG,North America,1079554.0,1.014473821357153e-05
TTO,Trinidad and Tobago,1978,11.334304695174,Total GHG,North America,1093380.0,1.0366299635235691e-05
TTO,Trinidad and Tobago,1979,11.40705482709,Total GHG,North America,1107639.0,1.0298531224604768e-05
TTO,Trinidad and Tobago,1980,12.244365791992,Total GHG,North America,1121744.0,1.0915472507088962e-05
TTO,Trinidad and Tobago,1981,12.688356723702,Total GHG,North America,1135132.0,1.1177868938327877e-05
TTO,Trinidad and Tobago,1982,13.730070661543,Total GHG,North America,1147927.0,1.1960752435950195e-05
TTO,Trinidad and Tobago,1983,14.0667140147,Total GHG,North America,1160534.0,1.2120897806268494e-05
TTO,Trinidad and Tobago,1984,14.759554800551,Total GHG,North America,1172984.0,1.2582912299358729e-05
TTO,Trinidad and Tobago,1985,15.127208169386,Total GHG,North America,1187366.0,1.2740139240458292e-05
TTO,Trinidad and Tobago,1986,14.872006002087,Total GHG,North America,1203124.0,1.236115812009984e-05
TTO,Trinidad and Tobago,1987,15.161706803319,Total GHG,North America,1217364.0,1.2454538497375476e-05
TTO,Trinidad and Tobago,1988,15.941510164755,Total GHG,North America,1230069.0,1.295985035372406e-05
TTO,Trinidad and Tobago,1989,15.960731739872,Total GHG,North America,1241600.0,1.2854970795644328e-05
TTO,Trinidad and Tobago,1990,15.894021701627,Total GHG,North America,1252208.0,1.2692796805025204e-05
TTO,Trinidad and Tobago,1991,16.119525444097,Total GHG,North America,1262171.0,1.2771269062668213e-05
TTO,Trinidad and Tobago,1992,16.376322440195,Total GHG,North America,1271674.0,1.2877767761387745e-05
TTO,Trinidad and Tobago,1993,16.162876747045,Total GHG,North America,1280466.0,1.2622652024376282e-05
TTO,Trinidad and Tobago,1994,17.898549339041,Total GHG,North America,1288341.0,1.3892711121543909e-05
TTO,Trinidad and Tobago,1995,17.319273067863,Total GHG,North America,1295169.0,1.3372210937617408e-05
TTO,Trinidad and Tobago,1996,18.389462217368,Total GHG,North America,1300928.0,1.4135649488186893e-05
TTO,Trinidad and Tobago,1997,18.248458591475,Total GHG,North America,1305836.0,1.397454090059931e-05
TTO,Trinidad and Tobago,1998,22.017240860446,Total GHG,North America,1310225.0,1.680416787990307e-05
TTO,Trinidad and Tobago,1999,22.591892239802,Total GHG,North America,1314708.0,1.7183961944250737e-05
TTO,Trinidad and Tobago,2000,23.502162603664,Total GHG,North America,1319774.0,1.780771753623272e-05
TTO,Trinidad and Tobago,2001,26.294624913158,Total GHG,North America,1325567.0,1.983651140467287e-05
TTO,Trinidad and Tobago,2002,28.34492858402,Total GHG,North America,1332011.0,2.1279800680339725e-05
TTO,Trinidad and Tobago,2003,32.405748762861,Total GHG,North America,1338709.0,2.4206716144330847e-05
TTO,Trinidad and Tobago,2004,34.546976301408,Total GHG,North America,1345380.0,2.5678229423217234e-05
TTO,Trinidad and Tobago,2005,41.54201560895,Total GHG,North America,1294494.0,3.2091315687017476e-05
TTO,Trinidad and Tobago,2006,45.699209459516,Total GHG,North America,1297944.0,3.520892231060508e-05
TTO,Trinidad and Tobago,2007,46.509467952548,Total GHG,North America,1303188.0,3.5688993416566146e-05
TTO,Trinidad and Tobago,2008,45.50181075603,Total GHG,North America,1308587.0,3.4771712355410834e-05
TTO,Trinidad and Tobago,2009,44.375298780632,Total GHG,North America,1310106.0,3.3871533128336184e-05
TTO,Trinidad and Tobago,2010,48.074418696382,Total GHG,North America,1317714.0,3.648319642682858e-05
TTO,Trinidad and Tobago,2011,48.211733169758,Total GHG,North America,1328019.0,3.630349653864741e-05
TTO,Trinidad and Tobago,2012,44.706039840354,Total GHG,North America,1335194.0,3.348280462640935e-05
TTO,Trinidad and Tobago,2013,43.909570035654,Total GHG,North America,1340557.0,3.275472063899857e-05
TTO,Trinidad and Tobago,2014,43.775157491893,Total GHG,North America,1345343.0,3.253828762768528e-05
TTO,Trinidad and Tobago,2015,43.362139411128,Total GHG,North America,1349667.0,3.212802818112023e-05
TTO,Trinidad and Tobago,2016,40.049957426838,Total GHG,North America,1353895.0,2.958128763813885e-05
TTO,Trinidad and Tobago,2017,39.076234175446,Total GHG,North America,1356633.0,2.8803835801905155e-05
TTO,Trinidad and Tobago,2018,39.279167116887,Total GHG,North America,1359193.0,2.889888861764812e-05
TTO,Trinidad and Tobago,2019,40.068158144149,Total GHG,North America,1363985.0,2.937580555808825e-05
TTO,Trinidad and Tobago,2020,36.523953821067,Total GHG,North America,1366725.0,2.6723703613431382e-05
TTO,Trinidad and Tobago,2021,35.306543610234,Total GHG,North America,1367558.0,2.5817218436244753e-05
TTO,Trinidad and Tobago,2022,35.189277148688,Total GHG,North America,1365805.0,2.5764495772594184e-05
TTO,Trinidad and Tobago,2023,33.675368740011,Total GHG,North America,1367510.0,2.462531808908966e-05
TTO,Trinidad and Tobago,2024,33.586578143246,Total GHG,North America,1368333.0,2.454561728997693e-05
TUN,Tunisia,1970,10.473381012079,Total GHG,Africa,5131396.0,2.041039321868552e-06
TUN,Tunisia,1971,10.846651730142,Total GHG,Africa,5261658.0,2.0614513011187726e-06
TUN,Tunisia,1972,11.569755957347,Total GHG,Africa,5396557.0,2.143914343413217e-06
TUN,Tunisia,1973,11.675702370707,Total GHG,Africa,5537242.0,2.1085772250349544e-06
TUN,Tunisia,1974,12.520778477609,Total GHG,Africa,5684674.0,2.2025499575893007e-06
TUN,Tunisia,1975,12.965084330069,Total GHG,Africa,5839262.0,2.2203292693612654e-06
TUN,Tunisia,1976,12.958382938513,Total GHG,Africa,5996994.0,2.1608130570937703e-06
TUN,Tunisia,1977,14.054253804364,Total GHG,Africa,6155931.0,2.2830427768543866e-06
TUN,Tunisia,1978,14.756515265114,Total GHG,Africa,6309390.0,2.338818057706688e-06
TUN,Tunisia,1979,15.888553204149,Total GHG,Africa,6456419.0,2.4608925170669684e-06
TUN,Tunisia,1980,17.075928314514,Total GHG,Africa,6606195.0,2.5848356451049358e-06
TUN,Tunisia,1981,17.528459883765,Total GHG,Africa,6758284.0,2.593625820365791e-06
TUN,Tunisia,1982,17.393656816445,Total GHG,Africa,6908642.0,2.5176665423458038e-06
TUN,Tunisia,1983,19.122232054272,Total GHG,Africa,7053800.0,2.710912140161615e-06
TUN,Tunisia,1984,19.844428294781,Total GHG,Africa,7220044.0,2.7485190249229783e-06
TUN,Tunisia,1985,20.340131952054,Total GHG,Africa,7409903.0,2.744993011656698e-06
TUN,Tunisia,1986,20.577115531733,Total GHG,Africa,7600301.0,2.707407973938532e-06
TUN,Tunisia,1987,20.893955191415,Total GHG,Africa,7789987.0,2.6821553349723175e-06
TUN,Tunisia,1988,21.613655833237,Total GHG,Africa,7974440.0,2.7103666004430405e-06
TUN,Tunisia,1989,22.758267983151,Total GHG,Africa,8151660.0,2.79185687125702e-06
TUN,Tunisia,1990,23.218150619426,Total GHG,Africa,8324509.0,2.7891315415030487e-06
TUN,Tunisia,1991,24.279805242271,Total GHG,Africa,8501827.0,2.8558338392760754e-06
TUN,Tunisia,1992,25.439806143216,Total GHG,Africa,8682512.0,2.9300052960728415e-06
TUN,Tunisia,1993,25.995248289589,Total GHG,Africa,8857910.0,2.9346932052356592e-06
TUN,Tunisia,1994,25.738881342297,Total GHG,Africa,9018448.0,2.8540255864753002e-06
TUN,Tunisia,1995,26.235435443238,Total GHG,Africa,9161258.0,2.8637372119896633e-06
TUN,Tunisia,1996,27.237891168976,Total GHG,Africa,9294432.0,2.930560056706639e-06
TUN,Tunisia,1997,27.688267615548,Total GHG,Africa,9421270.0,2.9389103184122737e-06
TUN,Tunisia,1998,29.005106867635,Total GHG,Africa,9541667.0,3.039836421417243e-06
TUN,Tunisia,1999,30.553871728657,Total GHG,Africa,9655963.0,3.1642490478326193e-06
TUN,Tunisia,2000,31.604427662454,Total GHG,Africa,9764935.0,3.236522072338833e-06
TUN,Tunisia,2001,32.579958140271,Total GHG,Africa,9869677.0,3.301015640154283e-06
TUN,Tunisia,2002,32.326272216074,Total GHG,Africa,9971515.0,3.241861664558896e-06
TUN,Tunisia,2003,32.034265267251,Total GHG,Africa,10071632.0,3.1806429451801854e-06
TUN,Tunisia,2004,33.607421776028,Total GHG,Africa,10166163.0,3.3058118167127556e-06
TUN,Tunisia,2005,34.823734531635,Total GHG,Africa,10255472.0,3.395624748586413e-06
TUN,Tunisia,2006,36.203509767996,Total GHG,Africa,10346410.0,3.4991373595281845e-06
TUN,Tunisia,2007,37.060718095686,Total GHG,Africa,10441702.0,3.5492985813697806e-06
TUN,Tunisia,2008,38.341019399884,Total GHG,Africa,10542635.0,3.636758685080532e-06
TUN,Tunisia,2009,38.227397720113,Total GHG,Africa,10650681.0,3.589197509540751e-06
TUN,Tunisia,2010,40.141590424703,Total GHG,Africa,10765980.0,3.7285588887126856e-06
TUN,Tunisia,2011,38.317424857456,Total GHG,Africa,10886035.0,3.5198697099041108e-06
TUN,Tunisia,2012,40.324355562453,Total GHG,Africa,11009647.0,3.6626383718254546e-06
TUN,Tunisia,2013,40.055253918109,Total GHG,Africa,11141361.0,3.5951849974261673e-06
TUN,Tunisia,2014,42.013709406213,Total GHG,Africa,11274288.0,3.7265066677570242e-06
TUN,Tunisia,2015,42.436102195653,Total GHG,Africa,11402264.0,3.721725983160274e-06
TUN,Tunisia,2016,41.627445233745,Total GHG,Africa,11528674.0,3.61077477199416e-06
TUN,Tunisia,2017,41.840738996697,Total GHG,Africa,11650498.0,3.5913262245697136e-06
TUN,Tunisia,2018,41.830819867922,Total GHG,Africa,11765514.0,3.555375470032334e-06
TUN,Tunisia,2019,41.883680903341,Total GHG,Africa,11875081.0,3.5270227549050827e-06
TUN,Tunisia,2020,40.355521011783,Total GHG,Africa,11974057.0,3.3702462759099105e-06
TUN,Tunisia,2021,43.31987702753,Total GHG,Africa,12048622.0,3.5954217027914063e-06
TUN,Tunisia,2022,42.705448453523,Total GHG,Africa,12119334.0,3.5237454841596903e-06
TUN,Tunisia,2023,43.602061434389,Total GHG,Africa,12200431.0,3.573813206630897e-06
TUN,Tunisia,2024,44.621000753775,Total GHG,Africa,12277109.0,3.6344876268325875e-06
TUR,Türkiye,1970,101.57023097897,Total GHG,Asia,36638465.0,2.7722294309810744e-06
TUR,Türkiye,1971,105.86479352187,Total GHG,Asia,37518611.0,2.8216607891446194e-06
TUR,Türkiye,1972,114.77246564803,Total GHG,Asia,38430221.0,2.9865158893577533e-06
TUR,Türkiye,1973,120.54744084633,Total GHG,Asia,39329533.0,3.0650615873402313e-06
TUR,Türkiye,1974,123.76480679777,Total GHG,Asia,40210234.0,3.0779429634199592e-06
TUR,Türkiye,1975,130.91072821635,Total GHG,Asia,41053126.0,3.1888126671851984e-06
TUR,Türkiye,1976,141.06822214996,Total GHG,Asia,41899984.0,3.366784630513463e-06
TUR,Türkiye,1977,150.78245599313,Total GHG,Asia,42773298.0,3.5251538469895397e-06
TUR,Türkiye,1978,150.59638046427,Total GHG,Asia,43645306.0,3.4504599524235205e-06
TUR,Türkiye,1979,145.39986419703,Total GHG,Asia,44510429.0,3.26664710863672e-06
TUR,Türkiye,1980,150.51396259201,Total GHG,Asia,45408815.0,3.314641938839628e-06
TUR,Türkiye,1981,153.55237012961,Total GHG,Asia,46321190.0,3.3149487336057216e-06
TUR,Türkiye,1982,161.84646298747,Total GHG,Asia,47322096.0,3.42010343302355e-06
TUR,Türkiye,1983,165.9669376073,Total GHG,Asia,48447410.0,3.425713316920347e-06
TUR,Türkiye,1984,172.64354233378,Total GHG,Asia,49574069.0,3.4825372582141684e-06
TUR,Türkiye,1985,177.0938650907,Total GHG,Asia,50687115.0,3.4938635803339763e-06
TUR,Türkiye,1986,189.57662698441,Total GHG,Asia,51777772.0,3.661351573497794e-06
TUR,Türkiye,1987,202.40679400396,Total GHG,Asia,52843670.0,3.830294035292401e-06
TUR,Türkiye,1988,197.89306835313,Total GHG,Asia,53909626.0,3.6708299247546252e-06
TUR,Türkiye,1989,212.30519659347,Total GHG,Asia,54976723.0,3.861728837374865e-06
TUR,Türkiye,1990,226.17776803138,Total GHG,Asia,56015628.0,4.037761890866956e-06
TUR,Türkiye,1991,222.42509214145,Total GHG,Asia,57009887.0,3.901517856743866e-06
TUR,Türkiye,1992,231.82301721407,Total GHG,Asia,57990118.0,3.997629686045302e-06
TUR,Türkiye,1993,238.55190796866,Total GHG,Asia,58999167.0,4.043309763486322e-06
TUR,Türkiye,1994,234.66235311653,Total GHG,Asia,60033836.0,3.908834896316304e-06
TUR,Türkiye,1995,250.77797695347,Total GHG,Asia,61024503.0,4.109463651895207e-06
TUR,Türkiye,1996,267.86962407284,Total GHG,Asia,61951134.0,4.323885726980236e-06
TUR,Türkiye,1997,277.91167783341,Total GHG,Asia,62852966.0,4.4216159637304945e-06
TUR,Türkiye,1998,280.29264577727,Total GHG,Asia,63734383.0,4.397824731076004e-06
TUR,Türkiye,1999,278.91131109511,Total GHG,Asia,64591923.0,4.318052445893429e-06
TUR,Türkiye,2000,301.8184139993,Total GHG,Asia,65425961.0,4.613129243899069e-06
TUR,Türkiye,2001,278.60535446817,Total GHG,Asia,66245128.0,4.205673124643521e-06
TUR,Türkiye,2002,289.73731455343,Total GHG,Asia,67048795.0,4.321290405792229e-06
TUR,Türkiye,2003,302.70714455503,Total GHG,Asia,67831730.0,4.462618667621038e-06
TUR,Türkiye,2004,309.66871597951,Total GHG,Asia,68592617.0,4.5146071038448645e-06
TUR,Türkiye,2005,320.73023821935,Total GHG,Asia,69329557.0,4.626168867909396e-06
TUR,Türkiye,2006,352.19088899541,Total GHG,Asia,70045349.0,5.028041033751006e-06
TUR,Türkiye,2007,379.25637007571,Total GHG,Asia,70158112.0,5.405737971907083e-06
TUR,Türkiye,2008,378.80854399983,Total GHG,Asia,71051678.0,5.331451060168206e-06
TUR,Türkiye,2009,383.40980036596,Total GHG,Asia,72039206.0,5.322238009757631e-06
TUR,Türkiye,2010,394.85122395214,Total GHG,Asia,73142150.0,5.398408769117944e-06
TUR,Türkiye,2011,418.00671393517,Total GHG,Asia,74223629.0,5.631720242824156e-06
TUR,Türkiye,2012,434.13872298567,Total GHG,Asia,75175827.0,5.774977679802179e-06
TUR,Türkiye,2013,427.84288246281,Total GHG,Asia,76147624.0,5.618597928450269e-06
TUR,Türkiye,2014,451.7437153716,Total GHG,Asia,77181884.0,5.8529760088727556e-06
TUR,Türkiye,2015,465.34766747609,Total GHG,Asia,78218479.0,5.949331582835943e-06
TUR,Türkiye,2016,492.36810102184,Total GHG,Asia,79277962.0,6.210655377617301e-06
TUR,Türkiye,2017,535.87723992478,Total GHG,Asia,80312698.0,6.672384981074599e-06
TUR,Türkiye,2018,538.89424865381,Total GHG,Asia,81407204.0,6.619736610212162e-06
TUR,Türkiye,2019,528.91451266569,Total GHG,Asia,82579440.0,6.4049176485780245e-06
TUR,Türkiye,2020,543.42886990345,Total GHG,Asia,83384680.0,6.517130843500869e-06
TUR,Türkiye,2021,581.98482574219,Total GHG,Asia,84147318.0,6.916261142656858e-06
TUR,Türkiye,2022,564.26141976552,Total GHG,Asia,84979913.0,6.6399387790091055e-06
TUR,Türkiye,2023,564.06213931786,Total GHG,Asia,85325965.0,6.610674011338284e-06
TUR,Türkiye,2024,579.5068163266,Total GHG,Asia,85518661.0,6.776378506751877e-06
TWN,Taiwan,1970,52.410392730883,Total GHG,Asia,,
TWN,Taiwan,1971,52.434808534876,Total GHG,Asia,,
TWN,Taiwan,1972,57.104006870012,Total GHG,Asia,,
TWN,Taiwan,1973,61.498367652192,Total GHG,Asia,,
TWN,Taiwan,1974,60.74550199413,Total GHG,Asia,,
TWN,Taiwan,1975,64.638260714701,Total GHG,Asia,,
TWN,Taiwan,1976,74.165766466102,Total GHG,Asia,,
TWN,Taiwan,1977,78.322027060271,Total GHG,Asia,,
TWN,Taiwan,1978,86.291276171932,Total GHG,Asia,,
TWN,Taiwan,1979,90.06499190813,Total GHG,Asia,,
TWN,Taiwan,1980,97.003408851585,Total GHG,Asia,,
TWN,Taiwan,1981,90.205162703483,Total GHG,Asia,,
TWN,Taiwan,1982,94.657996864846,Total GHG,Asia,,
TWN,Taiwan,1983,99.096138264582,Total GHG,Asia,,
TWN,Taiwan,1984,99.763701900078,Total GHG,Asia,,
TWN,Taiwan,1985,99.024707871563,Total GHG,Asia,,
TWN,Taiwan,1986,110.73969944384,Total GHG,Asia,,
TWN,Taiwan,1987,115.61006372037,Total GHG,Asia,,
TWN,Taiwan,1988,132.88170360242,Total GHG,Asia,,
TWN,Taiwan,1989,143.18388950652,Total GHG,Asia,,
TWN,Taiwan,1990,146.52273977463,Total GHG,Asia,,
TWN,Taiwan,1991,157.4320531921,Total GHG,Asia,,
TWN,Taiwan,1992,165.47554992981,Total GHG,Asia,,
TWN,Taiwan,1993,176.91890832805,Total GHG,Asia,,
TWN,Taiwan,1994,186.9349937156,Total GHG,Asia,,
TWN,Taiwan,1995,196.86388755368,Total GHG,Asia,,
TWN,Taiwan,1996,206.36625879218,Total GHG,Asia,,
TWN,Taiwan,1997,221.22799439265,Total GHG,Asia,,
TWN,Taiwan,1998,232.46177529612,Total GHG,Asia,,
TWN,Taiwan,1999,242.36579757222,Total GHG,Asia,,
TWN,Taiwan,2000,259.16494338215,Total GHG,Asia,,
TWN,Taiwan,2001,267.33157627462,Total GHG,Asia,,
TWN,Taiwan,2002,322.42102268243,Total GHG,Asia,,
TWN,Taiwan,2003,333.5155695941,Total GHG,Asia,,
TWN,Taiwan,2004,348.35277570571,Total GHG,Asia,,
TWN,Taiwan,2005,342.5018074386,Total GHG,Asia,,
TWN,Taiwan,2006,332.47432314704,Total GHG,Asia,,
TWN,Taiwan,2007,341.67219305766,Total GHG,Asia,,
TWN,Taiwan,2008,324.80059020236,Total GHG,Asia,,
TWN,Taiwan,2009,306.56814380894,Total GHG,Asia,,
TWN,Taiwan,2010,313.73755013008,Total GHG,Asia,,
TWN,Taiwan,2011,320.33784437462,Total GHG,Asia,,
TWN,Taiwan,2012,314.58899966266,Total GHG,Asia,,
TWN,Taiwan,2013,319.76641568342,Total GHG,Asia,,
TWN,Taiwan,2014,324.67291254003,Total GHG,Asia,,
TWN,Taiwan,2015,323.55902946413,Total GHG,Asia,,
TWN,Taiwan,2016,327.0763431607,Total GHG,Asia,,
TWN,Taiwan,2017,332.65062621671,Total GHG,Asia,,
TWN,Taiwan,2018,328.54487896586,Total GHG,Asia,,
TWN,Taiwan,2019,318.57234829518,Total GHG,Asia,,
TWN,Taiwan,2020,317.03714678416,Total GHG,Asia,,
TWN,Taiwan,2021,328.01532467443,Total GHG,Asia,,
TWN,Taiwan,2022,318.56015234013,Total GHG,Asia,,
TWN,Taiwan,2023,310.44051821254,Total GHG,Asia,,
TWN,Taiwan,2024,309.61165394265,Total GHG,Asia,,
TZA,Tanzania,1970,19.033997353444,Total GHG,Africa,13492677.0,1.410690951354131e-06
TZA,Tanzania,1971,19.23122108715,Total GHG,Africa,13971451.0,1.3764655573104039e-06
TZA,Tanzania,1972,19.75850911533,Total GHG,Africa,14479308.0,1.3646031367887194e-06
TZA,Tanzania,1973,20.050687910394,Total GHG,Africa,15010101.0,1.3358129908915336e-06
TZA,Tanzania,1974,20.271937803413,Total GHG,Africa,15561630.0,1.3026873022564474e-06
TZA,Tanzania,1975,20.625006897489,Total GHG,Africa,16138361.0,1.2780112489421325e-06
TZA,Tanzania,1976,21.399907919793,Total GHG,Africa,16736211.0,1.2786590656507021e-06
TZA,Tanzania,1977,21.933315480905,Total GHG,Africa,17352929.0,1.2639546603864397e-06
TZA,Tanzania,1978,22.586432359874,Total GHG,Africa,17976566.0,1.2564375398434829e-06
TZA,Tanzania,1979,23.231367430166,Total GHG,Africa,18592038.0,1.2495331297282201e-06
TZA,Tanzania,1980,23.618368014364,Total GHG,Africa,19189769.0,1.230779172712501e-06
TZA,Tanzania,1981,24.354848928647,Total GHG,Africa,19784703.0,1.2309939112377376e-06
TZA,Tanzania,1982,26.443259149022,Total GHG,Africa,20398571.0,1.29632900015506e-06
TZA,Tanzania,1983,28.090049096703,Total GHG,Africa,21079874.0,1.3325529885379298e-06
TZA,Tanzania,1984,26.417486736177,Total GHG,Africa,21779066.0,1.2129761090846136e-06
TZA,Tanzania,1985,27.109087917107,Total GHG,Africa,22501693.0,1.2047577005475545e-06
TZA,Tanzania,1986,28.087631414205,Total GHG,Africa,23258959.0,1.2076048379553445e-06
TZA,Tanzania,1987,28.757481342548,Total GHG,Africa,24030378.0,1.1967136489716475e-06
TZA,Tanzania,1988,29.248054725349,Total GHG,Africa,24769686.0,1.1808003833940003e-06
TZA,Tanzania,1989,28.326657659658,Total GHG,Africa,25438759.0,1.1135235669184177e-06
TZA,Tanzania,1990,29.197350723485,Total GHG,Africa,26110207.0,1.1182351301728478e-06
TZA,Tanzania,1991,29.078926913255,Total GHG,Africa,26780436.0,1.0858272402008317e-06
TZA,Tanzania,1992,30.057907171189,Total GHG,Africa,27457588.0,1.0947031170832996e-06
TZA,Tanzania,1993,31.587592130354,Total GHG,Africa,28332692.0,1.114881428505064e-06
TZA,Tanzania,1994,31.226627121521,Total GHG,Africa,29442356.0,1.0606021855561083e-06
TZA,Tanzania,1995,35.075793752104,Total GHG,Africa,30383497.0,1.1544357040963388e-06
TZA,Tanzania,1996,33.460885030503,Total GHG,Africa,30945762.0,1.0812752011245675e-06
TZA,Tanzania,1997,32.870752149163,Total GHG,Africa,31578089.0,1.0409354457504697e-06
TZA,Tanzania,1998,34.444936467314,Total GHG,Africa,32420458.0,1.0624444746374035e-06
TZA,Tanzania,1999,38.106545836617,Total GHG,Africa,33300330.0,1.1443293756133047e-06
TZA,Tanzania,2000,39.196781054338,Total GHG,Africa,34260139.0,1.1440928787340296e-06
TZA,Tanzania,2001,40.035878003587,Total GHG,Africa,35198299.0,1.1374378632213733e-06
TZA,Tanzania,2002,41.273647906793,Total GHG,Africa,36121304.0,1.1426400305701311e-06
TZA,Tanzania,2003,43.049136156709,Total GHG,Africa,37089555.0,1.1606808481986101e-06
TZA,Tanzania,2004,44.614640927244,Total GHG,Africa,38109668.0,1.1706908841935856e-06
TZA,Tanzania,2005,46.440984144211,Total GHG,Africa,39182076.0,1.1852609377872423e-06
TZA,Tanzania,2006,48.004402767261,Total GHG,Africa,40294902.0,1.1913269516640342e-06
TZA,Tanzania,2007,48.008550033271,Total GHG,Africa,41435512.0,1.1586329627897684e-06
TZA,Tanzania,2008,49.440029180652,Total GHG,Africa,42570728.0,1.161362079141611e-06
TZA,Tanzania,2009,50.125574233872,Total GHG,Africa,43633982.0,1.1487737753082448e-06
TZA,Tanzania,2010,52.924342814063,Total GHG,Africa,44758488.0,1.182442597570834e-06
TZA,Tanzania,2011,57.727896140631,Total GHG,Africa,46029367.0,1.2541535959126053e-06
TZA,Tanzania,2012,61.13525165896,Total GHG,Africa,47374260.0,1.2904740181474074e-06
TZA,Tanzania,2013,65.165516659252,Total GHG,Africa,48824128.0,1.3346990377227424e-06
TZA,Tanzania,2014,66.83646002838,Total GHG,Africa,50351512.0,1.3273972791200391e-06
TZA,Tanzania,2015,70.41584585525,Total GHG,Africa,52020962.0,1.3536052227417477e-06
TZA,Tanzania,2016,72.557370995882,Total GHG,Africa,53824013.0,1.3480483329231137e-06
TZA,Tanzania,2017,73.160761638746,Total GHG,Africa,55652890.0,1.3145905206135026e-06
TZA,Tanzania,2018,74.277012531663,Total GHG,Africa,57437145.0,1.2931877538770947e-06
TZA,Tanzania,2019,79.442472147818,Total GHG,Africa,59174891.0,1.3425030583971502e-06
TZA,Tanzania,2020,81.879657570976,Total GHG,Africa,60972798.0,1.3428883085039986e-06
TZA,Tanzania,2021,85.328244484359,Total GHG,Africa,62830412.0,1.358072337395448e-06
TZA,Tanzania,2022,89.522934303618,Total GHG,Africa,64711821.0,1.383409289372617e-06
TZA,Tanzania,2023,99.484975000449,Total GHG,Africa,66617606.0,1.4933736135827066e-06
TZA,Tanzania,2024,102.52500651273,Total GHG,Africa,68560157.0,1.4954021548219325e-06
UGA,Uganda,1970,11.202037023832,Total GHG,Africa,10321603.0,1.0853001247802305e-06
UGA,Uganda,1971,11.269843654859,Total GHG,Africa,10618206.0,1.0613698448550537e-06
UGA,Uganda,1972,11.61983059305,Total GHG,Africa,10885796.0,1.0674304931903924e-06
UGA,Uganda,1973,11.852326048951,Total GHG,Africa,11144236.0,1.0635386803501827e-06
UGA,Uganda,1974,12.144732111373,Total GHG,Africa,11424846.0,1.0630105746171982e-06
UGA,Uganda,1975,12.409979767274,Total GHG,Africa,11725240.0,1.0583987847817188e-06
UGA,Uganda,1976,12.972258099557,Total GHG,Africa,12037294.0,1.0776722824545949e-06
UGA,Uganda,1977,12.936107683221,Total GHG,Africa,12359669.0,1.0466386828984658e-06
UGA,Uganda,1978,13.490290447368,Total GHG,Africa,12692113.0,1.062887672633233e-06
UGA,Uganda,1979,13.657651847128,Total GHG,Africa,13002163.0,1.0504138309239778e-06
UGA,Uganda,1980,13.060258001839,Total GHG,Africa,13275741.0,9.837686651041926e-07
UGA,Uganda,1981,13.044199815123,Total GHG,Africa,13556452.0,9.622134032653234e-07
UGA,Uganda,1982,13.328058613596,Total GHG,Africa,13873631.0,9.606755876378722e-07
UGA,Uganda,1983,13.539482511978,Total GHG,Africa,14221881.0,9.520177051107374e-07
UGA,Uganda,1984,13.898230262902,Total GHG,Africa,14607677.0,9.514332951708886e-07
UGA,Uganda,1985,14.216931413614,Total GHG,Africa,15023681.0,9.463014699003527e-07
UGA,Uganda,1986,14.701767279471,Total GHG,Africa,15467579.0,9.504892316678001e-07
UGA,Uganda,1987,12.892330699888,Total GHG,Africa,15954170.0,8.080853281548335e-07
UGA,Uganda,1988,13.649028659956,Total GHG,Africa,16470483.0,8.286963205606054e-07
UGA,Uganda,1989,14.151877814948,Total GHG,Africa,17010698.0,8.319398660153745e-07
UGA,Uganda,1990,15.294444557278,Total GHG,Africa,17569897.0,8.704914182068341e-07
UGA,Uganda,1991,15.920565204246,Total GHG,Africa,18155901.0,8.768810319160696e-07
UGA,Uganda,1992,16.296021761211,Total GHG,Africa,18785032.0,8.675003460846381e-07
UGA,Uganda,1993,16.720625427116,Total GHG,Africa,19445161.0,8.59886191074273e-07
UGA,Uganda,1994,16.456388305827,Total GHG,Africa,20108801.0,8.183674554155169e-07
UGA,Uganda,1995,17.057305804951,Total GHG,Africa,20665667.0,8.2539343177024e-07
UGA,Uganda,1996,17.482098731825,Total GHG,Africa,21231550.0,8.234019057405136e-07
UGA,Uganda,1997,17.959037750042,Total GHG,Africa,21856046.0,8.21696557101042e-07
UGA,Uganda,1998,18.638344397236,Total GHG,Africa,22515806.0,8.277893492791687e-07
UGA,Uganda,1999,19.166391867842,Total GHG,Africa,23257281.0,8.241028634362719e-07
UGA,Uganda,2000,19.633917305755,Total GHG,Africa,24000150.0,8.180747747724493e-07
UGA,Uganda,2001,20.204426433725,Total GHG,Africa,24745676.0,8.164831073406522e-07
UGA,Uganda,2002,21.055603670498,Total GHG,Africa,25532870.0,8.246469617594106e-07
UGA,Uganda,2003,21.940449560429,Total GHG,Africa,26352124.0,8.325875197167788e-07
UGA,Uganda,2004,22.509997715218,Total GHG,Africa,27154515.0,8.289596671204769e-07
UGA,Uganda,2005,23.687872603761,Total GHG,Africa,27963289.0,8.471060969888414e-07
UGA,Uganda,2006,24.488129426334,Total GHG,Africa,28794003.0,8.504593621919815e-07
UGA,Uganda,2007,25.817452210243,Total GHG,Africa,29653430.0,8.706396599058861e-07
UGA,Uganda,2008,33.381821372624,Total GHG,Africa,30539553.0,1.0930684339952194e-06
UGA,Uganda,2009,34.725611845722,Total GHG,Africa,31451151.0,1.104112591800599e-06
UGA,Uganda,2010,35.832401208548,Total GHG,Africa,32390802.0,1.1062523616595848e-06
UGA,Uganda,2011,37.381057066678,Total GHG,Africa,33354543.0,1.120718609956011e-06
UGA,Uganda,2012,38.624703475325,Total GHG,Africa,34337438.0,1.1248568828963011e-06
UGA,Uganda,2013,39.655313440948,Total GHG,Africa,35337042.0,1.1222024028199078e-06
UGA,Uganda,2014,41.383711278869,Total GHG,Africa,36395539.0,1.1370544966752381e-06
UGA,Uganda,2015,43.428425866074,Total GHG,Africa,37531446.0,1.157121041008492e-06
UGA,Uganda,2016,45.398792045674,Total GHG,Africa,38799152.0,1.1700975332057257e-06
UGA,Uganda,2017,45.964659244576,Total GHG,Africa,40177388.0,1.1440429936504582e-06
UGA,Uganda,2018,48.07430573641,Total GHG,Africa,41565831.0,1.1565823316851286e-06
UGA,Uganda,2019,49.980419360983,Total GHG,Africa,42999637.0,1.1623451463318865e-06
UGA,Uganda,2020,50.91807767192,Total GHG,Africa,44457152.0,1.1453292750718715e-06
UGA,Uganda,2021,53.560191471655,Total GHG,Africa,45910930.0,1.1666109022765386e-06
UGA,Uganda,2022,54.269573764408,Total GHG,Africa,47312719.0,1.147039842804384e-06
UGA,Uganda,2023,56.602816822457,Total GHG,Africa,48656601.0,1.1633121849686335e-06
UGA,Uganda,2024,57.298152268275,Total GHG,Africa,50015092.0,1.1456172522540796e-06
UKR,Ukraine,1970,612.81368059664,Total GHG,Europe,47261306.0,1.2966499076361537e-05
UKR,Ukraine,1971,616.77779322302,Total GHG,Europe,47573287.0,1.296479247320077e-05
UKR,Ukraine,1972,647.39675625431,Total GHG,Europe,47946893.0,1.3502371389410155e-05
UKR,Ukraine,1973,682.57649303461,Total GHG,Europe,48277121.0,1.413871579116348e-05
UKR,Ukraine,1974,711.49665311267,Total GHG,Europe,48576570.0,1.4646910086749023e-05
UKR,Ukraine,1975,741.56206682724,Total GHG,Europe,48865229.0,1.51756592980919e-05
UKR,Ukraine,1976,763.41313161541,Total GHG,Europe,49120842.0,1.554153187389194e-05
UKR,Ukraine,1977,776.85062731611,Total GHG,Europe,49336481.0,1.5745967518763856e-05
UKR,Ukraine,1978,821.43642824401,Total GHG,Europe,49521243.0,1.658755674295191e-05
UKR,Ukraine,1979,836.69686174526,Total GHG,Europe,49721381.0,1.682770761627196e-05
UKR,Ukraine,1980,857.83756184376,Total GHG,Europe,49955152.0,1.7172153972102017e-05
UKR,Ukraine,1981,847.11650144826,Total GHG,Europe,50189281.0,1.6878434689037684e-05
UKR,Ukraine,1982,846.41884893098,Total GHG,Europe,50402724.0,1.6793117152378114e-05
UKR,Ukraine,1983,849.58960671304,Total GHG,Europe,50637029.0,1.6778030297019204e-05
UKR,Ukraine,1984,855.13598851287,Total GHG,Europe,50887599.0,1.6804408251072525e-05
UKR,Ukraine,1985,857.90598302054,Total GHG,Europe,51108770.0,1.678588592565503e-05
UKR,Ukraine,1986,875.44489357359,Total GHG,Europe,51318745.0,1.7058969263055632e-05
UKR,Ukraine,1987,899.59573993468,Total GHG,Europe,51515732.0,1.7462544061970816e-05
UKR,Ukraine,1988,905.3615357786,Total GHG,Europe,51724853.0,1.750341437951694e-05
UKR,Ukraine,1989,902.37872041121,Total GHG,Europe,51917817.0,1.738090645088583e-05
UKR,Ukraine,1990,977.9458116953,Total GHG,Europe,52054092.0,1.878710729783357e-05
UKR,Ukraine,1991,918.80294385611,Total GHG,Europe,52170961.0,1.7611386224150827e-05
UKR,Ukraine,1992,818.62250194537,Total GHG,Europe,52323671.0,1.5645356801233805e-05
UKR,Ukraine,1993,725.07411185339,Total GHG,Europe,52350126.0,1.3850475008472568e-05
UKR,Ukraine,1994,613.50347251232,Total GHG,Europe,52075998.0,1.1780925878987857e-05
UKR,Ukraine,1995,597.36909457591,Total GHG,Europe,51665539.0,1.156223483076234e-05
UKR,Ukraine,1996,518.07606049676,Total GHG,Europe,51226109.0,1.011351575613053e-05
UKR,Ukraine,1997,496.07939161536,Total GHG,Europe,50786885.0,9.767864117190098e-06
UKR,Ukraine,1998,469.7715956867,Total GHG,Europe,50379731.0,9.324615006116249e-06
UKR,Ukraine,1999,468.32913930373,Total GHG,Europe,49976446.0,9.37099727547113e-06
UKR,Ukraine,2000,462.11092800913,Total GHG,Europe,49556660.0,9.324900588722687e-06
UKR,Ukraine,2001,460.265503121,Total GHG,Europe,49106855.0,9.372734277546383e-06
UKR,Ukraine,2002,463.15764841687,Total GHG,Europe,48677281.0,9.514862763531718e-06
UKR,Ukraine,2003,495.65790704567,Total GHG,Europe,48315136.0,1.0258853603261513e-05
UKR,Ukraine,2004,468.9642603725,Total GHG,Europe,47979507.0,9.774261756639142e-06
UKR,Ukraine,2005,456.23518394363,Total GHG,Europe,47585556.0,9.587682109748386e-06
UKR,Ukraine,2006,455.73434975784,Total GHG,Europe,47278694.0,9.639317654540965e-06
UKR,Ukraine,2007,471.21759045388,Total GHG,Europe,47062798.0,1.0012528164047535e-05
UKR,Ukraine,2008,455.99248999514,Total GHG,Europe,46819175.0,9.739438808888452e-06
UKR,Ukraine,2009,389.79411554159,Total GHG,Europe,46623731.0,8.360423054551124e-06
UKR,Ukraine,2010,414.19987045953,Total GHG,Europe,46456003.0,8.91596012811369e-06
UKR,Ukraine,2011,441.13450410085,Total GHG,Europe,46307853.0,9.526127330948597e-06
UKR,Ukraine,2012,431.65277176973,Total GHG,Europe,46210056.0,9.341100382343835e-06
UKR,Ukraine,2013,423.15490945062,Total GHG,Europe,46126770.0,9.173738144912813e-06
UKR,Ukraine,2014,372.05925081533,Total GHG,Europe,45972380.0,8.093103964061247e-06
UKR,Ukraine,2015,316.85929513759,Total GHG,Europe,45784896.0,6.92060751077364e-06
UKR,Ukraine,2016,322.8815300173,Total GHG,Europe,45616832.0,7.078122610910376e-06
UKR,Ukraine,2017,297.82488201818,Total GHG,Europe,45436041.0,6.554815856825642e-06
UKR,Ukraine,2018,311.19258704811,Total GHG,Europe,45208907.0,6.8834353161448916e-06
UKR,Ukraine,2019,301.63754722443,Total GHG,Europe,44957458.0,6.709399522197853e-06
UKR,Ukraine,2020,292.72726136996,Total GHG,Europe,44680014.0,6.551637637579075e-06
UKR,Ukraine,2021,285.0364430315,Total GHG,Europe,44298640.0,6.434428755183004e-06
UKR,Ukraine,2022,199.76947639321,Total GHG,Europe,41048766.0,4.866637803270627e-06
UKR,Ukraine,2023,201.61230024945,Total GHG,Europe,37732836.0,5.3431525859718045e-06
UKR,Ukraine,2024,196.96400554191,Total GHG,Europe,37860221.0,5.20239978371785e-06
URY,Uruguay,1970,28.568633165559,Total GHG,South America,2790807.0,1.0236692528562169e-05
URY,Uruguay,1971,28.229731242361,Total GHG,South America,2806462.0,1.005883252378297e-05
URY,Uruguay,1972,29.133528825789,Total GHG,South America,2821644.0,1.0325019324120619e-05
URY,Uruguay,1973,29.911815164476,Total GHG,South America,2837133.0,1.054297248823936e-05
URY,Uruguay,1974,30.987411282729,Total GHG,South America,2853944.0,1.0857750286175553e-05
URY,Uruguay,1975,32.946805778824,Total GHG,South America,2872320.0,1.1470450986945744e-05
URY,Uruguay,1976,31.356942419888,Total GHG,South America,2891392.0,1.0844929507962947e-05
URY,Uruguay,1977,30.99087747142,Total GHG,South America,2909461.0,1.0651759027331866e-05
URY,Uruguay,1978,31.354568491082,Total GHG,South America,2925715.0,1.0716890910796847e-05
URY,Uruguay,1979,33.010609530194,Total GHG,South America,2939903.0,1.1228468942748792e-05
URY,Uruguay,1980,35.05868283911,Total GHG,South America,2951953.0,1.1876436663832384e-05
URY,Uruguay,1981,35.295962856285,Total GHG,South America,2963246.0,1.1911249641874149e-05
URY,Uruguay,1982,34.463118573953,Total GHG,South America,2975492.0,1.1582326073789813e-05
URY,Uruguay,1983,30.194783604626,Total GHG,South America,2988778.0,1.010271877156015e-05
URY,Uruguay,1984,28.485845590557,Total GHG,South America,3002488.0,9.487413635144253e-06
URY,Uruguay,1985,29.022449300763,Total GHG,South America,3017037.0,9.619520509945022e-06
URY,Uruguay,1986,29.213449616475,Total GHG,South America,3032845.0,9.63235826970221e-06
URY,Uruguay,1987,31.04325637572,Total GHG,South America,3049896.0,1.0178463913431802e-05
URY,Uruguay,1988,33.138401857253,Total GHG,South America,3067961.0,1.0801441692789772e-05
URY,Uruguay,1989,31.76866897284,Total GHG,South America,3086255.0,1.0293598219473115e-05
URY,Uruguay,1990,28.901395040763,Total GHG,South America,3104403.0,9.309807728172857e-06
URY,Uruguay,1991,30.699426863523,Total GHG,South America,3122354.0,9.832141667319914e-06
URY,Uruguay,1992,32.545884651883,Total GHG,South America,3139702.0,1.0365915189366061e-05
URY,Uruguay,1993,33.281021078759,Total GHG,South America,3156345.0,1.0544164557030045e-05
URY,Uruguay,1994,33.442126703462,Total GHG,South America,3172834.0,1.054014382834463e-05
URY,Uruguay,1995,33.792980325584,Total GHG,South America,3189440.0,1.0595270745204172e-05
URY,Uruguay,1996,35.240748119207,Total GHG,South America,3206324.0,1.0991012798209726e-05
URY,Uruguay,1997,34.971959163366,Total GHG,South America,3223345.0,1.084958611733029e-05
URY,Uruguay,1998,34.510846197574,Total GHG,South America,3239280.0,1.0653863265162011e-05
URY,Uruguay,1999,35.653490938275,Total GHG,South America,3254015.0,1.0956769080128702e-05
URY,Uruguay,2000,33.828876436145,Total GHG,South America,3266206.0,1.0357239082943636e-05
URY,Uruguay,2001,33.479990117115,Total GHG,South America,3274251.0,1.0225236280637923e-05
URY,Uruguay,2002,34.179687004724,Total GHG,South America,3278867.0,1.0424237093094657e-05
URY,Uruguay,2003,35.132908141226,Total GHG,South America,3281186.0,1.0707380849859166e-05
URY,Uruguay,2004,37.148849021478,Total GHG,South America,3283148.0,1.131500895527037e-05
URY,Uruguay,2005,37.303043071841,Total GHG,South America,3285771.0,1.1352904104345982e-05
URY,Uruguay,2006,39.334068921025,Total GHG,South America,3289506.0,1.1957439482106127e-05
URY,Uruguay,2007,38.502039555271,Total GHG,South America,3295153.0,1.1684446687383256e-05
URY,Uruguay,2008,42.110139948509,Total GHG,South America,3302177.0,1.2752235857892838e-05
URY,Uruguay,2009,41.493451807241,Total GHG,South America,3310091.0,1.2535441414523348e-05
URY,Uruguay,2010,38.463701072647,Total GHG,South America,3318580.0,1.1590409474126583e-05
URY,Uruguay,2011,39.678071104491,Total GHG,South America,3326825.0,1.1926708229164746e-05
URY,Uruguay,2012,40.266970326256,Total GHG,South America,3335401.0,1.2072602462569269e-05
URY,Uruguay,2013,39.073098200162,Total GHG,South America,3345337.0,1.1679869083492038e-05
URY,Uruguay,2014,39.229112449497,Total GHG,South America,3356334.0,1.1688083620252633e-05
URY,Uruguay,2015,39.672967590896,Total GHG,South America,3368017.0,1.177932522041783e-05
URY,Uruguay,2016,39.87998532913,Total GHG,South America,3379283.0,1.1801315642735456e-05
URY,Uruguay,2017,39.014349300542,Total GHG,South America,3388438.0,1.1513962864464983e-05
URY,Uruguay,2018,38.661447648764,Total GHG,South America,3394534.0,1.1389324027617342e-05
URY,Uruguay,2019,39.238148541415,Total GHG,South America,3397206.0,1.155012340771063e-05
URY,Uruguay,2020,38.604940144212,Total GHG,South America,3398968.0,1.1357841599041828e-05
URY,Uruguay,2021,42.271809585648,Total GHG,South America,3396695.0,1.2444982427226465e-05
URY,Uruguay,2022,41.11042764077,Total GHG,South America,3390913.0,1.212370463080887e-05
URY,Uruguay,2023,42.927177934819,Total GHG,South America,3388081.0,1.267005657031783e-05
URY,Uruguay,2024,44.627145531682,Total GHG,South America,3386588.0,1.3177612845637556e-05
USA,United States,1970,5788.211445323,Total GHG,North America,205052000.0,2.8228017504452526e-05
USA,United States,1971,5661.1297681304,Total GHG,North America,207661000.0,2.7261400879945683e-05
USA,United States,1972,5930.4813254508,Total GHG,North America,209896000.0,2.8254379909339862e-05
USA,United States,1973,6128.5708260655,Total GHG,North America,211909000.0,2.8920767055979217e-05
USA,United States,1974,5948.9742482629,Total GHG,North America,213854000.0,2.781792366877823e-05
USA,United States,1975,5730.1664827801,Total GHG,North America,215973000.0,2.6531865014516166e-05
USA,United States,1976,6043.950500396,Total GHG,North America,218035000.0,2.7720093106134336e-05
USA,United States,1977,6199.7839023629,Total GHG,North America,220239000.0,2.81502545069806e-05
USA,United States,1978,6193.9773655608,Total GHG,North America,222585000.0,2.7827469800574162e-05
USA,United States,1979,6259.7557668215,Total GHG,North America,225055000.0,2.7814337681106843e-05
USA,United States,1980,6027.2337848815,Total GHG,North America,227225000.0,2.6525398987265923e-05
USA,United States,1981,5949.3772731629,Total GHG,North America,229466000.0,2.5927053564200795e-05
USA,United States,1982,5681.1131764595,Total GHG,North America,231664000.0,2.4523072969729867e-05
USA,United States,1983,5651.2481989768,Total GHG,North America,233792000.0,2.417211965754517e-05
USA,United States,1984,5882.1851756446,Total GHG,North America,235825000.0,2.494300933168494e-05
USA,United States,1985,5892.8163836881,Total GHG,North America,237924000.0,2.476764169940023e-05
USA,United States,1986,5846.3343311807,Total GHG,North America,240133000.0,2.4346234508296236e-05
USA,United States,1987,6007.3421027435,Total GHG,North America,242289000.0,2.4794118192503578e-05
USA,United States,1988,6238.145083501,Total GHG,North America,244499000.0,2.5513990173788033e-05
USA,United States,1989,6296.0128334103,Total GHG,North America,246819000.0,2.550862305337231e-05
USA,United States,1990,6216.3265001337,Total GHG,North America,249623000.0,2.490285951267992e-05
USA,United States,1991,6161.4165637815,Total GHG,North America,252981000.0,2.4355254203997536e-05
USA,United States,1992,6258.6454616501,Total GHG,North America,256514000.0,2.439884552753495e-05
USA,United States,1993,6380.356915649,Total GHG,North America,259919000.0,2.4547481775664726e-05
USA,United States,1994,6490.8881518414,Total GHG,North America,263126000.0,2.4668364782808996e-05
USA,United States,1995,6558.6971949496,Total GHG,North America,266278000.0,2.463101418423452e-05
USA,United States,1996,6728.0764627626,Total GHG,North America,269394000.0,2.4974856391614512e-05
USA,United States,1997,7010.4521614894,Total GHG,North America,272657000.0,2.57116162852573e-05
USA,United States,1998,7055.1206416733,Total GHG,North America,275854000.0,2.557556041120774e-05
USA,United States,1999,7060.169618867,Total GHG,North America,279040000.0,2.5301639975870845e-05
USA,United States,2000,7219.8245266726,Total GHG,North America,282162411.0,2.5587478151625943e-05
USA,United States,2001,7157.7928391183,Total GHG,North America,284968955.0,2.5117798670800126e-05
USA,United States,2002,6992.3985811199,Total GHG,North America,287625193.0,2.431080013606423e-05
USA,United States,2003,7058.6436863279,Total GHG,North America,290107933.0,2.433109502844205e-05
USA,United States,2004,7157.7987293856,Total GHG,North America,292805298.0,2.4445591586889936e-05
USA,United States,2005,7160.6390468343,Total GHG,North America,295516599.0,2.423091992485437e-05
USA,United States,2006,7041.3086154519,Total GHG,North America,298379912.0,2.3598467364156538e-05
USA,United States,2007,7129.181816994,Total GHG,North America,301231207.0,2.3666810248494604e-05
USA,United States,2008,6941.7304889558,Total GHG,North America,304093966.0,2.282758379018872e-05
USA,United States,2009,6487.7010143225,Total GHG,North America,306771529.0,2.1148315280335223e-05
USA,United States,2010,6754.1863885023,Total GHG,North America,309378227.0,2.18314858611634e-05
USA,United States,2011,6546.8700055415,Total GHG,North America,311839461.0,2.0994360317796662e-05
USA,United States,2012,6311.6934513556,Total GHG,North America,314339099.0,2.007925031100124e-05
USA,United States,2013,6448.6367475897,Total GHG,North America,316726282.0,2.036028303956695e-05
USA,United States,2014,6488.4767561046,Total GHG,North America,319257560.0,2.0323643255635357e-05
USA,United States,2015,6364.0037224415,Total GHG,North America,321815121.0,1.9775340893448882e-05
USA,United States,2016,6237.7379601405,Total GHG,North America,324353340.0,1.9231304848411613e-05
USA,United States,2017,6183.6444640605,Total GHG,North America,326608609.0,1.8932888765526995e-05
USA,United States,2018,6370.4475659533,Total GHG,North America,328529577.0,1.9390788568035993e-05
USA,United States,2019,6248.2428848461,Total GHG,North America,330226227.0,1.892109824713014e-05
USA,United States,2020,5703.9154192536,Total GHG,North America,331577720.0,1.720234827374288e-05
USA,United States,2021,6000.5067145446,Total GHG,North America,332099760.0,1.8068386181744305e-05
USA,United States,2022,6074.2361549158,Total GHG,North America,334017321.0,1.8185392711762394e-05
USA,United States,2023,5890.9864277975,Total GHG,North America,336806231.0,1.7490728750197916e-05
USA,United States,2024,5912.6177240236,Total GHG,North America,340110988.0,1.738437725517883e-05
UZB,Uzbekistan,1970,78.592105584359,Total GHG,Asia,11762638.0,6.6815033825200605e-06
UZB,Uzbekistan,1971,79.791934906817,Total GHG,Asia,12111511.0,6.588107372136887e-06
UZB,Uzbekistan,1972,83.633960735251,Total GHG,Asia,12465106.0,6.709446412669976e-06
UZB,Uzbekistan,1973,87.655732580535,Total GHG,Asia,12831047.0,6.831533902146489e-06
UZB,Uzbekistan,1974,92.283131551593,Total GHG,Asia,13209011.0,6.9863770687747175e-06
UZB,Uzbekistan,1975,99.808633117856,Total GHG,Asia,13598521.0,7.339668271119779e-06
UZB,Uzbekistan,1976,101.2231719515,Total GHG,Asia,13998620.0,7.230939331984153e-06
UZB,Uzbekistan,1977,104.61942086272,Total GHG,Asia,14408822.0,7.260789318010869e-06
UZB,Uzbekistan,1978,109.33481105151,Total GHG,Asia,14816349.0,7.379335560434625e-06
UZB,Uzbekistan,1979,112.6856283883,Total GHG,Asia,15215587.0,7.405933690780382e-06
UZB,Uzbekistan,1980,119.67864046283,Total GHG,Asia,15619936.0,7.66191618600934e-06
UZB,Uzbekistan,1981,122.97583993719,Total GHG,Asia,16035032.0,7.669198286426245e-06
UZB,Uzbekistan,1982,126.55870115993,Total GHG,Asia,16462736.0,7.687586143635542e-06
UZB,Uzbekistan,1983,130.72995545119,Total GHG,Asia,16908400.0,7.731657368597264e-06
UZB,Uzbekistan,1984,135.12660802716,Total GHG,Asia,17378846.0,7.775349872319485e-06
UZB,Uzbekistan,1985,139.38396998811,Total GHG,Asia,17875339.0,7.797556733783344e-06
UZB,Uzbekistan,1986,144.40869693353,Total GHG,Asia,18395621.0,7.850167000805789e-06
UZB,Uzbekistan,1987,149.28315989167,Total GHG,Asia,18930070.0,7.886033167952892e-06
UZB,Uzbekistan,1988,151.7595392179,Total GHG,Asia,19460630.0,7.798285010192373e-06
UZB,Uzbekistan,1989,152.72749341435,Total GHG,Asia,19977183.0,7.645096579149823e-06
UZB,Uzbekistan,1990,163.18132219465,Total GHG,Asia,20464956.0,7.9736952375881e-06
UZB,Uzbekistan,1991,162.50730159578,Total GHG,Asia,20962910.0,7.75213467957359e-06
UZB,Uzbekistan,1992,152.70716105202,Total GHG,Asia,21485090.0,7.107587682994114e-06
UZB,Uzbekistan,1993,153.37804478412,Total GHG,Asia,21987955.0,6.975548421129659e-06
UZB,Uzbekistan,1994,150.3778523996,Total GHG,Asia,22463291.0,6.694382065370564e-06
UZB,Uzbekistan,1995,142.19608410241,Total GHG,Asia,22917589.0,6.204670312501459e-06
UZB,Uzbekistan,1996,146.62375496892,Total GHG,Asia,23351981.0,6.27885723994551e-06
UZB,Uzbekistan,1997,145.0869673663,Total GHG,Asia,23758960.0,6.106621138564146e-06
UZB,Uzbekistan,1998,160.96569466681,Total GHG,Asia,24134929.0,6.6694082533580275e-06
UZB,Uzbekistan,1999,159.51042912361,Total GHG,Asia,24476008.0,6.5170116435494716e-06
UZB,Uzbekistan,2000,169.40504937307,Total GHG,Asia,24787054.0,6.834416440657692e-06
UZB,Uzbekistan,2001,175.01424817489,Total GHG,Asia,25090283.0,6.9753795991416285e-06
UZB,Uzbekistan,2002,185.78778187766,Total GHG,Asia,25399980.0,7.314485360919969e-06
UZB,Uzbekistan,2003,174.13707407954,Total GHG,Asia,25711259.0,6.772794520857186e-06
UZB,Uzbekistan,2004,176.14120574206,Total GHG,Asia,26029350.0,6.767022831613544e-06
UZB,Uzbekistan,2005,177.25225657064,Total GHG,Asia,26356975.0,6.7250606934460414e-06
UZB,Uzbekistan,2006,189.40995935647,Total GHG,Asia,26699043.0,7.094260245824917e-06
UZB,Uzbekistan,2007,183.60085907897,Total GHG,Asia,27076008.0,6.780942710571292e-06
UZB,Uzbekistan,2008,195.14118069026,Total GHG,Asia,27494774.0,7.097391696700617e-06
UZB,Uzbekistan,2009,176.54807338944,Total GHG,Asia,27939328.0,6.318980663723909e-06
UZB,Uzbekistan,2010,192.44408244687,Total GHG,Asia,28385506.0,6.779660100012662e-06
UZB,Uzbekistan,2011,198.3916122615,Total GHG,Asia,28823196.0,6.88305392162271e-06
UZB,Uzbekistan,2012,187.06149906342,Total GHG,Asia,29261903.0,6.3926634936702515e-06
UZB,Uzbekistan,2013,186.46860019487,Total GHG,Asia,29724065.0,6.273320967198463e-06
UZB,Uzbekistan,2014,178.11406747351,Total GHG,Asia,30222994.0,5.893329677182546e-06
UZB,Uzbekistan,2015,173.18532580534,Total GHG,Asia,30749346.0,5.632162902109853e-06
UZB,Uzbekistan,2016,182.96665227874,Total GHG,Asia,31284568.0,5.848463443022132e-06
UZB,Uzbekistan,2017,188.05239983729,Total GHG,Asia,31819178.0,5.910033245902518e-06
UZB,Uzbekistan,2018,185.51816310193,Total GHG,Asia,32373490.0,5.7305580307198885e-06
UZB,Uzbekistan,2019,189.63607707028,Total GHG,Asia,32964701.0,5.752701262792585e-06
UZB,Uzbekistan,2020,198.23833566075,Total GHG,Asia,33586372.0,5.902344428887705e-06
UZB,Uzbekistan,2021,210.47886876332,Total GHG,Asia,34243696.0,6.146499745918782e-06
UZB,Uzbekistan,2022,206.85465876135,Total GHG,Asia,34938955.0,5.920459234151394e-06
UZB,Uzbekistan,2023,211.3656942826,Total GHG,Asia,35652307.0,5.928527830824524e-06
UZB,Uzbekistan,2024,227.48836597705,Total GHG,Asia,36361859.0,6.256235853536806e-06
VCT,Saint Vincent and the Grenadines,1970,0.046465656528266,Total GHG,North America,95964.0,4.841988300640448e-07
VCT,Saint Vincent and the Grenadines,1971,0.047564349562536,Total GHG,North America,96872.0,4.910020394183665e-07
VCT,Saint Vincent and the Grenadines,1972,0.050375802035162,Total GHG,North America,97790.0,5.15142673434523e-07
VCT,Saint Vincent and the Grenadines,1973,0.051946127186673,Total GHG,North America,98691.0,5.263512091950938e-07
VCT,Saint Vincent and the Grenadines,1974,0.051209412164344,Total GHG,North America,99556.0,5.143779597848849e-07
VCT,Saint Vincent and the Grenadines,1975,0.054433355903172,Total GHG,North America,100387.0,5.422351091592736e-07
VCT,Saint Vincent and the Grenadines,1976,0.053855345942597,Total GHG,North America,101197.0,5.321832262082571e-07
VCT,Saint Vincent and the Grenadines,1977,0.056269432007509,Total GHG,North America,101999.0,5.516665066079962e-07
VCT,Saint Vincent and the Grenadines,1978,0.057115330542739,Total GHG,North America,102775.0,5.557317493820384e-07
VCT,Saint Vincent and the Grenadines,1979,0.058038639414294,Total GHG,North America,103478.0,5.608790217659212e-07
VCT,Saint Vincent and the Grenadines,1980,0.05880383127575,Total GHG,North America,104213.0,5.642657948216633e-07
VCT,Saint Vincent and the Grenadines,1981,0.059733408164994,Total GHG,North America,105073.0,5.684943626335404e-07
VCT,Saint Vincent and the Grenadines,1982,0.059961786829741,Total GHG,North America,105969.0,5.658427165467354e-07
VCT,Saint Vincent and the Grenadines,1983,0.061044526479128,Total GHG,North America,106838.0,5.713746651858702e-07
VCT,Saint Vincent and the Grenadines,1984,0.065274055242255,Total GHG,North America,107687.0,6.061461015930892e-07
VCT,Saint Vincent and the Grenadines,1985,0.065807314126008,Total GHG,North America,108506.0,6.064854858349585e-07
VCT,Saint Vincent and the Grenadines,1986,0.063721645539913,Total GHG,North America,109281.0,5.830990340490387e-07
VCT,Saint Vincent and the Grenadines,1987,0.06098855739241,Total GHG,North America,110001.0,5.544363905092681e-07
VCT,Saint Vincent and the Grenadines,1988,0.068332379305389,Total GHG,North America,110658.0,6.175096179705851e-07
VCT,Saint Vincent and the Grenadines,1989,0.077536858064217,Total GHG,North America,111272.0,6.968227232746514e-07
VCT,Saint Vincent and the Grenadines,1990,0.078478996590937,Total GHG,North America,111812.0,7.018834882743982e-07
VCT,Saint Vincent and the Grenadines,1991,0.075986785134062,Total GHG,North America,112222.0,6.771113073556165e-07
VCT,Saint Vincent and the Grenadines,1992,0.082408485924157,Total GHG,North America,112509.0,7.324612779791573e-07
VCT,Saint Vincent and the Grenadines,1993,0.076255605322683,Total GHG,North America,112735.0,6.764146478261675e-07
VCT,Saint Vincent and the Grenadines,1994,0.10018908539166,Total GHG,North America,112918.0,8.872729360390725e-07
VCT,Saint Vincent and the Grenadines,1995,0.10528227302426,Total GHG,North America,113047.0,9.313141704269906e-07
VCT,Saint Vincent and the Grenadines,1996,0.099430971642786,Total GHG,North America,113119.0,8.789944363262228e-07
VCT,Saint Vincent and the Grenadines,1997,0.11022930735114,Total GHG,North America,113141.0,9.742649203307377e-07
VCT,Saint Vincent and the Grenadines,1998,0.11759012499952,Total GHG,North America,113180.0,1.0389655857883017e-06
VCT,Saint Vincent and the Grenadines,1999,0.11846381672429,Total GHG,North America,113366.0,1.0449677745028493e-06
VCT,Saint Vincent and the Grenadines,2000,0.09236459861035,Total GHG,North America,113545.0,8.134624916143379e-07
VCT,Saint Vincent and the Grenadines,2001,0.098925587999478,Total GHG,North America,113501.0,8.715834045469026e-07
VCT,Saint Vincent and the Grenadines,2002,0.10591694782307,Total GHG,North America,113347.0,9.344486208110493e-07
VCT,Saint Vincent and the Grenadines,2003,0.1096063225748,Total GHG,North America,113141.0,9.687586513712977e-07
VCT,Saint Vincent and the Grenadines,2004,0.11439500181445,Total GHG,North America,112835.0,1.0138255134882794e-06
VCT,Saint Vincent and the Grenadines,2005,0.11683705174316,Total GHG,North America,112450.0,1.0390133547635393e-06
VCT,Saint Vincent and the Grenadines,2006,0.12436863248532,Total GHG,North America,112014.0,1.1102954316899672e-06
VCT,Saint Vincent and the Grenadines,2007,0.13059924275831,Total GHG,North America,111531.0,1.1709680963885378e-06
VCT,Saint Vincent and the Grenadines,2008,0.13436840455389,Total GHG,North America,111028.0,1.2102208862078935e-06
VCT,Saint Vincent and the Grenadines,2009,0.17899943799582,Total GHG,North America,110508.0,1.6197871465940927e-06
VCT,Saint Vincent and the Grenadines,2010,0.15153533598806,Total GHG,North America,109959.0,1.378107621823225e-06
VCT,Saint Vincent and the Grenadines,2011,0.1249753257228,Total GHG,North America,109349.0,1.142903233891485e-06
VCT,Saint Vincent and the Grenadines,2012,0.1428065165317,Total GHG,North America,108736.0,1.3133324430887655e-06
VCT,Saint Vincent and the Grenadines,2013,0.13564893847884,Total GHG,North America,108135.0,1.2544406388203633e-06
VCT,Saint Vincent and the Grenadines,2014,0.14531085051658,Total GHG,North America,107535.0,1.3512888874931882e-06
VCT,Saint Vincent and the Grenadines,2015,0.14762491477361,Total GHG,North America,106960.0,1.3801880588407817e-06
VCT,Saint Vincent and the Grenadines,2016,0.15340321190487,Total GHG,North America,106349.0,1.442450910726664e-06
VCT,Saint Vincent and the Grenadines,2017,0.16130377525668,Total GHG,North America,105663.0,1.5265871237488996e-06
VCT,Saint Vincent and the Grenadines,2018,0.16218840291425,Total GHG,North America,104926.0,1.5457408355817432e-06
VCT,Saint Vincent and the Grenadines,2019,0.16883448607133,Total GHG,North America,104167.0,1.6208058797059529e-06
VCT,Saint Vincent and the Grenadines,2020,0.17601624905273,Total GHG,North America,103526.0,1.7002129808234646e-06
VCT,Saint Vincent and the Grenadines,2021,0.16935967754283,Total GHG,North America,102841.0,1.646810878373703e-06
VCT,Saint Vincent and the Grenadines,2022,0.18004950842622,Total GHG,North America,102046.0,1.7643955512829508e-06
VCT,Saint Vincent and the Grenadines,2023,0.18070366581762,Total GHG,North America,101323.0,1.7834417241654906e-06
VCT,Saint Vincent and the Grenadines,2024,0.18523612141905,Total GHG,North America,100616.0,1.841020527739624e-06
VEN,Venezuela,1970,106.79515984001,Total GHG,South America,11387790.0,9.378040852528014e-06
VEN,Venezuela,1971,106.14777889951,Total GHG,South America,11741008.0,9.040772214745957e-06
VEN,Venezuela,1972,105.98043396302,Total GHG,South America,12099180.0,8.759307156602348e-06
VEN,Venezuela,1973,116.06792419435,Total GHG,South America,12463537.0,9.312599159801106e-06
VEN,Venezuela,1974,113.29330467689,Total GHG,South America,12835351.0,8.82666198040786e-06
VEN,Venezuela,1975,106.49982382413,Total GHG,South America,13215892.0,8.058466566171243e-06
VEN,Venezuela,1976,110.18178293022,Total GHG,South America,13606284.0,8.09785999838163e-06
VEN,Venezuela,1977,113.35933675516,Total GHG,South America,14006812.0,8.093157583264487e-06
VEN,Venezuela,1978,119.32595202755,Total GHG,South America,14416684.0,8.276934697850769e-06
VEN,Venezuela,1979,132.07971424463,Total GHG,South America,14834552.0,8.903518909410274e-06
VEN,Venezuela,1980,140.56599312304,Total GHG,South America,15258218.0,9.212477703689906e-06
VEN,Venezuela,1981,141.45957687579,Total GHG,South America,15687297.0,9.017460233958086e-06
VEN,Venezuela,1982,142.85889655566,Total GHG,South America,16121874.0,8.861184286371423e-06
VEN,Venezuela,1983,140.67218548376,Total GHG,South America,16562205.0,8.493566254237283e-06
VEN,Venezuela,1984,145.71206538583,Total GHG,South America,17008841.0,8.566842701735527e-06
VEN,Venezuela,1985,143.89584843436,Total GHG,South America,17461434.0,8.240780707607405e-06
VEN,Venezuela,1986,146.56759998476,Total GHG,South America,17923536.0,8.177381962173089e-06
VEN,Venezuela,1987,152.651482441,Total GHG,South America,18394963.0,8.29854794712009e-06
VEN,Venezuela,1988,151.16314200085,Total GHG,South America,18871020.0,8.010332350919558e-06
VEN,Venezuela,1989,158.24243884695,Total GHG,South America,19348921.0,8.178359860322444e-06
VEN,Venezuela,1990,163.7310316839,Total GHG,South America,19827010.0,8.257978973324773e-06
VEN,Venezuela,1991,168.86381102801,Total GHG,South America,20304896.0,8.316408566092138e-06
VEN,Venezuela,1992,169.85820125466,Total GHG,South America,20780948.0,8.173746513135975e-06
VEN,Venezuela,1993,174.29945893526,Total GHG,South America,21254520.0,8.200583167028002e-06
VEN,Venezuela,1994,188.2661825169,Total GHG,South America,21725188.0,8.665802225366243e-06
VEN,Venezuela,1995,191.07115635997,Total GHG,South America,22193821.0,8.609205073789232e-06
VEN,Venezuela,1996,207.18452908101,Total GHG,South America,22662113.0,9.142330597372364e-06
VEN,Venezuela,1997,212.13226722233,Total GHG,South America,23131685.0,9.170636173816563e-06
VEN,Venezuela,1998,217.31850754309,Total GHG,South America,23601337.0,9.207889686210996e-06
VEN,Venezuela,1999,213.08172165935,Total GHG,South America,24066593.0,8.853838250364312e-06
VEN,Venezuela,2000,222.84678939438,Total GHG,South America,24526708.0,9.08588259763112e-06
VEN,Venezuela,2001,229.0593016287,Total GHG,South America,24979922.0,9.169736463896885e-06
VEN,Venezuela,2002,230.27065558602,Total GHG,South America,25435671.0,9.053059995390725e-06
VEN,Venezuela,2003,225.32101432961,Total GHG,South America,25892703.0,8.702104771742449e-06
VEN,Venezuela,2004,235.96599885497,Total GHG,South America,26340838.0,8.95818116549557e-06
VEN,Venezuela,2005,244.9699320081,Total GHG,South America,26785804.0,9.145513496929193e-06
VEN,Venezuela,2006,247.85925265015,Total GHG,South America,27224686.0,9.104209784096317e-06
VEN,Venezuela,2007,246.78920378327,Total GHG,South America,27649363.0,8.925674120711931e-06
VEN,Venezuela,2008,258.04860213967,Total GHG,South America,28053696.0,9.198381637117262e-06
VEN,Venezuela,2009,256.0193827142,Total GHG,South America,28438298.0,9.002626764590482e-06
VEN,Venezuela,2010,260.96711984591,Total GHG,South America,28813101.0,9.057238228051538e-06
VEN,Venezuela,2011,258.04897084406,Total GHG,South America,29185212.0,8.841771334196922e-06
VEN,Venezuela,2012,284.5547772545,Total GHG,South America,29553826.0,9.628356655226298e-06
VEN,Venezuela,2013,283.65620078494,Total GHG,South America,29912198.0,9.482960790274924e-06
VEN,Venezuela,2014,281.46804076602,Total GHG,South America,30254079.0,9.303474112235246e-06
VEN,Venezuela,2015,262.94895229995,Total GHG,South America,30573972.0,8.600418431074314e-06
VEN,Venezuela,2016,246.14185914792,Total GHG,South America,30765720.0,8.000523282013877e-06
VEN,Venezuela,2017,231.08141662598,Total GHG,South America,30565323.0,7.560247821558438e-06
VEN,Venezuela,2018,210.63567007142,Total GHG,South America,29807592.0,7.0665107758929335e-06
VEN,Venezuela,2019,189.50281735305,Total GHG,South America,28938098.0,6.548558144804472e-06
VEN,Venezuela,2020,141.50348367823,Total GHG,South America,28444077.0,4.97479611232349e-06
VEN,Venezuela,2021,141.32641671664,Total GHG,South America,28237826.0,5.0048618019191705e-06
VEN,Venezuela,2022,160.26066809119,Total GHG,South America,28213017.0,5.680380375171858e-06
VEN,Venezuela,2023,165.31150374865,Total GHG,South America,28300854.0,5.8412196235721375e-06
VEN,Venezuela,2024,167.31843037995,Total GHG,South America,28405543.0,5.890344373277779e-06
VGB,British Virgin Islands,1970,0.015787922193737,Total GHG,North America,9933.0,1.5894414772714186e-06
VGB,British Virgin Islands,1971,0.016325157316808,Total GHG,North America,10095.0,1.6171527802682515e-06
VGB,British Virgin Islands,1972,0.0180913981998,Total GHG,North America,10235.0,1.7676011919687349e-06
VGB,British Virgin Islands,1973,0.018366498293045,Total GHG,North America,10367.0,1.7716309726097231e-06
VGB,British Virgin Islands,1974,0.017909705099712,Total GHG,North America,10494.0,1.7066614350783305e-06
VGB,British Virgin Islands,1975,0.019699085688567,Total GHG,North America,10606.0,1.8573529783676221e-06
VGB,British Virgin Islands,1976,0.019255159414664,Total GHG,North America,10709.0,1.7980352427550656e-06
VGB,British Virgin Islands,1977,0.020269477417998,Total GHG,North America,10800.0,1.8768034646294442e-06
VGB,British Virgin Islands,1978,0.020098336198846,Total GHG,North America,10886.0,1.846255392140915e-06
VGB,British Virgin Islands,1979,0.020092085003441,Total GHG,North America,10965.0,1.8323834932458733e-06
VGB,British Virgin Islands,1980,0.020447788174372,Total GHG,North America,11130.0,1.8371777335464512e-06
VGB,British Virgin Islands,1981,0.025122606928004,Total GHG,North America,11479.0,2.1885710365017858e-06
VGB,British Virgin Islands,1982,0.024021494403902,Total GHG,North America,11921.0,2.01505699219042e-06
VGB,British Virgin Islands,1983,0.023812885238292,Total GHG,North America,12370.0,1.9250513531359742e-06
VGB,British Virgin Islands,1984,0.020548943227476,Total GHG,North America,12820.0,1.6028816870106083e-06
VGB,British Virgin Islands,1985,0.020427612276457,Total GHG,North America,13269.0,1.5394990034258047e-06
VGB,British Virgin Islands,1986,0.016432169555867,Total GHG,North America,13726.0,1.1971564589732626e-06
VGB,British Virgin Islands,1987,0.02715809483512,Total GHG,North America,14194.0,1.9133503476905734e-06
VGB,British Virgin Islands,1988,0.028668835943218,Total GHG,North America,14680.0,1.9529179797832425e-06
VGB,British Virgin Islands,1989,0.029234437608789,Total GHG,North America,15180.0,1.9258522798938737e-06
VGB,British Virgin Islands,1990,0.029068139404493,Total GHG,North America,15704.0,1.8510022544888565e-06
VGB,British Virgin Islands,1991,0.029330566801245,Total GHG,North America,16187.0,1.8119828752236362e-06
VGB,British Virgin Islands,1992,0.029508348291267,Total GHG,North America,16593.0,1.778361254219671e-06
VGB,British Virgin Islands,1993,0.02908937625411,Total GHG,North America,16989.0,1.712247704638884e-06
VGB,British Virgin Islands,1994,0.029585958603887,Total GHG,North America,17406.0,1.6997563256283465e-06
VGB,British Virgin Islands,1995,0.029384695359957,Total GHG,North America,17840.0,1.647124179369787e-06
VGB,British Virgin Islands,1996,0.034972543907351,Total GHG,North America,18287.0,1.9124265274430472e-06
VGB,British Virgin Islands,1997,0.035760352559822,Total GHG,North America,18756.0,1.9066086884102156e-06
VGB,British Virgin Islands,1998,0.036481040946023,Total GHG,North America,19238.0,1.8963011199720867e-06
VGB,British Virgin Islands,1999,0.036880251233268,Total GHG,North America,19730.0,1.8692474015847947e-06
VGB,British Virgin Islands,2000,0.039790270829504,Total GHG,North America,20241.0,1.9658253460552347e-06
VGB,British Virgin Islands,2001,0.040023574199348,Total GHG,North America,20796.0,1.92458040966282e-06
VGB,British Virgin Islands,2002,0.043469633012675,Total GHG,North America,21430.0,2.0284476440818945e-06
VGB,British Virgin Islands,2003,0.047065235768304,Total GHG,North America,22134.0,2.1263773275641097e-06
VGB,British Virgin Islands,2004,0.048183825599343,Total GHG,North America,22881.0,2.105844394884096e-06
VGB,British Virgin Islands,2005,0.050154781000737,Total GHG,North America,23665.0,2.1193653497036552e-06
VGB,British Virgin Islands,2006,0.057968172746606,Total GHG,North America,24493.0,2.3667240740867184e-06
VGB,British Virgin Islands,2007,0.06194500694971,Total GHG,North America,25366.0,2.4420486852365373e-06
VGB,British Virgin Islands,2008,0.068434868061069,Total GHG,North America,26288.0,2.603274043710781e-06
VGB,British Virgin Islands,2009,0.077217367616759,Total GHG,North America,27218.0,2.8369963853611215e-06
VGB,British Virgin Islands,2010,0.084498492412033,Total GHG,North America,27675.0,3.0532427249153748e-06
VGB,British Virgin Islands,2011,0.069472129110273,Total GHG,North America,28710.0,2.4197885444191225e-06
VGB,British Virgin Islands,2012,0.071393497468673,Total GHG,North America,30345.0,2.3527268897239417e-06
VGB,British Virgin Islands,2013,0.079978542164812,Total GHG,North America,31703.0,2.522743657218938e-06
VGB,British Virgin Islands,2014,0.084912492272086,Total GHG,North America,32962.0,2.576072212611067e-06
VGB,British Virgin Islands,2015,0.086599395284719,Total GHG,North America,34498.0,2.5102729226250508e-06
VGB,British Virgin Islands,2016,0.092303465730877,Total GHG,North America,33878.0,2.7245842650356276e-06
VGB,British Virgin Islands,2017,0.082066237058719,Total GHG,North America,32699.0,2.5097476087562007e-06
VGB,British Virgin Islands,2018,0.081414982065609,Total GHG,North America,34657.0,2.3491641534353523e-06
VGB,British Virgin Islands,2019,0.10293718704032,Total GHG,North America,36395.0,2.8283332062184363e-06
VGB,British Virgin Islands,2020,0.1002817834891,Total GHG,North America,37135.0,2.700465423161438e-06
VGB,British Virgin Islands,2021,0.10040000308437,Total GHG,North America,37809.0,2.6554524870895817e-06
VGB,British Virgin Islands,2022,0.10462310135875,Total GHG,North America,38319.0,2.730319198276312e-06
VGB,British Virgin Islands,2023,0.10500230045284,Total GHG,North America,38985.0,2.693402602355778e-06
VGB,British Virgin Islands,2024,0.10829512682119,Total GHG,North America,39471.0,2.7436631152286487e-06
VNM,Viet Nam,1970,62.681676218055,Total GHG,Asia,41475230.0,1.5113038847055218e-06
VNM,Viet Nam,1971,63.092083319264,Total GHG,Asia,42449276.0,1.4862935075562655e-06
VNM,Viet Nam,1972,62.960322441873,Total GHG,Asia,43429168.0,1.4497243521191334e-06
VNM,Viet Nam,1973,66.856425636273,Total GHG,Asia,44409861.0,1.5054410018593168e-06
VNM,Viet Nam,1974,64.75482287276,Total GHG,Asia,45413537.0,1.425892523472902e-06
VNM,Viet Nam,1975,66.22257970159,Total GHG,Asia,46482903.0,1.4246653162258392e-06
VNM,Viet Nam,1976,64.477414797905,Total GHG,Asia,47684931.0,1.352154935442918e-06
VNM,Viet Nam,1977,66.276055346948,Total GHG,Asia,48954872.0,1.353819398137697e-06
VNM,Viet Nam,1978,65.091732039726,Total GHG,Asia,50249552.0,1.2953694003028326e-06
VNM,Viet Nam,1979,67.376275804276,Total GHG,Asia,51378211.0,1.3113783935426636e-06
VNM,Viet Nam,1980,68.709687417927,Total GHG,Asia,52490101.0,1.3090027664059363e-06
VNM,Viet Nam,1981,71.613788750338,Total GHG,Asia,53738141.0,1.3326435827085645e-06
VNM,Viet Nam,1982,76.524244076308,Total GHG,Asia,55011289.0,1.3910643700115443e-06
VNM,Viet Nam,1983,79.344931918177,Total GHG,Asia,56337921.0,1.4083752206294052e-06
VNM,Viet Nam,1984,80.51324966944,Total GHG,Asia,57706067.0,1.3952302392994483e-06
VNM,Viet Nam,1985,82.302545706861,Total GHG,Asia,59060622.0,1.3935265650751358e-06
VNM,Viet Nam,1986,85.62036051384,Total GHG,Asia,60347048.0,1.4187994831800222e-06
VNM,Viet Nam,1987,87.580731708097,Total GHG,Asia,61584651.0,1.422119477596731e-06
VNM,Viet Nam,1988,90.781229944125,Total GHG,Asia,62843228.0,1.4445666276742658e-06
VNM,Viet Nam,1989,90.417005039972,Total GHG,Asia,64147348.0,1.4095205469752545e-06
VNM,Viet Nam,1990,91.895180516248,Total GHG,Asia,65504552.0,1.4028823602403692e-06
VNM,Viet Nam,1991,96.046144367742,Total GHG,Asia,66891775.0,1.4358438592449071e-06
VNM,Viet Nam,1992,100.51932504713,Total GHG,Asia,68260337.0,1.4725875884136053e-06
VNM,Viet Nam,1993,107.6962501562,Total GHG,Asia,69586384.0,1.5476626886690935e-06
VNM,Viet Nam,1994,115.2482512821,Total GHG,Asia,70854391.0,1.6265505871343951e-06
VNM,Viet Nam,1995,123.79547182782,Total GHG,Asia,72049940.0,1.718189797629533e-06
VNM,Viet Nam,1996,132.299396537,Total GHG,Asia,73156447.0,1.8084448051037799e-06
VNM,Viet Nam,1997,139.37209082316,Total GHG,Asia,74226889.0,1.8776496321051524e-06
VNM,Viet Nam,1998,149.67133833066,Total GHG,Asia,75299660.0,1.98767615060493e-06
VNM,Viet Nam,1999,156.12792106858,Total GHG,Asia,76287452.0,2.0465740692005286e-06
VNM,Viet Nam,2000,163.64243033624,Total GHG,Asia,77154011.0,2.1209840968117655e-06
VNM,Viet Nam,2001,168.13075425863,Total GHG,Asia,77969361.0,2.156369529033719e-06
VNM,Viet Nam,2002,182.8944836504,Total GHG,Asia,78772224.0,2.321814395520939e-06
VNM,Viet Nam,2003,191.03922857501,Total GHG,Asia,79563777.0,2.4010829522963694e-06
VNM,Viet Nam,2004,213.41539352208,Total GHG,Asia,80338971.0,2.656436731335282e-06
VNM,Viet Nam,2005,225.20493603289,Total GHG,Asia,81088313.0,2.777279828634368e-06
VNM,Viet Nam,2006,231.43666427557,Total GHG,Asia,82167897.0,2.816631223695186e-06
VNM,Viet Nam,2007,245.1668134278,Total GHG,Asia,83633375.0,2.931447085900814e-06
VNM,Viet Nam,2008,256.19882965482,Total GHG,Asia,85175788.0,3.007883292548112e-06
VNM,Viet Nam,2009,275.68429743224,Total GHG,Asia,86460018.0,3.188575526693043e-06
VNM,Viet Nam,2010,292.74041444963,Total GHG,Asia,87455152.0,3.347320400856773e-06
VNM,Viet Nam,2011,295.64140144123,Total GHG,Asia,88468314.0,3.341777276791214e-06
VNM,Viet Nam,2012,295.46043066396,Total GHG,Asia,89510356.0,3.3008519222508733e-06
VNM,Viet Nam,2013,304.03801192923,Total GHG,Asia,90573104.0,3.356824471083932e-06
VNM,Viet Nam,2014,320.08947278183,Total GHG,Asia,91679578.0,3.4913933916867506e-06
VNM,Viet Nam,2015,343.62626688589,Total GHG,Asia,92823254.0,3.7019416156849015e-06
VNM,Viet Nam,2016,364.37846545909,Total GHG,Asia,94000117.0,3.876361828986766e-06
VNM,Viet Nam,2017,370.39054201213,Total GHG,Asia,95176977.0,3.89159809112376e-06
VNM,Viet Nam,2018,427.73994572407,Total GHG,Asia,96237319.0,4.444636967952838e-06
VNM,Viet Nam,2019,484.71004233454,Total GHG,Asia,97173776.0,4.988074584387252e-06
VNM,Viet Nam,2020,492.95508878219,Total GHG,Asia,98079191.0,5.026092525398073e-06
VNM,Viet Nam,2021,486.77943496699,Total GHG,Asia,98935098.0,4.920189546554955e-06
VNM,Viet Nam,2022,494.47437524804,Total GHG,Asia,99680655.0,4.9605851330736145e-06
VNM,Viet Nam,2023,542.92347455966,Total GHG,Asia,100352192.0,5.410180522610408e-06
VNM,Viet Nam,2024,584.25762297743,Total GHG,Asia,100987686.0,5.785434305103594e-06
VUT,Vanuatu,1970,0.29153517712148,Total GHG,Oceania,86266.0,3.3794910755277866e-06
VUT,Vanuatu,1971,0.31309177949686,Total GHG,Oceania,88862.0,3.5233483322101686e-06
VUT,Vanuatu,1972,0.32083103491736,Total GHG,Oceania,91562.0,3.5039758296821823e-06
VUT,Vanuatu,1973,0.36278941016367,Total GHG,Oceania,94362.0,3.844655795380238e-06
VUT,Vanuatu,1974,0.39771600267821,Total GHG,Oceania,97260.0,4.089204222477997e-06
VUT,Vanuatu,1975,0.38967409390576,Total GHG,Oceania,100269.0,3.886286827491648e-06
VUT,Vanuatu,1976,0.4006086736084,Total GHG,Oceania,103388.0,3.874808233145046e-06
VUT,Vanuatu,1977,0.39586012804667,Total GHG,Oceania,106618.0,3.7128827031708526e-06
VUT,Vanuatu,1978,0.38563848154306,Total GHG,Oceania,109963.0,3.5069839995549414e-06
VUT,Vanuatu,1979,0.38590197424722,Total GHG,Oceania,113040.0,3.41385327536465e-06
VUT,Vanuatu,1980,0.39220774157461,Total GHG,Oceania,115660.0,3.391040477041415e-06
VUT,Vanuatu,1981,0.37530772056264,Total GHG,Oceania,118249.0,3.1738764857431354e-06
VUT,Vanuatu,1982,0.38053747899053,Total GHG,Oceania,121035.0,3.144028413190647e-06
VUT,Vanuatu,1983,0.38661373262449,Total GHG,Oceania,123998.0,3.117902971213165e-06
VUT,Vanuatu,1984,0.37734254417729,Total GHG,Oceania,127109.0,2.9686532360201876e-06
VUT,Vanuatu,1985,0.41180885339252,Total GHG,Oceania,130356.0,3.1591093113667186e-06
VUT,Vanuatu,1986,0.40054046709508,Total GHG,Oceania,133720.0,2.99536693908974e-06
VUT,Vanuatu,1987,0.41208076989099,Total GHG,Oceania,137187.0,3.0037887692783572e-06
VUT,Vanuatu,1988,0.44273593786505,Total GHG,Oceania,140756.0,3.1454143188571004e-06
VUT,Vanuatu,1989,0.43699533717258,Total GHG,Oceania,144393.0,3.0264302090307703e-06
VUT,Vanuatu,1990,0.46956280104421,Total GHG,Oceania,148063.0,3.1713716529059254e-06
VUT,Vanuatu,1991,0.47546638962907,Total GHG,Oceania,151793.0,3.132334097284262e-06
VUT,Vanuatu,1992,0.45599596512991,Total GHG,Oceania,155608.0,2.9304146646053543e-06
VUT,Vanuatu,1993,0.48111140810758,Total GHG,Oceania,159463.0,3.017072349746211e-06
VUT,Vanuatu,1994,0.48783857710087,Total GHG,Oceania,163314.0,2.9871203760906596e-06
VUT,Vanuatu,1995,0.4845592748618,Total GHG,Oceania,167137.0,2.899174179635868e-06
VUT,Vanuatu,1996,0.49036956475427,Total GHG,Oceania,170911.0,2.869151574528673e-06
VUT,Vanuatu,1997,0.49624182804008,Total GHG,Oceania,174626.0,2.841740794842005e-06
VUT,Vanuatu,1998,0.50241836936718,Total GHG,Oceania,178313.0,2.8176205288856113e-06
VUT,Vanuatu,1999,0.51324987655101,Total GHG,Oceania,182048.0,2.81931071229022e-06
VUT,Vanuatu,2000,0.52377197290464,Total GHG,Oceania,186281.0,2.811730519508914e-06
VUT,Vanuatu,2001,0.51392833047838,Total GHG,Oceania,191031.0,2.6902875998051627e-06
VUT,Vanuatu,2002,0.51338724253027,Total GHG,Oceania,195863.0,2.6211547996827886e-06
VUT,Vanuatu,2003,0.54457405160473,Total GHG,Oceania,200746.0,2.7127516942042683e-06
VUT,Vanuatu,2004,0.52647531200492,Total GHG,Oceania,205711.0,2.559295866555119e-06
VUT,Vanuatu,2005,0.5350819220472,Total GHG,Oceania,210760.0,2.5388210383716074e-06
VUT,Vanuatu,2006,0.53463852047307,Total GHG,Oceania,215923.0,2.476061005418923e-06
VUT,Vanuatu,2007,0.66221239817374,Total GHG,Oceania,221276.0,2.992698702858602e-06
VUT,Vanuatu,2008,0.66517090637808,Total GHG,Oceania,226896.0,2.931611427165221e-06
VUT,Vanuatu,2009,0.6475748954314,Total GHG,Oceania,232731.0,2.7825038152691303e-06
VUT,Vanuatu,2010,0.67076647466341,Total GHG,Oceania,238248.0,2.815412824717983e-06
VUT,Vanuatu,2011,0.70522464225899,Total GHG,Oceania,243474.0,2.8965090410433556e-06
VUT,Vanuatu,2012,0.67432785249983,Total GHG,Oceania,248883.0,2.7094170855375016e-06
VUT,Vanuatu,2013,0.67831265382799,Total GHG,Oceania,254482.0,2.6654641736075243e-06
VUT,Vanuatu,2014,0.70485774744635,Total GHG,Oceania,260240.0,2.708491190617699e-06
VUT,Vanuatu,2015,0.63536547214449,Total GHG,Oceania,266101.0,2.387685398192754e-06
VUT,Vanuatu,2016,0.56113568226488,Total GHG,Oceania,272087.0,2.0623391866016384e-06
VUT,Vanuatu,2017,0.52886623150438,Total GHG,Oceania,278507.0,1.8989333535759603e-06
VUT,Vanuatu,2018,0.59500447129693,Total GHG,Oceania,285259.0,2.085839434678415e-06
VUT,Vanuatu,2019,0.58731794401044,Total GHG,Oceania,291985.0,2.0114661506941795e-06
VUT,Vanuatu,2020,0.62265525831704,Total GHG,Oceania,298858.0,2.083448521762978e-06
VUT,Vanuatu,2021,0.66577506999144,Total GHG,Oceania,305868.0,2.176674480466868e-06
VUT,Vanuatu,2022,0.64761368943735,Total GHG,Oceania,313046.0,2.068749287444497e-06
VUT,Vanuatu,2023,0.62263026183974,Total GHG,Oceania,320409.0,1.943235869902968e-06
VUT,Vanuatu,2024,0.63205272100592,Total GHG,Oceania,327777.0,1.9283010125967352e-06
WSM,Samoa,1970,0.15758716110816,Total GHG,Oceania,140400.0,1.1224156774085471e-06
WSM,Samoa,1971,0.15780561256066,Total GHG,Oceania,142503.0,1.1073844940854578e-06
WSM,Samoa,1972,0.16265244952935,Total GHG,Oceania,144538.0,1.1253265544656077e-06
WSM,Samoa,1973,0.17786502552061,Total GHG,Oceania,146516.0,1.213963154335431e-06
WSM,Samoa,1974,0.20148845503324,Total GHG,Oceania,149431.0,1.3483711882624089e-06
WSM,Samoa,1975,0.18891895404458,Total GHG,Oceania,153344.0,1.2319944311129227e-06
WSM,Samoa,1976,0.1898777172614,Total GHG,Oceania,157113.0,1.2085423692590682e-06
WSM,Samoa,1977,0.19504748431437,Total GHG,Oceania,159753.0,1.2209315901070403e-06
WSM,Samoa,1978,0.1968288813698,Total GHG,Oceania,161375.0,1.2196987226633619e-06
WSM,Samoa,1979,0.20668706061556,Total GHG,Oceania,162882.0,1.2689373940371557e-06
WSM,Samoa,1980,0.21773663925597,Total GHG,Oceania,164322.0,1.3250607907399497e-06
WSM,Samoa,1981,0.22128803375473,Total GHG,Oceania,165678.0,1.335651285956675e-06
WSM,Samoa,1982,0.23969514687348,Total GHG,Oceania,166484.0,1.4397488459760697e-06
WSM,Samoa,1983,0.24037359829144,Total GHG,Oceania,166714.0,1.441832109429562e-06
WSM,Samoa,1984,0.25788208260499,Total GHG,Oceania,166796.0,1.5460927276732657e-06
WSM,Samoa,1985,0.25230241960832,Total GHG,Oceania,166849.0,1.5121602143753933e-06
WSM,Samoa,1986,0.23956560511442,Total GHG,Oceania,167061.0,1.4340007848296131e-06
WSM,Samoa,1987,0.26419823665725,Total GHG,Oceania,167661.0,1.5757882671417325e-06
WSM,Samoa,1988,0.26542267479947,Total GHG,Oceania,168346.0,1.5766497261560716e-06
WSM,Samoa,1989,0.28766250347494,Total GHG,Oceania,168768.0,1.7044848755388462e-06
WSM,Samoa,1990,0.29441569805283,Total GHG,Oceania,169042.0,1.7416718806736197e-06
WSM,Samoa,1991,0.29864414984821,Total GHG,Oceania,169368.0,1.7632855666253958e-06
WSM,Samoa,1992,0.29145527586748,Total GHG,Oceania,170331.0,1.7111111651283676e-06
WSM,Samoa,1993,0.31197449342736,Total GHG,Oceania,171774.0,1.8161915856145865e-06
WSM,Samoa,1994,0.31833036621285,Total GHG,Oceania,173159.0,1.8383703198381256e-06
WSM,Samoa,1995,0.30117838445793,Total GHG,Oceania,174571.0,1.7252486636264328e-06
WSM,Samoa,1996,0.3028237841638,Total GHG,Oceania,176071.0,1.7198958611230698e-06
WSM,Samoa,1997,0.30726240705405,Total GHG,Oceania,177547.0,1.7305975716517317e-06
WSM,Samoa,1998,0.31371135892452,Total GHG,Oceania,178905.0,1.7535080569269726e-06
WSM,Samoa,1999,0.31391550711899,Total GHG,Oceania,180275.0,1.741314697650756e-06
WSM,Samoa,2000,0.36078576641003,Total GHG,Oceania,181685.0,1.9857762963922725e-06
WSM,Samoa,2001,0.38935463090183,Total GHG,Oceania,183166.0,2.1256927099015645e-06
WSM,Samoa,2002,0.39683419259237,Total GHG,Oceania,184471.0,2.1512009616274103e-06
WSM,Samoa,2003,0.40594942095488,Total GHG,Oceania,185430.0,2.1892327075170144e-06
WSM,Samoa,2004,0.40434059410901,Total GHG,Oceania,186249.0,2.1709678661845703e-06
WSM,Samoa,2005,0.41191437001749,Total GHG,Oceania,186978.0,2.2030098194305744e-06
WSM,Samoa,2006,0.41279189762606,Total GHG,Oceania,187709.0,2.1991055177218993e-06
WSM,Samoa,2007,0.42544877232542,Total GHG,Oceania,188753.0,2.2539974057388225e-06
WSM,Samoa,2008,0.4291095859613,Total GHG,Oceania,190107.0,2.25720034486526e-06
WSM,Samoa,2009,0.43957875552483,Total GHG,Oceania,191513.0,2.2952946041513108e-06
WSM,Samoa,2010,0.46876046061792,Total GHG,Oceania,193023.0,2.4285212675065667e-06
WSM,Samoa,2011,0.48133088801851,Total GHG,Oceania,194713.0,2.4720018078839624e-06
WSM,Samoa,2012,0.48658328010094,Total GHG,Oceania,196498.0,2.476275993144663e-06
WSM,Samoa,2013,0.50131494962748,Total GHG,Oceania,198268.0,2.528471309679222e-06
WSM,Samoa,2014,0.51000842863202,Total GHG,Oceania,200037.0,2.5495704726226647e-06
WSM,Samoa,2015,0.56582489773963,Total GHG,Oceania,201782.0,2.8041396048192105e-06
WSM,Samoa,2016,0.57209047484847,Total GHG,Oceania,203499.0,2.811269219251544e-06
WSM,Samoa,2017,0.52258522060581,Total GHG,Oceania,205415.0,2.5440460560611934e-06
WSM,Samoa,2018,0.53373978907206,Total GHG,Oceania,207582.0,2.5712238492357717e-06
WSM,Samoa,2019,0.5405521423537,Total GHG,Oceania,209780.0,2.5767572807402993e-06
WSM,Samoa,2020,0.46663958331435,Total GHG,Oceania,211944.0,2.201711694194457e-06
WSM,Samoa,2021,0.52858811175943,Total GHG,Oceania,213779.0,2.4725913759510054e-06
WSM,Samoa,2022,0.5115598408111,Total GHG,Oceania,215261.0,2.376463181027218e-06
WSM,Samoa,2023,0.50795917422605,Total GHG,Oceania,216663.0,2.344466633555568e-06
WSM,Samoa,2024,0.52164779979124,Total GHG,Oceania,218019.0,2.3926712799858727e-06
YEM,Yemen,1970,5.3979403216716,Total GHG,Asia,7065279.0,7.640095064429302e-07
YEM,Yemen,1971,5.694725791926,Total GHG,Asia,7257462.0,7.846718028872904e-07
YEM,Yemen,1972,5.9555562461298,Total GHG,Asia,7460068.0,7.983246595245244e-07
YEM,Yemen,1973,6.2602396159982,Total GHG,Asia,7672796.0,8.159006985195749e-07
YEM,Yemen,1974,6.4838563299653,Total GHG,Asia,7896783.0,8.210756620721754e-07
YEM,Yemen,1975,6.5021080129097,Total GHG,Asia,8133598.0,7.994134960825086e-07
YEM,Yemen,1976,6.8168412931499,Total GHG,Asia,8384113.0,8.130664857630021e-07
YEM,Yemen,1977,6.9385173571394,Total GHG,Asia,8648222.0,8.023056481597489e-07
YEM,Yemen,1978,7.273236579916,Total GHG,Asia,8926586.0,8.147836787676722e-07
YEM,Yemen,1979,7.5512357078441,Total GHG,Asia,9224194.0,8.186336614173661e-07
YEM,Yemen,1980,8.5161746983172,Total GHG,Asia,9543358.0,8.923666803987864e-07
YEM,Yemen,1981,8.6394848138835,Total GHG,Asia,9882362.0,8.742327809772098e-07
YEM,Yemen,1982,9.2236837872119,Total GHG,Asia,10241006.0,9.006618868509501e-07
YEM,Yemen,1983,9.7918626809987,Total GHG,Asia,10621499.0,9.218908443147901e-07
YEM,Yemen,1984,10.009859751669,Total GHG,Asia,11025597.0,9.078746258972643e-07
YEM,Yemen,1985,10.470362438989,Total GHG,Asia,11453825.0,9.141367568466429e-07
YEM,Yemen,1986,11.091877834532,Total GHG,Asia,11901040.0,9.320091214324125e-07
YEM,Yemen,1987,11.998348743595,Total GHG,Asia,12369912.0,9.699623363201776e-07
YEM,Yemen,1988,15.787678110201,Total GHG,Asia,12859708.0,1.2276855827675869e-06
YEM,Yemen,1989,16.585734465827,Total GHG,Asia,13364174.0,1.2410594523707187e-06
YEM,Yemen,1990,17.507109322279,Total GHG,Asia,13887862.0,1.2606050753009355e-06
YEM,Yemen,1991,19.377945097506,Total GHG,Asia,14430201.0,1.3428742328333472e-06
YEM,Yemen,1992,19.945901430705,Total GHG,Asia,14989494.0,1.3306587554393096e-06
YEM,Yemen,1993,20.006554819043,Total GHG,Asia,15563914.0,1.285444960634131e-06
YEM,Yemen,1994,22.593986792086,Total GHG,Asia,16149147.0,1.3990823659036604e-06
YEM,Yemen,1995,23.187427608891,Total GHG,Asia,16740058.0,1.3851461929756157e-06
YEM,Yemen,1996,24.070225375219,Total GHG,Asia,17313177.0,1.3902835611984444e-06
YEM,Yemen,1997,25.735953887716,Total GHG,Asia,17873936.0,1.4398593509407217e-06
YEM,Yemen,1998,26.702536486634,Total GHG,Asia,18446013.0,1.4476047743560627e-06
YEM,Yemen,1999,29.591059540269,Total GHG,Asia,19029420.0,1.5550163662512573e-06
YEM,Yemen,2000,32.433292475644,Total GHG,Asia,19624141.0,1.6527241867883034e-06
YEM,Yemen,2001,33.409807914473,Total GHG,Asia,20226147.0,1.6518127705920955e-06
YEM,Yemen,2002,33.739102417061,Total GHG,Asia,20835086.0,1.6193406841258537e-06
YEM,Yemen,2003,38.946305314198,Total GHG,Asia,21456379.0,1.8151387666203138e-06
YEM,Yemen,2004,39.921691456615,Total GHG,Asia,22095167.0,1.8068065046358328e-06
YEM,Yemen,2005,44.197397526718,Total GHG,Asia,22790085.0,1.939325699167774e-06
YEM,Yemen,2006,48.728334991531,Total GHG,Asia,23543083.0,2.0697516545106264e-06
YEM,Yemen,2007,50.956930927988,Total GHG,Asia,24318082.0,2.095433798109078e-06
YEM,Yemen,2008,50.253029420743,Total GHG,Asia,25111941.0,2.001160699634608e-06
YEM,Yemen,2009,53.511103463726,Total GHG,Asia,25927724.0,2.06385656773136e-06
YEM,Yemen,2010,53.020240545527,Total GHG,Asia,26754387.0,1.9817400617523774e-06
YEM,Yemen,2011,47.410225490711,Total GHG,Asia,27582897.0,1.718826905335977e-06
YEM,Yemen,2012,44.506902128024,Total GHG,Asia,28433647.0,1.5652899583378805e-06
YEM,Yemen,2013,52.941210452189,Total GHG,Asia,29312952.0,1.8060688821852196e-06
YEM,Yemen,2014,51.661282202231,Total GHG,Asia,30226309.0,1.7091495426130594e-06
YEM,Yemen,2015,31.475371871207,Total GHG,Asia,31159379.0,1.0101411800025603e-06
YEM,Yemen,2016,27.208253794057,Total GHG,Asia,32109010.0,8.473713077437455e-07
YEM,Yemen,2017,28.29203060665,Total GHG,Asia,33090921.0,8.549786392059017e-07
YEM,Yemen,2018,31.816446442053,Total GHG,Asia,34085182.0,9.334392417811646e-07
YEM,Yemen,2019,33.705398483042,Total GHG,Asia,35111408.0,9.59955763751827e-07
YEM,Yemen,2020,33.051043834226,Total GHG,Asia,36134863.0,9.14658063992826e-07
YEM,Yemen,2021,33.603292293099,Total GHG,Asia,37140230.0,9.04768018213646e-07
YEM,Yemen,2022,33.562910785366,Total GHG,Asia,38222876.0,8.780843907550546e-07
YEM,Yemen,2023,32.365880743118,Total GHG,Asia,39390799.0,8.216609351619905e-07
YEM,Yemen,2024,32.902757150808,Total GHG,Asia,40583164.0,8.107489389148663e-07
ZAF,South Africa,1970,241.15176158759,Total GHG,Africa,22279984.0,1.0823695456315857e-05
ZAF,South Africa,1971,240.65738289677,Total GHG,Africa,22942143.0,1.0489751672141962e-05
ZAF,South Africa,1972,247.95739643137,Total GHG,Africa,23609456.0,1.0502461235505385e-05
ZAF,South Africa,1973,267.03923599485,Total GHG,Africa,24294263.0,1.0991864046044534e-05
ZAF,South Africa,1974,276.11848314931,Total GHG,Africa,24989108.0,1.1049553395395706e-05
ZAF,South Africa,1975,294.32194023268,Total GHG,Africa,25690940.0,1.145625423720113e-05
ZAF,South Africa,1976,310.34425631587,Total GHG,Africa,26395450.0,1.1757490640086454e-05
ZAF,South Africa,1977,312.57877230165,Total GHG,Africa,27118952.0,1.1526211348493483e-05
ZAF,South Africa,1978,292.17942362119,Total GHG,Africa,27869507.0,1.0483838972149382e-05
ZAF,South Africa,1979,302.03104572642,Total GHG,Africa,28634162.0,1.0547926833913282e-05
ZAF,South Africa,1980,317.6927418703,Total GHG,Africa,29518857.0,1.0762365963909103e-05
ZAF,South Africa,1981,334.21932561049,Total GHG,Africa,30541044.0,1.0943284244326749e-05
ZAF,South Africa,1982,343.35568768946,Total GHG,Africa,31615339.0,1.0860414550337733e-05
ZAF,South Africa,1983,346.73139067419,Total GHG,Africa,32739304.0,1.0590676902422544e-05
ZAF,South Africa,1984,367.78714279326,Total GHG,Africa,33892788.0,1.085148683528956e-05
ZAF,South Africa,1985,373.26882338591,Total GHG,Africa,35042093.0,1.0652012806024743e-05
ZAF,South Africa,1986,371.32791991013,Total GHG,Africa,36180515.0,1.0263201613081793e-05
ZAF,South Africa,1987,388.39796356189,Total GHG,Africa,37326190.0,1.0405507863564162e-05
ZAF,South Africa,1988,394.1299377402,Total GHG,Africa,38480649.0,1.02422892540144e-05
ZAF,South Africa,1989,392.91511442023,Total GHG,Africa,39628575.0,9.914944315313635e-06
ZAF,South Africa,1990,407.09310742207,Total GHG,Africa,40746268.0,9.990929903618902e-06
ZAF,South Africa,1991,399.47872286045,Total GHG,Africa,41687898.0,9.582606512337224e-06
ZAF,South Africa,1992,393.46992900142,Total GHG,Africa,42443509.0,9.270438243016618e-06
ZAF,South Africa,1993,397.68795302699,Total GHG,Africa,43297156.0,9.185082572790462e-06
ZAF,South Africa,1994,404.46298138933,Total GHG,Africa,44004139.0,9.191475860698696e-06
ZAF,South Africa,1995,423.26435876323,Total GHG,Africa,44541554.0,9.502685037958711e-06
ZAF,South Africa,1996,437.45844773924,Total GHG,Africa,45123018.0,9.694795852069114e-06
ZAF,South Africa,1997,456.82189193316,Total GHG,Africa,45666838.0,1.0003361562566691e-05
ZAF,South Africa,1998,464.12943618853,Total GHG,Africa,46223880.0,1.004090171981517e-05
ZAF,South Africa,1999,446.83718028348,Total GHG,Africa,46730335.0,9.562036743016715e-06
ZAF,South Africa,2000,449.68127648261,Total GHG,Africa,47159719.0,9.53528320392685e-06
ZAF,South Africa,2001,461.08605885154,Total GHG,Africa,47566800.0,9.693442881411825e-06
ZAF,South Africa,2002,475.91070520042,Total GHG,Africa,48019415.0,9.910797647168754e-06
ZAF,South Africa,2003,502.8079804007,Total GHG,Africa,48500348.0,1.0367100467004896e-05
ZAF,South Africa,2004,537.00157678595,Total GHG,Africa,48991421.0,1.0961134946176596e-05
ZAF,South Africa,2005,549.40256057746,Total GHG,Africa,49490033.0,1.1101276909180077e-05
ZAF,South Africa,2006,553.5642191437,Total GHG,Africa,49998277.0,1.1071665912481345e-05
ZAF,South Africa,2007,575.59944310494,Total GHG,Africa,50528584.0,1.1391560925296066e-05
ZAF,South Africa,2008,604.93797972966,Total GHG,Africa,51114599.0,1.1834935450235266e-05
ZAF,South Africa,2009,573.05246483769,Total GHG,Africa,51728516.0,1.1078076642246802e-05
ZAF,South Africa,2010,581.50665009309,Total GHG,Africa,52344051.0,1.1109316894351375e-05
ZAF,South Africa,2011,561.31659269451,Total GHG,Africa,52995205.0,1.0591837368956492e-05
ZAF,South Africa,2012,582.71166931027,Total GHG,Africa,53782567.0,1.0834582687551341e-05
ZAF,South Africa,2013,597.176312198,Total GHG,Africa,54678791.0,1.0921534680567461e-05
ZAF,South Africa,2014,610.89302245593,Total GHG,Africa,55594838.0,1.0988304749731081e-05
ZAF,South Africa,2015,584.94993716962,Total GHG,Africa,56723537.0,1.0312296589855107e-05
ZAF,South Africa,2016,582.20418191814,Total GHG,Africa,57259551.0,1.0167809068536704e-05
ZAF,South Africa,2017,599.07159712591,Total GHG,Africa,57635162.0,1.0394203405308551e-05
ZAF,South Africa,2018,600.39290237711,Total GHG,Africa,58613001.0,1.0243340080421918e-05
ZAF,South Africa,2019,604.70192096562,Total GHG,Africa,59587885.0,1.014806820154164e-05
ZAF,South Africa,2020,576.99902148253,Total GHG,Africa,60562381.0,9.527350344474237e-06
ZAF,South Africa,2021,575.42920605833,Total GHG,Africa,61502603.0,9.356176454162923e-06
ZAF,South Africa,2022,556.07994103405,Total GHG,Africa,62378410.0,8.91462191861014e-06
ZAF,South Africa,2023,555.4452876161,Total GHG,Africa,63212384.0,8.78696945864437e-06
ZAF,South Africa,2024,569.80960950652,Total GHG,Africa,64007187.0,8.902275450825859e-06
ZMB,Zambia,1970,10.080342851144,Total GHG,Africa,4321718.0,2.3324851022542425e-06
ZMB,Zambia,1971,10.336433651184,Total GHG,Africa,4442525.0,2.3267024161223628e-06
ZMB,Zambia,1972,10.917495866703,Total GHG,Africa,4569309.0,2.389310039374225e-06
ZMB,Zambia,1973,11.377298463528,Total GHG,Africa,4702693.0,2.4193155843955793e-06
ZMB,Zambia,1974,11.594183826611,Total GHG,Africa,4842746.0,2.3941342012591615e-06
ZMB,Zambia,1975,11.884873346364,Total GHG,Africa,4990086.0,2.381697098279268e-06
ZMB,Zambia,1976,12.313368486247,Total GHG,Africa,5143842.0,2.3938076803772356e-06
ZMB,Zambia,1977,12.059703168512,Total GHG,Africa,5302480.0,2.27435146733453e-06
ZMB,Zambia,1978,11.876726729171,Total GHG,Africa,5465374.0,2.1730858179460364e-06
ZMB,Zambia,1979,11.678516052427,Total GHG,Africa,5631728.0,2.0737003016528852e-06
ZMB,Zambia,1980,11.73716165905,Total GHG,Africa,5802833.0,2.022660596824e-06
ZMB,Zambia,1981,11.709173634842,Total GHG,Africa,5983289.0,1.956979453080404e-06
ZMB,Zambia,1982,14.493458482822,Total GHG,Africa,6178637.0,2.3457371719397014e-06
ZMB,Zambia,1983,14.443223238061,Total GHG,Africa,6381038.0,2.2634598380484492e-06
ZMB,Zambia,1984,13.080519779076,Total GHG,Africa,6580490.0,1.987772913426812e-06
ZMB,Zambia,1985,14.579840027834,Total GHG,Africa,6780953.0,2.1501166617485774e-06
ZMB,Zambia,1986,15.18509840359,Total GHG,Africa,6986471.0,2.17350052746086e-06
ZMB,Zambia,1987,14.641110019581,Total GHG,Africa,7191282.0,2.0359527021163957e-06
ZMB,Zambia,1988,14.922709344504,Total GHG,Africa,7391440.0,2.018917740589655e-06
ZMB,Zambia,1989,15.800568253047,Total GHG,Africa,7589216.0,2.0819763534266253e-06
ZMB,Zambia,1990,15.864135190654,Total GHG,Africa,7786169.0,2.0374763494927996e-06
ZMB,Zambia,1991,14.815694397571,Total GHG,Africa,7981650.0,1.8562195031817983e-06
ZMB,Zambia,1992,15.380989442333,Total GHG,Africa,8176680.0,1.8810800278759838e-06
ZMB,Zambia,1993,14.924500267982,Total GHG,Africa,8373921.0,1.7822595016100581e-06
ZMB,Zambia,1994,14.382822354391,Total GHG,Africa,8576269.0,1.6770488838900692e-06
ZMB,Zambia,1995,14.020219599048,Total GHG,Africa,8785763.0,1.5957885045439991e-06
ZMB,Zambia,1996,13.659531692339,Total GHG,Africa,9004053.0,1.5170425687564255e-06
ZMB,Zambia,1997,13.272473944786,Total GHG,Africa,9237063.0,1.4368716490063997e-06
ZMB,Zambia,1998,14.850214195017,Total GHG,Africa,9482408.0,1.5660804929525285e-06
ZMB,Zambia,1999,14.532719195238,Total GHG,Africa,9740005.0,1.4920648598474027e-06
ZMB,Zambia,2000,14.009993641603,Total GHG,Africa,10017631.0,1.3985336095532966e-06
ZMB,Zambia,2001,15.178592786469,Total GHG,Africa,10325185.0,1.4700552858344912e-06
ZMB,Zambia,2002,14.456214215236,Total GHG,Africa,10647949.0,1.3576524657693234e-06
ZMB,Zambia,2003,15.011101322984,Total GHG,Africa,10983595.0,1.3666837973344793e-06
ZMB,Zambia,2004,15.273185438458,Total GHG,Africa,11338198.0,1.3470558053808905e-06
ZMB,Zambia,2005,16.293509767048,Total GHG,Africa,11718819.0,1.3903713136151349e-06
ZMB,Zambia,2006,16.294637093277,Total GHG,Africa,12129553.0,1.3433831480250756e-06
ZMB,Zambia,2007,15.76817826618,Total GHG,Africa,12565085.0,1.2549201430933415e-06
ZMB,Zambia,2008,16.70262452179,Total GHG,Africa,13021324.0,1.2827132265344138e-06
ZMB,Zambia,2009,18.262530933163,Total GHG,Africa,13490389.0,1.3537438344559966e-06
ZMB,Zambia,2010,19.940939233059,Total GHG,Africa,13965594.0,1.4278618749090803e-06
ZMB,Zambia,2011,19.778905415259,Total GHG,Africa,14437796.0,1.3699393879272847e-06
ZMB,Zambia,2012,23.269153113668,Total GHG,Africa,14913629.0,1.560260960874647e-06
ZMB,Zambia,2013,24.553695829287,Total GHG,Africa,15398997.0,1.5944996826278361e-06
ZMB,Zambia,2014,25.548037791706,Total GHG,Africa,15895315.0,1.6072684178769658e-06
ZMB,Zambia,2015,26.210874570434,Total GHG,Africa,16399089.0,1.5983128435020994e-06
ZMB,Zambia,2016,27.061094815467,Total GHG,Africa,16914423.0,1.599882822811455e-06
ZMB,Zambia,2017,29.284646693783,Total GHG,Africa,17441320.0,1.6790384382479651e-06
ZMB,Zambia,2018,30.964710217615,Total GHG,Africa,17973569.0,1.7227914065155896e-06
ZMB,Zambia,2019,32.391217215242,Total GHG,Africa,18513839.0,1.7495678349175448e-06
ZMB,Zambia,2020,33.012913839822,Total GHG,Africa,19059395.0,1.732107123013191e-06
ZMB,Zambia,2021,34.149269234358,Total GHG,Africa,19603607.0,1.741989075498096e-06
ZMB,Zambia,2022,37.109063724268,Total GHG,Africa,20152938.0,1.8413723956411713e-06
ZMB,Zambia,2023,37.492002607558,Total GHG,Africa,20723965.0,1.8091133915521475e-06
ZMB,Zambia,2024,38.519002327815,Total GHG,Africa,21314956.0,1.8071349679452777e-06
ZWE,Zimbabwe,1970,21.721105527346,Total GHG,Africa,5215918.0,4.164387846462694e-06
ZWE,Zimbabwe,1971,22.315693730475,Total GHG,Africa,5374712.0,4.1519794419635886e-06
ZWE,Zimbabwe,1972,21.957953063537,Total GHG,Africa,5542445.0,3.9617809583202e-06
ZWE,Zimbabwe,1973,23.568292006374,Total GHG,Africa,5720404.0,4.120039774528862e-06
ZWE,Zimbabwe,1974,23.654305356322,Total GHG,Africa,5908328.0,4.003553180582052e-06
ZWE,Zimbabwe,1975,22.965762511363,Total GHG,Africa,6098658.0,3.7657075558857375e-06
ZWE,Zimbabwe,1976,24.095016900845,Total GHG,Africa,6287105.0,3.832450213706468e-06
ZWE,Zimbabwe,1977,23.302582883964,Total GHG,Africa,6449512.0,3.61307690937919e-06
ZWE,Zimbabwe,1978,22.279352005627,Total GHG,Africa,6543575.0,3.404767578216342e-06
ZWE,Zimbabwe,1979,21.655308026599,Total GHG,Africa,6647556.0,3.2576345391598055e-06
ZWE,Zimbabwe,1980,21.935751602921,Total GHG,Africa,7041303.0,3.115297211740639e-06
ZWE,Zimbabwe,1981,21.856155552586,Total GHG,Africa,7498635.0,2.9146845462655536e-06
ZWE,Zimbabwe,1982,22.256224032951,Total GHG,Africa,7796496.0,2.8546444496285255e-06
ZWE,Zimbabwe,1983,22.13904531569,Total GHG,Africa,8098404.0,2.7337541218850036e-06
ZWE,Zimbabwe,1984,22.706976483054,Total GHG,Africa,8391488.0,2.7059535189770874e-06
ZWE,Zimbabwe,1985,24.865086923107,Total GHG,Africa,8686813.0,2.862394634615365e-06
ZWE,Zimbabwe,1986,27.160922304998,Total GHG,Africa,8982578.0,3.0237335322886147e-06
ZWE,Zimbabwe,1987,31.12710190394,Total GHG,Africa,9284644.0,3.3525358542492313e-06
ZWE,Zimbabwe,1988,30.80800116481,Total GHG,Africa,9583094.0,3.2148282344731253e-06
ZWE,Zimbabwe,1989,31.195394210007,Total GHG,Africa,9864798.0,3.162294272017227e-06
ZWE,Zimbabwe,1990,34.44416200549,Total GHG,Africa,10137281.0,3.397771256956377e-06
ZWE,Zimbabwe,1991,34.336939818619,Total GHG,Africa,10404816.0,3.300100628268583e-06
ZWE,Zimbabwe,1992,35.259165299369,Total GHG,Africa,10702700.0,3.2944177917132128e-06
ZWE,Zimbabwe,1993,30.776872138951,Total GHG,Africa,10860288.0,2.8338909740654208e-06
ZWE,Zimbabwe,1994,29.87513322389,Total GHG,Africa,10873148.0,2.7476066015003198e-06
ZWE,Zimbabwe,1995,29.75366926764,Total GHG,Africa,10974599.0,2.711139538459674e-06
ZWE,Zimbabwe,1996,31.258613855727,Total GHG,Africa,11158360.0,2.8013627321333064e-06
ZWE,Zimbabwe,1997,30.190869189323,Total GHG,Africa,11369827.0,2.6553499177536297e-06
ZWE,Zimbabwe,1998,31.100080121642,Total GHG,Africa,11594297.0,2.682360139786138e-06
ZWE,Zimbabwe,1999,34.40466904642,Total GHG,Africa,11783458.0,2.9197430029809583e-06
ZWE,Zimbabwe,2000,31.243551021075,Total GHG,Africa,11892055.0,2.6272625732957842e-06
ZWE,Zimbabwe,2001,31.405986000587,Total GHG,Africa,11971901.0,2.6233081947960477e-06
ZWE,Zimbabwe,2002,28.688619027616,Total GHG,Africa,12087653.0,2.3733820806748835e-06
ZWE,Zimbabwe,2003,25.436690638211,Total GHG,Africa,12232323.0,2.0794652526924773e-06
ZWE,Zimbabwe,2004,24.607813816175,Total GHG,Africa,12365896.0,1.9899741851439637e-06
ZWE,Zimbabwe,2005,25.897753767114,Total GHG,Africa,12483432.0,2.0745700194557073e-06
ZWE,Zimbabwe,2006,24.815709636112,Total GHG,Africa,12636445.0,1.9638204919272788e-06
ZWE,Zimbabwe,2007,24.839835483427,Total GHG,Africa,12804058.0,1.939997107434768e-06
ZWE,Zimbabwe,2008,22.233171862533,Total GHG,Africa,12959149.0,1.715635175005164e-06
ZWE,Zimbabwe,2009,22.813898937616,Total GHG,Africa,13142790.0,1.735849004482001e-06
ZWE,Zimbabwe,2010,25.989584028972,Total GHG,Africa,13356548.0,1.9458309159651132e-06
ZWE,Zimbabwe,2011,32.486988558357,Total GHG,Africa,13595424.0,2.389553173064481e-06
ZWE,Zimbabwe,2012,29.533546082587,Total GHG,Africa,13817887.0,2.137341699392027e-06
ZWE,Zimbabwe,2013,29.659601373737,Total GHG,Africa,14013808.0,2.1164555254172886e-06
ZWE,Zimbabwe,2014,27.409792730326,Total GHG,Africa,14207359.0,1.9292672713011616e-06
ZWE,Zimbabwe,2015,28.469445122311,Total GHG,Africa,14399013.0,1.977180319394878e-06
ZWE,Zimbabwe,2016,26.592808877788,Total GHG,Africa,14600294.0,1.8213885883248652e-06
ZWE,Zimbabwe,2017,26.051406086188,Total GHG,Africa,14812482.0,1.758746851890723e-06
ZWE,Zimbabwe,2018,28.031080455832,Total GHG,Africa,15034452.0,1.864456413564791e-06
ZWE,Zimbabwe,2019,26.469485062139,Total GHG,Africa,15271368.0,1.7332753072376358e-06
ZWE,Zimbabwe,2020,24.793786060678,Total GHG,Africa,15526888.0,1.5968290658551797e-06
ZWE,Zimbabwe,2021,27.149709492206,Total GHG,Africa,15797210.0,1.7186395250937348e-06
ZWE,Zimbabwe,2022,28.025626825529,Total GHG,Africa,16069056.0,1.7440742521233978e-06
ZWE,Zimbabwe,2023,30.124984826137,Total GHG,Africa,16340822.0,1.8435415810867408e-06
ZWE,Zimbabwe,2024,30.784272445925,Total GHG,Africa,16634373.0,1.8506421880719521e-06