iso_code,Name,year,emissions,gas
ABW,Aruba,1970,0.03696955952074,Total GHG
AFG,Afghanistan,1970,15.299964082877,Total GHG
AGO,Angola,1970,18.834350180053,Total GHG
AIA,Anguilla,1970,0.0033975206072446,Total GHG
ALB,Albania,1970,8.2309013782583,Total GHG
ANT,Curaçao,1970,15.07502611497,Total GHG
ARE,United Arab Emirates,1970,29.772724712117,Total GHG
ARG,Argentina,1970,219.21390453776,Total GHG
ARM,Armenia,1970,12.65996279803,Total GHG
ATG,Antigua and Barbuda,1970,0.15870698345692,Total GHG
AUS,Australia,1970,315.67047762393,Total GHG
AUT,Austria,1970,71.600929431814,Total GHG
AZE,Azerbaijan,1970,32.540808660027,Total GHG
BDI,Burundi,1970,2.1208085974765,Total GHG
BEL,Belgium,1970,167.27001402758,Total GHG
BEN,Benin,1970,2.5175710856722,Total GHG
BFA,Burkina Faso,1970,6.3086482245265,Total GHG
BGD,Bangladesh,1970,51.004771408105,Total GHG
BGR,Bulgaria,1970,89.319116437517,Total GHG
BHR,Bahrain,1970,18.659700115292,Total GHG
BHS,Bahamas,1970,1.5597417919067,Total GHG
BIH,Bosnia and Herzegovina,1970,16.133522654711,Total GHG
BLR,Belarus,1970,94.138294928958,Total GHG
BLZ,Belize,1970,0.24145996175844,Total GHG
BMU,Bermuda,1970,0.16078634542961,Total GHG
BOL,Bolivia,1970,26.788216341566,Total GHG
BRA,Brazil,1970,336.3371151625,Total GHG
BRB,Barbados,1970,0.60528100168508,Total GHG
BRN,Brunei,1970,2.7141917560586,Total GHG
BTN,Bhutan,1970,0.53398416048459,Total GHG
BWA,Botswana,1970,3.4085559787568,Total GHG
CAF,Central African Republic,1970,1.5719649547902,Total GHG
CAN,Canada,1970,473.65057119626,Total GHG
CHE,Switzerland and Liechtenstein,1970,50.602874934767,Total GHG
CHL,Chile,1970,48.907857702215,Total GHG
CHN,China,1970,1714.4214043698,Total GHG
CIV,Côte d’Ivoire,1970,6.0352941826268,Total GHG
CMR,Cameroon,1970,7.7396761905927,Total GHG
COD,Democratic Republic of the Congo,1970,9.7211690362357,Total GHG
COG,Congo,1970,2.4693030156544,Total GHG
COK,Cook Islands,1970,0.027527577486815,Total GHG
COL,Colombia,1970,82.171727182545,Total GHG
COM,Comoros,1970,0.19372576370256,Total GHG
CPV,Cabo Verde,1970,0.22829343008487,Total GHG
CRI,Costa Rica,1970,5.9664372282425,Total GHG
CUB,Cuba,1970,42.484450761779,Total GHG
CYM,Cayman Islands,1970,0.036091552068827,Total GHG
CYP,Cyprus,1970,2.9681034088726,Total GHG
CZE,Czechia,1970,220.09436463309,Total GHG
DEU,Germany,1970,1325.3148454735,Total GHG
DJI,Djibouti,1970,0.98260560152142,Total GHG
DMA,Dominica,1970,0.032204862123168,Total GHG
DNK,Denmark,1970,80.295834677888,Total GHG
DOM,Dominican Republic,1970,8.6468956460242,Total GHG
DZA,Algeria,1970,56.304942147123,Total GHG
ECU,Ecuador,1970,12.426988006473,Total GHG
EGY,Egypt,1970,59.15851668854,Total GHG
ERI,Eritrea,1970,4.1060279159802,Total GHG
ESH,Western Sahara,1970,0.22217703694347,Total GHG
ESP,Spain and Andorra,1970,188.71975815621,Total GHG
EST,Estonia,1970,26.16228101646,Total GHG
ETH,Ethiopia,1970,55.658078670685,Total GHG
FIN,Finland,1970,58.243254971867,Total GHG
FJI,Fiji,1970,1.3631203257324,Total GHG
FLK,Falkland Islands,1970,0.15574633778749,Total GHG
FRA,France and Monaco,1970,634.00247388345,Total GHG
FRO,Faroes,1970,0.08792297047779,Total GHG
GAB,Gabon,1970,6.8307314180439,Total GHG
GBR,United Kingdom,1970,869.87157926265,Total GHG
GEO,Georgia,1970,29.390795381659,Total GHG
GHA,Ghana,1970,6.8451526178007,Total GHG
GIB,Gibraltar,1970,0.081467146652152,Total GHG
GIN,Guinea,1970,4.3246503553354,Total GHG
GLP,Guadeloupe,1970,0.4127711637603,Total GHG
GMB,The Gambia,1970,0.60523376505665,Total GHG
GNB,Guinea-Bissau,1970,0.67309763584168,Total GHG
GNQ,Equatorial Guinea,1970,0.12512401265672,Total GHG
GRC,Greece,1970,44.557516902191,Total GHG
GRD,Grenada,1970,0.052309980986094,Total GHG
GRL,Greenland,1970,0.056463308049773,Total GHG
GTM,Guatemala,1970,8.3487949492714,Total GHG
GUF,French Guiana,1970,0.11103931063436,Total GHG
GUY,Guyana,1970,3.018331031453,Total GHG
HKG,Hong Kong,1970,11.596020955146,Total GHG
HND,Honduras,1970,5.2784774855497,Total GHG
HRV,Croatia,1970,22.739102667169,Total GHG
HTI,Haiti,1970,6.1017244909547,Total GHG
HUN,Hungary,1970,91.02587972841,Total GHG
IDN,Indonesia,1970,135.0523230879,Total GHG
IND,India,1970,733.244111858,Total GHG
IRL,Ireland,1970,41.315307317162,Total GHG
IRN,Iran,1970,218.54579513404,Total GHG
IRQ,Iraq,1970,103.52089916875,Total GHG
ISL,Iceland,1970,3.236833271707,Total GHG
ISR,"Israel and Palestine, State of",1970,72.747694337614,Total GHG
ITA,"Italy, San Marino and the Holy See",1970,386.42014666518,Total GHG
JAM,Jamaica,1970,9.2386752120377,Total GHG
JOR,Jordan,1970,3.5652786405694,Total GHG
JPN,Japan,1970,979.60992533582,Total GHG
KAZ,Kazakhstan,1970,262.37854121782,Total GHG
KEN,Kenya,1970,22.934529615747,Total GHG
KGZ,Kyrgyzstan,1970,22.988496206886,Total GHG
KHM,Cambodia,1970,16.429842455472,Total GHG
KIR,Kiribati,1970,0.027760630733053,Total GHG
KNA,Saint Kitts and Nevis,1970,0.058477473070853,Total GHG
KOR,South Korea,1970,91.155740750769,Total GHG
KWT,Kuwait,1970,80.652103774788,Total GHG
LAO,Laos,1970,4.7319954224563,Total GHG
LBN,Lebanon,1970,6.7265533740455,Total GHG
LBR,Liberia,1970,1.6126664921563,Total GHG
LBY,Libya,1970,137.62433262187,Total GHG
LCA,Saint Lucia,1970,0.078324591897006,Total GHG
LKA,Sri Lanka,1970,9.8760931456569,Total GHG
LSO,Lesotho,1970,1.9077167036177,Total GHG
LTU,Lithuania,1970,31.430968422945,Total GHG
LUX,Luxembourg,1970,20.518248363971,Total GHG
LVA,Latvia,1970,17.71243529954,Total GHG
MAC,Macao,1970,0.33270376786257,Total GHG
MAR,Morocco,1970,22.248703874345,Total GHG
MDA,Moldova,1970,23.411819649756,Total GHG
MDG,Madagascar,1970,18.296905076796,Total GHG
MDV,Maldives,1970,0.021049943954289,Total GHG
MEX,Mexico,1970,205.38908415899,Total GHG
MKD,North Macedonia,1970,12.345263748647,Total GHG
MLI,Mali,1970,10.868484539695,Total GHG
MLT,Malta,1970,0.81517482521942,Total GHG
MMR,Myanmar/Burma,1970,50.250306932848,Total GHG
MNG,Mongolia,1970,19.948293946194,Total GHG
MOZ,Mozambique,1970,9.2480078742225,Total GHG
MRT,Mauritania,1970,5.6456595444317,Total GHG
MTQ,Martinique,1970,0.36314400466301,Total GHG
MUS,Mauritius,1970,0.82272670855445,Total GHG
MWI,Malawi,1970,2.2956794531736,Total GHG
MYS,Malaysia,1970,36.937939113963,Total GHG
NAM,Namibia,1970,6.4684984235399,Total GHG
NCL,New Caledonia,1970,1.3809464431432,Total GHG
NER,Niger,1970,11.021872126183,Total GHG
NGA,Nigeria,1970,172.3707977929,Total GHG
NIC,Nicaragua,1970,7.907999730996,Total GHG
NLD,Netherlands,1970,179.5283220386,Total GHG
NOR,Norway,1970,55.057603641366,Total GHG
NPL,Nepal,1970,15.683659597751,Total GHG
NZL,New Zealand,1970,58.171250695226,Total GHG
OMN,Oman,1970,14.847432225969,Total GHG
PAK,Pakistan,1970,84.222458105233,Total GHG
PAN,Panama,1970,5.8577236769321,Total GHG
PER,Peru,1970,36.787463338802,Total GHG
PHL,Philippines,1970,66.033248826777,Total GHG
PLW,Palau,1970,2.1663474132485,Total GHG
PNG,Papua New Guinea,1970,2.7629967531146,Total GHG
POL,Poland,1970,484.91295341237,Total GHG
PRI,Puerto Rico,1970,31.449137129525,Total GHG
PRK,North Korea,1970,94.807451835809,Total GHG
PRT,Portugal,1970,29.625411324154,Total GHG
PRY,Paraguay,1970,10.348619969109,Total GHG
PYF,French Polynesia,1970,0.19158969242368,Total GHG
QAT,Qatar,1970,23.54860111338,Total GHG
REU,Réunion,1970,0.51529002353653,Total GHG
ROU,Romania,1970,172.29624686241,Total GHG
RUS,Russia,1970,1707.6312492448,Total GHG
RWA,Rwanda,1970,4.3514290774833,Total GHG
SAU,Saudi Arabia,1970,85.368044115217,Total GHG
SCG,Serbia and Montenegro,1970,46.168794821457,Total GHG
SDN,Sudan and South Sudan,1970,38.823763538228,Total GHG
SEN,Senegal,1970,7.434652466763,Total GHG
SGP,Singapore,1970,8.862815613831,Total GHG
SHN,"Saint Helena, Ascension and Tristan da Cunha",1970,0.0057113175139807,Total GHG
SLB,Solomon Islands,1970,0.14712943537462,Total GHG
SLE,Sierra Leone,1970,2.1118790962184,Total GHG
SLV,El Salvador,1970,5.3752714752424,Total GHG
SOM,Somalia,1970,18.580765867229,Total GHG
SPM,Saint Pierre and Miquelon,1970,0.041449244144911,Total GHG
STP,São Tomé and Príncipe,1970,0.034184129358809,Total GHG
SUR,Suriname,1970,1.7594444151251,Total GHG
SVK,Slovakia,1970,56.313977809052,Total GHG
SVN,Slovenia,1970,13.982598664029,Total GHG
SWE,Sweden,1970,114.71101809495,Total GHG
SWZ,Eswatini,1970,1.8589193034513,Total GHG
SYC,Seychelles,1970,0.13008821836592,Total GHG
SYR,Syria,1970,15.601030117854,Total GHG
TCA,Turks and Caicos Islands,1970,0.0045356955381359,Total GHG
TCD,Chad,1970,8.7495156783877,Total GHG
TGO,Togo,1970,1.9677942612175,Total GHG
THA,Thailand,1970,81.617804446492,Total GHG
TJK,Tajikistan,1970,14.226152770557,Total GHG
TKM,Turkmenistan,1970,28.645340675452,Total GHG
TLS,Timor-Leste,1970,0.60917698835426,Total GHG
TON,Tonga,1970,0.067162398706761,Total GHG
TTO,Trinidad and Tobago,1970,9.0843343923545,Total GHG
TUN,Tunisia,1970,10.473381012079,Total GHG
TUR,Türkiye,1970,101.57023097897,Total GHG
TWN,Taiwan,1970,52.410392730883,Total GHG
TZA,Tanzania,1970,19.033997353444,Total GHG
UGA,Uganda,1970,11.202037023832,Total GHG
UKR,Ukraine,1970,612.81368059664,Total GHG
URY,Uruguay,1970,28.568633165559,Total GHG
USA,United States,1970,5788.211445323,Total GHG
UZB,Uzbekistan,1970,78.592105584359,Total GHG
VCT,Saint Vincent and the Grenadines,1970,0.046465656528266,Total GHG
VEN,Venezuela,1970,106.79515984001,Total GHG
VGB,British Virgin Islands,1970,0.015787922193737,Total GHG
VNM,Viet Nam,1970,62.681676218055,Total GHG
VUT,Vanuatu,1970,0.29153517712148,Total GHG
WSM,Samoa,1970,0.15758716110816,Total GHG
YEM,Yemen,1970,5.3979403216716,Total GHG
ZAF,South Africa,1970,241.15176158759,Total GHG
ZMB,Zambia,1970,10.080342851144,Total GHG
ZWE,Zimbabwe,1970,21.721105527346,Total GHG
,,1970,,Total GHG
EU27,EU27,1970,4571.8962845156,Total GHG
,,1970,,Total GHG
GLOBAL TOTAL,GLOBAL TOTAL,1970,23228.506264144,Total GHG
ABW,Aruba,1971,0.041825239947248,Total GHG
AFG,Afghanistan,1971,15.221080237672,Total GHG
AGO,Angola,1971,18.721849826047,Total GHG
AIA,Anguilla,1971,0.003447974068279,Total GHG
ALB,Albania,1971,8.1826065309111,Total GHG
ANT,Curaçao,1971,15.075833531431,Total GHG
ARE,United Arab Emirates,1971,35.818424158716,Total GHG
ARG,Argentina,1971,222.45663518861,Total GHG
ARM,Armenia,1971,12.821225568588,Total GHG
ATG,Antigua and Barbuda,1971,0.16519267823261,Total GHG
AUS,Australia,1971,321.95287688559,Total GHG
AUT,Austria,1971,74.756629646309,Total GHG
AZE,Azerbaijan,1971,32.882048637825,Total GHG
BDI,Burundi,1971,2.1155866336832,Total GHG
BEL,Belgium,1971,157.67267362443,Total GHG
BEN,Benin,1971,2.4564321604165,Total GHG
BFA,Burkina Faso,1971,6.3415496455831,Total GHG
BGD,Bangladesh,1971,49.791091108629,Total GHG
BGR,Bulgaria,1971,89.864609333813,Total GHG
BHR,Bahrain,1971,18.82090393627,Total GHG
BHS,Bahamas,1971,1.5942515660109,Total GHG
BIH,Bosnia and Herzegovina,1971,16.487652860238,Total GHG
BLR,Belarus,1971,95.321841512568,Total GHG
BLZ,Belize,1971,0.25590432091314,Total GHG
BMU,Bermuda,1971,0.16241208782925,Total GHG
BOL,Bolivia,1971,27.835308578226,Total GHG
BRA,Brazil,1971,342.4555643199,Total GHG
BRB,Barbados,1971,0.61392372726718,Total GHG
BRN,Brunei,1971,2.5590491606768,Total GHG
BTN,Bhutan,1971,0.54417261566477,Total GHG
BWA,Botswana,1971,3.5347974897661,Total GHG
CAF,Central African Republic,1971,1.6455426779772,Total GHG
CAN,Canada,1971,483.22686638546,Total GHG
CHE,Switzerland and Liechtenstein,1971,52.459065571965,Total GHG
CHL,Chile,1971,50.939882533141,Total GHG
CHN,China,1971,1747.0062208942,Total GHG
CIV,Côte d’Ivoire,1971,6.1638940445354,Total GHG
CMR,Cameroon,1971,7.7767255335837,Total GHG
COD,Democratic Republic of the Congo,1971,9.9629084773791,Total GHG
COG,Congo,1971,2.7484581538431,Total GHG
COK,Cook Islands,1971,0.027746245629249,Total GHG
COL,Colombia,1971,84.949868165843,Total GHG
COM,Comoros,1971,0.19757039512041,Total GHG
CPV,Cabo Verde,1971,0.22642992802891,Total GHG
CRI,Costa Rica,1971,6.1096379088658,Total GHG
CUB,Cuba,1971,40.832039977929,Total GHG
CYM,Cayman Islands,1971,0.038473334285093,Total GHG
CYP,Cyprus,1971,3.0130693058363,Total GHG
CZE,Czechia,1971,221.01533705123,Total GHG
DEU,Germany,1971,1317.7546082779,Total GHG
DJI,Djibouti,1971,0.99787312938784,Total GHG
DMA,Dominica,1971,0.03425813365886,Total GHG
DNK,Denmark,1971,75.788000063598,Total GHG
DOM,Dominican Republic,1971,9.2288550455766,Total GHG
DZA,Algeria,1971,59.69422459941,Total GHG
ECU,Ecuador,1971,11.750488189418,Total GHG
EGY,Egypt,1971,58.562861453182,Total GHG
ERI,Eritrea,1971,4.1369256835974,Total GHG
ESH,Western Sahara,1971,0.22535423103095,Total GHG
ESP,Spain and Andorra,1971,186.31241979844,Total GHG
EST,Estonia,1971,26.322667599952,Total GHG
ETH,Ethiopia,1971,55.990402266101,Total GHG
FIN,Finland,1971,57.60683534615,Total GHG
FJI,Fiji,1971,1.3852811358887,Total GHG
FLK,Falkland Islands,1971,0.15639096700922,Total GHG
FRA,France and Monaco,1971,644.72023346838,Total GHG
FRO,Faroes,1971,0.087032916257382,Total GHG
GAB,Gabon,1971,7.3508519798119,Total GHG
GBR,United Kingdom,1971,865.60661705709,Total GHG
GEO,Georgia,1971,29.368730211602,Total GHG
GHA,Ghana,1971,6.9400586453384,Total GHG
GIB,Gibraltar,1971,0.082546608975255,Total GHG
GIN,Guinea,1971,4.3426727673158,Total GHG
GLP,Guadeloupe,1971,0.41984697005671,Total GHG
GMB,The Gambia,1971,0.62485939242771,Total GHG
GNB,Guinea-Bissau,1971,0.67043244174847,Total GHG
GNQ,Equatorial Guinea,1971,0.12545674146119,Total GHG
GRC,Greece,1971,46.131152336475,Total GHG
GRD,Grenada,1971,0.054611251951139,Total GHG
GRL,Greenland,1971,0.057479336115869,Total GHG
GTM,Guatemala,1971,8.7804846441344,Total GHG
GUF,French Guiana,1971,0.11179952826408,Total GHG
GUY,Guyana,1971,3.0140567426226,Total GHG
HKG,Hong Kong,1971,11.830869446899,Total GHG
HND,Honduras,1971,5.3593959124687,Total GHG
HRV,Croatia,1971,23.462650144283,Total GHG
HTI,Haiti,1971,6.2386237786762,Total GHG
HUN,Hungary,1971,93.304371106553,Total GHG
IDN,Indonesia,1971,137.87076715914,Total GHG
IND,India,1971,739.10238156194,Total GHG
IRL,Ireland,1971,44.294670311217,Total GHG
IRN,Iran,1971,224.4125357815,Total GHG
IRQ,Iraq,1971,107.70947625799,Total GHG
ISL,Iceland,1971,3.3764585857328,Total GHG
ISR,"Israel and Palestine, State of",1971,73.027515530242,Total GHG
ITA,"Italy, San Marino and the Holy See",1971,401.6607954339,Total GHG
JAM,Jamaica,1971,9.2354982821581,Total GHG
JOR,Jordan,1971,3.6749921398644,Total GHG
JPN,Japan,1971,972.55745818469,Total GHG
KAZ,Kazakhstan,1971,263.15238988815,Total GHG
KEN,Kenya,1971,23.363333388318,Total GHG
KGZ,Kyrgyzstan,1971,23.335202881425,Total GHG
KHM,Cambodia,1971,13.823447808837,Total GHG
KIR,Kiribati,1971,0.028338205684809,Total GHG
KNA,Saint Kitts and Nevis,1971,0.059891205980985,Total GHG
KOR,South Korea,1971,92.176874941876,Total GHG
KWT,Kuwait,1971,83.235322867022,Total GHG
LAO,Laos,1971,4.5964213996628,Total GHG
LBN,Lebanon,1971,6.8941555338692,Total GHG
LBR,Liberia,1971,1.6333352314221,Total GHG
LBY,Libya,1971,125.67733098248,Total GHG
LCA,Saint Lucia,1971,0.08049994916675,Total GHG
LKA,Sri Lanka,1971,10.154973199371,Total GHG
LSO,Lesotho,1971,1.8124290796511,Total GHG
LTU,Lithuania,1971,31.885870702981,Total GHG
LUX,Luxembourg,1971,19.122644957195,Total GHG
LVA,Latvia,1971,17.958232668134,Total GHG
MAC,Macao,1971,0.33365785327212,Total GHG
MAR,Morocco,1971,22.933346964,Total GHG
MDA,Moldova,1971,23.637302002684,Total GHG
MDG,Madagascar,1971,17.302965663877,Total GHG
MDV,Maldives,1971,0.022128788547887,Total GHG
MEX,Mexico,1971,206.97037849979,Total GHG
MKD,North Macedonia,1971,11.789217543899,Total GHG
MLI,Mali,1971,11.103382490064,Total GHG
MLT,Malta,1971,0.82209750397645,Total GHG
MMR,Myanmar/Burma,1971,50.62643440706,Total GHG
MNG,Mongolia,1971,20.328072308419,Total GHG
MOZ,Mozambique,1971,9.3889257972842,Total GHG
MRT,Mauritania,1971,5.5001769473883,Total GHG
MTQ,Martinique,1971,0.37286210669175,Total GHG
MUS,Mauritius,1971,0.86165267489746,Total GHG
MWI,Malawi,1971,2.3299018445505,Total GHG
MYS,Malaysia,1971,37.574460345799,Total GHG
NAM,Namibia,1971,6.5693238324431,Total GHG
NCL,New Caledonia,1971,1.381960061061,Total GHG
NER,Niger,1971,11.340283444677,Total GHG
NGA,Nigeria,1971,187.21194563673,Total GHG
NIC,Nicaragua,1971,7.4962080442075,Total GHG
NLD,Netherlands,1971,181.07275445342,Total GHG
NOR,Norway,1971,53.605343861261,Total GHG
NPL,Nepal,1971,16.002799932489,Total GHG
NZL,New Zealand,1971,56.455108592509,Total GHG
OMN,Oman,1971,14.86782537345,Total GHG
PAK,Pakistan,1971,85.305583547701,Total GHG
PAN,Panama,1971,6.039558445753,Total GHG
PER,Peru,1971,37.57934183719,Total GHG
PHL,Philippines,1971,67.022567183913,Total GHG
PLW,Palau,1971,2.1665094991613,Total GHG
PNG,Papua New Guinea,1971,2.7937285113806,Total GHG
POL,Poland,1971,496.45584634243,Total GHG
PRI,Puerto Rico,1971,33.822535790821,Total GHG
PRK,North Korea,1971,95.490566851685,Total GHG
PRT,Portugal,1971,30.522327835481,Total GHG
PRY,Paraguay,1971,10.663783901575,Total GHG
PYF,French Polynesia,1971,0.19237436485804,Total GHG
QAT,Qatar,1971,27.172870502751,Total GHG
REU,Réunion,1971,0.51476285650533,Total GHG
ROU,Romania,1971,175.06191810734,Total GHG
RUS,Russia,1971,1721.7006437261,Total GHG
RWA,Rwanda,1971,4.3848891091463,Total GHG
SAU,Saudi Arabia,1971,96.878052190674,Total GHG
SCG,Serbia and Montenegro,1971,47.136978507808,Total GHG
SDN,Sudan and South Sudan,1971,39.579379490115,Total GHG
SEN,Senegal,1971,7.5894649511573,Total GHG
SGP,Singapore,1971,8.9119961387632,Total GHG
SHN,"Saint Helena, Ascension and Tristan da Cunha",1971,0.0058256468546992,Total GHG
SLB,Solomon Islands,1971,0.15582500848561,Total GHG
SLE,Sierra Leone,1971,2.1373336063055,Total GHG
SLV,El Salvador,1971,5.2455839836086,Total GHG
SOM,Somalia,1971,18.44642000908,Total GHG
SPM,Saint Pierre and Miquelon,1971,0.041470398583658,Total GHG
STP,São Tomé and Príncipe,1971,0.034149365834287,Total GHG
SUR,Suriname,1971,1.7617141414251,Total GHG
SVK,Slovakia,1971,56.492868516518,Total GHG
SVN,Slovenia,1971,14.312130499832,Total GHG
SWE,Sweden,1971,107.67356446715,Total GHG
SWZ,Eswatini,1971,1.8736360151142,Total GHG
SYC,Seychelles,1971,0.13378033609367,Total GHG
SYR,Syria,1971,15.603184016812,Total GHG
TCA,Turks and Caicos Islands,1971,0.0046641654760006,Total GHG
TCD,Chad,1971,8.8404339599691,Total GHG
TGO,Togo,1971,1.7676302336383,Total GHG
THA,Thailand,1971,81.371452675605,Total GHG
TJK,Tajikistan,1971,14.565415801466,Total GHG
TKM,Turkmenistan,1971,28.904980906526,Total GHG
TLS,Timor-Leste,1971,0.62685944639296,Total GHG
TON,Tonga,1971,0.06708966145236,Total GHG
TTO,Trinidad and Tobago,1971,9.1161446871944,Total GHG
TUN,Tunisia,1971,10.846651730142,Total GHG
TUR,Türkiye,1971,105.86479352187,Total GHG
TWN,Taiwan,1971,52.434808534876,Total GHG
TZA,Tanzania,1971,19.23122108715,Total GHG
UGA,Uganda,1971,11.269843654859,Total GHG
UKR,Ukraine,1971,616.77779322302,Total GHG
URY,Uruguay,1971,28.229731242361,Total GHG
USA,United States,1971,5661.1297681304,Total GHG
UZB,Uzbekistan,1971,79.791934906817,Total GHG
VCT,Saint Vincent and the Grenadines,1971,0.047564349562536,Total GHG
VEN,Venezuela,1971,106.14777889951,Total GHG
VGB,British Virgin Islands,1971,0.016325157316808,Total GHG
VNM,Viet Nam,1971,63.092083319264,Total GHG
VUT,Vanuatu,1971,0.31309177949686,Total GHG
WSM,Samoa,1971,0.15780561256066,Total GHG
YEM,Yemen,1971,5.694725791926,Total GHG
ZAF,South Africa,1971,240.65738289677,Total GHG
ZMB,Zambia,1971,10.336433651184,Total GHG
ZWE,Zimbabwe,1971,22.315693730475,Total GHG
,,1971,,Total GHG
EU27,EU27,1971,4595.0609789029,Total GHG
,,1971,,Total GHG
GLOBAL TOTAL,GLOBAL TOTAL,1971,23262.161477333,Total GHG
ABW,Aruba,1972,0.05270835173768,Total GHG
AFG,Afghanistan,1972,13.278752228032,Total GHG
AGO,Angola,1972,21.316779023183,Total GHG
AIA,Anguilla,1972,0.0035945835007911,Total GHG
ALB,Albania,1972,9.1151453410062,Total GHG
ANT,Curaçao,1972,14.652024309843,Total GHG
ARE,United Arab Emirates,1972,39.481944594093,Total GHG
ARG,Argentina,1972,229.45163059467,Total GHG
ARM,Armenia,1972,13.627031629655,Total GHG
ATG,Antigua and Barbuda,1972,0.18622562665901,Total GHG
AUS,Australia,1972,334.10900752959,Total GHG
AUT,Austria,1972,76.959566285279,Total GHG
AZE,Azerbaijan,1972,34.727283689114,Total GHG
BDI,Burundi,1972,2.2126975323061,Total GHG
BEL,Belgium,1972,169.1694106864,Total GHG
BEN,Benin,1972,2.662177655117,Total GHG
BFA,Burkina Faso,1972,6.0051847671468,Total GHG
BGD,Bangladesh,1972,50.536296140552,Total GHG
BGR,Bulgaria,1972,92.777998357989,Total GHG
BHR,Bahrain,1972,19.676312027383,Total GHG
BHS,Bahamas,1972,1.8594717559921,Total GHG
BIH,Bosnia and Herzegovina,1972,16.120350394209,Total GHG
BLR,Belarus,1972,100.43142750005,Total GHG
BLZ,Belize,1972,0.27365538143576,Total GHG
BMU,Bermuda,1972,0.19328254466839,Total GHG
BOL,Bolivia,1972,32.473957332153,Total GHG
BRA,Brazil,1972,363.45367068783,Total GHG
BRB,Barbados,1972,0.66691138440269,Total GHG
BRN,Brunei,1972,3.1319275972085,Total GHG
BTN,Bhutan,1972,0.55788803141061,Total GHG
BWA,Botswana,1972,4.1077267379426,Total GHG
CAF,Central African Republic,1972,1.7389619881497,Total GHG
CAN,Canada,1972,505.11614480856,Total GHG
CHE,Switzerland and Liechtenstein,1972,53.208763435043,Total GHG
CHL,Chile,1972,53.495472031368,Total GHG
CHN,China,1972,1825.1622184254,Total GHG
CIV,Côte d’Ivoire,1972,6.5699121155846,Total GHG
CMR,Cameroon,1972,7.5669223857512,Total GHG
COD,Democratic Republic of the Congo,1972,10.243400086672,Total GHG
COG,Congo,1972,2.9577972763777,Total GHG
COK,Cook Islands,1972,0.028179025691289,Total GHG
COL,Colombia,1972,86.874322318638,Total GHG
COM,Comoros,1972,0.20035970320908,Total GHG
CPV,Cabo Verde,1972,0.22914819025822,Total GHG
CRI,Costa Rica,1972,6.4695326025567,Total GHG
CUB,Cuba,1972,39.94252882875,Total GHG
CYM,Cayman Islands,1972,0.047158649730118,Total GHG
CYP,Cyprus,1972,3.5098099672232,Total GHG
CZE,Czechia,1972,221.11566558015,Total GHG
DEU,Germany,1972,1341.9600699787,Total GHG
DJI,Djibouti,1972,1.0035000159599,Total GHG
DMA,Dominica,1972,0.036778996242837,Total GHG
DNK,Denmark,1972,77.451235450876,Total GHG
DOM,Dominican Republic,1972,10.575059685547,Total GHG
DZA,Algeria,1972,81.804490214933,Total GHG
ECU,Ecuador,1972,13.403870475065,Total GHG
EGY,Egypt,1972,59.465954268645,Total GHG
ERI,Eritrea,1972,4.0877036723904,Total GHG
ESH,Western Sahara,1972,0.23826661857095,Total GHG
ESP,Spain and Andorra,1972,199.63998308914,Total GHG
EST,Estonia,1972,28.285441080135,Total GHG
ETH,Ethiopia,1972,55.452896500131,Total GHG
FIN,Finland,1972,61.245264089165,Total GHG
FJI,Fiji,1972,1.4481682980197,Total GHG
FLK,Falkland Islands,1972,0.15562328592023,Total GHG
FRA,France and Monaco,1972,661.46841485503,Total GHG
FRO,Faroes,1972,0.087961542444031,Total GHG
GAB,Gabon,1972,7.9203753074814,Total GHG
GBR,United Kingdom,1972,845.46636010115,Total GHG
GEO,Georgia,1972,31.000648875202,Total GHG
GHA,Ghana,1972,7.3584949038505,Total GHG
GIB,Gibraltar,1972,0.072507266630239,Total GHG
GIN,Guinea,1972,4.4056777810876,Total GHG
GLP,Guadeloupe,1972,0.44634399418704,Total GHG
GMB,The Gambia,1972,0.62636554496376,Total GHG
GNB,Guinea-Bissau,1972,0.70388948148592,Total GHG
GNQ,Equatorial Guinea,1972,0.13148067809513,Total GHG
GRC,Greece,1972,53.501343104168,Total GHG
GRD,Grenada,1972,0.054983585018671,Total GHG
GRL,Greenland,1972,0.058592414821288,Total GHG
GTM,Guatemala,1972,9.3819013308135,Total GHG
GUF,French Guiana,1972,0.13132929357099,Total GHG
GUY,Guyana,1972,2.9602162338802,Total GHG
HKG,Hong Kong,1972,12.168892621246,Total GHG
HND,Honduras,1972,5.4892299339238,Total GHG
HRV,Croatia,1972,22.92382394417,Total GHG
HTI,Haiti,1972,6.3304175520883,Total GHG
HUN,Hungary,1972,95.082904090693,Total GHG
IDN,Indonesia,1972,147.96842031779,Total GHG
IND,India,1972,751.02771144805,Total GHG
IRL,Ireland,1972,44.013683425358,Total GHG
IRN,Iran,1972,247.44530032316,Total GHG
IRQ,Iraq,1972,98.292027715082,Total GHG
ISL,Iceland,1972,3.6827825375327,Total GHG
ISR,"Israel and Palestine, State of",1972,76.819525665177,Total GHG
ITA,"Italy, San Marino and the Holy See",1972,419.07603667878,Total GHG
JAM,Jamaica,1972,9.201212696303,Total GHG
JOR,Jordan,1972,3.2784495446223,Total GHG
JPN,Japan,1972,1018.1085438196,Total GHG
KAZ,Kazakhstan,1972,276.56416514438,Total GHG
KEN,Kenya,1972,24.041721628098,Total GHG
KGZ,Kyrgyzstan,1972,24.483681647493,Total GHG
KHM,Cambodia,1972,11.662111639857,Total GHG
KIR,Kiribati,1972,0.029983016987396,Total GHG
KNA,Saint Kitts and Nevis,1972,0.063022628557282,Total GHG
KOR,South Korea,1972,94.569704486661,Total GHG
KWT,Kuwait,1972,86.66113519082,Total GHG
LAO,Laos,1972,4.5342075005511,Total GHG
LBN,Lebanon,1972,7.4529851452078,Total GHG
LBR,Liberia,1972,1.6602341535623,Total GHG
LBY,Libya,1972,101.82986448056,Total GHG
LCA,Saint Lucia,1972,0.086588508872986,Total GHG
LKA,Sri Lanka,1972,10.877778431732,Total GHG
LSO,Lesotho,1972,1.7689728670352,Total GHG
LTU,Lithuania,1972,33.537980900405,Total GHG
LUX,Luxembourg,1972,18.749059546681,Total GHG
LVA,Latvia,1972,18.854839099919,Total GHG
MAC,Macao,1972,0.35210297899726,Total GHG
MAR,Morocco,1972,23.406063264916,Total GHG
MDA,Moldova,1972,24.88511296305,Total GHG
MDG,Madagascar,1972,17.730008699291,Total GHG
MDV,Maldives,1972,0.023836048428925,Total GHG
MEX,Mexico,1972,220.87036810289,Total GHG
MKD,North Macedonia,1972,11.793440094909,Total GHG
MLI,Mali,1972,9.8311521467645,Total GHG
MLT,Malta,1972,0.99358597450342,Total GHG
MMR,Myanmar/Burma,1972,49.264331767227,Total GHG
MNG,Mongolia,1972,19.959828629571,Total GHG
MOZ,Mozambique,1972,8.9933629244621,Total GHG
MRT,Mauritania,1972,5.0609888655266,Total GHG
MTQ,Martinique,1972,0.41726223986262,Total GHG
MUS,Mauritius,1972,0.90350981194899,Total GHG
MWI,Malawi,1972,2.4564144085704,Total GHG
MYS,Malaysia,1972,24.902221156979,Total GHG
NAM,Namibia,1972,6.6693454845428,Total GHG
NCL,New Caledonia,1972,1.417633040366,Total GHG
NER,Niger,1972,11.549208296114,Total GHG
NGA,Nigeria,1972,222.29913638405,Total GHG
NIC,Nicaragua,1972,7.5643078724308,Total GHG
NLD,Netherlands,1972,199.18492817308,Total GHG
NOR,Norway,1972,57.150660355617,Total GHG
NPL,Nepal,1972,16.209936270547,Total GHG
NZL,New Zealand,1972,60.615546820146,Total GHG
OMN,Oman,1972,14.702599305183,Total GHG
PAK,Pakistan,1972,87.383205470687,Total GHG
PAN,Panama,1972,6.3128903978114,Total GHG
PER,Peru,1972,36.948441839886,Total GHG
PHL,Philippines,1972,67.396255216165,Total GHG
PLW,Palau,1972,2.1664908286854,Total GHG
PNG,Papua New Guinea,1972,2.905342203088,Total GHG
POL,Poland,1972,513.88968500435,Total GHG
PRI,Puerto Rico,1972,41.0425526402,Total GHG
PRK,North Korea,1972,98.824088839215,Total GHG
PRT,Portugal,1972,31.253846674973,Total GHG
PRY,Paraguay,1972,11.001294328547,Total GHG
PYF,French Polynesia,1972,0.20149129543718,Total GHG
QAT,Qatar,1972,32.117547552851,Total GHG
REU,Réunion,1972,0.51844212754156,Total GHG
ROU,Romania,1972,182.22934648255,Total GHG
RUS,Russia,1972,1804.4686895703,Total GHG
RWA,Rwanda,1972,4.4778583308636,Total GHG
SAU,Saudi Arabia,1972,122.70655872437,Total GHG
SCG,Serbia and Montenegro,1972,46.953930351664,Total GHG
SDN,Sudan and South Sudan,1972,40.382480194314,Total GHG
SEN,Senegal,1972,7.4121950662312,Total GHG
SGP,Singapore,1972,10.32741778497,Total GHG
SHN,"Saint Helena, Ascension and Tristan da Cunha",1972,0.0053953222336311,Total GHG
SLB,Solomon Islands,1972,0.16322903820409,Total GHG
SLE,Sierra Leone,1972,2.1667879876976,Total GHG
SLV,El Salvador,1972,5.6211307692516,Total GHG
SOM,Somalia,1972,18.800155119588,Total GHG
SPM,Saint Pierre and Miquelon,1972,0.049567583236232,Total GHG
STP,São Tomé and Príncipe,1972,0.033597064029567,Total GHG
SUR,Suriname,1972,1.7241703883246,Total GHG
SVK,Slovakia,1972,57.343598024297,Total GHG
SVN,Slovenia,1972,13.91324426015,Total GHG
SWE,Sweden,1972,107.93855731878,Total GHG
SWZ,Eswatini,1972,1.9437206393093,Total GHG
SYC,Seychelles,1972,0.13550312153328,Total GHG
SYR,Syria,1972,15.985639739479,Total GHG
TCA,Turks and Caicos Islands,1972,0.0054207836959586,Total GHG
TCD,Chad,1972,9.4318664040084,Total GHG
TGO,Togo,1972,1.9006096611669,Total GHG
THA,Thailand,1972,82.496902869509,Total GHG
TJK,Tajikistan,1972,15.169935824387,Total GHG
TKM,Turkmenistan,1972,30.226989359535,Total GHG
TLS,Timor-Leste,1972,0.67209116689721,Total GHG
TON,Tonga,1972,0.069063245745458,Total GHG
TTO,Trinidad and Tobago,1972,8.8157434393026,Total GHG
TUN,Tunisia,1972,11.569755957347,Total GHG
TUR,Türkiye,1972,114.77246564803,Total GHG
TWN,Taiwan,1972,57.104006870012,Total GHG
TZA,Tanzania,1972,19.75850911533,Total GHG
UGA,Uganda,1972,11.61983059305,Total GHG
UKR,Ukraine,1972,647.39675625431,Total GHG
URY,Uruguay,1972,29.133528825789,Total GHG
USA,United States,1972,5930.4813254508,Total GHG
UZB,Uzbekistan,1972,83.633960735251,Total GHG
VCT,Saint Vincent and the Grenadines,1972,0.050375802035162,Total GHG
VEN,Venezuela,1972,105.98043396302,Total GHG
VGB,British Virgin Islands,1972,0.0180913981998,Total GHG
VNM,Viet Nam,1972,62.960322441873,Total GHG
VUT,Vanuatu,1972,0.32083103491736,Total GHG
WSM,Samoa,1972,0.16265244952935,Total GHG
YEM,Yemen,1972,5.9555562461298,Total GHG
ZAF,South Africa,1972,247.95739643137,Total GHG
ZMB,Zambia,1972,10.917495866703,Total GHG
ZWE,Zimbabwe,1972,21.957953063537,Total GHG
,,1972,,Total GHG
EU27,EU27,1972,4746.069322123,Total GHG
,,1972,,Total GHG
GLOBAL TOTAL,GLOBAL TOTAL,1972,24200.867463974,Total GHG
ABW,Aruba,1973,0.057704308956039,Total GHG
AFG,Afghanistan,1973,13.972048751738,Total GHG
AGO,Angola,1973,22.878757106008,Total GHG
AIA,Anguilla,1973,0.0034804554737549,Total GHG
ALB,Albania,1973,8.5953852829861,Total GHG
ANT,Curaçao,1973,16.202904861149,Total GHG
ARE,United Arab Emirates,1973,50.687408416058,Total GHG
ARG,Argentina,1973,237.34248724262,Total GHG
ARM,Armenia,1973,14.656715551793,Total GHG
ATG,Antigua and Barbuda,1973,0.18780436281981,Total GHG
AUS,Australia,1973,341.39326889185,Total GHG
AUT,Austria,1973,80.722512906016,Total GHG
AZE,Azerbaijan,1973,37.141717054703,Total GHG
BDI,Burundi,1973,2.2664552096881,Total GHG
BEL,Belgium,1973,174.98691591433,Total GHG
BEN,Benin,1973,2.803692657869,Total GHG
BFA,Burkina Faso,1973,5.7151643423396,Total GHG
BGD,Bangladesh,1973,51.016212335379,Total GHG
BGR,Bulgaria,1973,93.897256126308,Total GHG
BHR,Bahrain,1973,20.961716662609,Total GHG
BHS,Bahamas,1973,1.8560463805486,Total GHG
BIH,Bosnia and Herzegovina,1973,17.340963233022,Total GHG
BLR,Belarus,1973,107.37343810789,Total GHG
BLZ,Belize,1973,0.2802583371827,Total GHG
BMU,Bermuda,1973,0.19467932453152,Total GHG
BOL,Bolivia,1973,34.048260508671,Total GHG
BRA,Brazil,1973,390.3688089653,Total GHG
BRB,Barbados,1973,0.67569119354817,Total GHG
BRN,Brunei,1973,3.9503067802133,Total GHG
BTN,Bhutan,1973,0.57036598303069,Total GHG
BWA,Botswana,1973,4.3366364469159,Total GHG
CAF,Central African Republic,1973,1.8214121394602,Total GHG
CAN,Canada,1973,532.73844908909,Total GHG
CHE,Switzerland and Liechtenstein,1973,57.183001990938,Total GHG
CHL,Chile,1973,52.566741660881,Total GHG
CHN,China,1973,1880.9337882913,Total GHG
CIV,Côte d’Ivoire,1973,6.7599055284541,Total GHG
CMR,Cameroon,1973,7.6011611551993,Total GHG
COD,Democratic Republic of the Congo,1973,10.458208349125,Total GHG
COG,Congo,1973,11.465574187619,Total GHG
COK,Cook Islands,1973,0.032798212523542,Total GHG
COL,Colombia,1973,88.9806547019,Total GHG
COM,Comoros,1973,0.20511886625831,Total GHG
CPV,Cabo Verde,1973,0.23096895995853,Total GHG
CRI,Costa Rica,1973,7.010656000133,Total GHG
CUB,Cuba,1973,41.792439199737,Total GHG
CYM,Cayman Islands,1973,0.05019108452798,Total GHG
CYP,Cyprus,1973,3.6296956887914,Total GHG
CZE,Czechia,1973,219.3419262041,Total GHG
DEU,Germany,1973,1396.9020315733,Total GHG
DJI,Djibouti,1973,1.0347254234797,Total GHG
DMA,Dominica,1973,0.038117648933364,Total GHG
DNK,Denmark,1973,76.982505151307,Total GHG
DOM,Dominican Republic,1973,10.773839686074,Total GHG
DZA,Algeria,1973,94.510852096998,Total GHG
ECU,Ecuador,1973,17.212362231875,Total GHG
EGY,Egypt,1973,56.641655930014,Total GHG
ERI,Eritrea,1973,4.1317788407023,Total GHG
ESH,Western Sahara,1973,0.24293404848747,Total GHG
ESP,Spain and Andorra,1973,213.98069856388,Total GHG
EST,Estonia,1973,31.676803850701,Total GHG
ETH,Ethiopia,1973,56.014683294274,Total GHG
FIN,Finland,1973,65.616627169733,Total GHG
FJI,Fiji,1973,1.6199754485482,Total GHG
FLK,Falkland Islands,1973,0.14773764769033,Total GHG
FRA,France and Monaco,1973,699.0736088841,Total GHG
FRO,Faroes,1973,0.088109466756917,Total GHG
GAB,Gabon,1973,11.874806099941,Total GHG
GBR,United Kingdom,1973,886.36579003795,Total GHG
GEO,Georgia,1973,32.677737477748,Total GHG
GHA,Ghana,1973,7.4971840207808,Total GHG
GIB,Gibraltar,1973,0.073048035996408,Total GHG
GIN,Guinea,1973,4.5305210604007,Total GHG
GLP,Guadeloupe,1973,0.45797866974297,Total GHG
GMB,The Gambia,1973,0.63129509219642,Total GHG
GNB,Guinea-Bissau,1973,0.70909130230766,Total GHG
GNQ,Equatorial Guinea,1973,0.10865669600135,Total GHG
GRC,Greece,1973,56.915913189594,Total GHG
GRD,Grenada,1973,0.055756402779536,Total GHG
GRL,Greenland,1973,0.055225016955938,Total GHG
GTM,Guatemala,1973,9.5580693468512,Total GHG
GUF,French Guiana,1973,0.13236254022749,Total GHG
GUY,Guyana,1973,3.2808016696166,Total GHG
HKG,Hong Kong,1973,12.279655780939,Total GHG
HND,Honduras,1973,5.6553124489061,Total GHG
HRV,Croatia,1973,24.755463215792,Total GHG
HTI,Haiti,1973,6.3288401697256,Total GHG
HUN,Hungary,1973,100.3294200504,Total GHG
IDN,Indonesia,1973,161.83926020118,Total GHG
IND,India,1973,758.95206480012,Total GHG
IRL,Ireland,1973,44.587913118465,Total GHG
IRN,Iran,1973,287.15250237009,Total GHG
IRQ,Iraq,1973,123.49009762634,Total GHG
ISL,Iceland,1973,4.3794468081494,Total GHG
ISR,"Israel and Palestine, State of",1973,77.836306176416,Total GHG
ITA,"Italy, San Marino and the Holy See",1973,443.53983537539,Total GHG
JAM,Jamaica,1973,9.7514648718873,Total GHG
JOR,Jordan,1973,3.6453671853845,Total GHG
JPN,Japan,1973,1133.0410564399,Total GHG
KAZ,Kazakhstan,1973,292.03670841681,Total GHG
KEN,Kenya,1973,24.421944790482,Total GHG
KGZ,Kyrgyzstan,1973,25.479008805386,Total GHG
KHM,Cambodia,1973,9.2665939904908,Total GHG
KIR,Kiribati,1973,0.034483857804151,Total GHG
KNA,Saint Kitts and Nevis,1973,0.062569298088778,Total GHG
KOR,South Korea,1973,111.67596654091,Total GHG
KWT,Kuwait,1973,78.949168394921,Total GHG
LAO,Laos,1973,4.5529290981028,Total GHG
LBN,Lebanon,1973,8.8942963344767,Total GHG
LBR,Liberia,1973,1.7189003495925,Total GHG
LBY,Libya,1973,98.716582823921,Total GHG
LCA,Saint Lucia,1973,0.08717355966243,Total GHG
LKA,Sri Lanka,1973,11.100495451701,Total GHG
LSO,Lesotho,1973,1.7468039857261,Total GHG
LTU,Lithuania,1973,35.478937734747,Total GHG
LUX,Luxembourg,1973,20.207920577525,Total GHG
LVA,Latvia,1973,19.938129155273,Total GHG
MAC,Macao,1973,0.41820585662016,Total GHG
MAR,Morocco,1973,24.855595489866,Total GHG
MDA,Moldova,1973,26.320307831777,Total GHG
MDG,Madagascar,1973,18.044825134343,Total GHG
MDV,Maldives,1973,0.027384077465387,Total GHG
MEX,Mexico,1973,232.8349570701,Total GHG
MKD,North Macedonia,1973,13.172523343866,Total GHG
MLI,Mali,1973,9.1355334382279,Total GHG
MLT,Malta,1973,0.96074390135425,Total GHG
MMR,Myanmar/Burma,1973,51.470640431485,Total GHG
MNG,Mongolia,1973,20.475376010404,Total GHG
MOZ,Mozambique,1973,9.3222008257607,Total GHG
MRT,Mauritania,1973,4.9621011702462,Total GHG
MTQ,Martinique,1973,0.42297144490483,Total GHG
MUS,Mauritius,1973,0.94543477178224,Total GHG
MWI,Malawi,1973,2.535513563856,Total GHG
MYS,Malaysia,1973,25.468106534585,Total GHG
NAM,Namibia,1973,6.7765148574218,Total GHG
NCL,New Caledonia,1973,1.639959617868,Total GHG
NER,Niger,1973,8.8031029515888,Total GHG
NGA,Nigeria,1973,252.43637409632,Total GHG
NIC,Nicaragua,1973,7.9878987668308,Total GHG
NLD,Netherlands,1973,208.09107853412,Total GHG
NOR,Norway,1973,58.84298167119,Total GHG
NPL,Nepal,1973,16.898019211228,Total GHG
NZL,New Zealand,1973,61.447772593166,Total GHG
OMN,Oman,1973,15.044725171628,Total GHG
PAK,Pakistan,1973,90.262322940305,Total GHG
PAN,Panama,1973,6.7218852536652,Total GHG
PER,Peru,1973,38.090878703845,Total GHG
PHL,Philippines,1973,74.182330992922,Total GHG
PLW,Palau,1973,2.1665624166574,Total GHG
PNG,Papua New Guinea,1973,3.1855555923664,Total GHG
POL,Poland,1973,539.32341277905,Total GHG
PRI,Puerto Rico,1973,45.365930444392,Total GHG
PRK,North Korea,1973,101.08185438812,Total GHG
PRT,Portugal,1973,33.657266552609,Total GHG
PRY,Paraguay,1973,11.612071409757,Total GHG
PYF,French Polynesia,1973,0.23184006068874,Total GHG
QAT,Qatar,1973,36.480516977567,Total GHG
REU,Réunion,1973,0.53586263900047,Total GHG
ROU,Romania,1973,196.7687086552,Total GHG
RUS,Russia,1973,1905.6985296921,Total GHG
RWA,Rwanda,1973,4.5905021426323,Total GHG
SAU,Saudi Arabia,1973,160.23047770948,Total GHG
SCG,Serbia and Montenegro,1973,50.25159166157,Total GHG
SDN,Sudan and South Sudan,1973,43.803461818837,Total GHG
SEN,Senegal,1973,7.1814671254161,Total GHG
SGP,Singapore,1973,11.278341155255,Total GHG
SHN,"Saint Helena, Ascension and Tristan da Cunha",1973,0.005379881877447,Total GHG
SLB,Solomon Islands,1973,0.18291785487773,Total GHG
SLE,Sierra Leone,1973,2.1884415621099,Total GHG
SLV,El Salvador,1973,5.6234711775248,Total GHG
SOM,Somalia,1973,18.635858951441,Total GHG
SPM,Saint Pierre and Miquelon,1973,0.050028859208605,Total GHG
STP,São Tomé and Príncipe,1973,0.034843709284088,Total GHG
SUR,Suriname,1973,1.9479630441536,Total GHG
SVK,Slovakia,1973,58.609083866318,Total GHG
SVN,Slovenia,1973,15.425554395633,Total GHG
SWE,Sweden,1973,109.54376410317,Total GHG
SWZ,Eswatini,1973,2.0044615667093,Total GHG
SYC,Seychelles,1973,0.14090526701068,Total GHG
SYR,Syria,1973,15.277861334073,Total GHG
TCA,Turks and Caicos Islands,1973,0.0055210409696556,Total GHG
TCD,Chad,1973,8.5324846811228,Total GHG
TGO,Togo,1973,1.8617018519202,Total GHG
THA,Thailand,1973,88.437029371484,Total GHG
TJK,Tajikistan,1973,15.767357235188,Total GHG
TKM,Turkmenistan,1973,31.515873602777,Total GHG
TLS,Timor-Leste,1973,0.68067513862915,Total GHG
TON,Tonga,1973,0.079259625066361,Total GHG
TTO,Trinidad and Tobago,1973,9.232182777661,Total GHG
TUN,Tunisia,1973,11.675702370707,Total GHG
TUR,Türkiye,1973,120.54744084633,Total GHG
TWN,Taiwan,1973,61.498367652192,Total GHG
TZA,Tanzania,1973,20.050687910394,Total GHG
UGA,Uganda,1973,11.852326048951,Total GHG
UKR,Ukraine,1973,682.57649303461,Total GHG
URY,Uruguay,1973,29.911815164476,Total GHG
USA,United States,1973,6128.5708260655,Total GHG
UZB,Uzbekistan,1973,87.655732580535,Total GHG
VCT,Saint Vincent and the Grenadines,1973,0.051946127186673,Total GHG
VEN,Venezuela,1973,116.06792419435,Total GHG
VGB,British Virgin Islands,1973,0.018366498293045,Total GHG
VNM,Viet Nam,1973,66.856425636273,Total GHG
VUT,Vanuatu,1973,0.36278941016367,Total GHG
WSM,Samoa,1973,0.17786502552061,Total GHG
YEM,Yemen,1973,6.2602396159982,Total GHG
ZAF,South Africa,1973,267.03923599485,Total GHG
ZMB,Zambia,1973,11.377298463528,Total GHG
ZWE,Zimbabwe,1973,23.568292006374,Total GHG
,,1973,,Total GHG
EU27,EU27,1973,4964.9437272372,Total GHG
,,1973,,Total GHG
GLOBAL TOTAL,GLOBAL TOTAL,1973,25423.897138325,Total GHG
ABW,Aruba,1974,0.056999429876631,Total GHG
AFG,Afghanistan,1974,15.242001770298,Total GHG
AGO,Angola,1974,23.586100826654,Total GHG
AIA,Anguilla,1974,0.0037706817072,Total GHG
ALB,Albania,1974,8.8659598954009,Total GHG
ANT,Curaçao,1974,14.668967087429,Total GHG
ARE,United Arab Emirates,1974,52.212710603362,Total GHG
ARG,Argentina,1974,237.65775851249,Total GHG
ARM,Armenia,1974,15.676470868356,Total GHG
ATG,Antigua and Barbuda,1974,0.17375397963571,Total GHG
AUS,Australia,1974,355.86277452432,Total GHG
AUT,Austria,1974,78.48430076392,Total GHG
AZE,Azerbaijan,1974,39.594698916532,Total GHG
BDI,Burundi,1974,2.2883165550341,Total GHG
BEL,Belgium,1974,175.31042782824,Total GHG
BEN,Benin,1974,2.7795167208599,Total GHG
BFA,Burkina Faso,1974,5.8735563119685,Total GHG
BGD,Bangladesh,1974,51.50918617373,Total GHG
BGR,Bulgaria,1974,94.785388766509,Total GHG
BHR,Bahrain,1974,22.47907416603,Total GHG
BHS,Bahamas,1974,1.6383320197271,Total GHG
BIH,Bosnia and Herzegovina,1974,18.74150013886,Total GHG
BLR,Belarus,1974,114.21052108376,Total GHG
BLZ,Belize,1974,0.28187491313082,Total GHG
BMU,Bermuda,1974,0.17538954084281,Total GHG
BOL,Bolivia,1974,33.856510706768,Total GHG
BRA,Brazil,1974,417.56903856204,Total GHG
BRB,Barbados,1974,0.63178312398553,Total GHG
BRN,Brunei,1974,4.1135445915188,Total GHG
BTN,Bhutan,1974,0.58381977557959,Total GHG
BWA,Botswana,1974,4.9297773605094,Total GHG
CAF,Central African Republic,1974,1.9205730565965,Total GHG
CAN,Canada,1974,541.57370850606,Total GHG
CHE,Switzerland and Liechtenstein,1974,52.533686152489,Total GHG
CHL,Chile,1974,50.864613899721,Total GHG
CHN,China,1974,1901.6714721629,Total GHG
CIV,Côte d’Ivoire,1974,6.9690703629579,Total GHG
CMR,Cameroon,1974,7.7992159411383,Total GHG
COD,Democratic Republic of the Congo,1974,10.811502902992,Total GHG
COG,Congo,1974,15.782801750033,Total GHG
COK,Cook Islands,1974,0.039161417281372,Total GHG
COL,Colombia,1974,91.664025862505,Total GHG
COM,Comoros,1974,0.21143315493455,Total GHG
CPV,Cabo Verde,1974,0.23901291022209,Total GHG
CRI,Costa Rica,1974,7.0099902367581,Total GHG
CUB,Cuba,1974,44.02781500877,Total GHG
CYM,Cayman Islands,1974,0.0486610919004,Total GHG
CYP,Cyprus,1974,2.8886759497232,Total GHG
CZE,Czechia,1974,202.90179221039,Total GHG
DEU,Germany,1974,1363.1178140737,Total GHG
DJI,Djibouti,1974,1.1102259422332,Total GHG
DMA,Dominica,1974,0.038308704824641,Total GHG
DNK,Denmark,1974,71.628661624672,Total GHG
DOM,Dominican Republic,1974,11.755641566888,Total GHG
DZA,Algeria,1974,84.231328876865,Total GHG
ECU,Ecuador,1974,18.091525235224,Total GHG
EGY,Egypt,1974,60.988758724618,Total GHG
ERI,Eritrea,1974,4.0968433852635,Total GHG
ESH,Western Sahara,1974,0.25308096654575,Total GHG
ESP,Spain and Andorra,1974,227.53261584348,Total GHG
EST,Estonia,1974,34.810963637665,Total GHG
ETH,Ethiopia,1974,55.933704495224,Total GHG
FIN,Finland,1974,61.836599306764,Total GHG
FJI,Fiji,1974,1.8414379446806,Total GHG
FLK,Falkland Islands,1974,0.14896474495921,Total GHG
FRA,France and Monaco,1974,680.40515973507,Total GHG
FRO,Faroes,1974,0.088262674370146,Total GHG
GAB,Gabon,1974,14.550255588998,Total GHG
GBR,United Kingdom,1974,836.54909906212,Total GHG
GEO,Georgia,1974,34.151336390602,Total GHG
GHA,Ghana,1974,8.1001434693883,Total GHG
GIB,Gibraltar,1974,0.073062601944585,Total GHG
GIN,Guinea,1974,4.6439166518149,Total GHG
GLP,Guadeloupe,1974,0.4397395161614,Total GHG
GMB,The Gambia,1974,0.65024799968621,Total GHG
GNB,Guinea-Bissau,1974,0.76222729809759,Total GHG
GNQ,Equatorial Guinea,1974,0.11551564529531,Total GHG
GRC,Greece,1974,57.109044681667,Total GHG
GRD,Grenada,1974,0.053194456966294,Total GHG
GRL,Greenland,1974,0.056021375329854,Total GHG
GTM,Guatemala,1974,9.4735356628626,Total GHG
GUF,French Guiana,1974,0.11946049586552,Total GHG
GUY,Guyana,1974,3.2927134147961,Total GHG
HKG,Hong Kong,1974,13.771732287808,Total GHG
HND,Honduras,1974,5.8904561218005,Total GHG
HRV,Croatia,1974,26.711587483808,Total GHG
HTI,Haiti,1974,6.2966953721979,Total GHG
HUN,Hungary,1974,103.17498172442,Total GHG
IDN,Indonesia,1974,169.33128893703,Total GHG
IND,India,1974,780.70949644507,Total GHG
IRL,Ireland,1974,47.529990843129,Total GHG
IRN,Iran,1974,299.24430349973,Total GHG
IRQ,Iraq,1974,123.4841192331,Total GHG
ISL,Iceland,1974,4.3082473399729,Total GHG
ISR,"Israel and Palestine, State of",1974,60.951738341173,Total GHG
ITA,"Italy, San Marino and the Holy See",1974,444.53540205975,Total GHG
JAM,Jamaica,1974,10.066767234949,Total GHG
JOR,Jordan,1974,3.8758442001105,Total GHG
JPN,Japan,1974,1127.9922293137,Total GHG
KAZ,Kazakhstan,1974,300.86720169567,Total GHG
KEN,Kenya,1974,24.745044530565,Total GHG
KGZ,Kyrgyzstan,1974,26.474383991338,Total GHG
KHM,Cambodia,1974,7.8776088958125,Total GHG
KIR,Kiribati,1974,0.040362141779469,Total GHG
KNA,Saint Kitts and Nevis,1974,0.060868361446805,Total GHG
KOR,South Korea,1974,118.33514100962,Total GHG
KWT,Kuwait,1974,66.058911794671,Total GHG
LAO,Laos,1974,4.6451657241634,Total GHG
LBN,Lebanon,1974,8.9402729756281,Total GHG
LBR,Liberia,1974,1.7886752169264,Total GHG
LBY,Libya,1974,69.927410526642,Total GHG
LCA,Saint Lucia,1974,0.083314646011492,Total GHG
LKA,Sri Lanka,1974,10.812235939751,Total GHG
LSO,Lesotho,1974,1.8052534759877,Total GHG
LTU,Lithuania,1974,37.438098488083,Total GHG
LUX,Luxembourg,1974,18.70152308722,Total GHG
LVA,Latvia,1974,21.035229024846,Total GHG
MAC,Macao,1974,0.50639740364191,Total GHG
MAR,Morocco,1974,25.654873644273,Total GHG
MDA,Moldova,1974,27.678160802796,Total GHG
MDG,Madagascar,1974,18.480236413272,Total GHG
MDV,Maldives,1974,0.031415110188766,Total GHG
MEX,Mexico,1974,252.24061466662,Total GHG
MKD,North Macedonia,1974,13.570986923354,Total GHG
MLI,Mali,1974,8.3156722133221,Total GHG
MLT,Malta,1974,0.88876929588472,Total GHG
MMR,Myanmar/Burma,1974,52.150158931905,Total GHG
MNG,Mongolia,1974,21.229019997909,Total GHG
MOZ,Mozambique,1974,9.2062075928321,Total GHG
MRT,Mauritania,1974,4.3132731770349,Total GHG
MTQ,Martinique,1974,0.40065831616765,Total GHG
MUS,Mauritius,1974,0.99944427290338,Total GHG
MWI,Malawi,1974,2.6550550235964,Total GHG
MYS,Malaysia,1974,28.347290338941,Total GHG
NAM,Namibia,1974,7.4190305721514,Total GHG
NCL,New Caledonia,1974,1.907199237978,Total GHG
NER,Niger,1974,8.8621349984289,Total GHG
NGA,Nigeria,1974,286.06729670203,Total GHG
NIC,Nicaragua,1974,8.4597893527797,Total GHG
NLD,Netherlands,1974,203.48140731897,Total GHG
NOR,Norway,1974,57.816969931906,Total GHG
NPL,Nepal,1974,17.243510280409,Total GHG
NZL,New Zealand,1974,62.650422808825,Total GHG
OMN,Oman,1974,15.394520396381,Total GHG
PAK,Pakistan,1974,93.273285982946,Total GHG
PAN,Panama,1974,6.8581894729628,Total GHG
PER,Peru,1974,40.211976038857,Total GHG
PHL,Philippines,1974,71.963870163302,Total GHG
PLW,Palau,1974,2.1666395810337,Total GHG
PNG,Papua New Guinea,1974,3.5596935187919,Total GHG
POL,Poland,1974,558.76665846506,Total GHG
PRI,Puerto Rico,1974,43.086486946163,Total GHG
PRK,North Korea,1974,104.78418930215,Total GHG
PRT,Portugal,1974,33.092859004727,Total GHG
PRY,Paraguay,1974,11.916008667879,Total GHG
PYF,French Polynesia,1974,0.27282473894313,Total GHG
QAT,Qatar,1974,31.440017140781,Total GHG
REU,Réunion,1974,0.5612593982781,Total GHG
ROU,Romania,1974,201.05963251001,Total GHG
RUS,Russia,1974,1996.8001521583,Total GHG
RWA,Rwanda,1974,4.6244865961684,Total GHG
SAU,Saudi Arabia,1974,171.52934499094,Total GHG
SCG,Serbia and Montenegro,1974,53.866821707767,Total GHG
SDN,Sudan and South Sudan,1974,44.487482351653,Total GHG
SEN,Senegal,1974,7.4480964712481,Total GHG
SGP,Singapore,1974,11.724687581429,Total GHG
SHN,"Saint Helena, Ascension and Tristan da Cunha",1974,0.0056458018121369,Total GHG
SLB,Solomon Islands,1974,0.21301389702952,Total GHG
SLE,Sierra Leone,1974,2.2549944103135,Total GHG
SLV,El Salvador,1974,5.7570295972916,Total GHG
SOM,Somalia,1974,18.373535250043,Total GHG
SPM,Saint Pierre and Miquelon,1974,0.045130804254886,Total GHG
STP,São Tomé and Príncipe,1974,0.035650567587596,Total GHG
SUR,Suriname,1974,1.8735095203378,Total GHG
SVK,Slovakia,1974,59.24015381594,Total GHG
SVN,Slovenia,1974,16.57660624475,Total GHG
SWE,Sweden,1974,102.71121627989,Total GHG
SWZ,Eswatini,1974,2.0449029969492,Total GHG
SYC,Seychelles,1974,0.151745275296,Total GHG
SYR,Syria,1974,18.611961853463,Total GHG
TCA,Turks and Caicos Islands,1974,0.0051328501490888,Total GHG
TCD,Chad,1974,7.0965448119587,Total GHG
TGO,Togo,1974,1.8630160382033,Total GHG
THA,Thailand,1974,87.468100197229,Total GHG
TJK,Tajikistan,1974,16.396153781851,Total GHG
TKM,Turkmenistan,1974,32.926570308386,Total GHG
TLS,Timor-Leste,1974,0.67641039437407,Total GHG
TON,Tonga,1974,0.088302373518932,Total GHG
TTO,Trinidad and Tobago,1974,9.4792944126365,Total GHG
TUN,Tunisia,1974,12.520778477609,Total GHG
TUR,Türkiye,1974,123.76480679777,Total GHG
TWN,Taiwan,1974,60.74550199413,Total GHG
TZA,Tanzania,1974,20.271937803413,Total GHG
UGA,Uganda,1974,12.144732111373,Total GHG
UKR,Ukraine,1974,711.49665311267,Total GHG
URY,Uruguay,1974,30.987411282729,Total GHG
USA,United States,1974,5948.9742482629,Total GHG
UZB,Uzbekistan,1974,92.283131551593,Total GHG
VCT,Saint Vincent and the Grenadines,1974,0.051209412164344,Total GHG
VEN,Venezuela,1974,113.29330467689,Total GHG
VGB,British Virgin Islands,1974,0.017909705099712,Total GHG
VNM,Viet Nam,1974,64.75482287276,Total GHG
VUT,Vanuatu,1974,0.39771600267821,Total GHG
WSM,Samoa,1974,0.20148845503324,Total GHG
YEM,Yemen,1974,6.4838563299653,Total GHG
ZAF,South Africa,1974,276.11848314931,Total GHG
ZMB,Zambia,1974,11.594183826611,Total GHG
ZWE,Zimbabwe,1974,23.654305356322,Total GHG
,,1974,,Total GHG
EU27,EU27,1974,4925.7555600683,Total GHG
,,1974,,Total GHG
GLOBAL TOTAL,GLOBAL TOTAL,1974,25424.679820613,Total GHG
ABW,Aruba,1975,0.071134018675684,Total GHG
AFG,Afghanistan,1975,15.968871855733,Total GHG
AGO,Angola,1975,22.421772222226,Total GHG
AIA,Anguilla,1975,0.004050929789713,Total GHG
ALB,Albania,1975,9.0471113702343,Total GHG
ANT,Curaçao,1975,10.582464525703,Total GHG
ARE,United Arab Emirates,1975,53.081229552734,Total GHG
ARG,Argentina,1975,238.17304847235,Total GHG
ARM,Armenia,1975,16.932560615161,Total GHG
ATG,Antigua and Barbuda,1975,0.19834187047379,Total GHG
AUS,Australia,1975,365.18799158116,Total GHG
AUT,Austria,1975,75.959941643993,Total GHG
AZE,Azerbaijan,1975,42.361053174538,Total GHG
BDI,Burundi,1975,2.3712188261809,Total GHG
BEL,Belgium,1975,155.87494873299,Total GHG
BEN,Benin,1975,2.9656068512381,Total GHG
BFA,Burkina Faso,1975,6.0382925609094,Total GHG
BGD,Bangladesh,1975,54.3686858642,Total GHG
BGR,Bulgaria,1975,101.28262742387,Total GHG
BHR,Bahrain,1975,20.210925250247,Total GHG
BHS,Bahamas,1975,1.6794200176932,Total GHG
BIH,Bosnia and Herzegovina,1975,19.299306405069,Total GHG
BLR,Belarus,1975,120.48557939807,Total GHG
BLZ,Belize,1975,0.29963668369009,Total GHG
BMU,Bermuda,1975,0.20839276273301,Total GHG
BOL,Bolivia,1975,32.581663134938,Total GHG
BRA,Brazil,1975,439.39466884008,Total GHG
BRB,Barbados,1975,0.67931199629711,Total GHG
BRN,Brunei,1975,4.264845371468,Total GHG
BTN,Bhutan,1975,0.59373419352196,Total GHG
BWA,Botswana,1975,5.495554728441,Total GHG
CAF,Central African Republic,1975,1.9744071629809,Total GHG
CAN,Canada,1975,526.6556640524,Total GHG
CHE,Switzerland and Liechtenstein,1975,50.010250366812,Total GHG
CHL,Chile,1975,47.624946288516,Total GHG
CHN,China,1975,2089.2453817414,Total GHG
CIV,Côte d’Ivoire,1975,7.4335025247309,Total GHG
CMR,Cameroon,1975,8.4768147476178,Total GHG
COD,Democratic Republic of the Congo,1975,10.974856441809,Total GHG
COG,Congo,1975,10.314196749231,Total GHG
COK,Cook Islands,1975,0.034439124700891,Total GHG
COL,Colombia,1975,95.744256196039,Total GHG
COM,Comoros,1975,0.2165261053089,Total GHG
CPV,Cabo Verde,1975,0.24472841439037,Total GHG
CRI,Costa Rica,1975,7.3848886310499,Total GHG
CUB,Cuba,1975,45.006123708839,Total GHG
CYM,Cayman Islands,1975,0.059315497316883,Total GHG
CYP,Cyprus,1975,2.8159461366079,Total GHG
CZE,Czechia,1975,210.73342197928,Total GHG
DEU,Germany,1975,1298.8183463977,Total GHG
DJI,Djibouti,1975,1.1692470547358,Total GHG
DMA,Dominica,1975,0.04127033060017,Total GHG
DNK,Denmark,1975,73.320095963959,Total GHG
DOM,Dominican Republic,1975,12.25742390156,Total GHG
DZA,Algeria,1975,80.582437624033,Total GHG
ECU,Ecuador,1975,18.677375557516,Total GHG
EGY,Egypt,1975,65.536943737704,Total GHG
ERI,Eritrea,1975,4.0061878721665,Total GHG
ESH,Western Sahara,1975,0.26514798029015,Total GHG
ESP,Spain and Andorra,1975,233.86496041829,Total GHG
EST,Estonia,1975,37.45826735049,Total GHG
ETH,Ethiopia,1975,54.396982514451,Total GHG
FIN,Finland,1975,61.592241800318,Total GHG
FJI,Fiji,1975,1.6808479538025,Total GHG
FLK,Falkland Islands,1975,0.15331677213456,Total GHG
FRA,France and Monaco,1975,638.47886027985,Total GHG
FRO,Faroes,1975,0.088219663129642,Total GHG
GAB,Gabon,1975,16.758356968877,Total GHG
GBR,United Kingdom,1975,825.17654357041,Total GHG
GEO,Georgia,1975,36.218872604236,Total GHG
GHA,Ghana,1975,8.1878133822603,Total GHG
GIB,Gibraltar,1975,0.076223914007751,Total GHG
GIN,Guinea,1975,4.7838033973885,Total GHG
GLP,Guadeloupe,1975,0.47350305169506,Total GHG
GMB,The Gambia,1975,0.66955695579826,Total GHG
GNB,Guinea-Bissau,1975,0.86646677550684,Total GHG
GNQ,Equatorial Guinea,1975,0.11899845510305,Total GHG
GRC,Greece,1975,59.137645495422,Total GHG
GRD,Grenada,1975,0.054323797843992,Total GHG
GRL,Greenland,1975,0.056285509252907,Total GHG
GTM,Guatemala,1975,9.9036087679152,Total GHG
GUF,French Guiana,1975,0.14107563170778,Total GHG
GUY,Guyana,1975,3.6703779518985,Total GHG
HKG,Hong Kong,1975,13.71311349052,Total GHG
HND,Honduras,1975,6.0909125657075,Total GHG
HRV,Croatia,1975,28.031604632489,Total GHG
HTI,Haiti,1975,6.279502094365,Total GHG
HUN,Hungary,1975,105.21377601227,Total GHG
IDN,Indonesia,1975,170.1356072515,Total GHG
IND,India,1975,814.21273503222,Total GHG
IRL,Ireland,1975,46.188311326655,Total GHG
IRN,Iran,1975,285.72659261228,Total GHG
IRQ,Iraq,1975,140.01897458175,Total GHG
ISL,Iceland,1975,4.0442559231651,Total GHG
ISR,"Israel and Palestine, State of",1975,83.526245319894,Total GHG
ITA,"Italy, San Marino and the Holy See",1975,427.11346382311,Total GHG
JAM,Jamaica,1975,8.6678703601994,Total GHG
JOR,Jordan,1975,4.1999635063277,Total GHG
JPN,Japan,1975,1070.9944385581,Total GHG
KAZ,Kazakhstan,1975,312.15379902276,Total GHG
KEN,Kenya,1975,24.988018991893,Total GHG
KGZ,Kyrgyzstan,1975,27.734550930754,Total GHG
KHM,Cambodia,1975,8.0061644445021,Total GHG
KIR,Kiribati,1975,0.035588294544849,Total GHG
KNA,Saint Kitts and Nevis,1975,0.06415401779079,Total GHG
KOR,South Korea,1975,127.32516999149,Total GHG
KWT,Kuwait,1975,55.879644561252,Total GHG
LAO,Laos,1975,4.5220246045836,Total GHG
LBN,Lebanon,1975,8.0304211129608,Total GHG
LBR,Liberia,1975,1.8248315393379,Total GHG
LBY,Libya,1975,72.169740481349,Total GHG
LCA,Saint Lucia,1975,0.090799079624904,Total GHG
LKA,Sri Lanka,1975,10.481323034276,Total GHG
LSO,Lesotho,1975,1.8569142627934,Total GHG
LTU,Lithuania,1975,39.212942634774,Total GHG
LUX,Luxembourg,1975,14.969162567973,Total GHG
LVA,Latvia,1975,22.157028689368,Total GHG
MAC,Macao,1975,0.42376324078494,Total GHG
MAR,Morocco,1975,26.641840742455,Total GHG
MDA,Moldova,1975,29.430786991745,Total GHG
MDG,Madagascar,1975,18.735907908568,Total GHG
MDV,Maldives,1975,0.030212876852596,Total GHG
MEX,Mexico,1975,266.22185877167,Total GHG
MKD,North Macedonia,1975,11.530037535369,Total GHG
MLI,Mali,1975,9.0495607318845,Total GHG
MLT,Malta,1975,0.81685223174148,Total GHG
MMR,Myanmar/Burma,1975,53.649161424503,Total GHG
MNG,Mongolia,1975,21.894936863763,Total GHG
MOZ,Mozambique,1975,8.840504968468,Total GHG
MRT,Mauritania,1975,4.4389023749405,Total GHG
MTQ,Martinique,1975,0.44134604552647,Total GHG
MUS,Mauritius,1975,1.0100270312345,Total GHG
MWI,Malawi,1975,2.7663886831549,Total GHG
MYS,Malaysia,1975,30.279754753895,Total GHG
NAM,Namibia,1975,5.5584000152685,Total GHG
NCL,New Caledonia,1975,1.6687832581711,Total GHG
NER,Niger,1975,9.4855977147133,Total GHG
NGA,Nigeria,1975,232.04538132203,Total GHG
NIC,Nicaragua,1975,8.6860738514746,Total GHG
NLD,Netherlands,1975,195.40079319748,Total GHG
NOR,Norway,1975,56.247537525107,Total GHG
NPL,Nepal,1975,17.738971127393,Total GHG
NZL,New Zealand,1975,61.751533015081,Total GHG
OMN,Oman,1975,34.909648658517,Total GHG
PAK,Pakistan,1975,97.908817457945,Total GHG
PAN,Panama,1975,6.996592095706,Total GHG
PER,Peru,1975,40.441702441998,Total GHG
PHL,Philippines,1975,73.908314325261,Total GHG
PLW,Palau,1975,2.1666834333089,Total GHG
PNG,Papua New Guinea,1975,3.2800159268942,Total GHG
POL,Poland,1975,579.23493037961,Total GHG
PRI,Puerto Rico,1975,40.251356952047,Total GHG
PRK,North Korea,1975,109.07305222529,Total GHG
PRT,Portugal,1975,34.673725156936,Total GHG
PRY,Paraguay,1975,12.498003533369,Total GHG
PYF,French Polynesia,1975,0.23597998758532,Total GHG
QAT,Qatar,1975,29.149907283012,Total GHG
REU,Réunion,1975,0.57628958508177,Total GHG
ROU,Romania,1975,215.41835239911,Total GHG
RUS,Russia,1975,2095.3793146012,Total GHG
RWA,Rwanda,1975,4.770915781745,Total GHG
SAU,Saudi Arabia,1975,143.7582441817,Total GHG
SCG,Serbia and Montenegro,1975,56.02664961126,Total GHG
SDN,Sudan and South Sudan,1975,45.614816997797,Total GHG
SEN,Senegal,1975,7.7366376678848,Total GHG
SGP,Singapore,1975,11.717012256297,Total GHG
SHN,"Saint Helena, Ascension and Tristan da Cunha",1975,0.0054852232238819,Total GHG
SLB,Solomon Islands,1975,0.20079919981652,Total GHG
SLE,Sierra Leone,1975,2.3404130309219,Total GHG
SLV,El Salvador,1975,6.0900518280854,Total GHG
SOM,Somalia,1975,19.778041465537,Total GHG
SPM,Saint Pierre and Miquelon,1975,0.053726235819512,Total GHG
STP,São Tomé and Príncipe,1975,0.037418149143315,Total GHG
SUR,Suriname,1975,1.766640339132,Total GHG
SVK,Slovakia,1975,60.633534282095,Total GHG
SVN,Slovenia,1975,16.647701763598,Total GHG
SWE,Sweden,1975,104.36281090838,Total GHG
SWZ,Eswatini,1975,2.1235800233779,Total GHG
SYC,Seychelles,1975,0.15864597787732,Total GHG
SYR,Syria,1975,23.319193460417,Total GHG
TCA,Turks and Caicos Islands,1975,0.0059491002186744,Total GHG
TCD,Chad,1975,7.3778993634592,Total GHG
TGO,Togo,1975,1.9809736857784,Total GHG
THA,Thailand,1975,92.140363303248,Total GHG
TJK,Tajikistan,1975,17.295791483638,Total GHG
TKM,Turkmenistan,1975,35.32795091744,Total GHG
TLS,Timor-Leste,1975,0.61330176989128,Total GHG
TON,Tonga,1975,0.09159848703344,Total GHG
TTO,Trinidad and Tobago,1975,8.9118768048345,Total GHG
TUN,Tunisia,1975,12.965084330069,Total GHG
TUR,Türkiye,1975,130.91072821635,Total GHG
TWN,Taiwan,1975,64.638260714701,Total GHG
TZA,Tanzania,1975,20.625006897489,Total GHG
UGA,Uganda,1975,12.409979767274,Total GHG
UKR,Ukraine,1975,741.56206682724,Total GHG
URY,Uruguay,1975,32.946805778824,Total GHG
USA,United States,1975,5730.1664827801,Total GHG
UZB,Uzbekistan,1975,99.808633117856,Total GHG
VCT,Saint Vincent and the Grenadines,1975,0.054433355903172,Total GHG
VEN,Venezuela,1975,106.49982382413,Total GHG
VGB,British Virgin Islands,1975,0.019699085688567,Total GHG
VNM,Viet Nam,1975,66.22257970159,Total GHG
VUT,Vanuatu,1975,0.38967409390576,Total GHG
WSM,Samoa,1975,0.18891895404458,Total GHG
YEM,Yemen,1975,6.5021080129097,Total GHG
ZAF,South Africa,1975,294.32194023268,Total GHG
ZMB,Zambia,1975,11.884873346364,Total GHG
ZWE,Zimbabwe,1975,22.965762511363,Total GHG
,,1975,,Total GHG
EU27,EU27,1975,4839.4122936284,Total GHG
,,1975,,Total GHG
GLOBAL TOTAL,GLOBAL TOTAL,1975,25445.008530766,Total GHG
ABW,Aruba,1976,0.070200481700066,Total GHG
AFG,Afghanistan,1976,16.124560870271,Total GHG
AGO,Angola,1976,18.464447177816,Total GHG
AIA,Anguilla,1976,0.0039204643855029,Total GHG
ALB,Albania,1976,9.6586633486555,Total GHG
ANT,Curaçao,1976,11.256721231434,Total GHG
ARE,United Arab Emirates,1976,64.346586703677,Total GHG
ARG,Argentina,1976,246.59469820565,Total GHG
ARM,Armenia,1976,17.368689451222,Total GHG
ATG,Antigua and Barbuda,1976,0.18636093994366,Total GHG
AUS,Australia,1976,368.281167815,Total GHG
AUT,Austria,1976,81.413283821649,Total GHG
AZE,Azerbaijan,1976,43.477241726432,Total GHG
BDI,Burundi,1976,2.3847946328006,Total GHG
BEL,Belgium,1976,165.27897964004,Total GHG
BEN,Benin,1976,2.8280934705472,Total GHG
BFA,Burkina Faso,1976,6.2096179749538,Total GHG
BGD,Bangladesh,1976,55.19508946116,Total GHG
BGR,Bulgaria,1976,102.12832121476,Total GHG
BHR,Bahrain,1976,21.142972418801,Total GHG
BHS,Bahamas,1976,1.5033018973421,Total GHG
BIH,Bosnia and Herzegovina,1976,19.288073213234,Total GHG
BLR,Belarus,1976,124.24917896355,Total GHG
BLZ,Belize,1976,0.29426267162169,Total GHG
BMU,Bermuda,1976,0.19117860076031,Total GHG
BOL,Bolivia,1976,33.948465029719,Total GHG
BRA,Brazil,1976,474.9801134628,Total GHG
BRB,Barbados,1976,0.65446977710873,Total GHG
BRN,Brunei,1976,5.0253804840245,Total GHG
BTN,Bhutan,1976,0.61097618583299,Total GHG
BWA,Botswana,1976,6.3214822907672,Total GHG
CAF,Central African Republic,1976,2.0527716654882,Total GHG
CAN,Canada,1976,538.07709634219,Total GHG
CHE,Switzerland and Liechtenstein,1976,51.890208366237,Total GHG
CHL,Chile,1976,47.652945554487,Total GHG
CHN,China,1976,2151.9246302762,Total GHG
CIV,Côte d’Ivoire,1976,8.0916876967412,Total GHG
CMR,Cameroon,1976,8.7874872303669,Total GHG
COD,Democratic Republic of the Congo,1976,15.720056894641,Total GHG
COG,Congo,1976,10.308045466573,Total GHG
COK,Cook Islands,1976,0.041098333476171,Total GHG
COL,Colombia,1976,99.927388712581,Total GHG
COM,Comoros,1976,0.2244090439728,Total GHG
CPV,Cabo Verde,1976,0.25266572127108,Total GHG
CRI,Costa Rica,1976,7.476022350842,Total GHG
CUB,Cuba,1976,46.913986326451,Total GHG
CYM,Cayman Islands,1976,0.057944044444703,Total GHG
CYP,Cyprus,1976,3.2617989165136,Total GHG
CZE,Czechia,1976,216.59518063371,Total GHG
DEU,Germany,1976,1361.9326602514,Total GHG
DJI,Djibouti,1976,1.218514854398,Total GHG
DMA,Dominica,1976,0.041685975059629,Total GHG
DNK,Denmark,1976,77.726522944041,Total GHG
DOM,Dominican Republic,1976,12.606982398231,Total GHG
DZA,Algeria,1976,94.976919657209,Total GHG
ECU,Ecuador,1976,20.64082084488,Total GHG
EGY,Egypt,1976,73.340410231325,Total GHG
ERI,Eritrea,1976,4.0080814994705,Total GHG
ESH,Western Sahara,1976,0.27351612974739,Total GHG
ESP,Spain and Andorra,1976,252.61563307283,Total GHG
EST,Estonia,1976,39.10797823998,Total GHG
ETH,Ethiopia,1976,54.228596928703,Total GHG
FIN,Finland,1976,67.498390704365,Total GHG
FJI,Fiji,1976,1.6779825444157,Total GHG
FLK,Falkland Islands,1976,0.15315079878602,Total GHG
FRA,France and Monaco,1976,683.17875578282,Total GHG
FRO,Faroes,1976,0.08950103733109,Total GHG
GAB,Gabon,1976,17.623219650449,Total GHG
GBR,United Kingdom,1976,832.34537470811,Total GHG
GEO,Georgia,1976,36.727609519281,Total GHG
GHA,Ghana,1976,8.3100663835251,Total GHG
GIB,Gibraltar,1976,0.075610838698893,Total GHG
GIN,Guinea,1976,4.8458177251601,Total GHG
GLP,Guadeloupe,1976,0.47368370129414,Total GHG
GMB,The Gambia,1976,0.6641062693579,Total GHG
GNB,Guinea-Bissau,1976,0.93057217304724,Total GHG
GNQ,Equatorial Guinea,1976,0.12239483493358,Total GHG
GRC,Greece,1976,64.406322018729,Total GHG
GRD,Grenada,1976,0.05536041298202,Total GHG
GRL,Greenland,1976,0.0562787733738,Total GHG
GTM,Guatemala,1976,9.5572216466703,Total GHG
GUF,French Guiana,1976,0.13004647497472,Total GHG
GUY,Guyana,1976,3.443072791844,Total GHG
HKG,Hong Kong,1976,15.682206883477,Total GHG
HND,Honduras,1976,6.2399633259242,Total GHG
HRV,Croatia,1976,27.897612475029,Total GHG
HTI,Haiti,1976,6.5527517783488,Total GHG
HUN,Hungary,1976,109.3677613454,Total GHG
IDN,Indonesia,1976,180.24960482976,Total GHG
IND,India,1976,836.78474524159,Total GHG
IRL,Ireland,1976,46.452675317087,Total GHG
IRN,Iran,1976,319.03793466122,Total GHG
IRQ,Iraq,1976,156.35062872739,Total GHG
ISL,Iceland,1976,4.1388087500047,Total GHG
ISR,"Israel and Palestine, State of",1976,23.345268700718,Total GHG
ITA,"Italy, San Marino and the Holy See",1976,456.46032593694,Total GHG
JAM,Jamaica,1976,7.8350550615951,Total GHG
JOR,Jordan,1976,4.7888658782903,Total GHG
JPN,Japan,1976,1107.0126524714,Total GHG
KAZ,Kazakhstan,1976,320.2895859745,Total GHG
KEN,Kenya,1976,25.370058490314,Total GHG
KGZ,Kyrgyzstan,1976,28.446618796901,Total GHG
KHM,Cambodia,1976,6.9934635656653,Total GHG
KIR,Kiribati,1976,0.03556118777959,Total GHG
KNA,Saint Kitts and Nevis,1976,0.064155635650756,Total GHG
KOR,South Korea,1976,137.59030428905,Total GHG
KWT,Kuwait,1976,57.306305113909,Total GHG
LAO,Laos,1976,4.0596232797321,Total GHG
LBN,Lebanon,1976,7.653334961146,Total GHG
LBR,Liberia,1976,1.8804363061527,Total GHG
LBY,Libya,1976,93.389819058295,Total GHG
LCA,Saint Lucia,1976,0.088689872831503,Total GHG
LKA,Sri Lanka,1976,10.809782214076,Total GHG
LSO,Lesotho,1976,1.8338113404223,Total GHG
LTU,Lithuania,1976,40.423725793472,Total GHG
LUX,Luxembourg,1976,15.899422157419,Total GHG
LVA,Latvia,1976,22.841556310656,Total GHG
MAC,Macao,1976,0.41748707900272,Total GHG
MAR,Morocco,1976,27.83000340693,Total GHG
MDA,Moldova,1976,30.258083266351,Total GHG
MDG,Madagascar,1976,18.861568415313,Total GHG
MDV,Maldives,1976,0.031259917005435,Total GHG
MEX,Mexico,1976,281.59247378528,Total GHG
MKD,North Macedonia,1976,11.91799894834,Total GHG
MLI,Mali,1976,9.4141416937707,Total GHG
MLT,Malta,1976,0.91459492230012,Total GHG
MMR,Myanmar/Burma,1976,54.167348467854,Total GHG
MNG,Mongolia,1976,22.228204435901,Total GHG
MOZ,Mozambique,1976,8.670131706163,Total GHG
MRT,Mauritania,1976,4.6628357911597,Total GHG
MTQ,Martinique,1976,0.42568811251397,Total GHG
MUS,Mauritius,1976,1.0764222789486,Total GHG
MWI,Malawi,1976,2.8925157772188,Total GHG
MYS,Malaysia,1976,33.334759480862,Total GHG
NAM,Namibia,1976,5.5873416952401,Total GHG
NCL,New Caledonia,1976,1.6504583543055,Total GHG
NER,Niger,1976,10.225945206254,Total GHG
NGA,Nigeria,1976,266.28581982717,Total GHG
NIC,Nicaragua,1976,9.1920734501626,Total GHG
NLD,Netherlands,1976,206.49417248595,Total GHG
NOR,Norway,1976,58.92251160923,Total GHG
NPL,Nepal,1976,18.035873084193,Total GHG
NZL,New Zealand,1976,64.06718039647,Total GHG
OMN,Oman,1976,38.515164941973,Total GHG
PAK,Pakistan,1976,99.171414433868,Total GHG
PAN,Panama,1976,7.0195496369623,Total GHG
PER,Peru,1976,41.319321698759,Total GHG
PHL,Philippines,1976,72.976266151951,Total GHG
PLW,Palau,1976,2.1668277095997,Total GHG
PNG,Papua New Guinea,1976,3.2913908397253,Total GHG
POL,Poland,1976,605.12369587431,Total GHG
PRI,Puerto Rico,1976,44.022780063792,Total GHG
PRK,North Korea,1976,116.06373144743,Total GHG
PRT,Portugal,1976,35.936851463475,Total GHG
PRY,Paraguay,1976,13.652624235759,Total GHG
PYF,French Polynesia,1976,0.23444322897507,Total GHG
QAT,Qatar,1976,29.157298616105,Total GHG
REU,Réunion,1976,0.60551590082302,Total GHG
ROU,Romania,1976,231.78336072643,Total GHG
RUS,Russia,1976,2170.7189115985,Total GHG
RWA,Rwanda,1976,4.7424117324508,Total GHG
SAU,Saudi Arabia,1976,175.69058395018,Total GHG
SCG,Serbia and Montenegro,1976,57.418066033932,Total GHG
SDN,Sudan and South Sudan,1976,45.964589320643,Total GHG
SEN,Senegal,1976,7.9480891892166,Total GHG
SGP,Singapore,1976,12.599538760964,Total GHG
SHN,"Saint Helena, Ascension and Tristan da Cunha",1976,0.0051409071576441,Total GHG
SLB,Solomon Islands,1976,0.20959042464196,Total GHG
SLE,Sierra Leone,1976,2.4101087920192,Total GHG
SLV,El Salvador,1976,6.389414522299,Total GHG
SOM,Somalia,1976,19.752643617224,Total GHG
SPM,Saint Pierre and Miquelon,1976,0.049156023897214,Total GHG
STP,São Tomé and Príncipe,1976,0.039510777829768,Total GHG
SUR,Suriname,1976,1.8376725382937,Total GHG
SVK,Slovakia,1976,61.492566672982,Total GHG
SVN,Slovenia,1976,16.190149233489,Total GHG
SWE,Sweden,1976,111.3762862715,Total GHG
SWZ,Eswatini,1976,2.1938169823084,Total GHG
SYC,Seychelles,1976,0.16457517645264,Total GHG
SYR,Syria,1976,25.540745487098,Total GHG
TCA,Turks and Caicos Islands,1976,0.0055906439168026,Total GHG
TCD,Chad,1976,7.6649327401474,Total GHG
TGO,Togo,1976,1.9542437855185,Total GHG
THA,Thailand,1976,96.988867948631,Total GHG
TJK,Tajikistan,1976,17.672381567874,Total GHG
TKM,Turkmenistan,1976,36.28758084929,Total GHG
TLS,Timor-Leste,1976,0.54682509222933,Total GHG
TON,Tonga,1976,0.098365776666312,Total GHG
TTO,Trinidad and Tobago,1976,10.045202622205,Total GHG
TUN,Tunisia,1976,12.958382938513,Total GHG
TUR,Türkiye,1976,141.06822214996,Total GHG
TWN,Taiwan,1976,74.165766466102,Total GHG
TZA,Tanzania,1976,21.399907919793,Total GHG
UGA,Uganda,1976,12.972258099557,Total GHG
UKR,Ukraine,1976,763.41313161541,Total GHG
URY,Uruguay,1976,31.356942419888,Total GHG
USA,United States,1976,6043.950500396,Total GHG
UZB,Uzbekistan,1976,101.2231719515,Total GHG
VCT,Saint Vincent and the Grenadines,1976,0.053855345942597,Total GHG
VEN,Venezuela,1976,110.18178293022,Total GHG
VGB,British Virgin Islands,1976,0.019255159414664,Total GHG
VNM,Viet Nam,1976,64.477414797905,Total GHG
VUT,Vanuatu,1976,0.4006086736084,Total GHG
WSM,Samoa,1976,0.1898777172614,Total GHG
YEM,Yemen,1976,6.8168412931499,Total GHG
ZAF,South Africa,1976,310.34425631587,Total GHG
ZMB,Zambia,1976,12.313368486247,Total GHG
ZWE,Zimbabwe,1976,24.095016900845,Total GHG
,,1976,,Total GHG
EU27,EU27,1976,5103.7985842273,Total GHG
,,1976,,Total GHG
GLOBAL TOTAL,GLOBAL TOTAL,1976,26585.873374706,Total GHG
ABW,Aruba,1977,0.081045396590921,Total GHG
AFG,Afghanistan,1977,16.187782745786,Total GHG
AGO,Angola,1977,23.132615150596,Total GHG
AIA,Anguilla,1977,0.004052564500436,Total GHG
ALB,Albania,1977,10.216358036622,Total GHG
ANT,Curaçao,1977,11.392973622239,Total GHG
ARE,United Arab Emirates,1977,65.392842333725,Total GHG
ARG,Argentina,1977,257.13517088771,Total GHG
ARM,Armenia,1977,17.966635576593,Total GHG
ATG,Antigua and Barbuda,1977,0.20030133675069,Total GHG
AUS,Australia,1977,374.81166064544,Total GHG
AUT,Austria,1977,78.809775897991,Total GHG
AZE,Azerbaijan,1977,44.804300933543,Total GHG
BDI,Burundi,1977,2.3960620023353,Total GHG
BEL,Belgium,1977,163.9738670097,Total GHG
BEN,Benin,1977,2.9466036536769,Total GHG
BFA,Burkina Faso,1977,6.3738316446275,Total GHG
BGD,Bangladesh,1977,56.807555496952,Total GHG
BGR,Bulgaria,1977,105.09791624974,Total GHG
BHR,Bahrain,1977,24.099307775919,Total GHG
BHS,Bahamas,1977,1.6578375445103,Total GHG
BIH,Bosnia and Herzegovina,1977,19.864863281679,Total GHG
BLR,Belarus,1977,127.4336407022,Total GHG
BLZ,Belize,1977,0.31002046464247,Total GHG
BMU,Bermuda,1977,0.20915566491742,Total GHG
BOL,Bolivia,1977,31.689369245866,Total GHG
BRA,Brazil,1977,492.90922665663,Total GHG
BRB,Barbados,1977,0.70752075958096,Total GHG
BRN,Brunei,1977,5.2053799321406,Total GHG
BTN,Bhutan,1977,0.62741154680083,Total GHG
BWA,Botswana,1977,6.871503303737,Total GHG
CAF,Central African Republic,1977,2.2129616365287,Total GHG
CAN,Canada,1977,559.14549937366,Total GHG
CHE,Switzerland and Liechtenstein,1977,52.402726641808,Total GHG
CHL,Chile,1977,45.51078545568,Total GHG
CHN,China,1977,2337.5533879962,Total GHG
CIV,Côte d’Ivoire,1977,8.2713121623943,Total GHG
CMR,Cameroon,1977,9.7764988658935,Total GHG
COD,Democratic Republic of the Congo,1977,15.592771889527,Total GHG
COG,Congo,1977,4.8503756031576,Total GHG
COK,Cook Islands,1977,0.041944605777622,Total GHG
COL,Colombia,1977,102.3835222463,Total GHG
COM,Comoros,1977,0.2295178638518,Total GHG
CPV,Cabo Verde,1977,0.26072671307773,Total GHG
CRI,Costa Rica,1977,8.2429426700843,Total GHG
CUB,Cuba,1977,49.439629474422,Total GHG
CYM,Cayman Islands,1977,0.065764355036828,Total GHG
CYP,Cyprus,1977,3.4448476220867,Total GHG
CZE,Czechia,1977,228.44908704184,Total GHG
DEU,Germany,1977,1337.8385121504,Total GHG
DJI,Djibouti,1977,1.2965141034156,Total GHG
DMA,Dominica,1977,0.044226204916424,Total GHG
DNK,Denmark,1977,81.09656551931,Total GHG
DOM,Dominican Republic,1977,13.165084234301,Total GHG
DZA,Algeria,1977,103.38249772793,Total GHG
ECU,Ecuador,1977,22.29598103045,Total GHG
EGY,Egypt,1977,77.011500075394,Total GHG
ERI,Eritrea,1977,3.9957276554829,Total GHG
ESH,Western Sahara,1977,0.28495734914912,Total GHG
ESP,Spain and Andorra,1977,245.41973272016,Total GHG
EST,Estonia,1977,40.536357311197,Total GHG
ETH,Ethiopia,1977,54.866597288018,Total GHG
FIN,Finland,1977,66.956748092061,Total GHG
FJI,Fiji,1977,1.765251498954,Total GHG
FLK,Falkland Islands,1977,0.15211711156475,Total GHG
FRA,France and Monaco,1977,665.65324400044,Total GHG
FRO,Faroes,1977,0.089613969529581,Total GHG
GAB,Gabon,1977,17.399560659447,Total GHG
GBR,United Kingdom,1977,837.72616102916,Total GHG
GEO,Georgia,1977,37.084932878469,Total GHG
GHA,Ghana,1977,8.4864256951845,Total GHG
GIB,Gibraltar,1977,0.072526729769798,Total GHG
GIN,Guinea,1977,4.9057105848964,Total GHG
GLP,Guadeloupe,1977,0.49403152358297,Total GHG
GMB,The Gambia,1977,0.67404913212567,Total GHG
GNB,Guinea-Bissau,1977,0.94168493471927,Total GHG
GNQ,Equatorial Guinea,1977,0.12300399372944,Total GHG
GRC,Greece,1977,66.639627361416,Total GHG
GRD,Grenada,1977,0.058103353922329,Total GHG
GRL,Greenland,1977,0.054819601315144,Total GHG
GTM,Guatemala,1977,10.451012995609,Total GHG
GUF,French Guiana,1977,0.14408251496145,Total GHG
GUY,Guyana,1977,3.7139515335956,Total GHG
HKG,Hong Kong,1977,17.908009664245,Total GHG
HND,Honduras,1977,6.4720803170867,Total GHG
HRV,Croatia,1977,28.227194311739,Total GHG
HTI,Haiti,1977,6.6445576300151,Total GHG
HUN,Hungary,1977,114.23978764459,Total GHG
IDN,Indonesia,1977,206.48905417599,Total GHG
IND,India,1977,858.75495407783,Total GHG
IRL,Ireland,1977,48.725722131818,Total GHG
IRN,Iran,1977,320.85526229329,Total GHG
IRQ,Iraq,1977,149.76023167183,Total GHG
ISL,Iceland,1977,4.2877234247007,Total GHG
ISR,"Israel and Palestine, State of",1977,24.202384001182,Total GHG
ITA,"Italy, San Marino and the Holy See",1977,445.6691855231,Total GHG
JAM,Jamaica,1977,8.4602241066735,Total GHG
JOR,Jordan,1977,4.9660333905791,Total GHG
JPN,Japan,1977,1137.1913628216,Total GHG
KAZ,Kazakhstan,1977,323.3461287157,Total GHG
KEN,Kenya,1977,26.140973346127,Total GHG
KGZ,Kyrgyzstan,1977,29.019207857756,Total GHG
KHM,Cambodia,1977,6.3675503077719,Total GHG
KIR,Kiribati,1977,0.037290974951381,Total GHG
KNA,Saint Kitts and Nevis,1977,0.066442147693934,Total GHG
KOR,South Korea,1977,153.66804891808,Total GHG
KWT,Kuwait,1977,54.819195697951,Total GHG
LAO,Laos,1977,4.2894057645204,Total GHG
LBN,Lebanon,1977,6.8183681066548,Total GHG
LBR,Liberia,1977,2.0460767870126,Total GHG
LBY,Libya,1977,98.996372866186,Total GHG
LCA,Saint Lucia,1977,0.094414236849666,Total GHG
LKA,Sri Lanka,1977,10.966215135028,Total GHG
LSO,Lesotho,1977,1.6965744820671,Total GHG
LTU,Lithuania,1977,41.491999520346,Total GHG
LUX,Luxembourg,1977,15.167120235734,Total GHG
LVA,Latvia,1977,23.370971302354,Total GHG
MAC,Macao,1977,0.43919015290213,Total GHG
MAR,Morocco,1977,28.96121235698,Total GHG
MDA,Moldova,1977,30.924119068398,Total GHG
MDG,Madagascar,1977,19.403522889472,Total GHG
MDV,Maldives,1977,0.033185459363244,Total GHG
MEX,Mexico,1977,291.33666335132,Total GHG
MKD,North Macedonia,1977,12.198449176999,Total GHG
MLI,Mali,1977,9.5157448366264,Total GHG
MLT,Malta,1977,0.96276868805766,Total GHG
MMR,Myanmar/Burma,1977,55.035571405096,Total GHG
MNG,Mongolia,1977,23.010254603087,Total GHG
MOZ,Mozambique,1977,8.5264102511297,Total GHG
MRT,Mauritania,1977,4.8523345974859,Total GHG
MTQ,Martinique,1977,0.45167513950397,Total GHG
MUS,Mauritius,1977,1.1832967563754,Total GHG
MWI,Malawi,1977,2.9547080113924,Total GHG
MYS,Malaysia,1977,33.341631051793,Total GHG
NAM,Namibia,1977,6.3276656884192,Total GHG
NCL,New Caledonia,1977,1.7355871935479,Total GHG
NER,Niger,1977,11.245026717658,Total GHG
NGA,Nigeria,1977,260.75089051456,Total GHG
NIC,Nicaragua,1977,9.9814261601973,Total GHG
NLD,Netherlands,1977,204.48300943845,Total GHG
NOR,Norway,1977,60.081438395239,Total GHG
NPL,Nepal,1977,18.551542100819,Total GHG
NZL,New Zealand,1977,65.075457337451,Total GHG
OMN,Oman,1977,37.84161020727,Total GHG
PAK,Pakistan,1977,103.89837027265,Total GHG
PAN,Panama,1977,7.046151683954,Total GHG
PER,Peru,1977,41.385773151748,Total GHG
PHL,Philippines,1977,77.21957744408,Total GHG
PLW,Palau,1977,2.1668813992072,Total GHG
PNG,Papua New Guinea,1977,3.3899938738432,Total GHG
POL,Poland,1977,620.70685453959,Total GHG
PRI,Puerto Rico,1977,49.301116927886,Total GHG
PRK,North Korea,1977,122.72357354542,Total GHG
PRT,Portugal,1977,36.51321942143,Total GHG
PRY,Paraguay,1977,14.521810970356,Total GHG
PYF,French Polynesia,1977,0.24647260235413,Total GHG
QAT,Qatar,1977,26.013664818617,Total GHG
REU,Réunion,1977,0.63596180051194,Total GHG
ROU,Romania,1977,241.55953903361,Total GHG
RUS,Russia,1977,2218.8439674699,Total GHG
RWA,Rwanda,1977,4.8493631700184,Total GHG
SAU,Saudi Arabia,1977,188.79679780266,Total GHG
SCG,Serbia and Montenegro,1977,59.322906807203,Total GHG
SDN,Sudan and South Sudan,1977,45.888354045273,Total GHG
SEN,Senegal,1977,8.1146679059336,Total GHG
SGP,Singapore,1977,13.815016570324,Total GHG
SHN,"Saint Helena, Ascension and Tristan da Cunha",1977,0.0067657033175964,Total GHG
SLB,Solomon Islands,1977,0.22282344118194,Total GHG
SLE,Sierra Leone,1977,2.4624681712892,Total GHG
SLV,El Salvador,1977,6.8155495241409,Total GHG
SOM,Somalia,1977,21.073432041578,Total GHG
SPM,Saint Pierre and Miquelon,1977,0.05379890331616,Total GHG
STP,São Tomé and Príncipe,1977,0.039968074301611,Total GHG
SUR,Suriname,1977,1.9987291102535,Total GHG
SVK,Slovakia,1977,63.700718965737,Total GHG
SVN,Slovenia,1977,17.22643497014,Total GHG
SWE,Sweden,1977,107.38826968087,Total GHG
SWZ,Eswatini,1977,2.1603564348616,Total GHG
SYC,Seychelles,1977,0.16952063819255,Total GHG
SYR,Syria,1977,25.997177621851,Total GHG
TCA,Turks and Caicos Islands,1977,0.0060528802089666,Total GHG
TCD,Chad,1977,8.3189036058389,Total GHG
TGO,Togo,1977,2.0777492844108,Total GHG
THA,Thailand,1977,101.32724488433,Total GHG
TJK,Tajikistan,1977,18.044320588953,Total GHG
TKM,Turkmenistan,1977,37.530126684152,Total GHG
TLS,Timor-Leste,1977,0.47463332489625,Total GHG
TON,Tonga,1977,0.10815316136688,Total GHG
TTO,Trinidad and Tobago,1977,10.951792717414,Total GHG
TUN,Tunisia,1977,14.054253804364,Total GHG
TUR,Türkiye,1977,150.78245599313,Total GHG
TWN,Taiwan,1977,78.322027060271,Total GHG
TZA,Tanzania,1977,21.933315480905,Total GHG
UGA,Uganda,1977,12.936107683221,Total GHG
UKR,Ukraine,1977,776.85062731611,Total GHG
URY,Uruguay,1977,30.99087747142,Total GHG
USA,United States,1977,6199.7839023629,Total GHG
UZB,Uzbekistan,1977,104.61942086272,Total GHG
VCT,Saint Vincent and the Grenadines,1977,0.056269432007509,Total GHG
VEN,Venezuela,1977,113.35933675516,Total GHG
VGB,British Virgin Islands,1977,0.020269477417998,Total GHG
VNM,Viet Nam,1977,66.276055346948,Total GHG
VUT,Vanuatu,1977,0.39586012804667,Total GHG
WSM,Samoa,1977,0.19504748431437,Total GHG
YEM,Yemen,1977,6.9385173571394,Total GHG
ZAF,South Africa,1977,312.57877230165,Total GHG
ZMB,Zambia,1977,12.059703168512,Total GHG
ZWE,Zimbabwe,1977,23.302582883964,Total GHG
,,1977,,Total GHG
EU27,EU27,1977,5093.3490763839,Total GHG
,,1977,,Total GHG
GLOBAL TOTAL,GLOBAL TOTAL,1977,27272.383081009,Total GHG
ABW,Aruba,1978,0.085917158385903,Total GHG
AFG,Afghanistan,1978,15.833413130475,Total GHG
AGO,Angola,1978,25.307983693772,Total GHG
AIA,Anguilla,1978,0.0044495516984036,Total GHG
ALB,Albania,1978,11.240298116591,Total GHG
ANT,Curaçao,1978,9.6800372927617,Total GHG
ARE,United Arab Emirates,1978,70.912594685163,Total GHG
ARG,Argentina,1978,249.82518974752,Total GHG
ARM,Armenia,1978,18.653523463776,Total GHG
ATG,Antigua and Barbuda,1978,0.20528710045565,Total GHG
AUS,Australia,1978,365.74205125789,Total GHG
AUT,Austria,1978,80.822173833009,Total GHG
AZE,Azerbaijan,1978,46.928439059885,Total GHG
BDI,Burundi,1978,2.4284996034042,Total GHG
BEL,Belgium,1978,168.23526986799,Total GHG
BEN,Benin,1978,3.0420735592414,Total GHG
BFA,Burkina Faso,1978,6.6135327945274,Total GHG
BGD,Bangladesh,1978,60.916170534403,Total GHG
BGR,Bulgaria,1978,111.25421097973,Total GHG
BHR,Bahrain,1978,23.87627244437,Total GHG
BHS,Bahamas,1978,1.6819937127668,Total GHG
BIH,Bosnia and Herzegovina,1978,20.663389972831,Total GHG
BLR,Belarus,1978,131.62979538122,Total GHG
BLZ,Belize,1978,0.31406574624626,Total GHG
BMU,Bermuda,1978,0.20937571602169,Total GHG
BOL,Bolivia,1978,32.807832219682,Total GHG
BRA,Brazil,1978,506.69881960625,Total GHG
BRB,Barbados,1978,0.71124590943622,Total GHG
BRN,Brunei,1978,5.3182599607774,Total GHG
BTN,Bhutan,1978,0.65132693784697,Total GHG
BWA,Botswana,1978,6.6264926079361,Total GHG
CAF,Central African Republic,1978,2.4436798256627,Total GHG
CAN,Canada,1978,565.93765680553,Total GHG
CHE,Switzerland and Liechtenstein,1978,53.70426821115,Total GHG
CHL,Chile,1978,46.065206603387,Total GHG
CHN,China,1978,2548.3540029768,Total GHG
CIV,Côte d’Ivoire,1978,9.0424214141833,Total GHG
CMR,Cameroon,1978,10.647083218994,Total GHG
COD,Democratic Republic of the Congo,1978,14.917488165539,Total GHG
COG,Congo,1978,4.4578097713171,Total GHG
COK,Cook Islands,1978,0.041901226665623,Total GHG
COL,Colombia,1978,106.07027579595,Total GHG
COM,Comoros,1978,0.23513400911042,Total GHG
CPV,Cabo Verde,1978,0.2664586183449,Total GHG
CRI,Costa Rica,1978,8.6632851150302,Total GHG
CUB,Cuba,1978,52.167971506447,Total GHG
CYM,Cayman Islands,1978,0.068687195098718,Total GHG
CYP,Cyprus,1978,3.5853569503632,Total GHG
CZE,Czechia,1978,226.52639250556,Total GHG
DEU,Germany,1978,1379.5641399344,Total GHG
DJI,Djibouti,1978,1.3401997076358,Total GHG
DMA,Dominica,1978,0.045643579596333,Total GHG
DNK,Denmark,1978,81.042298714923,Total GHG
DOM,Dominican Republic,1978,13.157314888639,Total GHG
DZA,Algeria,1978,112.01387977179,Total GHG
ECU,Ecuador,1978,23.84326317019,Total GHG
EGY,Egypt,1978,80.072673499353,Total GHG
ERI,Eritrea,1978,4.053521665725,Total GHG
ESH,Western Sahara,1978,0.28957523199596,Total GHG
ESP,Spain and Andorra,1978,246.08977322661,Total GHG
EST,Estonia,1978,42.957306192084,Total GHG
ETH,Ethiopia,1978,55.431401150643,Total GHG
FIN,Finland,1978,74.035498710793,Total GHG
FJI,Fiji,1978,1.7549625073875,Total GHG
FLK,Falkland Islands,1978,0.15357455981301,Total GHG
FRA,France and Monaco,1978,683.17961808491,Total GHG
FRO,Faroes,1978,0.089391256747931,Total GHG
GAB,Gabon,1978,17.373415597832,Total GHG
GBR,United Kingdom,1978,835.78176194358,Total GHG
GEO,Georgia,1978,37.964276266743,Total GHG
GHA,Ghana,1978,8.2962752300043,Total GHG
GIB,Gibraltar,1978,0.069364217747535,Total GHG
GIN,Guinea,1978,4.9513068088748,Total GHG
GLP,Guadeloupe,1978,0.50451655785278,Total GHG
GMB,The Gambia,1978,0.70785350249681,Total GHG
GNB,Guinea-Bissau,1978,0.92200312505928,Total GHG
GNQ,Equatorial Guinea,1978,0.15904615255554,Total GHG
GRC,Greece,1978,69.560632736123,Total GHG
GRD,Grenada,1978,0.059599010129574,Total GHG
GRL,Greenland,1978,0.055708228253768,Total GHG
GTM,Guatemala,1978,11.054652975693,Total GHG
GUF,French Guiana,1978,0.14632639480282,Total GHG
GUY,Guyana,1978,3.4954944033054,Total GHG
HKG,Hong Kong,1978,19.069035437914,Total GHG
HND,Honduras,1978,6.5835307288366,Total GHG
HRV,Croatia,1978,29.764201610298,Total GHG
HTI,Haiti,1978,6.8471422412901,Total GHG
HUN,Hungary,1978,123.27822250339,Total GHG
IDN,Indonesia,1978,222.58246766094,Total GHG
IND,India,1978,863.22999082788,Total GHG
IRL,Ireland,1978,48.992281221185,Total GHG
IRN,Iran,1978,307.64461697587,Total GHG
IRQ,Iraq,1978,163.73703096731,Total GHG
ISL,Iceland,1978,4.4139607527499,Total GHG
ISR,"Israel and Palestine, State of",1978,25.492969681357,Total GHG
ITA,"Italy, San Marino and the Holy See",1978,455.7318589289,Total GHG
JAM,Jamaica,1978,8.6227995462669,Total GHG
JOR,Jordan,1978,5.8541512609768,Total GHG
JPN,Japan,1978,1134.3743236127,Total GHG
KAZ,Kazakhstan,1978,337.07172519704,Total GHG
KEN,Kenya,1978,27.754594513795,Total GHG
KGZ,Kyrgyzstan,1978,30.156840612226,Total GHG
KHM,Cambodia,1978,6.1599784626063,Total GHG
KIR,Kiribati,1978,0.037403157545768,Total GHG
KNA,Saint Kitts and Nevis,1978,0.066491905302708,Total GHG
KOR,South Korea,1978,161.91896477938,Total GHG
KWT,Kuwait,1978,61.50107206869,Total GHG
LAO,Laos,1978,4.4673497964896,Total GHG
LBN,Lebanon,1978,8.1037246907619,Total GHG
LBR,Liberia,1978,2.0791179123528,Total GHG
LBY,Libya,1978,97.992399721476,Total GHG
LCA,Saint Lucia,1978,0.096419783163334,Total GHG
LKA,Sri Lanka,1978,11.552402397778,Total GHG
LSO,Lesotho,1978,1.7176731098594,Total GHG
LTU,Lithuania,1978,42.796682658068,Total GHG
LUX,Luxembourg,1978,16.3752842294,Total GHG
LVA,Latvia,1978,24.14427765558,Total GHG
MAC,Macao,1978,0.43589004657949,Total GHG
MAR,Morocco,1978,30.668189896693,Total GHG
MDA,Moldova,1978,32.043206072313,Total GHG
MDG,Madagascar,1978,20.661063006619,Total GHG
MDV,Maldives,1978,0.034635886598426,Total GHG
MEX,Mexico,1978,316.59844884771,Total GHG
MKD,North Macedonia,1978,11.888656540944,Total GHG
MLI,Mali,1978,10.139813261571,Total GHG
MLT,Malta,1978,1.0960137256277,Total GHG
MMR,Myanmar/Burma,1978,57.542336354713,Total GHG
MNG,Mongolia,1978,23.415964573116,Total GHG
MOZ,Mozambique,1978,8.1594759273501,Total GHG
MRT,Mauritania,1978,4.946006998239,Total GHG
MTQ,Martinique,1978,0.45468279663904,Total GHG
MUS,Mauritius,1978,1.1947513679096,Total GHG
MWI,Malawi,1978,3.0228744683307,Total GHG
MYS,Malaysia,1978,39.746818722168,Total GHG
NAM,Namibia,1978,6.3830003578942,Total GHG
NCL,New Caledonia,1978,1.7587713565451,Total GHG
NER,Niger,1978,11.653638113089,Total GHG
NGA,Nigeria,1978,250.11249758308,Total GHG
NIC,Nicaragua,1978,9.7082879211473,Total GHG
NLD,Netherlands,1978,210.27394288757,Total GHG
NOR,Norway,1978,58.911469972728,Total GHG
NPL,Nepal,1978,18.947378226338,Total GHG
NZL,New Zealand,1978,64.993815855949,Total GHG
OMN,Oman,1978,32.278605297241,Total GHG
PAK,Pakistan,1978,108.22421518497,Total GHG
PAN,Panama,1978,6.9171912079435,Total GHG
PER,Peru,1978,42.583218386572,Total GHG
PHL,Philippines,1978,79.403526770045,Total GHG
PLW,Palau,1978,2.1669332927545,Total GHG
PNG,Papua New Guinea,1978,3.4007660520918,Total GHG
POL,Poland,1978,656.39803324086,Total GHG
PRI,Puerto Rico,1978,49.901475809097,Total GHG
PRK,North Korea,1978,131.40307789108,Total GHG
PRT,Portugal,1978,38.533337878929,Total GHG
PRY,Paraguay,1978,14.787031586058,Total GHG
PYF,French Polynesia,1978,0.24653181173915,Total GHG
QAT,Qatar,1978,28.959079702279,Total GHG
REU,Réunion,1978,0.61959472018309,Total GHG
ROU,Romania,1978,258.53435309082,Total GHG
RUS,Russia,1978,2349.1473678017,Total GHG
RWA,Rwanda,1978,4.9562246023442,Total GHG
SAU,Saudi Arabia,1978,193.05150342156,Total GHG
SCG,Serbia and Montenegro,1978,62.36785155792,Total GHG
SDN,Sudan and South Sudan,1978,46.889920234735,Total GHG
SEN,Senegal,1978,8.3013971032597,Total GHG
SGP,Singapore,1978,15.380061682779,Total GHG
SHN,"Saint Helena, Ascension and Tristan da Cunha",1978,0.0065225253795771,Total GHG
SLB,Solomon Islands,1978,0.22919572283599,Total GHG
SLE,Sierra Leone,1978,2.523572898523,Total GHG
SLV,El Salvador,1978,7.1986148837378,Total GHG
SOM,Somalia,1978,22.655139342041,Total GHG
SPM,Saint Pierre and Miquelon,1978,0.053800485428719,Total GHG
STP,São Tomé and Príncipe,1978,0.040689732588501,Total GHG
SUR,Suriname,1978,2.147136692092,Total GHG
SVK,Slovakia,1978,70.361497946887,Total GHG
SVN,Slovenia,1978,18.127364667878,Total GHG
SWE,Sweden,1978,102.14616417552,Total GHG
SWZ,Eswatini,1978,2.5718195415782,Total GHG
SYC,Seychelles,1978,0.17347043715722,Total GHG
SYR,Syria,1978,27.397789820755,Total GHG
TCA,Turks and Caicos Islands,1978,0.0060998095361899,Total GHG
TCD,Chad,1978,8.596109883656,Total GHG
TGO,Togo,1978,2.1572204461529,Total GHG
THA,Thailand,1978,108.14059337011,Total GHG
TJK,Tajikistan,1978,18.471551011868,Total GHG
TKM,Turkmenistan,1978,39.626370556413,Total GHG
TLS,Timor-Leste,1978,0.4186840140719,Total GHG
TON,Tonga,1978,0.12577200625716,Total GHG
TTO,Trinidad and Tobago,1978,11.334304695174,Total GHG
TUN,Tunisia,1978,14.756515265114,Total GHG
TUR,Türkiye,1978,150.59638046427,Total GHG
TWN,Taiwan,1978,86.291276171932,Total GHG
TZA,Tanzania,1978,22.586432359874,Total GHG
UGA,Uganda,1978,13.490290447368,Total GHG
UKR,Ukraine,1978,821.43642824401,Total GHG
URY,Uruguay,1978,31.354568491082,Total GHG
USA,United States,1978,6193.9773655608,Total GHG
UZB,Uzbekistan,1978,109.33481105151,Total GHG
VCT,Saint Vincent and the Grenadines,1978,0.057115330542739,Total GHG
VEN,Venezuela,1978,119.32595202755,Total GHG
VGB,British Virgin Islands,1978,0.020098336198846,Total GHG
VNM,Viet Nam,1978,65.091732039726,Total GHG
VUT,Vanuatu,1978,0.38563848154306,Total GHG
WSM,Samoa,1978,0.1968288813698,Total GHG
YEM,Yemen,1978,7.273236579916,Total GHG
ZAF,South Africa,1978,292.17942362119,Total GHG
ZMB,Zambia,1978,11.876726729171,Total GHG
ZWE,Zimbabwe,1978,22.279352005627,Total GHG
,,1978,,Total GHG
EU27,EU27,1978,5263.4061881574,Total GHG
,,1978,,Total GHG
GLOBAL TOTAL,GLOBAL TOTAL,1978,27997.100227568,Total GHG
ABW,Aruba,1979,0.089932496376556,Total GHG
AFG,Afghanistan,1979,15.72380999277,Total GHG
AGO,Angola,1979,25.833948102705,Total GHG
AIA,Anguilla,1979,0.0047824950800024,Total GHG
ALB,Albania,1979,12.396616786123,Total GHG
ANT,Curaçao,1979,9.5753811572272,Total GHG
ARE,United Arab Emirates,1979,56.386016771071,Total GHG
ARG,Argentina,1979,255.67988578956,Total GHG
ARM,Armenia,1979,19.305247149897,Total GHG
ATG,Antigua and Barbuda,1979,0.21072653587923,Total GHG
AUS,Australia,1979,369.74971369167,Total GHG
AUT,Austria,1979,83.513603259505,Total GHG
AZE,Azerbaijan,1979,48.480608198058,Total GHG
BDI,Burundi,1979,2.5045907094245,Total GHG
BEL,Belgium,1979,177.54016089536,Total GHG
BEN,Benin,1979,3.1623107294807,Total GHG
BFA,Burkina Faso,1979,6.916216758674,Total GHG
BGD,Bangladesh,1979,63.550828382558,Total GHG
BGR,Bulgaria,1979,115.21345139817,Total GHG
BHR,Bahrain,1979,24.692229627773,Total GHG
BHS,Bahamas,1979,1.7312744901804,Total GHG
BIH,Bosnia and Herzegovina,1979,21.394445536314,Total GHG
BLR,Belarus,1979,135.17645450395,Total GHG
BLZ,Belize,1979,0.31572085556753,Total GHG
BMU,Bermuda,1979,0.20767702447379,Total GHG
BOL,Bolivia,1979,30.787525973142,Total GHG
BRA,Brazil,1979,530.30618550953,Total GHG
BRB,Barbados,1979,0.71479405758855,Total GHG
BRN,Brunei,1979,5.1211962137668,Total GHG
BTN,Bhutan,1979,0.66897532103659,Total GHG
BWA,Botswana,1979,6.7095552335774,Total GHG
CAF,Central African Republic,1979,3.0375372440862,Total GHG
CAN,Canada,1979,580.51421719832,Total GHG
CHE,Switzerland and Liechtenstein,1979,52.508153959317,Total GHG
CHL,Chile,1979,48.786264801081,Total GHG
CHN,China,1979,2606.6059710854,Total GHG
CIV,Côte d’Ivoire,1979,8.9114275037142,Total GHG
CMR,Cameroon,1979,12.904494629747,Total GHG
COD,Democratic Republic of the Congo,1979,15.974120889723,Total GHG
COG,Congo,1979,4.6081414437411,Total GHG
COK,Cook Islands,1979,0.042569347741897,Total GHG
COL,Colombia,1979,106.60672010271,Total GHG
COM,Comoros,1979,0.24106470885238,Total GHG
CPV,Cabo Verde,1979,0.29771345876094,Total GHG
CRI,Costa Rica,1979,8.8746183312164,Total GHG
CUB,Cuba,1979,53.207233098882,Total GHG
CYM,Cayman Islands,1979,0.070866976175157,Total GHG
CYP,Cyprus,1979,3.782626296865,Total GHG
CZE,Czechia,1979,236.92220076714,Total GHG
DEU,Germany,1979,1433.0430014111,Total GHG
DJI,Djibouti,1979,1.4965164851253001,Total GHG
DMA,Dominica,1979,0.047173232829798,Total GHG
DNK,Denmark,1979,84.151210113681,Total GHG
DOM,Dominican Republic,1979,13.811449438863,Total GHG
DZA,Algeria,1979,113.44893606847,Total GHG
ECU,Ecuador,1979,25.298286849173,Total GHG
EGY,Egypt,1979,84.062650212114,Total GHG
ERI,Eritrea,1979,4.1269195066065,Total GHG
ESH,Western Sahara,1979,0.30784834688625,Total GHG
ESP,Spain and Andorra,1979,258.8852434679,Total GHG
EST,Estonia,1979,44.486383145074,Total GHG
ETH,Ethiopia,1979,55.942452358414,Total GHG
FIN,Finland,1979,74.213153446237,Total GHG
FJI,Fiji,1979,1.8865949054362,Total GHG
FLK,Falkland Islands,1979,0.1540334067223,Total GHG
FRA,France and Monaco,1979,692.00372067333,Total GHG
FRO,Faroes,1979,0.088826376605606,Total GHG
GAB,Gabon,1979,16.475471703238,Total GHG
GBR,United Kingdom,1979,875.8532769947,Total GHG
GEO,Georgia,1979,39.142617387917,Total GHG
GHA,Ghana,1979,8.3808256968173,Total GHG
GIB,Gibraltar,1979,0.092316629689989,Total GHG
GIN,Guinea,1979,5.0800181597494,Total GHG
GLP,Guadeloupe,1979,0.50780594279616,Total GHG
GMB,The Gambia,1979,0.7243694551591,Total GHG
GNB,Guinea-Bissau,1979,0.9595648677384,Total GHG
GNQ,Equatorial Guinea,1979,0.15702924011576,Total GHG
GRC,Greece,1979,72.964824659563,Total GHG
GRD,Grenada,1979,0.059114290606793,Total GHG
GRL,Greenland,1979,0.055980637852071,Total GHG
GTM,Guatemala,1979,11.771466132753,Total GHG
GUF,French Guiana,1979,0.14790907342824,Total GHG
GUY,Guyana,1979,3.1225738791156,Total GHG
HKG,Hong Kong,1979,18.190657297491,Total GHG
HND,Honduras,1979,6.761306483348,Total GHG
HRV,Croatia,1979,30.985785629342,Total GHG
HTI,Haiti,1979,6.9242928748703,Total GHG
HUN,Hungary,1979,122.17841554098,Total GHG
IDN,Indonesia,1979,230.03431965571,Total GHG
IND,India,1979,888.53016335874,Total GHG
IRL,Ireland,1979,53.435173605177,Total GHG
IRN,Iran,1979,248.98074907192,Total GHG
IRQ,Iraq,1979,212.53924576515,Total GHG
ISL,Iceland,1979,4.4604658087404,Total GHG
ISR,"Israel and Palestine, State of",1979,25.933147960266,Total GHG
ITA,"Italy, San Marino and the Holy See",1979,472.56608766766,Total GHG
JAM,Jamaica,1979,8.3439033045101,Total GHG
JOR,Jordan,1979,6.2547666215341,Total GHG
JPN,Japan,1979,1161.2865472587,Total GHG
KAZ,Kazakhstan,1979,341.57162029195,Total GHG
KEN,Kenya,1979,29.544158233129,Total GHG
KGZ,Kyrgyzstan,1979,30.79766890093,Total GHG
KHM,Cambodia,1979,5.6067328832094,Total GHG
KIR,Kiribati,1979,0.039666796200157,Total GHG
KNA,Saint Kitts and Nevis,1979,0.066308034131276,Total GHG
KOR,South Korea,1979,179.32703574236,Total GHG
KWT,Kuwait,1979,71.557020936463,Total GHG
LAO,Laos,1979,4.9059229408046,Total GHG
LBN,Lebanon,1979,8.9567582358748,Total GHG
LBR,Liberia,1979,2.3340516400976,Total GHG
LBY,Libya,1979,105.28583396692,Total GHG
LCA,Saint Lucia,1979,0.097965789770753,Total GHG
LKA,Sri Lanka,1979,12.086614206942,Total GHG
LSO,Lesotho,1979,1.7965499781405,Total GHG
LTU,Lithuania,1979,43.898457700564,Total GHG
LUX,Luxembourg,1979,15.565452493064,Total GHG
LVA,Latvia,1979,24.7109037444,Total GHG
MAC,Macao,1979,0.46758790249883,Total GHG
MAR,Morocco,1979,31.898671922574,Total GHG
MDA,Moldova,1979,32.764933373499,Total GHG
MDG,Madagascar,1979,20.811145513555,Total GHG
MDV,Maldives,1979,0.037040276223544,Total GHG
MEX,Mexico,1979,332.2038776027,Total GHG
MKD,North Macedonia,1979,13.055471522683,Total GHG
MLI,Mali,1979,10.826275352875,Total GHG
MLT,Malta,1979,1.0719427663321,Total GHG
MMR,Myanmar/Burma,1979,56.824242763573,Total GHG
MNG,Mongolia,1979,24.278623445933,Total GHG
MOZ,Mozambique,1979,8.0950629740637,Total GHG
MRT,Mauritania,1979,5.1157929405889,Total GHG
MTQ,Martinique,1979,0.45618085760251,Total GHG
MUS,Mauritius,1979,1.2046157171768,Total GHG
MWI,Malawi,1979,3.0578025860755,Total GHG
MYS,Malaysia,1979,45.536944731099,Total GHG
NAM,Namibia,1979,6.8086799441409,Total GHG
NCL,New Caledonia,1979,1.852906835404,Total GHG
NER,Niger,1979,12.073976401223,Total GHG
NGA,Nigeria,1979,312.14314212652,Total GHG
NIC,Nicaragua,1979,8.1554405996227,Total GHG
NLD,Netherlands,1979,220.83151329164,Total GHG
NOR,Norway,1979,62.187539525862,Total GHG
NPL,Nepal,1979,19.26036791175,Total GHG
NZL,New Zealand,1979,63.078796477665,Total GHG
OMN,Oman,1979,29.525295050844,Total GHG
PAK,Pakistan,1979,113.0938075821,Total GHG
PAN,Panama,1979,7.2579046411529,Total GHG
PER,Peru,1979,44.557457477363,Total GHG
PHL,Philippines,1979,83.623030678915,Total GHG
PLW,Palau,1979,2.1668678010916,Total GHG
PNG,Papua New Guinea,1979,3.5409032454497,Total GHG
POL,Poland,1979,658.23998716702,Total GHG
PRI,Puerto Rico,1979,42.744557837161,Total GHG
PRK,North Korea,1979,140.98874635548,Total GHG
PRT,Portugal,1979,41.567010907508,Total GHG
PRY,Paraguay,1979,14.524260935101,Total GHG
PYF,French Polynesia,1979,0.26188207272884,Total GHG
QAT,Qatar,1979,28.297598643119,Total GHG
REU,Réunion,1979,0.68287258419484,Total GHG
ROU,Romania,1979,264.0929809175,Total GHG
RUS,Russia,1979,2382.9964029692,Total GHG
RWA,Rwanda,1979,4.7704467649273,Total GHG
SAU,Saudi Arabia,1979,225.6753652915,Total GHG
SCG,Serbia and Montenegro,1979,64.367833787394,Total GHG
SDN,Sudan and South Sudan,1979,49.675596946709,Total GHG
SEN,Senegal,1979,8.3961567152339,Total GHG
SGP,Singapore,1979,16.411663728319,Total GHG
SHN,"Saint Helena, Ascension and Tristan da Cunha",1979,0.0068717470901001,Total GHG
SLB,Solomon Islands,1979,0.23585342188527,Total GHG
SLE,Sierra Leone,1979,2.51627609357,Total GHG
SLV,El Salvador,1979,6.9744973117811,Total GHG
SOM,Somalia,1979,22.696895097803,Total GHG
SPM,Saint Pierre and Miquelon,1979,0.053246481088105,Total GHG
STP,São Tomé and Príncipe,1979,0.043668184952324,Total GHG
SUR,Suriname,1979,2.1503374641711,Total GHG
SVK,Slovakia,1979,71.600240177631,Total GHG
SVN,Slovenia,1979,18.821431744464,Total GHG
SWE,Sweden,1979,105.55469238856,Total GHG
SWZ,Eswatini,1979,2.6253480797272,Total GHG
SYC,Seychelles,1979,0.19617833994889,Total GHG
SYR,Syria,1979,29.911515028479,Total GHG
TCA,Turks and Caicos Islands,1979,0.0061234643518888,Total GHG
TCD,Chad,1979,8.8880663726124,Total GHG
TGO,Togo,1979,2.2076342438778,Total GHG
THA,Thailand,1979,108.82506796269,Total GHG
TJK,Tajikistan,1979,18.917009203165,Total GHG
TKM,Turkmenistan,1979,40.838900947811,Total GHG
TLS,Timor-Leste,1979,0.34367097524164,Total GHG
TON,Tonga,1979,0.12918428576176,Total GHG
TTO,Trinidad and Tobago,1979,11.40705482709,Total GHG
TUN,Tunisia,1979,15.888553204149,Total GHG
TUR,Türkiye,1979,145.39986419703,Total GHG
TWN,Taiwan,1979,90.06499190813,Total GHG
TZA,Tanzania,1979,23.231367430166,Total GHG
UGA,Uganda,1979,13.657651847128,Total GHG
UKR,Ukraine,1979,836.69686174526,Total GHG
URY,Uruguay,1979,33.010609530194,Total GHG
USA,United States,1979,6259.7557668215,Total GHG
UZB,Uzbekistan,1979,112.6856283883,Total GHG
VCT,Saint Vincent and the Grenadines,1979,0.058038639414294,Total GHG
VEN,Venezuela,1979,132.07971424463,Total GHG
VGB,British Virgin Islands,1979,0.020092085003441,Total GHG
VNM,Viet Nam,1979,67.376275804276,Total GHG
VUT,Vanuatu,1979,0.38590197424722,Total GHG
WSM,Samoa,1979,0.20668706061556,Total GHG
YEM,Yemen,1979,7.5512357078441,Total GHG
ZAF,South Africa,1979,302.03104572642,Total GHG
ZMB,Zambia,1979,11.678516052427,Total GHG
ZWE,Zimbabwe,1979,21.655308026599,Total GHG
,,1979,,Total GHG
EU27,EU27,1979,5421.8396552758,Total GHG
,,1979,,Total GHG
GLOBAL TOTAL,GLOBAL TOTAL,1979,28713.071569548,Total GHG
ABW,Aruba,1980,0.093911555955102,Total GHG
AFG,Afghanistan,1980,15.648481416315,Total GHG
AGO,Angola,1980,26.308006948534,Total GHG
AIA,Anguilla,1980,0.0060333775877467,Total GHG
ALB,Albania,1980,12.578299855091,Total GHG
ANT,Curaçao,1980,9.0845264500638,Total GHG
ARE,United Arab Emirates,1980,58.818566909076,Total GHG
ARG,Argentina,1980,251.05589691492,Total GHG
ARM,Armenia,1980,20.42429598525,Total GHG
ATG,Antigua and Barbuda,1980,0.2141356806244,Total GHG
AUS,Australia,1980,376.85463269353,Total GHG
AUT,Austria,1980,81.639101643432,Total GHG
AZE,Azerbaijan,1980,50.646925878427,Total GHG
BDI,Burundi,1980,2.2635931119648,Total GHG
BEL,Belgium,1980,166.85376627798,Total GHG
BEN,Benin,1980,3.3198629008088,Total GHG
BFA,Burkina Faso,1980,7.1198113580961,Total GHG
BGD,Bangladesh,1980,56.776195103567,Total GHG
BGR,Bulgaria,1980,118.71731762427,Total GHG
BHR,Bahrain,1980,24.552228290899,Total GHG
BHS,Bahamas,1980,1.7096539562196,Total GHG
BIH,Bosnia and Herzegovina,1980,20.796402495856,Total GHG
BLR,Belarus,1980,138.73917059441,Total GHG
BLZ,Belize,1980,0.31918484085409,Total GHG
BMU,Bermuda,1980,0.2061696257349,Total GHG
BOL,Bolivia,1980,30.10270591187,Total GHG
BRA,Brazil,1980,557.59191860853,Total GHG
BRB,Barbados,1980,0.72634851945497,Total GHG
BRN,Brunei,1980,5.9958105371054,Total GHG
BTN,Bhutan,1980,0.68520528844847,Total GHG
BWA,Botswana,1980,6.9173182143733,Total GHG
CAF,Central African Republic,1980,3.2357885087988,Total GHG
CAN,Canada,1980,585.66359763327,Total GHG
CHE,Switzerland and Liechtenstein,1980,53.33307797344,Total GHG
CHL,Chile,1980,51.354046773818,Total GHG
CHN,China,1980,2584.9434708148,Total GHG
CIV,Côte d’Ivoire,1980,8.862462465299,Total GHG
CMR,Cameroon,1980,15.826268344943,Total GHG
COD,Democratic Republic of the Congo,1980,15.671337508977,Total GHG
COG,Congo,1980,5.5402444722801,Total GHG
COK,Cook Islands,1980,0.044211245659649,Total GHG
COL,Colombia,1980,107.55652913072,Total GHG
COM,Comoros,1980,0.24103686184099,Total GHG
CPV,Cabo Verde,1980,0.29700267023389,Total GHG
CRI,Costa Rica,1980,8.7185555581365,Total GHG
CUB,Cuba,1980,53.615383173123,Total GHG
CYM,Cayman Islands,1980,0.073323629652809,Total GHG
CYP,Cyprus,1980,3.9695897638519,Total GHG
CZE,Czechia,1980,229.79466908748,Total GHG
DEU,Germany,1980,1379.3718426017,Total GHG
DJI,Djibouti,1980,1.5143227067754,Total GHG
DMA,Dominica,1980,0.048262484551655,Total GHG
DNK,Denmark,1980,84.630870829518,Total GHG
DOM,Dominican Republic,1980,14.066585448485,Total GHG
DZA,Algeria,1980,109.09372909219,Total GHG
ECU,Ecuador,1980,26.319574145316,Total GHG
EGY,Egypt,1980,90.221378061589,Total GHG
ERI,Eritrea,1980,4.1785727276791,Total GHG
ESH,Western Sahara,1980,0.32715759403947,Total GHG
ESP,Spain and Andorra,1980,272.19103208801,Total GHG
EST,Estonia,1980,45.970548593746,Total GHG
ETH,Ethiopia,1980,55.913779130992,Total GHG
FIN,Finland,1980,75.101374637656,Total GHG
FJI,Fiji,1980,1.985593919256,Total GHG
FLK,Falkland Islands,1980,0.15426093873531,Total GHG
FRA,France and Monaco,1980,668.98621630271,Total GHG
FRO,Faroes,1980,0.088840677211436,Total GHG
GAB,Gabon,1980,15.388835143755,Total GHG
GBR,United Kingdom,1980,811.02080813501,Total GHG
GEO,Georgia,1980,40.030888328616,Total GHG
GHA,Ghana,1980,8.4215983755208,Total GHG
GIB,Gibraltar,1980,0.10769115146161,Total GHG
GIN,Guinea,1980,5.1062308423261,Total GHG
GLP,Guadeloupe,1980,0.50558545744491,Total GHG
GMB,The Gambia,1980,0.7491550060459,Total GHG
GNB,Guinea-Bissau,1980,0.9944193287526,Total GHG
GNQ,Equatorial Guinea,1980,0.16243522123799,Total GHG
GRC,Greece,1980,73.174593563499,Total GHG
GRD,Grenada,1980,0.058855581435491,Total GHG
GRL,Greenland,1980,0.056560058364829,Total GHG
GTM,Guatemala,1980,12.253762634257,Total GHG
GUF,French Guiana,1980,0.14936219714659,Total GHG
GUY,Guyana,1980,3.3303859244148,Total GHG
HKG,Hong Kong,1980,18.749446380313,Total GHG
HND,Honduras,1980,6.9727817046409,Total GHG
HRV,Croatia,1980,29.218250042114,Total GHG
HTI,Haiti,1980,6.9971159566794,Total GHG
HUN,Hungary,1980,121.085764289,Total GHG
IDN,Indonesia,1980,235.12339749901,Total GHG
IND,India,1980,921.67455035411,Total GHG
IRL,Ireland,1980,52.515996811184,Total GHG
IRN,Iran,1980,187.38974026689,Total GHG
IRQ,Iraq,1980,173.73636021321,Total GHG
ISL,Iceland,1980,4.2456301843185,Total GHG
ISR,"Israel and Palestine, State of",1980,25.840846442087,Total GHG
ITA,"Italy, San Marino and the Holy See",1980,474.73626957387,Total GHG
JAM,Jamaica,1980,8.1201821456687,Total GHG
JOR,Jordan,1980,7.6341708656563,Total GHG
JPN,Japan,1980,1132.5790611568,Total GHG
KAZ,Kazakhstan,1980,349.41219900956,Total GHG
KEN,Kenya,1980,28.147323980593,Total GHG
KGZ,Kyrgyzstan,1980,32.005057823476,Total GHG
KHM,Cambodia,1980,7.8467036133871,Total GHG
KIR,Kiribati,1980,0.04215210384182,Total GHG
KNA,Saint Kitts and Nevis,1980,0.065477848180695,Total GHG
KOR,South Korea,1980,181.04571406276,Total GHG
KWT,Kuwait,1980,58.65382419795,Total GHG
LAO,Laos,1980,5.4797602230276,Total GHG
LBN,Lebanon,1980,9.1073569463027,Total GHG
LBR,Liberia,1980,2.2980262184597,Total GHG
LBY,Libya,1980,97.151697477043,Total GHG
LCA,Saint Lucia,1980,0.099383587203961,Total GHG
LKA,Sri Lanka,1980,12.267826705673,Total GHG
LSO,Lesotho,1980,1.9042921590728,Total GHG
LTU,Lithuania,1980,45.176622257541,Total GHG
LUX,Luxembourg,1980,14.585792240596,Total GHG
LVA,Latvia,1980,25.415996653764,Total GHG
MAC,Macao,1980,0.50255244747231,Total GHG
MAR,Morocco,1980,33.169168432582,Total GHG
MDA,Moldova,1980,33.942977083648,Total GHG
MDG,Madagascar,1980,21.527177056599,Total GHG
MDV,Maldives,1980,0.039717067261958,Total GHG
MEX,Mexico,1980,362.116605718,Total GHG
MKD,North Macedonia,1980,12.1602881766,Total GHG
MLI,Mali,1980,12.201719233314,Total GHG
MLT,Malta,1980,1.1688698268167,Total GHG
MMR,Myanmar/Burma,1980,61.520418605136,Total GHG
MNG,Mongolia,1980,25.118617069081,Total GHG
MOZ,Mozambique,1980,8.5696928017883,Total GHG
MRT,Mauritania,1980,5.2274756822211,Total GHG
MTQ,Martinique,1980,0.47060777312404,Total GHG
MUS,Mauritius,1980,1.1611060659815,Total GHG
MWI,Malawi,1980,3.1379938559366,Total GHG
MYS,Malaysia,1980,46.798271389888,Total GHG
NAM,Namibia,1980,7.0538655504896,Total GHG
NCL,New Caledonia,1980,1.9566824104531,Total GHG
NER,Niger,1980,12.600442861104,Total GHG
NGA,Nigeria,1980,286.54985722434,Total GHG
NIC,Nicaragua,1980,7.8710383994141,Total GHG
NLD,Netherlands,1980,213.79078476949,Total GHG
NOR,Norway,1980,60.226734903349,Total GHG
NPL,Nepal,1980,20.238056693665,Total GHG
NZL,New Zealand,1980,65.603742076289,Total GHG
OMN,Oman,1980,20.747991341509,Total GHG
PAK,Pakistan,1980,114.99438884547,Total GHG
PAN,Panama,1980,7.076012097411,Total GHG
PER,Peru,1980,45.539304204308,Total GHG
PHL,Philippines,1980,79.517860537496,Total GHG
PLW,Palau,1980,2.166660919172,Total GHG
PNG,Papua New Guinea,1980,3.6836684114119,Total GHG
POL,Poland,1980,659.71094304449,Total GHG
PRI,Puerto Rico,1980,35.343168800556,Total GHG
PRK,North Korea,1980,148.03760863396,Total GHG
PRT,Portugal,1980,41.872022877694,Total GHG
PRY,Paraguay,1980,14.740083008817,Total GHG
PYF,French Polynesia,1980,0.28111978884464,Total GHG
QAT,Qatar,1980,24.701749428391,Total GHG
REU,Réunion,1980,0.66733721591837,Total GHG
ROU,Romania,1980,261.02791945571,Total GHG
RUS,Russia,1980,2451.9611100951,Total GHG
RWA,Rwanda,1980,5.0645005432162,Total GHG
SAU,Saudi Arabia,1980,267.00479401331,Total GHG
SCG,Serbia and Montenegro,1980,63.390290351407,Total GHG
SDN,Sudan and South Sudan,1980,52.737697752544,Total GHG
SEN,Senegal,1980,8.0904952372399,Total GHG
SGP,Singapore,1980,16.507731750652,Total GHG
SHN,"Saint Helena, Ascension and Tristan da Cunha",1980,0.0071176642491088,Total GHG
SLB,Solomon Islands,1980,0.2527913080953,Total GHG
SLE,Sierra Leone,1980,2.538004783999,Total GHG
SLV,El Salvador,1980,6.2254955901206,Total GHG
SOM,Somalia,1980,22.622464281069,Total GHG
SPM,Saint Pierre and Miquelon,1980,0.052744311090126,Total GHG
STP,São Tomé and Príncipe,1980,0.043458394373059,Total GHG
SUR,Suriname,1980,2.2121556105662,Total GHG
SVK,Slovakia,1980,75.67875480858,Total GHG
SVN,Slovenia,1980,19.138351423095,Total GHG
SWE,Sweden,1980,97.969010292338,Total GHG
SWZ,Eswatini,1980,2.6498868165696,Total GHG
SYC,Seychelles,1980,0.19495476716162,Total GHG
SYR,Syria,1980,29.904915096175,Total GHG
TCA,Turks and Caicos Islands,1980,0.0061328920231049,Total GHG
TCD,Chad,1980,9.0982747691415,Total GHG
TGO,Togo,1980,2.1005137603427,Total GHG
THA,Thailand,1980,111.0715960478,Total GHG
TJK,Tajikistan,1980,20.224993561684,Total GHG
TKM,Turkmenistan,1980,43.083934688737,Total GHG
TLS,Timor-Leste,1980,0.31072119003756,Total GHG
TON,Tonga,1980,0.13435665085426,Total GHG
TTO,Trinidad and Tobago,1980,12.244365791992,Total GHG
TUN,Tunisia,1980,17.075928314514,Total GHG
TUR,Türkiye,1980,150.51396259201,Total GHG
TWN,Taiwan,1980,97.003408851585,Total GHG
TZA,Tanzania,1980,23.618368014364,Total GHG
UGA,Uganda,1980,13.060258001839,Total GHG
UKR,Ukraine,1980,857.83756184376,Total GHG
URY,Uruguay,1980,35.05868283911,Total GHG
USA,United States,1980,6027.2337848815,Total GHG
UZB,Uzbekistan,1980,119.67864046283,Total GHG
VCT,Saint Vincent and the Grenadines,1980,0.05880383127575,Total GHG
VEN,Venezuela,1980,140.56599312304,Total GHG
VGB,British Virgin Islands,1980,0.020447788174372,Total GHG
VNM,Viet Nam,1980,68.709687417927,Total GHG
VUT,Vanuatu,1980,0.39220774157461,Total GHG
WSM,Samoa,1980,0.21773663925597,Total GHG
YEM,Yemen,1980,8.5161746983172,Total GHG
ZAF,South Africa,1980,317.6927418703,Total GHG
ZMB,Zambia,1980,11.73716165905,Total GHG
ZWE,Zimbabwe,1980,21.935751602921,Total GHG
,,1980,,Total GHG
EU27,EU27,1980,5333.4922713801,Total GHG
,,1980,,Total GHG
GLOBAL TOTAL,GLOBAL TOTAL,1980,28439.689463453,Total GHG
ABW,Aruba,1981,0.097115004332474,Total GHG
AFG,Afghanistan,1981,15.817483173777,Total GHG
AGO,Angola,1981,24.9016624945,Total GHG
AIA,Anguilla,1981,0.0083154744806432,Total GHG
ALB,Albania,1981,11.619556401783,Total GHG
ANT,Curaçao,1981,8.4201075527439,Total GHG
ARE,United Arab Emirates,1981,53.927974092378,Total GHG
ARG,Argentina,1981,245.25326587012,Total GHG
ARM,Armenia,1981,20.861259253194,Total GHG
ATG,Antigua and Barbuda,1981,0.1974583572259,Total GHG
AUS,Australia,1981,380.09605535593,Total GHG
AUT,Austria,1981,77.96374261759,Total GHG
AZE,Azerbaijan,1981,51.895784698396,Total GHG
BDI,Burundi,1981,2.0636159282476,Total GHG
BEL,Belgium,1981,155.20826183003,Total GHG
BEN,Benin,1981,3.5123505276572,Total GHG
BFA,Burkina Faso,1981,7.4129023825007,Total GHG
BGD,Bangladesh,1981,57.731388084142,Total GHG
BGR,Bulgaria,1981,115.10659580894,Total GHG
BHR,Bahrain,1981,24.729766503501,Total GHG
BHS,Bahamas,1981,1.5286655897459,Total GHG
BIH,Bosnia and Herzegovina,1981,22.88628176621,Total GHG
BLR,Belarus,1981,140.47586150657,Total GHG
BLZ,Belize,1981,0.31538415147839,Total GHG
BMU,Bermuda,1981,0.17919719171703,Total GHG
BOL,Bolivia,1981,27.910190607999,Total GHG
BRA,Brazil,1981,543.51513480941,Total GHG
BRB,Barbados,1981,0.71164121917549,Total GHG
BRN,Brunei,1981,4.9441907151899,Total GHG
BTN,Bhutan,1981,0.72677258157328,Total GHG
BWA,Botswana,1981,7.1610467495907,Total GHG
CAF,Central African Republic,1981,3.3596176295204,Total GHG
CAN,Canada,1981,565.92179062832,Total GHG
CHE,Switzerland and Liechtenstein,1981,50.692306193669,Total GHG
CHL,Chile,1981,50.779235448787,Total GHG
CHN,China,1981,2564.3295267068,Total GHG
CIV,Côte d’Ivoire,1981,8.9236930310741,Total GHG
CMR,Cameroon,1981,18.581843146203,Total GHG
COD,Democratic Republic of the Congo,1981,16.169905042697,Total GHG
COG,Congo,1981,6.5846726587885,Total GHG
COK,Cook Islands,1981,0.072348924774877,Total GHG
COL,Colombia,1981,109.19412833102,Total GHG
COM,Comoros,1981,0.24013924055521,Total GHG
CPV,Cabo Verde,1981,0.29039401742745,Total GHG
CRI,Costa Rica,1981,8.8168047558977,Total GHG
CUB,Cuba,1981,54.162171090977,Total GHG
CYM,Cayman Islands,1981,0.075168957338082,Total GHG
CYP,Cyprus,1981,3.8490865900328,Total GHG
CZE,Czechia,1981,230.19270475612,Total GHG
DEU,Germany,1981,1342.7340196315,Total GHG
DJI,Djibouti,1981,1.2718405019204,Total GHG
DMA,Dominica,1981,0.053766222361463,Total GHG
DNK,Denmark,1981,72.463257157491,Total GHG
DOM,Dominican Republic,1981,13.483907937641,Total GHG
DZA,Algeria,1981,102.35434896701,Total GHG
ECU,Ecuador,1981,27.978914771825,Total GHG
EGY,Egypt,1981,97.219448141377,Total GHG
ERI,Eritrea,1981,4.2419591310955,Total GHG
ESH,Western Sahara,1981,0.31918237321664,Total GHG
ESP,Spain and Andorra,1981,277.12158240603,Total GHG
EST,Estonia,1981,47.03906032044,Total GHG
ETH,Ethiopia,1981,56.355588660116,Total GHG
FIN,Finland,1981,65.478336195823,Total GHG
FJI,Fiji,1981,2.042013036611,Total GHG
FLK,Falkland Islands,1981,0.15082526014675,Total GHG
FRA,France and Monaco,1981,617.92002543751,Total GHG
FRO,Faroes,1981,0.088618451061067,Total GHG
GAB,Gabon,1981,14.521903543324,Total GHG
GBR,United Kingdom,1981,790.56356098556,Total GHG
GEO,Georgia,1981,40.42271198072,Total GHG
GHA,Ghana,1981,9.0443334551962,Total GHG
GIB,Gibraltar,1981,0.10123336051683,Total GHG
GIN,Guinea,1981,5.1342902867574,Total GHG
GLP,Guadeloupe,1981,0.57253551805105,Total GHG
GMB,The Gambia,1981,0.7583287024749,Total GHG
GNB,Guinea-Bissau,1981,1.0832402776288,Total GHG
GNQ,Equatorial Guinea,1981,0.17324315687351,Total GHG
GRC,Greece,1981,72.735932218795,Total GHG
GRD,Grenada,1981,0.063547779986592,Total GHG
GRL,Greenland,1981,0.057856866800592,Total GHG
GTM,Guatemala,1981,11.860447801868,Total GHG
GUF,French Guiana,1981,0.13894116989349,Total GHG
GUY,Guyana,1981,3.3266668886124,Total GHG
HKG,Hong Kong,1981,20.000108889422,Total GHG
HND,Honduras,1981,6.9869352053712,Total GHG
HRV,Croatia,1981,31.259287511332,Total GHG
HTI,Haiti,1981,6.9533427106853,Total GHG
HUN,Hungary,1981,120.131797748,Total GHG
IDN,Indonesia,1981,244.94840405019,Total GHG
IND,India,1981,970.87988894933,Total GHG
IRL,Ireland,1981,51.608745728429,Total GHG
IRN,Iran,1981,183.18448565734,Total GHG
IRQ,Iraq,1981,90.872079689413,Total GHG
ISL,Iceland,1981,4.171957080604,Total GHG
ISR,"Israel and Palestine, State of",1981,26.835516349298,Total GHG
ITA,"Italy, San Marino and the Holy See",1981,462.24588856414,Total GHG
JAM,Jamaica,1981,8.0245980023973,Total GHG
JOR,Jordan,1981,8.7283130740282,Total GHG
JPN,Japan,1981,1108.2077245974,Total GHG
KAZ,Kazakhstan,1981,333.31455824982,Total GHG
KEN,Kenya,1981,27.945506311005,Total GHG
KGZ,Kyrgyzstan,1981,31.037983440523,Total GHG
KHM,Cambodia,1981,7.6581791826138,Total GHG
KIR,Kiribati,1981,0.042022058367796,Total GHG
KNA,Saint Kitts and Nevis,1981,0.064396631780863,Total GHG
KOR,South Korea,1981,188.79314025771,Total GHG
KWT,Kuwait,1981,49.8844681906,Total GHG
LAO,Laos,1981,5.3633458398027,Total GHG
LBN,Lebanon,1981,9.2318484666203,Total GHG
LBR,Liberia,1981,2.1258189342674,Total GHG
LBY,Libya,1981,70.830084005273,Total GHG
LCA,Saint Lucia,1981,0.09128767674917,Total GHG
LKA,Sri Lanka,1981,12.581779697464,Total GHG
LSO,Lesotho,1981,1.9166799089927,Total GHG
LTU,Lithuania,1981,45.452562208264,Total GHG
LUX,Luxembourg,1981,12.594835626208,Total GHG
LVA,Latvia,1981,25.643401258155,Total GHG
MAC,Macao,1981,0.48371888880549,Total GHG
MAR,Morocco,1981,32.845319060509,Total GHG
MDA,Moldova,1981,33.873431196396,Total GHG
MDG,Madagascar,1981,21.449120335307,Total GHG
MDV,Maldives,1981,0.041135206866821,Total GHG
MEX,Mexico,1981,387.45828560032,Total GHG
MKD,North Macedonia,1981,12.979662972926,Total GHG
MLI,Mali,1981,12.932366590694,Total GHG
MLT,Malta,1981,1.3036621796718,Total GHG
MMR,Myanmar/Burma,1981,63.250651754621,Total GHG
MNG,Mongolia,1981,24.24241153677,Total GHG
MOZ,Mozambique,1981,8.3441095059164,Total GHG
MRT,Mauritania,1981,5.5151997183988,Total GHG
MTQ,Martinique,1981,0.48055989079247,Total GHG
MUS,Mauritius,1981,1.1815121062425,Total GHG
MWI,Malawi,1981,3.3199566298199,Total GHG
MYS,Malaysia,1981,47.304511295384,Total GHG
NAM,Namibia,1981,5.9871054663658,Total GHG
NCL,New Caledonia,1981,1.9041793772852,Total GHG
NER,Niger,1981,13.254005008687,Total GHG
NGA,Nigeria,1981,224.53720388936,Total GHG
NIC,Nicaragua,1981,8.0672616005372,Total GHG
NLD,Netherlands,1981,212.467849321,Total GHG
NOR,Norway,1981,56.547088014701,Total GHG
NPL,Nepal,1981,20.35633226024,Total GHG
NZL,New Zealand,1981,65.552268357219,Total GHG
OMN,Oman,1981,23.311117358537,Total GHG
PAK,Pakistan,1981,120.42226038518,Total GHG
PAN,Panama,1981,6.740982602744,Total GHG
PER,Peru,1981,47.087089399647,Total GHG
PHL,Philippines,1981,78.052579620428,Total GHG
PLW,Palau,1981,2.1994025219739,Total GHG
PNG,Papua New Guinea,1981,3.6834854716099,Total GHG
POL,Poland,1981,599.66524332827,Total GHG
PRI,Puerto Rico,1981,30.629181129202,Total GHG
PRK,North Korea,1981,152.34031806855,Total GHG
PRT,Portugal,1981,43.651628014565,Total GHG
PRY,Paraguay,1981,15.853090368584,Total GHG
PYF,French Polynesia,1981,0.40389664525103,Total GHG
QAT,Qatar,1981,20.671353580878,Total GHG
REU,Réunion,1981,0.66762067256972,Total GHG
ROU,Romania,1981,263.78981666178,Total GHG
RUS,Russia,1981,2448.564907106,Total GHG
RWA,Rwanda,1981,5.2032142108672,Total GHG
SAU,Saudi Arabia,1981,253.26622258748,Total GHG
SCG,Serbia and Montenegro,1981,72.154534765863,Total GHG
SDN,Sudan and South Sudan,1981,54.986383527644,Total GHG
SEN,Senegal,1981,8.2400008511985,Total GHG
SGP,Singapore,1981,17.67632389666,Total GHG
SHN,"Saint Helena, Ascension and Tristan da Cunha",1981,0.0058647641523816,Total GHG
SLB,Solomon Islands,1981,0.29945080779348,Total GHG
SLE,Sierra Leone,1981,2.5170827082944,Total GHG
SLV,El Salvador,1981,6.1229467667333,Total GHG
SOM,Somalia,1981,23.554052053447,Total GHG
SPM,Saint Pierre and Miquelon,1981,0.051810958464642,Total GHG
STP,São Tomé and Príncipe,1981,0.044322943452699,Total GHG
SUR,Suriname,1981,2.0107134177697,Total GHG
SVK,Slovakia,1981,73.641642177747,Total GHG
SVN,Slovenia,1981,16.771614948195,Total GHG
SWE,Sweden,1981,90.316586983577,Total GHG
SWZ,Eswatini,1981,2.6141572416941,Total GHG
SYC,Seychelles,1981,0.15963821641935,Total GHG
SYR,Syria,1981,32.241093994108,Total GHG
TCA,Turks and Caicos Islands,1981,0.0061874107404559,Total GHG
TCD,Chad,1981,9.2382920656235,Total GHG
TGO,Togo,1981,2.1265174936132,Total GHG
THA,Thailand,1981,113.17691769581,Total GHG
TJK,Tajikistan,1981,20.348497242011,Total GHG
TKM,Turkmenistan,1981,44.093052230787,Total GHG
TLS,Timor-Leste,1981,0.31391396722407,Total GHG
TON,Tonga,1981,0.16021223341218,Total GHG
TTO,Trinidad and Tobago,1981,12.688356723702,Total GHG
TUN,Tunisia,1981,17.528459883765,Total GHG
TUR,Türkiye,1981,153.55237012961,Total GHG
TWN,Taiwan,1981,90.205162703483,Total GHG
TZA,Tanzania,1981,24.354848928647,Total GHG
UGA,Uganda,1981,13.044199815123,Total GHG
UKR,Ukraine,1981,847.11650144826,Total GHG
URY,Uruguay,1981,35.295962856285,Total GHG
USA,United States,1981,5949.3772731629,Total GHG
UZB,Uzbekistan,1981,122.97583993719,Total GHG
VCT,Saint Vincent and the Grenadines,1981,0.059733408164994,Total GHG
VEN,Venezuela,1981,141.45957687579,Total GHG
VGB,British Virgin Islands,1981,0.025122606928004,Total GHG
VNM,Viet Nam,1981,71.613788750338,Total GHG
VUT,Vanuatu,1981,0.37530772056264,Total GHG
WSM,Samoa,1981,0.22128803375473,Total GHG
YEM,Yemen,1981,8.6394848138835,Total GHG
ZAF,South Africa,1981,334.21932561049,Total GHG
ZMB,Zambia,1981,11.709173634842,Total GHG
ZWE,Zimbabwe,1981,21.856155552586,Total GHG
,,1981,,Total GHG
EU27,EU27,1981,5128.3571672296,Total GHG
,,1981,,Total GHG
GLOBAL TOTAL,GLOBAL TOTAL,1981,27937.885010194,Total GHG
ABW,Aruba,1982,0.096201439852056,Total GHG
AFG,Afghanistan,1982,15.812028744929,Total GHG
AGO,Angola,1982,27.276839606073,Total GHG
AIA,Anguilla,1982,0.0087525643097403,Total GHG
ALB,Albania,1982,12.264404009617,Total GHG
ANT,Curaçao,1982,7.6430591822289,Total GHG
ARE,United Arab Emirates,1982,51.923382082013,Total GHG
ARG,Argentina,1982,242.02525752296,Total GHG
ARM,Armenia,1982,21.444297953741,Total GHG
ATG,Antigua and Barbuda,1982,0.23136896602185,Total GHG
AUS,Australia,1982,388.58802289465,Total GHG
AUT,Austria,1982,75.79462662581,Total GHG
AZE,Azerbaijan,1982,52.777358821835,Total GHG
BDI,Burundi,1982,2.1080909543777,Total GHG
BEL,Belgium,1982,146.89631059874,Total GHG
BEN,Benin,1982,3.7425291823755,Total GHG
BFA,Burkina Faso,1982,7.7990159121824,Total GHG
BGD,Bangladesh,1982,59.782033525922,Total GHG
BGR,Bulgaria,1982,117.14296850389,Total GHG
BHR,Bahrain,1982,24.85477396028,Total GHG
BHS,Bahamas,1982,1.2868759522364,Total GHG
BIH,Bosnia and Herzegovina,1982,23.918459224694,Total GHG
BLR,Belarus,1982,141.3571729074,Total GHG
BLZ,Belize,1982,0.31575081302821,Total GHG
BMU,Bermuda,1982,0.17796698179399,Total GHG
BOL,Bolivia,1982,29.249589687876,Total GHG
BRA,Brazil,1982,551.02651476558,Total GHG
BRB,Barbados,1982,0.69362364448807,Total GHG
BRN,Brunei,1982,5.2910768010275,Total GHG
BTN,Bhutan,1982,0.75355786897649,Total GHG
BWA,Botswana,1982,7.3742680243085,Total GHG
CAF,Central African Republic,1982,6.5553633246414,Total GHG
CAN,Canada,1982,547.19930834601,Total GHG
CHE,Switzerland and Liechtenstein,1982,48.373196302692,Total GHG
CHL,Chile,1982,47.044399687985,Total GHG
CHN,China,1982,2662.9985983308,Total GHG
CIV,Côte d’Ivoire,1982,9.2783889155042,Total GHG
CMR,Cameroon,1982,20.423406359084,Total GHG
COD,Democratic Republic of the Congo,1982,20.891415978161,Total GHG
COG,Congo,1982,7.399902851327,Total GHG
COK,Cook Islands,1982,0.070576873269977,Total GHG
COL,Colombia,1982,111.55188793581,Total GHG
COM,Comoros,1982,0.23744190271079,Total GHG
CPV,Cabo Verde,1982,0.17365830357271,Total GHG
CRI,Costa Rica,1982,8.4378153581985,Total GHG
CUB,Cuba,1982,53.52581469158,Total GHG
CYM,Cayman Islands,1982,0.076109022285072,Total GHG
CYP,Cyprus,1982,3.9392562860539,Total GHG
CZE,Czechia,1982,232.15217642209,Total GHG
DEU,Germany,1982,1292.2030402838,Total GHG
DJI,Djibouti,1982,1.2228687114673,Total GHG
DMA,Dominica,1982,0.053867793083735,Total GHG
DNK,Denmark,1982,75.385501994113,Total GHG
DOM,Dominican Republic,1982,13.764307072246,Total GHG
DZA,Algeria,1982,105.50356688993,Total GHG
ECU,Ecuador,1982,28.269591780854,Total GHG
EGY,Egypt,1982,103.61738989778,Total GHG
ERI,Eritrea,1982,4.2515969025066,Total GHG
ESH,Western Sahara,1982,0.33026782007166,Total GHG
ESP,Spain and Andorra,1982,272.92467475576,Total GHG
EST,Estonia,1982,47.234254128885,Total GHG
ETH,Ethiopia,1982,57.416786792127,Total GHG
FIN,Finland,1982,63.537515763388,Total GHG
FJI,Fiji,1982,2.0326934902456,Total GHG
FLK,Falkland Islands,1982,0.15219735980729,Total GHG
FRA,France and Monaco,1982,597.7787482746,Total GHG
FRO,Faroes,1982,0.088493401190613,Total GHG
GAB,Gabon,1982,14.891284648107,Total GHG
GBR,United Kingdom,1982,774.04384055847,Total GHG
GEO,Georgia,1982,39.9709097904,Total GHG
GHA,Ghana,1982,8.9632620341134,Total GHG
GIB,Gibraltar,1982,0.11135428540366,Total GHG
GIN,Guinea,1982,5.4162627629469,Total GHG
GLP,Guadeloupe,1982,0.61433263161876,Total GHG
GMB,The Gambia,1982,0.75573147875302,Total GHG
GNB,Guinea-Bissau,1982,1.2626533107722,Total GHG
GNQ,Equatorial Guinea,1982,0.17098807134448,Total GHG
GRC,Greece,1982,74.337167112283,Total GHG
GRD,Grenada,1982,0.062514654967843,Total GHG
GRL,Greenland,1982,0.058510817794582,Total GHG
GTM,Guatemala,1982,11.533621028725,Total GHG
GUF,French Guiana,1982,0.16994120067659,Total GHG
GUY,Guyana,1982,3.1290854937941,Total GHG
HKG,Hong Kong,1982,22.406142830629,Total GHG
HND,Honduras,1982,7.0445423853574,Total GHG
HRV,Croatia,1982,32.7227738058,Total GHG
HTI,Haiti,1982,7.1567432898995,Total GHG
HUN,Hungary,1982,120.70506154994,Total GHG
IDN,Indonesia,1982,238.90795054342,Total GHG
IND,India,1982,996.43025511568,Total GHG
IRL,Ireland,1982,51.505489605839,Total GHG
IRN,Iran,1982,229.50876454145,Total GHG
IRQ,Iraq,1982,94.240102365836,Total GHG
ISL,Iceland,1982,3.867856097844,Total GHG
ISR,"Israel and Palestine, State of",1982,27.951044406717,Total GHG
ITA,"Italy, San Marino and the Holy See",1982,453.0174099881,Total GHG
JAM,Jamaica,1982,7.0724148946589,Total GHG
JOR,Jordan,1982,9.2444654205617,Total GHG
JPN,Japan,1982,1066.5500030312,Total GHG
KAZ,Kazakhstan,1982,323.33128646398,Total GHG
KEN,Kenya,1982,29.647502501216,Total GHG
KGZ,Kyrgyzstan,1982,29.994561807323,Total GHG
KHM,Cambodia,1982,10.110021997147,Total GHG
KIR,Kiribati,1982,0.041879486684,Total GHG
KNA,Saint Kitts and Nevis,1982,0.063246979543989,Total GHG
KOR,South Korea,1982,188.61093837033,Total GHG
KWT,Kuwait,1982,48.088153334172,Total GHG
LAO,Laos,1982,5.6093860977888,Total GHG
LBN,Lebanon,1982,7.2368730730538,Total GHG
LBR,Liberia,1982,2.0811675389774,Total GHG
LBY,Libya,1982,74.198691235089,Total GHG
LCA,Saint Lucia,1982,0.10033374878413,Total GHG
LKA,Sri Lanka,1982,13.347699748462,Total GHG
LSO,Lesotho,1982,1.9448807951026,Total GHG
LTU,Lithuania,1982,45.522657802325,Total GHG
LUX,Luxembourg,1982,11.830971610167,Total GHG
LVA,Latvia,1982,26.10879380907,Total GHG
MAC,Macao,1982,0.50646921461519,Total GHG
MAR,Morocco,1982,31.537381950254,Total GHG
MDA,Moldova,1982,34.26246960367,Total GHG
MDG,Madagascar,1982,21.650250209705,Total GHG
MDV,Maldives,1982,0.042326700295947,Total GHG
MEX,Mexico,1982,410.85303462095,Total GHG
MKD,North Macedonia,1982,11.621900644555,Total GHG
MLI,Mali,1982,13.349860641729,Total GHG
MLT,Malta,1982,1.4743184170893,Total GHG
MMR,Myanmar/Burma,1982,64.013569838738,Total GHG
MNG,Mongolia,1982,25.171869721366,Total GHG
MOZ,Mozambique,1982,9.78806326013,Total GHG
MRT,Mauritania,1982,5.637614501909,Total GHG
MTQ,Martinique,1982,0.47368935205602,Total GHG
MUS,Mauritius,1982,1.1459650385918,Total GHG
MWI,Malawi,1982,3.418998410061,Total GHG
MYS,Malaysia,1982,50.643761785935,Total GHG
NAM,Namibia,1982,5.4803298219309,Total GHG
NCL,New Caledonia,1982,1.3899907866859,Total GHG
NER,Niger,1982,13.858238606749,Total GHG
NGA,Nigeria,1982,211.61142003458,Total GHG
NIC,Nicaragua,1982,8.1449468933078,Total GHG
NLD,Netherlands,1982,201.29052868374,Total GHG
NOR,Norway,1982,52.453732786771,Total GHG
NPL,Nepal,1982,19.989370038721,Total GHG
NZL,New Zealand,1982,67.465108135124,Total GHG
OMN,Oman,1982,21.63705446395,Total GHG
PAK,Pakistan,1982,127.05459514662,Total GHG
PAN,Panama,1982,7.1527161991245,Total GHG
PER,Peru,1982,46.977778803465,Total GHG
PHL,Philippines,1982,78.950194893596,Total GHG
PLW,Palau,1982,2.1837953589391,Total GHG
PNG,Papua New Guinea,1982,3.7092942231942,Total GHG
POL,Poland,1982,619.43251375844,Total GHG
PRI,Puerto Rico,1982,23.836534274045,Total GHG
PRK,North Korea,1982,158.48433255356,Total GHG
PRT,Portugal,1982,46.028194705288,Total GHG
PRY,Paraguay,1982,16.535838690714,Total GHG
PYF,French Polynesia,1982,0.49906790813019,Total GHG
QAT,Qatar,1982,19.972565071232,Total GHG
REU,Réunion,1982,0.68159732580627,Total GHG
ROU,Romania,1982,262.08930210428,Total GHG
RUS,Russia,1982,2487.0141066454,Total GHG
RWA,Rwanda,1982,5.3557911701204,Total GHG
SAU,Saudi Arabia,1982,237.49385033975,Total GHG
SCG,Serbia and Montenegro,1982,76.387224169691,Total GHG
SDN,Sudan and South Sudan,1982,59.445556910451,Total GHG
SEN,Senegal,1982,8.3682390217625,Total GHG
SGP,Singapore,1982,18.33823542346,Total GHG
SHN,"Saint Helena, Ascension and Tristan da Cunha",1982,0.0057925876837401,Total GHG
SLB,Solomon Islands,1982,0.28103252040862,Total GHG
SLE,Sierra Leone,1982,2.5993426828048,Total GHG
SLV,El Salvador,1982,5.6362003663326,Total GHG
SOM,Somalia,1982,24.208594476779,Total GHG
SPM,Saint Pierre and Miquelon,1982,0.044922177884424,Total GHG
STP,São Tomé and Príncipe,1982,0.043040990133938,Total GHG
SUR,Suriname,1982,2.01040049018,Total GHG
SVK,Slovakia,1982,71.90605336919,Total GHG
SVN,Slovenia,1982,17.061503946984,Total GHG
SWE,Sweden,1982,84.007084749876,Total GHG
SWZ,Eswatini,1982,2.5852232368809,Total GHG
SYC,Seychelles,1982,0.14200449889703,Total GHG
SYR,Syria,1982,35.185301079804,Total GHG
TCA,Turks and Caicos Islands,1982,0.0060890934379742,Total GHG
TCD,Chad,1982,9.7928608421018,Total GHG
TGO,Togo,1982,2.3649755710755,Total GHG
THA,Thailand,1982,112.83946885714,Total GHG
TJK,Tajikistan,1982,20.158079493222,Total GHG
TKM,Turkmenistan,1982,45.140998627533,Total GHG
TLS,Timor-Leste,1982,0.33654011892602,Total GHG
TON,Tonga,1982,0.15050807867212,Total GHG
TTO,Trinidad and Tobago,1982,13.730070661543,Total GHG
TUN,Tunisia,1982,17.393656816445,Total GHG
TUR,Türkiye,1982,161.84646298747,Total GHG
TWN,Taiwan,1982,94.657996864846,Total GHG
TZA,Tanzania,1982,26.443259149022,Total GHG
UGA,Uganda,1982,13.328058613596,Total GHG
UKR,Ukraine,1982,846.41884893098,Total GHG
URY,Uruguay,1982,34.463118573953,Total GHG
USA,United States,1982,5681.1131764595,Total GHG
UZB,Uzbekistan,1982,126.55870115993,Total GHG
VCT,Saint Vincent and the Grenadines,1982,0.059961786829741,Total GHG
VEN,Venezuela,1982,142.85889655566,Total GHG
VGB,British Virgin Islands,1982,0.024021494403902,Total GHG
VNM,Viet Nam,1982,76.524244076308,Total GHG
VUT,Vanuatu,1982,0.38053747899053,Total GHG
WSM,Samoa,1982,0.23969514687348,Total GHG
YEM,Yemen,1982,9.2236837872119,Total GHG
ZAF,South Africa,1982,343.35568768946,Total GHG
ZMB,Zambia,1982,14.493458482822,Total GHG
ZWE,Zimbabwe,1982,22.256224032951,Total GHG
,,1982,,Total GHG
EU27,EU27,1982,5044.0288986556,Total GHG
,,1982,,Total GHG
GLOBAL TOTAL,GLOBAL TOTAL,1982,27775.597673728,Total GHG
ABW,Aruba,1983,0.098959970520229,Total GHG
AFG,Afghanistan,1983,15.768510061069,Total GHG
AGO,Angola,1983,28.851607324561,Total GHG
AIA,Anguilla,1983,0.0077708147636304,Total GHG
ALB,Albania,1983,13.114930847646,Total GHG
ANT,Curaçao,1983,7.1771268419065,Total GHG
ARE,United Arab Emirates,1983,49.799319505035,Total GHG
ARG,Argentina,1983,248.11449413766,Total GHG
ARM,Armenia,1983,21.510319914412,Total GHG
ATG,Antigua and Barbuda,1983,0.1679923270961,Total GHG
AUS,Australia,1983,376.04716722033,Total GHG
AUT,Austria,1983,75.668016868935,Total GHG
AZE,Azerbaijan,1983,53.806054766235,Total GHG
BDI,Burundi,1983,2.1489869236286,Total GHG
BEL,Belgium,1983,137.59621916453,Total GHG
BEN,Benin,1983,3.676190948875,Total GHG
BFA,Burkina Faso,1983,8.0542615603842,Total GHG
BGD,Bangladesh,1983,60.12287653256,Total GHG
BGR,Bulgaria,1983,116.04421646888,Total GHG
BHR,Bahrain,1983,24.550029577582,Total GHG
BHS,Bahamas,1983,0.99397237317522,Total GHG
BIH,Bosnia and Herzegovina,1983,25.359432354174,Total GHG
BLR,Belarus,1983,142.54170402836,Total GHG
BLZ,Belize,1983,0.34097470144292,Total GHG
BMU,Bermuda,1983,0.18354779736057,Total GHG
BOL,Bolivia,1983,30.134390824326,Total GHG
BRA,Brazil,1983,546.61132737655,Total GHG
BRB,Barbados,1983,0.70401965083189,Total GHG
BRN,Brunei,1983,5.680294997023,Total GHG
BTN,Bhutan,1983,0.7825794348592,Total GHG
BWA,Botswana,1983,7.0974850289852,Total GHG
CAF,Central African Republic,1983,6.6780405214444,Total GHG
CAN,Canada,1983,548.81460838046,Total GHG
CHE,Switzerland and Liechtenstein,1983,52.530737893287,Total GHG
CHL,Chile,1983,46.905235418295,Total GHG
CHN,China,1983,2781.8180856832,Total GHG
CIV,Côte d’Ivoire,1983,10.711161439374,Total GHG
CMR,Cameroon,1983,23.000339947128,Total GHG
COD,Democratic Republic of the Congo,1983,22.955811346094,Total GHG
COG,Congo,1983,7.5391929384077,Total GHG
COK,Cook Islands,1983,0.069008922182624,Total GHG
COL,Colombia,1983,112.75119677967,Total GHG
COM,Comoros,1983,0.23769539555476,Total GHG
CPV,Cabo Verde,1983,0.17014462718438,Total GHG
CRI,Costa Rica,1983,8.7731052149352,Total GHG
CUB,Cuba,1983,55.802621853489,Total GHG
CYM,Cayman Islands,1983,0.085006624885772,Total GHG
CYP,Cyprus,1983,3.9432756094052,Total GHG
CZE,Czechia,1983,233.25285465114,Total GHG
DEU,Germany,1983,1305.5014949773,Total GHG
DJI,Djibouti,1983,1.1320242395486,Total GHG
DMA,Dominica,1983,0.054280255093416,Total GHG
DNK,Denmark,1983,73.262637556807,Total GHG
DOM,Dominican Republic,1983,15.260349208736,Total GHG
DZA,Algeria,1983,108.09387662255,Total GHG
ECU,Ecuador,1983,27.952233346513,Total GHG
EGY,Egypt,1983,111.32502389279,Total GHG
ERI,Eritrea,1983,4.36785742543,Total GHG
ESH,Western Sahara,1983,0.33431115020082,Total GHG
ESP,Spain and Andorra,1983,275.10186081164,Total GHG
EST,Estonia,1983,47.0672307022,Total GHG
ETH,Ethiopia,1983,58.997772190189,Total GHG
FIN,Finland,1983,62.591533602883,Total GHG
FJI,Fiji,1983,1.8391369546782,Total GHG
FLK,Falkland Islands,1983,0.15396406285572,Total GHG
FRA,France and Monaco,1983,581.97817738965,Total GHG
FRO,Faroes,1983,0.08881920401781,Total GHG
GAB,Gabon,1983,14.433780650677,Total GHG
GBR,United Kingdom,1983,766.99661739074,Total GHG
GEO,Georgia,1983,39.386331685686,Total GHG
GHA,Ghana,1983,7.4525352786126,Total GHG
GIB,Gibraltar,1983,0.10170627271315,Total GHG
GIN,Guinea,1983,5.5669725478145,Total GHG
GLP,Guadeloupe,1983,0.64994265449803,Total GHG
GMB,The Gambia,1983,0.74900286733399,Total GHG
GNB,Guinea-Bissau,1983,1.2414956396938,Total GHG
GNQ,Equatorial Guinea,1983,0.14491775615987,Total GHG
GRC,Greece,1983,78.00092931721,Total GHG
GRD,Grenada,1983,0.062262723875384,Total GHG
GRL,Greenland,1983,0.058718059658689,Total GHG
GTM,Guatemala,1983,11.402528689909,Total GHG
GUF,French Guiana,1983,0.21590048366375,Total GHG
GUY,Guyana,1983,2.8535947785326,Total GHG
HKG,Hong Kong,1983,25.977297016427,Total GHG
HND,Honduras,1983,8.0940384246642,Total GHG
HRV,Croatia,1983,36.569233294745,Total GHG
HTI,Haiti,1983,7.3225958242157,Total GHG
HUN,Hungary,1983,116.81424494206,Total GHG
IDN,Indonesia,1983,247.32591796987,Total GHG
IND,India,1983,1047.3822254901,Total GHG
IRL,Ireland,1983,51.610969516947,Total GHG
IRN,Iran,1983,254.01149267064,Total GHG
IRQ,Iraq,1983,97.688175050752,Total GHG
ISL,Iceland,1983,3.9240187681311,Total GHG
ISR,"Israel and Palestine, State of",1983,28.939085756345,Total GHG
ITA,"Italy, San Marino and the Holy See",1983,445.94663294821,Total GHG
JAM,Jamaica,1983,7.2361914682545,Total GHG
JOR,Jordan,1983,10.507835990936,Total GHG
JPN,Japan,1983,1071.0231479413,Total GHG
KAZ,Kazakhstan,1983,318.31532047308,Total GHG
KEN,Kenya,1983,31.767119673016,Total GHG
KGZ,Kyrgyzstan,1983,28.994637211477,Total GHG
KHM,Cambodia,1983,10.489198140122,Total GHG
KIR,Kiribati,1983,0.041794902597456,Total GHG
KNA,Saint Kitts and Nevis,1983,0.061412493837889,Total GHG
KOR,South Korea,1983,204.41793871647,Total GHG
KWT,Kuwait,1983,54.058323562935,Total GHG
LAO,Laos,1983,5.4802611475892,Total GHG
LBN,Lebanon,1983,7.6124754659714,Total GHG
LBR,Liberia,1983,2.1850545782334,Total GHG
LBY,Libya,1983,71.089939819418,Total GHG
LCA,Saint Lucia,1983,0.097368457920193,Total GHG
LKA,Sri Lanka,1983,13.573121215781,Total GHG
LSO,Lesotho,1983,1.9128605881398,Total GHG
LTU,Lithuania,1983,45.783637173979,Total GHG
LUX,Luxembourg,1983,11.054901302538,Total GHG
LVA,Latvia,1983,26.452960802993,Total GHG
MAC,Macao,1983,0.6865130062761,Total GHG
MAR,Morocco,1983,33.240282580813,Total GHG
MDA,Moldova,1983,34.574873490903,Total GHG
MDG,Madagascar,1983,21.912382152947,Total GHG
MDV,Maldives,1983,0.043988727062937,Total GHG
MEX,Mexico,1983,396.37839415087,Total GHG
MKD,North Macedonia,1983,11.071665582637,Total GHG
MLI,Mali,1983,11.855817021027,Total GHG
MLT,Malta,1983,1.1368164951195,Total GHG
MMR,Myanmar/Burma,1983,64.922060187244,Total GHG
MNG,Mongolia,1983,25.607907129377,Total GHG
MOZ,Mozambique,1983,9.6273630237536,Total GHG
MRT,Mauritania,1983,5.1665261635519,Total GHG
MTQ,Martinique,1983,0.45500783052474,Total GHG
MUS,Mauritius,1983,1.2198969254604,Total GHG
MWI,Malawi,1983,3.4555458492153,Total GHG
MYS,Malaysia,1983,56.680851967985,Total GHG
NAM,Namibia,1983,5.4305505394581,Total GHG
NCL,New Caledonia,1983,1.3369487541895,Total GHG
NER,Niger,1983,14.588854497642,Total GHG
NGA,Nigeria,1983,208.17020441887,Total GHG
NIC,Nicaragua,1983,7.950938393486,Total GHG
NLD,Netherlands,1983,197.62377851212,Total GHG
NOR,Norway,1983,52.558730711541,Total GHG
NPL,Nepal,1983,21.115000988426,Total GHG
NZL,New Zealand,1983,67.687912982388,Total GHG
OMN,Oman,1983,24.719745577243,Total GHG
PAK,Pakistan,1983,131.20085169967,Total GHG
PAN,Panama,1983,7.645518757811,Total GHG
PER,Peru,1983,42.506528329683,Total GHG
PHL,Philippines,1983,80.832583884611,Total GHG
PLW,Palau,1983,2.2674112409467,Total GHG
PNG,Papua New Guinea,1983,3.7271147013061,Total GHG
POL,Poland,1983,620.50068721078,Total GHG
PRI,Puerto Rico,1983,24.357189193212,Total GHG
PRK,North Korea,1983,164.02370172041,Total GHG
PRT,Portugal,1983,44.820565589185,Total GHG
PRY,Paraguay,1983,16.994294270122,Total GHG
PYF,French Polynesia,1983,0.63479624419466,Total GHG
QAT,Qatar,1983,17.997837172268,Total GHG
REU,Réunion,1983,0.80282260434394,Total GHG
ROU,Romania,1983,265.10496900109,Total GHG
RUS,Russia,1983,2534.9981819117,Total GHG
RWA,Rwanda,1983,5.4937389105919,Total GHG
SAU,Saudi Arabia,1983,228.68536318418,Total GHG
SCG,Serbia and Montenegro,1983,79.861355005702,Total GHG
SDN,Sudan and South Sudan,1983,59.113719767017,Total GHG
SEN,Senegal,1983,8.1061530533485,Total GHG
SGP,Singapore,1983,19.672494268462,Total GHG
SHN,"Saint Helena, Ascension and Tristan da Cunha",1983,0.0069108717103892,Total GHG
SLB,Solomon Islands,1983,0.29155000426345,Total GHG
SLE,Sierra Leone,1983,2.5601017796208,Total GHG
SLV,El Salvador,1983,5.7616265788314,Total GHG
SOM,Somalia,1983,23.576550734802,Total GHG
SPM,Saint Pierre and Miquelon,1983,0.048415635425169,Total GHG
STP,São Tomé and Príncipe,1983,0.04561058858415,Total GHG
SUR,Suriname,1983,1.8083185090596,Total GHG
SVK,Slovakia,1983,71.862569028771,Total GHG
SVN,Slovenia,1983,19.855706671824,Total GHG
SWE,Sweden,1983,78.340637866495,Total GHG
SWZ,Eswatini,1983,2.4404433759907,Total GHG
SYC,Seychelles,1983,0.23248580715679,Total GHG
SYR,Syria,1983,39.640338387898,Total GHG
TCA,Turks and Caicos Islands,1983,0.0061956238398136,Total GHG
TCD,Chad,1983,9.7714541664214,Total GHG
TGO,Togo,1983,2.1619558210414,Total GHG
THA,Thailand,1983,117.72007575048,Total GHG
TJK,Tajikistan,1983,20.651623878985,Total GHG
TKM,Turkmenistan,1983,46.343268547995,Total GHG
TLS,Timor-Leste,1983,0.36064111134089,Total GHG
TON,Tonga,1983,0.1348832665913,Total GHG
TTO,Trinidad and Tobago,1983,14.0667140147,Total GHG
TUN,Tunisia,1983,19.122232054272,Total GHG
TUR,Türkiye,1983,165.9669376073,Total GHG
TWN,Taiwan,1983,99.096138264582,Total GHG
TZA,Tanzania,1983,28.090049096703,Total GHG
UGA,Uganda,1983,13.539482511978,Total GHG
UKR,Ukraine,1983,849.58960671304,Total GHG
URY,Uruguay,1983,30.194783604626,Total GHG
USA,United States,1983,5651.2481989768,Total GHG
UZB,Uzbekistan,1983,130.72995545119,Total GHG
VCT,Saint Vincent and the Grenadines,1983,0.061044526479128,Total GHG
VEN,Venezuela,1983,140.67218548376,Total GHG
VGB,British Virgin Islands,1983,0.023812885238292,Total GHG
VNM,Viet Nam,1983,79.344931918177,Total GHG
VUT,Vanuatu,1983,0.38661373262449,Total GHG
WSM,Samoa,1983,0.24037359829144,Total GHG
YEM,Yemen,1983,9.7918626809987,Total GHG
ZAF,South Africa,1983,346.73139067419,Total GHG
ZMB,Zambia,1983,14.443223238061,Total GHG
ZWE,Zimbabwe,1983,22.13904531569,Total GHG
,,1983,,Total GHG
EU27,EU27,1983,5023.4867574775,Total GHG
,,1983,,Total GHG
GLOBAL TOTAL,GLOBAL TOTAL,1983,28027.897097014,Total GHG
ABW,Aruba,1984,0.11357401341471,Total GHG
AFG,Afghanistan,1984,14.699664948606,Total GHG
AGO,Angola,1984,29.283552364935,Total GHG
AIA,Anguilla,1984,0.0074530740761538,Total GHG
ALB,Albania,1984,13.428857862665,Total GHG
ANT,Curaçao,1984,7.0013289792823,Total GHG
ARE,United Arab Emirates,1984,63.011667195982,Total GHG
ARG,Argentina,1984,249.34105385443,Total GHG
ARM,Armenia,1984,21.555064574902,Total GHG
ATG,Antigua and Barbuda,1984,0.1874022209156,Total GHG
AUS,Australia,1984,390.32641686408,Total GHG
AUT,Austria,1984,78.136384180967,Total GHG
AZE,Azerbaijan,1984,54.731391590533,Total GHG
BDI,Burundi,1984,2.2279435230693,Total GHG
BEL,Belgium,1984,141.69904207206,Total GHG
BEN,Benin,1984,3.7661305619338,Total GHG
BFA,Burkina Faso,1984,8.2606503948633,Total GHG
BGD,Bangladesh,1984,61.336816600501,Total GHG
BGR,Bulgaria,1984,114.02342631075,Total GHG
BHR,Bahrain,1984,24.689711837867,Total GHG
BHS,Bahamas,1984,0.98457725957779,Total GHG
BIH,Bosnia and Herzegovina,1984,26.412857910771,Total GHG
BLR,Belarus,1984,142.43587978324,Total GHG
BLZ,Belize,1984,0.33258574736498,Total GHG
BMU,Bermuda,1984,0.19690232906215,Total GHG
BOL,Bolivia,1984,28.39286690925,Total GHG
BRA,Brazil,1984,567.56535591008,Total GHG
BRB,Barbados,1984,0.70230618201321,Total GHG
BRN,Brunei,1984,5.4988560368249,Total GHG
BTN,Bhutan,1984,0.80206949530247,Total GHG
BWA,Botswana,1984,6.8471270449634,Total GHG
CAF,Central African Republic,1984,6.247178835524,Total GHG
CAN,Canada,1984,570.49270436344,Total GHG
CHE,Switzerland and Liechtenstein,1984,52.090381416112,Total GHG
CHL,Chile,1984,47.91249793432,Total GHG
CHN,China,1984,2972.9750938418,Total GHG
CIV,Côte d’Ivoire,1984,10.603066524453,Total GHG
CMR,Cameroon,1984,25.729205886184,Total GHG
COD,Democratic Republic of the Congo,1984,26.285440897513,Total GHG
COG,Congo,1984,9.0336428306886,Total GHG
COK,Cook Islands,1984,0.061650183770167,Total GHG
COL,Colombia,1984,112.83537404418,Total GHG
COM,Comoros,1984,0.2389560569782,Total GHG
CPV,Cabo Verde,1984,0.18662845713994,Total GHG
CRI,Costa Rica,1984,8.9707980355682,Total GHG
CUB,Cuba,1984,58.741845362099,Total GHG
CYM,Cayman Islands,1984,0.085080019076402,Total GHG
CYP,Cyprus,1984,4.0262846302467,Total GHG
CZE,Czechia,1984,236.51898640855,Total GHG
DEU,Germany,1984,1322.5721192589,Total GHG
DJI,Djibouti,1984,1.0416031960407,Total GHG
DMA,Dominica,1984,0.0571563805171,Total GHG
DNK,Denmark,1984,72.312226675584,Total GHG
DOM,Dominican Republic,1984,15.588552296729,Total GHG
DZA,Algeria,1984,113.29583423491,Total GHG
ECU,Ecuador,1984,29.937010156524,Total GHG
EGY,Egypt,1984,120.27393945875,Total GHG
ERI,Eritrea,1984,4.2728925437053,Total GHG
ESH,Western Sahara,1984,0.3377178592396,Total GHG
ESP,Spain and Andorra,1984,265.98390011168,Total GHG
EST,Estonia,1984,46.080040855078,Total GHG
ETH,Ethiopia,1984,57.511248406456,Total GHG
FIN,Finland,1984,62.944674521838,Total GHG
FJI,Fiji,1984,1.7354297476424,Total GHG
FLK,Falkland Islands,1984,0.15594659481408,Total GHG
FRA,France and Monaco,1984,569.84011604393,Total GHG
FRO,Faroes,1984,0.08894880298247,Total GHG
GAB,Gabon,1984,15.820438680728,Total GHG
GBR,United Kingdom,1984,722.82894874493,Total GHG
GEO,Georgia,1984,39.201629603055,Total GHG
GHA,Ghana,1984,7.9218725616098,Total GHG
GIB,Gibraltar,1984,0.098372279493334,Total GHG
GIN,Guinea,1984,5.5517775563424,Total GHG
GLP,Guadeloupe,1984,0.71041994643377,Total GHG
GMB,The Gambia,1984,0.7419436104501,Total GHG
GNB,Guinea-Bissau,1984,1.2673878080778,Total GHG
GNQ,Equatorial Guinea,1984,0.15683913171337,Total GHG
GRC,Greece,1984,79.91187272811,Total GHG
GRD,Grenada,1984,0.063861114147329,Total GHG
GRL,Greenland,1984,0.058814328528442,Total GHG
GTM,Guatemala,1984,11.702360214298,Total GHG
GUF,French Guiana,1984,0.19003089835541,Total GHG
GUY,Guyana,1984,3.0444415393662,Total GHG
HKG,Hong Kong,1984,28.516788391164,Total GHG
HND,Honduras,1984,8.473447972375,Total GHG
HRV,Croatia,1984,37.399916061223,Total GHG
HTI,Haiti,1984,7.3747761906841,Total GHG
HUN,Hungary,1984,118.37978721344,Total GHG
IDN,Indonesia,1984,258.98706478008,Total GHG
IND,India,1984,1101.1984947313,Total GHG
IRL,Ireland,1984,51.892248061779,Total GHG
IRN,Iran,1984,246.961364889,Total GHG
IRQ,Iraq,1984,112.26062783172,Total GHG
ISL,Iceland,1984,4.2147536828593,Total GHG
ISR,"Israel and Palestine, State of",1984,29.940594735519,Total GHG
ITA,"Italy, San Marino and the Holy See",1984,455.32918343533,Total GHG
JAM,Jamaica,1984,6.8859177833752,Total GHG
JOR,Jordan,1984,11.412357074438,Total GHG
JPN,Japan,1984,1145.4072601228,Total GHG
KAZ,Kazakhstan,1984,315.04732548713,Total GHG
KEN,Kenya,1984,33.344205339655,Total GHG
KGZ,Kyrgyzstan,1984,28.207133231131,Total GHG
KHM,Cambodia,1984,9.0108741806483,Total GHG
KIR,Kiribati,1984,0.026205519203469,Total GHG
KNA,Saint Kitts and Nevis,1984,0.063371385716481,Total GHG
KOR,South Korea,1984,227.80892023857,Total GHG
KWT,Kuwait,1984,56.368888120095,Total GHG
LAO,Laos,1984,5.7501211739966,Total GHG
LBN,Lebanon,1984,7.772262376226,Total GHG
LBR,Liberia,1984,2.077641241212,Total GHG
LBY,Libya,1984,71.152237413595,Total GHG
LCA,Saint Lucia,1984,0.10324863455183,Total GHG
LKA,Sri Lanka,1984,13.27816020311,Total GHG
LSO,Lesotho,1984,1.8909688154462,Total GHG
LTU,Lithuania,1984,46.550870103511,Total GHG
LUX,Luxembourg,1984,12.110760175992,Total GHG
LVA,Latvia,1984,26.669447440794,Total GHG
MAC,Macao,1984,0.66734361295584,Total GHG
MAR,Morocco,1984,33.202621040715,Total GHG
MDA,Moldova,1984,34.913867803807,Total GHG
MDG,Madagascar,1984,22.261689225247,Total GHG
MDV,Maldives,1984,0.082592794327308,Total GHG
MEX,Mexico,1984,402.9558950662,Total GHG
MKD,North Macedonia,1984,12.533243428947,Total GHG
MLI,Mali,1984,10.596482882064,Total GHG
MLT,Malta,1984,1.5040038586766,Total GHG
MMR,Myanmar/Burma,1984,65.741560435551,Total GHG
MNG,Mongolia,1984,25.988146748049,Total GHG
MOZ,Mozambique,1984,8.6891207911248,Total GHG
MRT,Mauritania,1984,5.1299873469187,Total GHG
MTQ,Martinique,1984,0.44874660746723,Total GHG
MUS,Mauritius,1984,1.2714437121709,Total GHG
MWI,Malawi,1984,3.5343847183608,Total GHG
MYS,Malaysia,1984,60.219063625429,Total GHG
NAM,Namibia,1984,5.5049615823538,Total GHG
NCL,New Caledonia,1984,1.407333167062,Total GHG
NER,Niger,1984,10.632739649062,Total GHG
NGA,Nigeria,1984,220.16524372574,Total GHG
NIC,Nicaragua,1984,8.1344177840484,Total GHG
NLD,Netherlands,1984,204.9990694659,Total GHG
NOR,Norway,1984,55.218140459615,Total GHG
NPL,Nepal,1984,21.439527159262,Total GHG
NZL,New Zealand,1984,68.80252622498,Total GHG
OMN,Oman,1984,23.616051777302,Total GHG
PAK,Pakistan,1984,135.62483929536,Total GHG
PAN,Panama,1984,7.0319527434184,Total GHG
PER,Peru,1984,44.153701333116,Total GHG
PHL,Philippines,1984,77.231314352245,Total GHG
PLW,Palau,1984,2.5073296519895,Total GHG
PNG,Papua New Guinea,1984,3.8283129559299,Total GHG
POL,Poland,1984,632.80925827807,Total GHG
PRI,Puerto Rico,1984,22.155785638155,Total GHG
PRK,North Korea,1984,169.59633898434,Total GHG
PRT,Portugal,1984,43.072459827319,Total GHG
PRY,Paraguay,1984,17.721153461494,Total GHG
PYF,French Polynesia,1984,0.83130064165067,Total GHG
QAT,Qatar,1984,25.163101439313,Total GHG
REU,Réunion,1984,0.8559470166305,Total GHG
ROU,Romania,1984,265.03473636845,Total GHG
RUS,Russia,1984,2583.9559112389,Total GHG
RWA,Rwanda,1984,5.5666499241876,Total GHG
SAU,Saudi Arabia,1984,182.19950251304,Total GHG
SCG,Serbia and Montenegro,1984,82.425046444574,Total GHG
SDN,Sudan and South Sudan,1984,59.973544220135,Total GHG
SEN,Senegal,1984,8.286060501865,Total GHG
SGP,Singapore,1984,19.834254838209,Total GHG
SHN,"Saint Helena, Ascension and Tristan da Cunha",1984,0.0060853543393529,Total GHG
SLB,Solomon Islands,1984,0.2761854090943,Total GHG
SLE,Sierra Leone,1984,2.5064903911746,Total GHG
SLV,El Salvador,1984,5.6727823049617,Total GHG
SOM,Somalia,1984,23.983755940939,Total GHG
SPM,Saint Pierre and Miquelon,1984,0.053337027526263,Total GHG
STP,São Tomé and Príncipe,1984,0.045943008307743,Total GHG
SUR,Suriname,1984,1.6767084870878,Total GHG
SVK,Slovakia,1984,74.232346222309,Total GHG
SVN,Slovenia,1984,20.103426684665,Total GHG
SWE,Sweden,1984,78.060258033915,Total GHG
SWZ,Eswatini,1984,2.4473067800802,Total GHG
SYC,Seychelles,1984,0.23599585509398,Total GHG
SYR,Syria,1984,42.34537705339,Total GHG
TCA,Turks and Caicos Islands,1984,0.0068361053373964,Total GHG
TCD,Chad,1984,8.0423112921355,Total GHG
TGO,Togo,1984,2.2811935827836,Total GHG
THA,Thailand,1984,122.52955134675,Total GHG
TJK,Tajikistan,1984,20.883930990966,Total GHG
TKM,Turkmenistan,1984,47.780353176362,Total GHG
TLS,Timor-Leste,1984,0.38819340944059,Total GHG
TON,Tonga,1984,0.1221869857048,Total GHG
TTO,Trinidad and Tobago,1984,14.759554800551,Total GHG
TUN,Tunisia,1984,19.844428294781,Total GHG
TUR,Türkiye,1984,172.64354233378,Total GHG
TWN,Taiwan,1984,99.763701900078,Total GHG
TZA,Tanzania,1984,26.417486736177,Total GHG
UGA,Uganda,1984,13.898230262902,Total GHG
UKR,Ukraine,1984,855.13598851287,Total GHG
URY,Uruguay,1984,28.485845590557,Total GHG
USA,United States,1984,5882.1851756446,Total GHG
UZB,Uzbekistan,1984,135.12660802716,Total GHG
VCT,Saint Vincent and the Grenadines,1984,0.065274055242255,Total GHG
VEN,Venezuela,1984,145.71206538583,Total GHG
VGB,British Virgin Islands,1984,0.020548943227476,Total GHG
VNM,Viet Nam,1984,80.51324966944,Total GHG
VUT,Vanuatu,1984,0.37734254417729,Total GHG
WSM,Samoa,1984,0.25788208260499,Total GHG
YEM,Yemen,1984,10.009859751669,Total GHG
ZAF,South Africa,1984,367.78714279326,Total GHG
ZMB,Zambia,1984,13.080519779076,Total GHG
ZWE,Zimbabwe,1984,22.706976483054,Total GHG
,,1984,,Total GHG
EU27,EU27,1984,5062.1968450291,Total GHG
,,1984,,Total GHG
GLOBAL TOTAL,GLOBAL TOTAL,1984,28823.531704294,Total GHG
ABW,Aruba,1985,0.11920755325898,Total GHG
AFG,Afghanistan,1985,14.619474652269,Total GHG
AGO,Angola,1985,31.64680164623,Total GHG
AIA,Anguilla,1985,0.0052310942472122,Total GHG
ALB,Albania,1985,12.991776086364,Total GHG
ANT,Curaçao,1985,4.6862653683326,Total GHG
ARE,United Arab Emirates,1985,65.14751563746,Total GHG
ARG,Argentina,1985,240.93734803168,Total GHG
ARM,Armenia,1985,21.612983150588,Total GHG
ATG,Antigua and Barbuda,1985,0.19161514932803,Total GHG
AUS,Australia,1985,403.35708574792,Total GHG
AUT,Austria,1985,79.520470113019,Total GHG
AZE,Azerbaijan,1985,55.577247984845,Total GHG
BDI,Burundi,1985,2.1818709583326,Total GHG
BEL,Belgium,1985,139.14838499269,Total GHG
BEN,Benin,1985,3.983854702749,Total GHG
BFA,Burkina Faso,1985,9.1837220549835,Total GHG
BGD,Bangladesh,1985,63.639753539258,Total GHG
BGR,Bulgaria,1985,115.49233946235,Total GHG
BHR,Bahrain,1985,25.34072175349,Total GHG
BHS,Bahamas,1985,0.89653664088083,Total GHG
BIH,Bosnia and Herzegovina,1985,27.483272662115,Total GHG
BLR,Belarus,1985,142.59699110636,Total GHG
BLZ,Belize,1985,0.33099909085874,Total GHG
BMU,Bermuda,1985,0.19249008670959,Total GHG
BOL,Bolivia,1985,28.634667237335,Total GHG
BRA,Brazil,1985,586.49211240671,Total GHG
BRB,Barbados,1985,0.76412487744706,Total GHG
BRN,Brunei,1985,5.3619728362913,Total GHG
BTN,Bhutan,1985,0.84112600761518,Total GHG
BWA,Botswana,1985,6.5383416138205,Total GHG
CAF,Central African Republic,1985,6.4192098236865,Total GHG
CAN,Canada,1985,566.40660730095,Total GHG
CHE,Switzerland and Liechtenstein,1985,55.2185244407,Total GHG
CHL,Chile,1985,45.750388602694,Total GHG
CHN,China,1985,2990.5890704901,Total GHG
CIV,Côte d’Ivoire,1985,10.521560444076,Total GHG
CMR,Cameroon,1985,29.939973696775,Total GHG
COD,Democratic Republic of the Congo,1985,23.570440407404,Total GHG
COG,Congo,1985,8.8573408800493,Total GHG
COK,Cook Islands,1985,0.066182465734105,Total GHG
COL,Colombia,1985,114.98488907925,Total GHG
COM,Comoros,1985,0.23576952452139,Total GHG
CPV,Cabo Verde,1985,0.19281226298286,Total GHG
CRI,Costa Rica,1985,8.862055992688,Total GHG
CUB,Cuba,1985,55.972185138839,Total GHG
CYM,Cayman Islands,1985,0.087986788021144,Total GHG
CYP,Cyprus,1985,3.9871518144926,Total GHG
CZE,Czechia,1985,233.32890574228,Total GHG
DEU,Germany,1985,1323.1335421043,Total GHG
DJI,Djibouti,1985,1.074810106118,Total GHG
DMA,Dominica,1985,0.05961874492527,Total GHG
DNK,Denmark,1985,79.801077957724,Total GHG
DOM,Dominican Republic,1985,14.562770372066,Total GHG
DZA,Algeria,1985,124.0419623943,Total GHG
ECU,Ecuador,1985,31.385647893814,Total GHG
EGY,Egypt,1985,125.76478748803,Total GHG
ERI,Eritrea,1985,4.3783772675671,Total GHG
ESH,Western Sahara,1985,0.35833922080675,Total GHG
ESP,Spain and Andorra,1985,258.8968750472,Total GHG
EST,Estonia,1985,45.305212726662,Total GHG
ETH,Ethiopia,1985,59.89985235485,Total GHG
FIN,Finland,1985,67.071709560964,Total GHG
FJI,Fiji,1985,1.8577806593727,Total GHG
FLK,Falkland Islands,1985,0.158792985652,Total GHG
FRA,France and Monaco,1985,554.19651990019,Total GHG
FRO,Faroes,1985,0.08883566441363,Total GHG
GAB,Gabon,1985,17.091600714769,Total GHG
GBR,United Kingdom,1985,765.22910525523,Total GHG
GEO,Georgia,1985,38.785732759065,Total GHG
GHA,Ghana,1985,8.56219572586,Total GHG
GIB,Gibraltar,1985,0.1046507653873,Total GHG
GIN,Guinea,1985,5.3816434006813,Total GHG
GLP,Guadeloupe,1985,0.69232968730668,Total GHG
GMB,The Gambia,1985,0.76691320677303,Total GHG
GNB,Guinea-Bissau,1985,1.2541363632177,Total GHG
GNQ,Equatorial Guinea,1985,0.14817293759972,Total GHG
GRC,Greece,1985,83.377661036924,Total GHG
GRD,Grenada,1985,0.063105606180756,Total GHG
GRL,Greenland,1985,0.059346662516025,Total GHG
GTM,Guatemala,1985,12.026267820496,Total GHG
GUF,French Guiana,1985,0.17844523670398,Total GHG
GUY,Guyana,1985,2.9027797209591,Total GHG
HKG,Hong Kong,1985,29.672858319281,Total GHG
HND,Honduras,1985,8.2406953465725,Total GHG
HRV,Croatia,1985,38.048107425676,Total GHG
HTI,Haiti,1985,7.3421999835354,Total GHG
HUN,Hungary,1985,117.43181609953,Total GHG
IDN,Indonesia,1985,266.98919700649,Total GHG
IND,India,1985,1133.7802396285,Total GHG
IRL,Ireland,1985,53.606880781909,Total GHG
IRN,Iran,1985,260.92998020874,Total GHG
IRQ,Iraq,1985,129.21120179346,Total GHG
ISL,Iceland,1985,4.0249133710856,Total GHG
ISR,"Israel and Palestine, State of",1985,31.725908915561,Total GHG
ITA,"Italy, San Marino and the Holy See",1985,456.07393207396,Total GHG
JAM,Jamaica,1985,6.2354911945439,Total GHG
JOR,Jordan,1985,11.764625220424,Total GHG
JPN,Japan,1985,1118.1813901579,Total GHG
KAZ,Kazakhstan,1985,303.79260262094,Total GHG
KEN,Kenya,1985,33.270069938939,Total GHG
KGZ,Kyrgyzstan,1985,27.687463764385,Total GHG
KHM,Cambodia,1985,10.756546013268,Total GHG
KIR,Kiribati,1985,0.027868835193169,Total GHG
KNA,Saint Kitts and Nevis,1985,0.062612294056359,Total GHG
KOR,South Korea,1985,238.49182218843,Total GHG
KWT,Kuwait,1985,59.048854743395,Total GHG
LAO,Laos,1985,5.762375070503,Total GHG
LBN,Lebanon,1985,8.7939100667548,Total GHG
LBR,Liberia,1985,2.0935233835485,Total GHG
LBY,Libya,1985,67.868698302221,Total GHG
LCA,Saint Lucia,1985,0.11397075933868,Total GHG
LKA,Sri Lanka,1985,13.006795377215,Total GHG
LSO,Lesotho,1985,1.9714383798221,Total GHG
LTU,Lithuania,1985,46.552049051541,Total GHG
LUX,Luxembourg,1985,12.240802761941,Total GHG
LVA,Latvia,1985,26.810354177345,Total GHG
MAC,Macao,1985,0.60831690135891,Total GHG
MAR,Morocco,1985,34.981405465965,Total GHG
MDA,Moldova,1985,35.186220362368,Total GHG
MDG,Madagascar,1985,22.003125438818,Total GHG
MDV,Maldives,1985,0.089802530833022,Total GHG
MEX,Mexico,1985,416.55707757728,Total GHG
MKD,North Macedonia,1985,13.007783166283,Total GHG
MLI,Mali,1985,9.8928889913122,Total GHG
MLT,Malta,1985,1.3354089724825,Total GHG
MMR,Myanmar/Burma,1985,67.257806604795,Total GHG
MNG,Mongolia,1985,27.599671524236,Total GHG
MOZ,Mozambique,1985,9.1854072244255,Total GHG
MRT,Mauritania,1985,5.4022366699779,Total GHG
MTQ,Martinique,1985,0.4976173153752,Total GHG
MUS,Mauritius,1985,1.2447902141127,Total GHG
MWI,Malawi,1985,3.7970461863661,Total GHG
MYS,Malaysia,1985,60.058985920307,Total GHG
NAM,Namibia,1985,5.5759192676214,Total GHG
NCL,New Caledonia,1985,1.7821324641628,Total GHG
NER,Niger,1985,9.1843931910317,Total GHG
NGA,Nigeria,1985,232.29098839307,Total GHG
NIC,Nicaragua,1985,8.2282288308007,Total GHG
NLD,Netherlands,1985,209.14654359261,Total GHG
NOR,Norway,1985,55.388557319347,Total GHG
NPL,Nepal,1985,21.416087789798,Total GHG
NZL,New Zealand,1985,69.791237998065,Total GHG
OMN,Oman,1985,23.048460691937,Total GHG
PAK,Pakistan,1985,144.04947950336,Total GHG
PAN,Panama,1985,6.8507842150134,Total GHG
PER,Peru,1985,43.196411685705,Total GHG
PHL,Philippines,1985,78.496897764389,Total GHG
PLW,Palau,1985,2.0294485424046,Total GHG
PNG,Papua New Guinea,1985,3.9584830390453,Total GHG
POL,Poland,1985,639.77659237704,Total GHG
PRI,Puerto Rico,1985,19.705832491969,Total GHG
PRK,North Korea,1985,175.23308379999,Total GHG
PRT,Portugal,1985,41.724972990135,Total GHG
PRY,Paraguay,1985,18.286769964627,Total GHG
PYF,French Polynesia,1985,0.80352871011409,Total GHG
QAT,Qatar,1985,22.377743350071,Total GHG
REU,Réunion,1985,0.85433202011522,Total GHG
ROU,Romania,1985,264.94123755889,Total GHG
RUS,Russia,1985,2629.3881416221,Total GHG
RWA,Rwanda,1985,5.7407528906197,Total GHG
SAU,Saudi Arabia,1985,174.60442570381,Total GHG
SCG,Serbia and Montenegro,1985,85.223406970786,Total GHG
SDN,Sudan and South Sudan,1985,61.358126038639,Total GHG
SEN,Senegal,1985,8.7560864202234,Total GHG
SGP,Singapore,1985,20.637274820614,Total GHG
SHN,"Saint Helena, Ascension and Tristan da Cunha",1985,0.0063896340690749,Total GHG
SLB,Solomon Islands,1985,0.2762582799068,Total GHG
SLE,Sierra Leone,1985,2.5478211773438,Total GHG
SLV,El Salvador,1985,6.1115012394825,Total GHG
SOM,Somalia,1985,24.758444256688,Total GHG
SPM,Saint Pierre and Miquelon,1985,0.049058274396842,Total GHG
STP,São Tomé and Príncipe,1985,0.046250536466635,Total GHG
SUR,Suriname,1985,1.8099484238981,Total GHG
SVK,Slovakia,1985,73.786554218408,Total GHG
SVN,Slovenia,1985,19.676636190986,Total GHG
SWE,Sweden,1985,81.829769147077,Total GHG
SWZ,Eswatini,1985,2.5939357370377,Total GHG
SYC,Seychelles,1985,0.24591763903216,Total GHG
SYR,Syria,1985,40.119715981949,Total GHG
TCA,Turks and Caicos Islands,1985,0.0070693903904076,Total GHG
TCD,Chad,1985,8.1831019589052,Total GHG
TGO,Togo,1985,2.335194132881,Total GHG
THA,Thailand,1985,129.22394699481,Total GHG
TJK,Tajikistan,1985,21.591107234514,Total GHG
TKM,Turkmenistan,1985,48.995132345984,Total GHG
TLS,Timor-Leste,1985,0.41685397479834,Total GHG
TON,Tonga,1985,0.13941867225565,Total GHG
TTO,Trinidad and Tobago,1985,15.127208169386,Total GHG
TUN,Tunisia,1985,20.340131952054,Total GHG
TUR,Türkiye,1985,177.0938650907,Total GHG
TWN,Taiwan,1985,99.024707871563,Total GHG
TZA,Tanzania,1985,27.109087917107,Total GHG
UGA,Uganda,1985,14.216931413614,Total GHG
UKR,Ukraine,1985,857.90598302054,Total GHG
URY,Uruguay,1985,29.022449300763,Total GHG
USA,United States,1985,5892.8163836881,Total GHG
UZB,Uzbekistan,1985,139.38396998811,Total GHG
VCT,Saint Vincent and the Grenadines,1985,0.065807314126008,Total GHG
VEN,Venezuela,1985,143.89584843436,Total GHG
VGB,British Virgin Islands,1985,0.020427612276457,Total GHG
VNM,Viet Nam,1985,82.302545706861,Total GHG
VUT,Vanuatu,1985,0.41180885339252,Total GHG
WSM,Samoa,1985,0.25230241960832,Total GHG
YEM,Yemen,1985,10.470362438989,Total GHG
ZAF,South Africa,1985,373.26882338591,Total GHG
ZMB,Zambia,1985,14.579840027834,Total GHG
ZWE,Zimbabwe,1985,24.865086923107,Total GHG
,,1985,,Total GHG
EU27,EU27,1985,5066.2415078782,Total GHG
,,1985,,Total GHG
GLOBAL TOTAL,GLOBAL TOTAL,1985,29138.665368561,Total GHG
ABW,Aruba,1986,0.12892179542649,Total GHG
AFG,Afghanistan,1986,12.949953768559,Total GHG
AGO,Angola,1986,32.949494486126,Total GHG
AIA,Anguilla,1986,0.0047389966360477,Total GHG
ALB,Albania,1986,13.216371630849,Total GHG
ANT,Curaçao,1986,4.474399004972,Total GHG
ARE,United Arab Emirates,1986,65.140594641843,Total GHG
ARG,Argentina,1986,246.74146441886,Total GHG
ARM,Armenia,1986,21.844787102104,Total GHG
ATG,Antigua and Barbuda,1986,0.19756304613926,Total GHG
AUS,Australia,1986,408.6140189778,Total GHG
AUT,Austria,1986,77.951596481841,Total GHG
AZE,Azerbaijan,1986,56.645981890689,Total GHG
BDI,Burundi,1986,2.3675678113807,Total GHG
BEL,Belgium,1986,138.85395063453,Total GHG
BEN,Benin,1986,3.7203448562144,Total GHG
BFA,Burkina Faso,1986,9.5373780528114,Total GHG
BGD,Bangladesh,1986,66.17338680356,Total GHG
BGR,Bulgaria,1986,116.51997189433,Total GHG
BHR,Bahrain,1986,27.714586170347,Total GHG
BHS,Bahamas,1986,0.93630146008846,Total GHG
BIH,Bosnia and Herzegovina,1986,28.336874949668,Total GHG
BLR,Belarus,1986,143.04204200695,Total GHG
BLZ,Belize,1986,0.3580059986934,Total GHG
BMU,Bermuda,1986,0.18884571724133,Total GHG
BOL,Bolivia,1986,26.340419867693,Total GHG
BRA,Brazil,1986,618.19006762175,Total GHG
BRB,Barbados,1986,0.79358032454623,Total GHG
BRN,Brunei,1986,5.1511835974118,Total GHG
BTN,Bhutan,1986,0.85369032739994,Total GHG
BWA,Botswana,1986,6.7108016343599,Total GHG
CAF,Central African Republic,1986,6.9705722086198,Total GHG
CAN,Canada,1986,553.19043892752,Total GHG
CHE,Switzerland and Liechtenstein,1986,55.126048201899,Total GHG
CHL,Chile,1986,45.505977042265,Total GHG
CHN,China,1986,3132.1613239697,Total GHG
CIV,Côte d’Ivoire,1986,10.46090932897,Total GHG
CMR,Cameroon,1986,30.401685481074,Total GHG
COD,Democratic Republic of the Congo,1986,24.805955338188,Total GHG
COG,Congo,1986,8.7701036266464,Total GHG
COK,Cook Islands,1986,0.046053136387162,Total GHG
COL,Colombia,1986,118.01697433995,Total GHG
COM,Comoros,1986,0.22366699931239,Total GHG
CPV,Cabo Verde,1986,0.12819783015056,Total GHG
CRI,Costa Rica,1986,8.9361878444627,Total GHG
CUB,Cuba,1986,56.690879838198,Total GHG
CYM,Cayman Islands,1986,0.096667772562474,Total GHG
CYP,Cyprus,1986,4.3499878831264,Total GHG
CZE,Czechia,1986,231.82858889542,Total GHG
DEU,Germany,1986,1311.8177995751,Total GHG
DJI,Djibouti,1986,1.0711673929846,Total GHG
DMA,Dominica,1986,0.060111572146583,Total GHG
DNK,Denmark,1986,80.803750741674,Total GHG
DOM,Dominican Republic,1986,15.452615537793,Total GHG
DZA,Algeria,1986,128.88373079833,Total GHG
ECU,Ecuador,1986,32.355757926055,Total GHG
EGY,Egypt,1986,128.44932603905,Total GHG
ERI,Eritrea,1986,4.469504568203,Total GHG
ESH,Western Sahara,1986,0.36770171994741,Total GHG
ESP,Spain and Andorra,1986,264.10916715722,Total GHG
EST,Estonia,1986,44.316299685324,Total GHG
ETH,Ethiopia,1986,63.264684504759,Total GHG
FIN,Finland,1986,67.325692192035,Total GHG
FJI,Fiji,1986,1.9172306777525,Total GHG
FLK,Falkland Islands,1986,0.16022376992943,Total GHG
FRA,France and Monaco,1986,541.26695324954,Total GHG
FRO,Faroes,1986,0.088851849835203,Total GHG
GAB,Gabon,1986,14.609927149971,Total GHG
GBR,United Kingdom,1986,788.68833796892,Total GHG
GEO,Georgia,1986,38.425183374186,Total GHG
GHA,Ghana,1986,9.1938177961949,Total GHG
GIB,Gibraltar,1986,0.13073925690258,Total GHG
GIN,Guinea,1986,5.1105861293012,Total GHG
GLP,Guadeloupe,1986,0.69111003837199,Total GHG
GMB,The Gambia,1986,0.78061249829842,Total GHG
GNB,Guinea-Bissau,1986,1.2793762628932,Total GHG
GNQ,Equatorial Guinea,1986,0.15645775295953,Total GHG
GRC,Greece,1986,82.931227546854,Total GHG
GRD,Grenada,1986,0.06604981412949,Total GHG
GRL,Greenland,1986,0.05965848005421,Total GHG
GTM,Guatemala,1986,11.700539386885,Total GHG
GUF,French Guiana,1986,0.22486432572229,Total GHG
GUY,Guyana,1986,2.8519865157841,Total GHG
HKG,Hong Kong,1986,33.647239868028,Total GHG
HND,Honduras,1986,8.2369390765719,Total GHG
HRV,Croatia,1986,40.559010210548,Total GHG
HTI,Haiti,1986,7.2436145094801,Total GHG
HUN,Hungary,1986,114.75507687603,Total GHG
IDN,Indonesia,1986,284.11018253045,Total GHG
IND,India,1986,1195.6476021066,Total GHG
IRL,Ireland,1986,54.815885884252,Total GHG
IRN,Iran,1986,245.98215615339,Total GHG
IRQ,Iraq,1986,147.27047749458,Total GHG
ISL,Iceland,1986,4.073367206106,Total GHG
ISR,"Israel and Palestine, State of",1986,34.154527648064,Total GHG
ITA,"Italy, San Marino and the Holy See",1986,459.21347157782,Total GHG
JAM,Jamaica,1986,6.0946321392735,Total GHG
JOR,Jordan,1986,12.363419827359,Total GHG
JPN,Japan,1986,1114.9773688274,Total GHG
KAZ,Kazakhstan,1986,305.38619454215,Total GHG
KEN,Kenya,1986,34.464152386255,Total GHG
KGZ,Kyrgyzstan,1986,27.656433988758,Total GHG
KHM,Cambodia,1986,11.736456303292,Total GHG
KIR,Kiribati,1986,0.026733183379393,Total GHG
KNA,Saint Kitts and Nevis,1986,0.060174746596548,Total GHG
KOR,South Korea,1986,247.75057591488,Total GHG
KWT,Kuwait,1986,65.574946275549,Total GHG
LAO,Laos,1986,5.9188464227583,Total GHG
LBN,Lebanon,1986,9.2111301886965,Total GHG
LBR,Liberia,1986,1.9588819240299,Total GHG
LBY,Libya,1986,70.454832490777,Total GHG
LCA,Saint Lucia,1986,0.11717919370832,Total GHG
LKA,Sri Lanka,1986,12.984601429738,Total GHG
LSO,Lesotho,1986,1.9999850418878,Total GHG
LTU,Lithuania,1986,47.055745934248,Total GHG
LUX,Luxembourg,1986,11.967229604777,Total GHG
LVA,Latvia,1986,27.205886298648,Total GHG
MAC,Macao,1986,0.7489360868261,Total GHG
MAR,Morocco,1986,36.905553638742,Total GHG
MDA,Moldova,1986,36.052231996799,Total GHG
MDG,Madagascar,1986,22.14202106862,Total GHG
MDV,Maldives,1986,0.090856606029019,Total GHG
MEX,Mexico,1986,413.95160564387,Total GHG
MKD,North Macedonia,1986,13.241632636354,Total GHG
MLI,Mali,1986,10.124663750214,Total GHG
MLT,Malta,1986,2.0638343776699,Total GHG
MMR,Myanmar/Burma,1986,67.337707754943,Total GHG
MNG,Mongolia,1986,28.840789075049,Total GHG
MOZ,Mozambique,1986,9.0003155856698,Total GHG
MRT,Mauritania,1986,5.2953471273736,Total GHG
MTQ,Martinique,1986,0.51857357868935,Total GHG
MUS,Mauritius,1986,1.4071626639441,Total GHG
MWI,Malawi,1986,3.8570289069242,Total GHG
MYS,Malaysia,1986,62.180299348731,Total GHG
NAM,Namibia,1986,5.9745455471259,Total GHG
NCL,New Caledonia,1986,1.7249938334958,Total GHG
NER,Niger,1986,9.4882109825514,Total GHG
NGA,Nigeria,1986,229.04847593307,Total GHG
NIC,Nicaragua,1986,8.1232072079145,Total GHG
NLD,Netherlands,1986,212.06903553787,Total GHG
NOR,Norway,1986,57.126659034036,Total GHG
NPL,Nepal,1986,21.56504224511,Total GHG
NZL,New Zealand,1986,70.269507211041,Total GHG
OMN,Oman,1986,26.454875665082,Total GHG
PAK,Pakistan,1986,157.81115712738,Total GHG
PAN,Panama,1986,6.9605035327868,Total GHG
PER,Peru,1986,45.316142390156,Total GHG
PHL,Philippines,1986,77.836854301298,Total GHG
PLW,Palau,1986,2.2124868027245,Total GHG
PNG,Papua New Guinea,1986,3.858073759361,Total GHG
POL,Poland,1986,646.16671773348,Total GHG
PRI,Puerto Rico,1986,23.967680934062,Total GHG
PRK,North Korea,1986,173.24564730312,Total GHG
PRT,Portugal,1986,46.213492086126,Total GHG
PRY,Paraguay,1986,18.657776360247,Total GHG
PYF,French Polynesia,1986,0.8780027301641,Total GHG
QAT,Qatar,1986,23.403535148285,Total GHG
REU,Réunion,1986,0.86892931739632,Total GHG
ROU,Romania,1986,267.44785368128,Total GHG
RUS,Russia,1986,2706.2557329121,Total GHG
RWA,Rwanda,1986,5.7883017948306,Total GHG
SAU,Saudi Arabia,1986,185.79108819519,Total GHG
SCG,Serbia and Montenegro,1986,87.494846206856,Total GHG
SDN,Sudan and South Sudan,1986,58.054886711408,Total GHG
SEN,Senegal,1986,9.0255843519155,Total GHG
SGP,Singapore,1986,21.038498820221,Total GHG
SHN,"Saint Helena, Ascension and Tristan da Cunha",1986,0.0067120484314293,Total GHG
SLB,Solomon Islands,1986,0.24737638953141,Total GHG
SLE,Sierra Leone,1986,2.6881413405262,Total GHG
SLV,El Salvador,1986,6.074745632735,Total GHG
SOM,Somalia,1986,25.108968782199,Total GHG
SPM,Saint Pierre and Miquelon,1986,0.061190916571987,Total GHG
STP,São Tomé and Príncipe,1986,0.049628370863473,Total GHG
SUR,Suriname,1986,1.8316467264504,Total GHG
SVK,Slovakia,1986,71.159170333228,Total GHG
SVN,Slovenia,1986,19.535114226685,Total GHG
SWE,Sweden,1986,82.754849975237,Total GHG
SWZ,Eswatini,1986,2.6969517176809,Total GHG
SYC,Seychelles,1986,0.24381724940574,Total GHG
SYR,Syria,1986,42.086788285506,Total GHG
TCA,Turks and Caicos Islands,1986,0.0074409666875855,Total GHG
TCD,Chad,1986,8.7597203782158,Total GHG
TGO,Togo,1986,2.661187446947,Total GHG
THA,Thailand,1986,131.03055546175,Total GHG
TJK,Tajikistan,1986,22.29201592007,Total GHG
TKM,Turkmenistan,1986,50.594918850047,Total GHG
TLS,Timor-Leste,1986,0.43260876820828,Total GHG
TON,Tonga,1986,0.12341664592356,Total GHG
TTO,Trinidad and Tobago,1986,14.872006002087,Total GHG
TUN,Tunisia,1986,20.577115531733,Total GHG
TUR,Türkiye,1986,189.57662698441,Total GHG
TWN,Taiwan,1986,110.73969944384,Total GHG
TZA,Tanzania,1986,28.087631414205,Total GHG
UGA,Uganda,1986,14.701767279471,Total GHG
UKR,Ukraine,1986,875.44489357359,Total GHG
URY,Uruguay,1986,29.213449616475,Total GHG
USA,United States,1986,5846.3343311807,Total GHG
UZB,Uzbekistan,1986,144.40869693353,Total GHG
VCT,Saint Vincent and the Grenadines,1986,0.063721645539913,Total GHG
VEN,Venezuela,1986,146.56759998476,Total GHG
VGB,British Virgin Islands,1986,0.016432169555867,Total GHG
VNM,Viet Nam,1986,85.62036051384,Total GHG
VUT,Vanuatu,1986,0.40054046709508,Total GHG
WSM,Samoa,1986,0.23956560511442,Total GHG
YEM,Yemen,1986,11.091877834532,Total GHG
ZAF,South Africa,1986,371.32791991013,Total GHG
ZMB,Zambia,1986,15.18509840359,Total GHG
ZWE,Zimbabwe,1986,27.160922304998,Total GHG
,,1986,,Total GHG
EU27,EU27,1986,5065.0573602749,Total GHG
,,1986,,Total GHG
GLOBAL TOTAL,GLOBAL TOTAL,1986,29635.808788082,Total GHG
ABW,Aruba,1987,0.1438383473145,Total GHG
AFG,Afghanistan,1987,12.818525408874,Total GHG
AGO,Angola,1987,34.668891374537,Total GHG
AIA,Anguilla,1987,0.0078415553513109,Total GHG
ALB,Albania,1987,13.503803153082,Total GHG
ANT,Curaçao,1987,4.1537184995945,Total GHG
ARE,United Arab Emirates,1987,68.730057526574,Total GHG
ARG,Argentina,1987,250.85546355139,Total GHG
ARM,Armenia,1987,22.096893025559,Total GHG
ATG,Antigua and Barbuda,1987,0.23303856433153,Total GHG
AUS,Australia,1987,419.1159162527,Total GHG
AUT,Austria,1987,78.109788255135,Total GHG
AZE,Azerbaijan,1987,57.721872857029,Total GHG
BDI,Burundi,1987,2.3997945871001,Total GHG
BEL,Belgium,1987,137.93732365044,Total GHG
BEN,Benin,1987,3.6962150864619,Total GHG
BFA,Burkina Faso,1987,9.9016421044645,Total GHG
BGD,Bangladesh,1987,67.764333192461,Total GHG
BGR,Bulgaria,1987,116.58927220072,Total GHG
BHR,Bahrain,1987,27.112463901972,Total GHG
BHS,Bahamas,1987,1.0782303202364,Total GHG
BIH,Bosnia and Herzegovina,1987,26.780043827947,Total GHG
BLR,Belarus,1987,143.92805378822,Total GHG
BLZ,Belize,1987,0.34531042205498,Total GHG
BMU,Bermuda,1987,0.27613929857641,Total GHG
BOL,Bolivia,1987,27.459432974357,Total GHG
BRA,Brazil,1987,634.84090165901,Total GHG
BRB,Barbados,1987,0.75039646079995,Total GHG
BRN,Brunei,1987,5.1837659701352,Total GHG
BTN,Bhutan,1987,0.92311653437652,Total GHG
BWA,Botswana,1987,6.8317893970008,Total GHG
CAF,Central African Republic,1987,6.8454489470537,Total GHG
CAN,Canada,1987,569.61763039591,Total GHG
CHE,Switzerland and Liechtenstein,1987,53.31682888077,Total GHG
CHL,Chile,1987,46.001550433037,Total GHG
CHN,China,1987,3319.7289112718,Total GHG
CIV,Côte d’Ivoire,1987,10.415793028245,Total GHG
CMR,Cameroon,1987,30.29805574281,Total GHG
COD,Democratic Republic of the Congo,1987,26.057968502723,Total GHG
COG,Congo,1987,9.3947188642626,Total GHG
COK,Cook Islands,1987,0.051370769480411,Total GHG
COL,Colombia,1987,122.91131364764,Total GHG
COM,Comoros,1987,0.25701855976612,Total GHG
CPV,Cabo Verde,1987,0.154608412181,Total GHG
CRI,Costa Rica,1987,8.9556232898898,Total GHG
CUB,Cuba,1987,59.613364423434,Total GHG
CYM,Cayman Islands,1987,0.10736077424225,Total GHG
CYP,Cyprus,1987,4.944674140716,Total GHG
CZE,Czechia,1987,231.54468443063,Total GHG
DEU,Germany,1987,1300.5715550799,Total GHG
DJI,Djibouti,1987,1.3137583622403,Total GHG
DMA,Dominica,1987,0.071652261727605,Total GHG
DNK,Denmark,1987,78.316772932763,Total GHG
DOM,Dominican Republic,1987,16.879905121409,Total GHG
DZA,Algeria,1987,126.83657009296,Total GHG
ECU,Ecuador,1987,29.240376004288,Total GHG
EGY,Egypt,1987,137.48067758738,Total GHG
ERI,Eritrea,1987,4.4277605032822,Total GHG
ESH,Western Sahara,1987,0.41380751520619,Total GHG
ESP,Spain and Andorra,1987,262.43638518454,Total GHG
EST,Estonia,1987,43.732259485861,Total GHG
ETH,Ethiopia,1987,61.05781930345,Total GHG
FIN,Finland,1987,72.008451569333,Total GHG
FJI,Fiji,1987,1.8482794170455,Total GHG
FLK,Falkland Islands,1987,0.15489092342643,Total GHG
FRA,France and Monaco,1987,531.36885063504,Total GHG
FRO,Faroes,1987,0.08942344112845,Total GHG
GAB,Gabon,1987,13.624219557978,Total GHG
GBR,United Kingdom,1987,788.8466251396,Total GHG
GEO,Georgia,1987,38.910227589652,Total GHG
GHA,Ghana,1987,9.6438751600918,Total GHG
GIB,Gibraltar,1987,0.14254500822238,Total GHG
GIN,Guinea,1987,5.7679379499628,Total GHG
GLP,Guadeloupe,1987,0.75749167345801,Total GHG
GMB,The Gambia,1987,0.87578162915844,Total GHG
GNB,Guinea-Bissau,1987,1.4027843829236,Total GHG
GNQ,Equatorial Guinea,1987,0.17740874885136,Total GHG
GRC,Greece,1987,87.981146122411,Total GHG
GRD,Grenada,1987,0.072645699815224,Total GHG
GRL,Greenland,1987,0.060087808229502,Total GHG
GTM,Guatemala,1987,12.113855172195,Total GHG
GUF,French Guiana,1987,0.28263998574381,Total GHG
GUY,Guyana,1987,2.8280091911872,Total GHG
HKG,Hong Kong,1987,33.708977056241,Total GHG
HND,Honduras,1987,8.419915758766,Total GHG
HRV,Croatia,1987,39.751471371553,Total GHG
HTI,Haiti,1987,7.2364132876537,Total GHG
HUN,Hungary,1987,116.04311888876,Total GHG
IDN,Indonesia,1987,286.961137354,Total GHG
IND,India,1987,1231.5535867685,Total GHG
IRL,Ireland,1987,56.093206045722,Total GHG
IRN,Iran,1987,262.41407726358,Total GHG
IRQ,Iraq,1987,164.20254847014,Total GHG
ISL,Iceland,1987,4.2099755974307,Total GHG
ISR,"Israel and Palestine, State of",1987,36.884655470419,Total GHG
ITA,"Italy, San Marino and the Holy See",1987,485.19597074816,Total GHG
JAM,Jamaica,1987,6.2687235365953,Total GHG
JOR,Jordan,1987,13.749893820362,Total GHG
JPN,Japan,1987,1118.9970565213,Total GHG
KAZ,Kazakhstan,1987,321.08337610191,Total GHG
KEN,Kenya,1987,34.790354468153,Total GHG
KGZ,Kyrgyzstan,1987,29.512004520972,Total GHG
KHM,Cambodia,1987,11.546752491664,Total GHG
KIR,Kiribati,1987,0.031372688541285,Total GHG
KNA,Saint Kitts and Nevis,1987,0.060781364397503,Total GHG
KOR,South Korea,1987,253.27759058302,Total GHG
KWT,Kuwait,1987,70.778548951529,Total GHG
LAO,Laos,1987,5.8612445370984,Total GHG
LBN,Lebanon,1987,9.397441069395,Total GHG
LBR,Liberia,1987,2.0147829915213,Total GHG
LBY,Libya,1987,67.844687022769,Total GHG
LCA,Saint Lucia,1987,0.1252573363174,Total GHG
LKA,Sri Lanka,1987,13.7995875559,Total GHG
LSO,Lesotho,1987,2.2951483279722,Total GHG
LTU,Lithuania,1987,47.506407850557,Total GHG
LUX,Luxembourg,1987,11.366471853219,Total GHG
LVA,Latvia,1987,27.586848681115,Total GHG
MAC,Macao,1987,0.91769282449142,Total GHG
MAR,Morocco,1987,38.531122637779,Total GHG
MDA,Moldova,1987,36.862953170626,Total GHG
MDG,Madagascar,1987,22.188355016773,Total GHG
MDV,Maldives,1987,0.099704416286726,Total GHG
MEX,Mexico,1987,426.26956794612,Total GHG
MKD,North Macedonia,1987,12.874722590766,Total GHG
MLI,Mali,1987,10.517641175409,Total GHG
MLT,Malta,1987,2.1587251137782,Total GHG
MMR,Myanmar/Burma,1987,64.756898885477,Total GHG
MNG,Mongolia,1987,29.902143979635,Total GHG
MOZ,Mozambique,1987,8.5702401062169,Total GHG
MRT,Mauritania,1987,5.7533458332656,Total GHG
MTQ,Martinique,1987,0.56858690552486,Total GHG
MUS,Mauritius,1987,1.4740862790035,Total GHG
MWI,Malawi,1987,4.1342174474712,Total GHG
MYS,Malaysia,1987,63.3038438429,Total GHG
NAM,Namibia,1987,6.3584203059446,Total GHG
NCL,New Caledonia,1987,1.8647432262283,Total GHG
NER,Niger,1987,9.7790015303145,Total GHG
NGA,Nigeria,1987,216.49065594875,Total GHG
NIC,Nicaragua,1987,7.606282230933,Total GHG
NLD,Netherlands,1987,216.70754635335,Total GHG
NOR,Norway,1987,55.558350923307,Total GHG
NPL,Nepal,1987,22.211602455575,Total GHG
NZL,New Zealand,1987,69.690204213512,Total GHG
OMN,Oman,1987,26.725110935221,Total GHG
PAK,Pakistan,1987,166.80415890399,Total GHG
PAN,Panama,1987,7.2677762754438,Total GHG
PER,Peru,1987,47.391738121822,Total GHG
PHL,Philippines,1987,83.922755593879,Total GHG
PLW,Palau,1987,2.3195563480469,Total GHG
PNG,Papua New Guinea,1987,4.2771252118657,Total GHG
POL,Poland,1987,658.841386545,Total GHG
PRI,Puerto Rico,1987,21.574177543731,Total GHG
PRK,North Korea,1987,167.66221918324,Total GHG
PRT,Portugal,1987,46.167771755648,Total GHG
PRY,Paraguay,1987,19.421093250889,Total GHG
PYF,French Polynesia,1987,0.98700686070298,Total GHG
QAT,Qatar,1987,23.261602531162,Total GHG
REU,Réunion,1987,1.2206678185456,Total GHG
ROU,Romania,1987,275.25245308001,Total GHG
RUS,Russia,1987,2778.1348245346,Total GHG
RWA,Rwanda,1987,5.920558708889,Total GHG
SAU,Saudi Arabia,1987,193.90995545649,Total GHG
SCG,Serbia and Montenegro,1987,83.866599325327,Total GHG
SDN,Sudan and South Sudan,1987,56.707155777972,Total GHG
SEN,Senegal,1987,9.3539230893572,Total GHG
SGP,Singapore,1987,21.453444236861,Total GHG
SHN,"Saint Helena, Ascension and Tristan da Cunha",1987,0.0081850591281348,Total GHG
SLB,Solomon Islands,1987,0.25660311323451,Total GHG
SLE,Sierra Leone,1987,2.9886518154139,Total GHG
SLV,El Salvador,1987,6.686179615229,Total GHG
SOM,Somalia,1987,26.040976651526,Total GHG
SPM,Saint Pierre and Miquelon,1987,0.080571318639259,Total GHG
STP,São Tomé and Príncipe,1987,0.059621776284071,Total GHG
SUR,Suriname,1987,1.5380566062308,Total GHG
SVK,Slovakia,1987,72.791136031696,Total GHG
SVN,Slovenia,1987,19.110992869482,Total GHG
SWE,Sweden,1987,80.458143859451,Total GHG
SWZ,Eswatini,1987,2.6934939208156,Total GHG
SYC,Seychelles,1987,0.3421591015097,Total GHG
SYR,Syria,1987,50.926232260773,Total GHG
TCA,Turks and Caicos Islands,1987,0.0079010149395663,Total GHG
TCD,Chad,1987,9.224191810646,Total GHG
TGO,Togo,1987,2.8034859302643,Total GHG
THA,Thailand,1987,139.74903533836,Total GHG
TJK,Tajikistan,1987,22.788430467261,Total GHG
TKM,Turkmenistan,1987,52.030882092511,Total GHG
TLS,Timor-Leste,1987,0.44882121126315,Total GHG
TON,Tonga,1987,0.168900852483,Total GHG
TTO,Trinidad and Tobago,1987,15.161706803319,Total GHG
TUN,Tunisia,1987,20.893955191415,Total GHG
TUR,Türkiye,1987,202.40679400396,Total GHG
TWN,Taiwan,1987,115.61006372037,Total GHG
TZA,Tanzania,1987,28.757481342548,Total GHG
UGA,Uganda,1987,12.892330699888,Total GHG
UKR,Ukraine,1987,899.59573993468,Total GHG
URY,Uruguay,1987,31.04325637572,Total GHG
USA,United States,1987,6007.3421027435,Total GHG
UZB,Uzbekistan,1987,149.28315989167,Total GHG
VCT,Saint Vincent and the Grenadines,1987,0.06098855739241,Total GHG
VEN,Venezuela,1987,152.651482441,Total GHG
VGB,British Virgin Islands,1987,0.02715809483512,Total GHG
VNM,Viet Nam,1987,87.580731708097,Total GHG
VUT,Vanuatu,1987,0.41208076989099,Total GHG
WSM,Samoa,1987,0.26419823665725,Total GHG
YEM,Yemen,1987,11.998348743595,Total GHG
ZAF,South Africa,1987,388.39796356189,Total GHG
ZMB,Zambia,1987,14.641110019581,Total GHG
ZWE,Zimbabwe,1987,31.12710190394,Total GHG
,,1987,,Total GHG
EU27,EU27,1987,5100.572814735,Total GHG
,,1987,,Total GHG
GLOBAL TOTAL,GLOBAL TOTAL,1987,30395.987733477,Total GHG
ABW,Aruba,1988,0.1579957812775,Total GHG
AFG,Afghanistan,1988,13.085317642136,Total GHG
AGO,Angola,1988,36.42461418409,Total GHG
AIA,Anguilla,1988,0.0075600325676872,Total GHG
ALB,Albania,1988,13.399219876201,Total GHG
ANT,Curaçao,1988,3.6458455866317,Total GHG
ARE,United Arab Emirates,1988,68.144866045498,Total GHG
ARG,Argentina,1988,259.32664136893,Total GHG
ARM,Armenia,1988,22.025992060558,Total GHG
ATG,Antigua and Barbuda,1988,0.24459228326152,Total GHG
AUS,Australia,1988,429.70916874346,Total GHG
AUT,Austria,1988,76.930743190531,Total GHG
AZE,Azerbaijan,1988,57.533399874343,Total GHG
BDI,Burundi,1988,2.5369323687616,Total GHG
BEL,Belgium,1988,138.32934724386,Total GHG
BEN,Benin,1988,3.6633829331909,Total GHG
BFA,Burkina Faso,1988,10.202715466586,Total GHG
BGD,Bangladesh,1988,69.949207720216,Total GHG
BGR,Bulgaria,1988,115.87966009911,Total GHG
BHR,Bahrain,1988,28.099370894967,Total GHG
BHS,Bahamas,1988,1.1027994332429,Total GHG
BIH,Bosnia and Herzegovina,1988,27.001012744591,Total GHG
BLR,Belarus,1988,141.73816770166,Total GHG
BLZ,Belize,1988,0.33687653004687,Total GHG
BMU,Bermuda,1988,0.32035716269533,Total GHG
BOL,Bolivia,1988,28.188064882806,Total GHG
BRA,Brazil,1988,650.31353279452,Total GHG
BRB,Barbados,1988,0.76182607354121,Total GHG
BRN,Brunei,1988,5.4975529382187,Total GHG
BTN,Bhutan,1988,0.90321623691971,Total GHG
BWA,Botswana,1988,7.8606187900471,Total GHG
CAF,Central African Republic,1988,6.6491651170841,Total GHG
CAN,Canada,1988,604.15429436063,Total GHG
CHE,Switzerland and Liechtenstein,1988,53.190730497207,Total GHG
CHL,Chile,1988,49.926217787561,Total GHG
CHN,China,1988,3510.8084678487,Total GHG
CIV,Côte d’Ivoire,1988,10.369546179035,Total GHG
CMR,Cameroon,1988,27.775646339836,Total GHG
COD,Democratic Republic of the Congo,1988,27.165929920432,Total GHG
COG,Congo,1988,10.268525006099,Total GHG
COK,Cook Islands,1988,0.051935264300411,Total GHG
COL,Colombia,1988,124.95514050091,Total GHG
COM,Comoros,1988,0.25872846980724,Total GHG
CPV,Cabo Verde,1988,0.17926221256262,Total GHG
CRI,Costa Rica,1988,9.0729235180325,Total GHG
CUB,Cuba,1988,61.298275875092,Total GHG
CYM,Cayman Islands,1988,0.12047714867871,Total GHG
CYP,Cyprus,1988,5.0165440310733,Total GHG
CZE,Czechia,1988,227.65671104453,Total GHG
DEU,Germany,1988,1293.0853694666,Total GHG
DJI,Djibouti,1988,1.2932113660866,Total GHG
DMA,Dominica,1988,0.075583679960805,Total GHG
DNK,Denmark,1988,73.862211328739,Total GHG
DOM,Dominican Republic,1988,16.969677833607,Total GHG
DZA,Algeria,1988,126.85243669446,Total GHG
ECU,Ecuador,1988,33.836036325091,Total GHG
EGY,Egypt,1988,139.09242867048,Total GHG
ERI,Eritrea,1988,4.4956231016329,Total GHG
ESH,Western Sahara,1988,0.40732450992516,Total GHG
ESP,Spain and Andorra,1988,270.19137786841,Total GHG
EST,Estonia,1988,41.727375317949,Total GHG
ETH,Ethiopia,1988,61.920820912525,Total GHG
FIN,Finland,1988,70.533825917715,Total GHG
FJI,Fiji,1988,1.8543303841974,Total GHG
FLK,Falkland Islands,1988,0.16124574659454,Total GHG
FRA,France and Monaco,1988,528.39422898577,Total GHG
FRO,Faroes,1988,0.089560571539041,Total GHG
GAB,Gabon,1988,14.238671017676,Total GHG
GBR,United Kingdom,1988,785.76790743715,Total GHG
GEO,Georgia,1988,38.370558599022,Total GHG
GHA,Ghana,1988,9.8628010036511,Total GHG
GIB,Gibraltar,1988,0.15821467333088,Total GHG
GIN,Guinea,1988,5.9841271877837,Total GHG
GLP,Guadeloupe,1988,0.83830252265612,Total GHG
GMB,The Gambia,1988,0.88996728519414,Total GHG
GNB,Guinea-Bissau,1988,1.4254668533697,Total GHG
GNQ,Equatorial Guinea,1988,0.17532135554695,Total GHG
GRC,Greece,1988,92.920435452624,Total GHG
GRD,Grenada,1988,0.075753625831847,Total GHG
GRL,Greenland,1988,0.060428339811338,Total GHG
GTM,Guatemala,1988,12.278511607504,Total GHG
GUF,French Guiana,1988,0.27975588691463,Total GHG
GUY,Guyana,1988,2.8685533195023,Total GHG
HKG,Hong Kong,1988,37.355897867987,Total GHG
HND,Honduras,1988,8.5196567972805,Total GHG
HRV,Croatia,1988,42.558385419429,Total GHG
HTI,Haiti,1988,7.2562122239939,Total GHG
HUN,Hungary,1988,110.71027725354,Total GHG
IDN,Indonesia,1988,299.48167033108,Total GHG
IND,India,1988,1302.0968859321,Total GHG
IRL,Ireland,1988,55.288685014039,Total GHG
IRN,Iran,1988,264.40884437453,Total GHG
IRQ,Iraq,1988,195.54098618328,Total GHG
ISL,Iceland,1988,4.3252005910196,Total GHG
ISR,"Israel and Palestine, State of",1988,39.064724245719,Total GHG
ITA,"Italy, San Marino and the Holy See",1988,486.06587454252,Total GHG
JAM,Jamaica,1988,6.4807519011023,Total GHG
JOR,Jordan,1988,13.441935603455,Total GHG
JPN,Japan,1988,1194.0144861066,Total GHG
KAZ,Kazakhstan,1988,328.74281592906,Total GHG
KEN,Kenya,1988,36.621333190117,Total GHG
KGZ,Kyrgyzstan,1988,30.15206492366,Total GHG
KHM,Cambodia,1988,13.244257628974,Total GHG
KIR,Kiribati,1988,0.031735064683985,Total GHG
KNA,Saint Kitts and Nevis,1988,0.06291878940789,Total GHG
KOR,South Korea,1988,279.86755694265,Total GHG
KWT,Kuwait,1988,81.259987257345,Total GHG
LAO,Laos,1988,5.8800633682726,Total GHG
LBN,Lebanon,1988,7.6203374999227,Total GHG
LBR,Liberia,1988,2.2923707653138,Total GHG
LBY,Libya,1988,75.872555955666,Total GHG
LCA,Saint Lucia,1988,0.14566749047277,Total GHG
LKA,Sri Lanka,1988,13.566738036973,Total GHG
LSO,Lesotho,1988,2.2176102948646,Total GHG
LTU,Lithuania,1988,47.299347724269,Total GHG
LUX,Luxembourg,1988,11.832069894304,Total GHG
LVA,Latvia,1988,27.429220956195,Total GHG
MAC,Macao,1988,0.89595154914817,Total GHG
MAR,Morocco,1988,39.195666983011,Total GHG
MDA,Moldova,1988,37.061127018993,Total GHG
MDG,Madagascar,1988,22.32479494933,Total GHG
MDV,Maldives,1988,0.11540834283958,Total GHG
MEX,Mexico,1988,424.94086470299,Total GHG
MKD,North Macedonia,1988,12.997416514883,Total GHG
MLI,Mali,1988,10.848496045556,Total GHG
MLT,Malta,1988,2.3361004175805,Total GHG
MMR,Myanmar/Burma,1988,64.607295407756,Total GHG
MNG,Mongolia,1988,30.908664048977,Total GHG
MOZ,Mozambique,1988,8.312475504326,Total GHG
MRT,Mauritania,1988,6.1010709479921,Total GHG
MTQ,Martinique,1988,0.6701368700026,Total GHG
MUS,Mauritius,1988,1.5577032681963,Total GHG
MWI,Malawi,1988,3.77690013941,Total GHG
MYS,Malaysia,1988,67.320533365402,Total GHG
NAM,Namibia,1988,6.7469860350147,Total GHG
NCL,New Caledonia,1988,1.8344838142202,Total GHG
NER,Niger,1988,10.150158873499,Total GHG
NGA,Nigeria,1988,235.3765624078,Total GHG
NIC,Nicaragua,1988,7.8164071218322,Total GHG
NLD,Netherlands,1988,216.21720460716,Total GHG
NOR,Norway,1988,57.009628667292,Total GHG
NPL,Nepal,1988,22.568839027216,Total GHG
NZL,New Zealand,1988,71.412309070112,Total GHG
OMN,Oman,1988,28.921902005659,Total GHG
PAK,Pakistan,1988,174.19594367722,Total GHG
PAN,Panama,1988,6.5601722527612,Total GHG
PER,Peru,1988,47.558801489814,Total GHG
PHL,Philippines,1988,86.836188993369,Total GHG
PLW,Palau,1988,2.2204082835611,Total GHG
PNG,Papua New Guinea,1988,4.139205119459,Total GHG
POL,Poland,1988,645.79802341551,Total GHG
PRI,Puerto Rico,1988,24.938021505156,Total GHG
PRK,North Korea,1988,171.21498621401,Total GHG
PRT,Portugal,1988,47.068364761223,Total GHG
PRY,Paraguay,1988,20.407692009997,Total GHG
PYF,French Polynesia,1988,0.97894655779298,Total GHG
QAT,Qatar,1988,24.687635180117,Total GHG
REU,Réunion,1988,1.303010840706,Total GHG
ROU,Romania,1988,279.08836079869,Total GHG
RUS,Russia,1988,2835.0982438764,Total GHG
RWA,Rwanda,1988,6.0642807766408,Total GHG
SAU,Saudi Arabia,1988,212.17652403152,Total GHG
SCG,Serbia and Montenegro,1988,83.449497084552,Total GHG
SDN,Sudan and South Sudan,1988,58.43467625174,Total GHG
SEN,Senegal,1988,9.3477661998604,Total GHG
SGP,Singapore,1988,23.894349589802,Total GHG
SHN,"Saint Helena, Ascension and Tristan da Cunha",1988,0.0088709792813347,Total GHG
SLB,Solomon Islands,1988,0.28660142730141,Total GHG
SLE,Sierra Leone,1988,3.0315221749905,Total GHG
SLV,El Salvador,1988,6.7529474086062,Total GHG
SOM,Somalia,1988,27.059878158694,Total GHG
SPM,Saint Pierre and Miquelon,1988,0.086669232020322,Total GHG
STP,São Tomé and Príncipe,1988,0.057655490794738,Total GHG
SUR,Suriname,1988,1.6410372574229,Total GHG
SVK,Slovakia,1988,74.188824459518,Total GHG
SVN,Slovenia,1988,23.359835373215,Total GHG
SWE,Sweden,1988,78.45656377744,Total GHG
SWZ,Eswatini,1988,2.7325275210263,Total GHG
SYC,Seychelles,1988,0.45040218023024,Total GHG
SYR,Syria,1988,52.908167880842,Total GHG
TCA,Turks and Caicos Islands,1988,0.0085103189023467,Total GHG
TCD,Chad,1988,9.5387462240455,Total GHG
TGO,Togo,1988,3.0089472710365,Total GHG
THA,Thailand,1988,152.18456355258,Total GHG
TJK,Tajikistan,1988,23.019778184485,Total GHG
TKM,Turkmenistan,1988,53.118639178312,Total GHG
TLS,Timor-Leste,1988,0.45134421625704,Total GHG
TON,Tonga,1988,0.19180862762948,Total GHG
TTO,Trinidad and Tobago,1988,15.941510164755,Total GHG
TUN,Tunisia,1988,21.613655833237,Total GHG
TUR,Türkiye,1988,197.89306835313,Total GHG
TWN,Taiwan,1988,132.88170360242,Total GHG
TZA,Tanzania,1988,29.248054725349,Total GHG
UGA,Uganda,1988,13.649028659956,Total GHG
UKR,Ukraine,1988,905.3615357786,Total GHG
URY,Uruguay,1988,33.138401857253,Total GHG
USA,United States,1988,6238.145083501,Total GHG
UZB,Uzbekistan,1988,151.7595392179,Total GHG
VCT,Saint Vincent and the Grenadines,1988,0.068332379305389,Total GHG
VEN,Venezuela,1988,151.16314200085,Total GHG
VGB,British Virgin Islands,1988,0.028668835943218,Total GHG
VNM,Viet Nam,1988,90.781229944125,Total GHG
VUT,Vanuatu,1988,0.44273593786505,Total GHG
WSM,Samoa,1988,0.26542267479947,Total GHG
YEM,Yemen,1988,15.787678110201,Total GHG
ZAF,South Africa,1988,394.1299377402,Total GHG
ZMB,Zambia,1988,14.922709344504,Total GHG
ZWE,Zimbabwe,1988,30.80800116481,Total GHG
,,1988,,Total GHG
EU27,EU27,1988,5082.2249683615,Total GHG
,,1988,,Total GHG
GLOBAL TOTAL,GLOBAL TOTAL,1988,31352.639359195,Total GHG
ABW,Aruba,1989,0.21321751304707,Total GHG
AFG,Afghanistan,1989,12.681892476042,Total GHG
AGO,Angola,1989,37.309137628742,Total GHG
AIA,Anguilla,1989,0.0079628460787143,Total GHG
ALB,Albania,1989,13.313284408518,Total GHG
ANT,Curaçao,1989,3.1335719743553,Total GHG
ARE,United Arab Emirates,1989,77.133195236662,Total GHG
ARG,Argentina,1989,258.51075951609,Total GHG
ARM,Armenia,1989,21.634014337678,Total GHG
ATG,Antigua and Barbuda,1989,0.24431006248012,Total GHG
AUS,Australia,1989,451.01028856473,Total GHG
AUT,Austria,1989,76.216188459814,Total GHG
AZE,Azerbaijan,1989,57.607420152324,Total GHG
BDI,Burundi,1989,2.5707944127654,Total GHG
BEL,Belgium,1989,139.19796637431,Total GHG
BEN,Benin,1989,3.6601173205427,Total GHG
BFA,Burkina Faso,1989,10.443709569794,Total GHG
BGD,Bangladesh,1989,73.356285114544,Total GHG
BGR,Bulgaria,1989,113.96969465144,Total GHG
BHR,Bahrain,1989,28.332419282518,Total GHG
BHS,Bahamas,1989,1.2645965522124,Total GHG
BIH,Bosnia and Herzegovina,1989,27.303066978851,Total GHG
BLR,Belarus,1989,138.49799318935,Total GHG
BLZ,Belize,1989,0.37736543877826,Total GHG
BMU,Bermuda,1989,0.39323806888516,Total GHG
BOL,Bolivia,1989,29.830515324861,Total GHG
BRA,Brazil,1989,660.05901493082,Total GHG
BRB,Barbados,1989,0.84128977382352,Total GHG
BRN,Brunei,1989,5.4492496283178,Total GHG
BTN,Bhutan,1989,0.91568677534366,Total GHG
BWA,Botswana,1989,8.363134773529,Total GHG
CAF,Central African Republic,1989,7.4406053228508,Total GHG
CAN,Canada,1989,626.75892576294,Total GHG
CHE,Switzerland and Liechtenstein,1989,53.023159346957,Total GHG
CHL,Chile,1989,55.232213019857,Total GHG
CHN,China,1989,3634.8486218501,Total GHG
CIV,Côte d’Ivoire,1989,9.9927799620469,Total GHG
CMR,Cameroon,1989,30.432700338984,Total GHG
COD,Democratic Republic of the Congo,1989,24.419262498781,Total GHG
COG,Congo,1989,10.911888129758,Total GHG
COK,Cook Islands,1989,0.050238835100304,Total GHG
COL,Colombia,1989,128.87429860029,Total GHG
COM,Comoros,1989,0.26247841694704,Total GHG
CPV,Cabo Verde,1989,0.19297483445606,Total GHG
CRI,Costa Rica,1989,9.3715790709345,Total GHG
CUB,Cuba,1989,62.815706363403,Total GHG
CYM,Cayman Islands,1989,0.12337601444587,Total GHG
CYP,Cyprus,1989,5.2713918862442,Total GHG
CZE,Czechia,1989,219.74387670809,Total GHG
DEU,Germany,1989,1280.5786808683,Total GHG
DJI,Djibouti,1989,1.9938917734713,Total GHG
DMA,Dominica,1989,0.079037169080345,Total GHG
DNK,Denmark,1989,68.72711279896,Total GHG
DOM,Dominican Republic,1989,18.004073817411,Total GHG
DZA,Algeria,1989,129.77281242491,Total GHG
ECU,Ecuador,1989,33.771233643514,Total GHG
EGY,Egypt,1989,145.35741190139,Total GHG
ERI,Eritrea,1989,4.6314997445168,Total GHG
ESH,Western Sahara,1989,0.39895711694942,Total GHG
ESP,Spain and Andorra,1989,289.6131858154,Total GHG
EST,Estonia,1989,38.455534345912,Total GHG
ETH,Ethiopia,1989,64.979293202681,Total GHG
FIN,Finland,1989,70.510586746282,Total GHG
FJI,Fiji,1989,1.9960077029426,Total GHG
FLK,Falkland Islands,1989,0.17311663674697,Total GHG
FRA,France and Monaco,1989,536.44561861694,Total GHG
FRO,Faroes,1989,0.08969501903919,Total GHG
GAB,Gabon,1989,17.345208134903,Total GHG
GBR,United Kingdom,1989,769.85520497439,Total GHG
GEO,Georgia,1989,37.153613210866,Total GHG
GHA,Ghana,1989,10.55923979597,Total GHG
GIB,Gibraltar,1989,0.15152953493484,Total GHG
GIN,Guinea,1989,6.219523329406,Total GHG
GLP,Guadeloupe,1989,0.88686008769856,Total GHG
GMB,The Gambia,1989,0.88310559589336,Total GHG
GNB,Guinea-Bissau,1989,1.5052538368015,Total GHG
GNQ,Equatorial Guinea,1989,0.1919657814284,Total GHG
GRC,Greece,1989,97.545793885226,Total GHG
GRD,Grenada,1989,0.076423731194432,Total GHG
GRL,Greenland,1989,0.060797841615686,Total GHG
GTM,Guatemala,1989,12.703210085125,Total GHG
GUF,French Guiana,1989,0.31687599475659,Total GHG
GUY,Guyana,1989,2.6503159994385,Total GHG
HKG,Hong Kong,1989,38.40457217847,Total GHG
HND,Honduras,1989,8.6962080967174,Total GHG
HRV,Croatia,1989,40.709583759272,Total GHG
HTI,Haiti,1989,7.2038906411213,Total GHG
HUN,Hungary,1989,107.38473145819,Total GHG
IDN,Indonesia,1989,311.65643343499,Total GHG
IND,India,1989,1360.5013304768,Total GHG
IRL,Ireland,1989,56.931969368595,Total GHG
IRN,Iran,1989,294.04484108142,Total GHG
IRQ,Iraq,1989,211.84125951068,Total GHG
ISL,Iceland,1989,4.4332691652232,Total GHG
ISR,"Israel and Palestine, State of",1989,40.418870847018,Total GHG
ITA,"Italy, San Marino and the Holy See",1989,503.41492111385,Total GHG
JAM,Jamaica,1989,7.9141388576883,Total GHG
JOR,Jordan,1989,11.441474900614,Total GHG
JPN,Japan,1989,1225.8239346774,Total GHG
KAZ,Kazakhstan,1989,327.70026717406,Total GHG
KEN,Kenya,1989,38.001454278856,Total GHG
KGZ,Kyrgyzstan,1989,30.222518132074,Total GHG
KHM,Cambodia,1989,14.305767251814,Total GHG
KIR,Kiribati,1989,0.031447095197893,Total GHG
KNA,Saint Kitts and Nevis,1989,0.062313394350612,Total GHG
KOR,South Korea,1989,290.42199906235,Total GHG
KWT,Kuwait,1989,94.876040210674,Total GHG
LAO,Laos,1989,6.2291300214471,Total GHG
LBN,Lebanon,1989,7.7072124003562,Total GHG
LBR,Liberia,1989,2.0536988896053,Total GHG
LBY,Libya,1989,74.780832621043,Total GHG
LCA,Saint Lucia,1989,0.14862685801218,Total GHG
LKA,Sri Lanka,1989,13.453422887565,Total GHG
LSO,Lesotho,1989,2.151100903428,Total GHG
LTU,Lithuania,1989,46.918015254732,Total GHG
LUX,Luxembourg,1989,12.643700653487,Total GHG
LVA,Latvia,1989,27.134548856464,Total GHG
MAC,Macao,1989,0.91798902235775,Total GHG
MAR,Morocco,1989,41.490974139276,Total GHG
MDA,Moldova,1989,36.97519619395,Total GHG
MDG,Madagascar,1989,22.404220569996,Total GHG
MDV,Maldives,1989,0.11300322178079,Total GHG
MEX,Mexico,1989,443.90249476536,Total GHG
MKD,North Macedonia,1989,13.177931193394,Total GHG
MLI,Mali,1989,11.371473649021,Total GHG
MLT,Malta,1989,2.5213245446853,Total GHG
MMR,Myanmar/Burma,1989,63.650459922662,Total GHG
MNG,Mongolia,1989,30.275917416506,Total GHG
MOZ,Mozambique,1989,8.6903790337527,Total GHG
MRT,Mauritania,1989,6.394912222889,Total GHG
MTQ,Martinique,1989,0.84022519916327,Total GHG
MUS,Mauritius,1989,1.6853475985233,Total GHG
MWI,Malawi,1989,3.9080490099967,Total GHG
MYS,Malaysia,1989,77.146785989942,Total GHG
NAM,Namibia,1989,6.6814941216806,Total GHG
NCL,New Caledonia,1989,1.9324873106522,Total GHG
NER,Niger,1989,10.531263031453,Total GHG
NGA,Nigeria,1989,259.93085697016,Total GHG
NIC,Nicaragua,1989,8.1621553108457,Total GHG
NLD,Netherlands,1989,219.09941044782,Total GHG
NOR,Norway,1989,55.534214211679,Total GHG
NPL,Nepal,1989,22.568429738419,Total GHG
NZL,New Zealand,1989,69.54795336808,Total GHG
OMN,Oman,1989,29.445687297465,Total GHG
PAK,Pakistan,1989,182.90249333544,Total GHG
PAN,Panama,1989,6.7253500240121,Total GHG
PER,Peru,1989,44.34628441054,Total GHG
PHL,Philippines,1989,89.337020658781,Total GHG
PLW,Palau,1989,2.3185743629581,Total GHG
PNG,Papua New Guinea,1989,4.0410722239728,Total GHG
POL,Poland,1989,614.64657313952,Total GHG
PRI,Puerto Rico,1989,26.117044836662,Total GHG
PRK,North Korea,1989,171.5138444249,Total GHG
PRT,Portugal,1989,56.022955198239,Total GHG
PRY,Paraguay,1989,20.588317690003,Total GHG
PYF,French Polynesia,1989,0.95299532127825,Total GHG
QAT,Qatar,1989,26.250000500492,Total GHG
REU,Réunion,1989,1.2742459646993,Total GHG
ROU,Romania,1989,275.5062269392,Total GHG
RUS,Russia,1989,2848.8517046496,Total GHG
RWA,Rwanda,1989,6.2763036467835,Total GHG
SAU,Saudi Arabia,1989,214.06940426828,Total GHG
SCG,Serbia and Montenegro,1989,82.009582016754,Total GHG
SDN,Sudan and South Sudan,1989,58.825281554043,Total GHG
SEN,Senegal,1989,9.6395169890322,Total GHG
SGP,Singapore,1989,25.269133663977,Total GHG
SHN,"Saint Helena, Ascension and Tristan da Cunha",1989,0.0089806311224552,Total GHG
SLB,Solomon Islands,1989,0.28253935274372,Total GHG
SLE,Sierra Leone,1989,2.9672771673568,Total GHG
SLV,El Salvador,1989,6.7830982851816,Total GHG
SOM,Somalia,1989,26.890590803747,Total GHG
SPM,Saint Pierre and Miquelon,1989,0.10622489844135,Total GHG
STP,São Tomé and Príncipe,1989,0.056085364369668,Total GHG
SUR,Suriname,1989,1.8485585451873,Total GHG
SVK,Slovakia,1989,73.739097209993,Total GHG
SVN,Slovenia,1989,22.065378075877,Total GHG
SWE,Sweden,1989,75.832343625019,Total GHG
SWZ,Eswatini,1989,2.825886615585,Total GHG
SYC,Seychelles,1989,0.43343118598834,Total GHG
SYR,Syria,1989,55.927425581029,Total GHG
TCA,Turks and Caicos Islands,1989,0.0088697353028152,Total GHG
TCD,Chad,1989,9.985007458321,Total GHG
TGO,Togo,1989,3.0437403851032,Total GHG
THA,Thailand,1989,166.66441190127,Total GHG
TJK,Tajikistan,1989,23.19075739656,Total GHG
TKM,Turkmenistan,1989,53.566765924599,Total GHG
TLS,Timor-Leste,1989,0.4879755732584,Total GHG
TON,Tonga,1989,0.19740586024991,Total GHG
TTO,Trinidad and Tobago,1989,15.960731739872,Total GHG
TUN,Tunisia,1989,22.758267983151,Total GHG
TUR,Türkiye,1989,212.30519659347,Total GHG
TWN,Taiwan,1989,143.18388950652,Total GHG
TZA,Tanzania,1989,28.326657659658,Total GHG
UGA,Uganda,1989,14.151877814948,Total GHG
UKR,Ukraine,1989,902.37872041121,Total GHG
URY,Uruguay,1989,31.76866897284,Total GHG
USA,United States,1989,6296.0128334103,Total GHG
UZB,Uzbekistan,1989,152.72749341435,Total GHG
VCT,Saint Vincent and the Grenadines,1989,0.077536858064217,Total GHG
VEN,Venezuela,1989,158.24243884695,Total GHG
VGB,British Virgin Islands,1989,0.029234437608789,Total GHG
VNM,Viet Nam,1989,90.417005039972,Total GHG
VUT,Vanuatu,1989,0.43699533717258,Total GHG
WSM,Samoa,1989,0.28766250347494,Total GHG
YEM,Yemen,1989,16.585734465827,Total GHG
ZAF,South Africa,1989,392.91511442023,Total GHG
ZMB,Zambia,1989,15.800568253047,Total GHG
ZWE,Zimbabwe,1989,31.195394210007,Total GHG
,,1989,,Total GHG
EU27,EU27,1989,5070.8464108018,Total GHG
,,1989,,Total GHG
GLOBAL TOTAL,GLOBAL TOTAL,1989,31920.673697577,Total GHG
ABW,Aruba,1990,0.22031767789303,Total GHG
AFG,Afghanistan,1990,12.931551907152,Total GHG
AGO,Angola,1990,34.084534207584,Total GHG
AIA,Anguilla,1990,0.0079697804930574,Total GHG
ALB,Albania,1990,11.498360472506,Total GHG
ANT,Curaçao,1990,2.8440708178238,Total GHG
ARE,United Arab Emirates,1990,79.503672398918,Total GHG
ARG,Argentina,1990,253.06522146757,Total GHG
ARM,Armenia,1990,24.306832334558,Total GHG
ATG,Antigua and Barbuda,1990,0.24662032986846,Total GHG
AUS,Australia,1990,460.69991121873,Total GHG
AUT,Austria,1990,80.177473147603,Total GHG
AZE,Azerbaijan,1990,67.67339457151,Total GHG
BDI,Burundi,1990,3.0464737799258,Total GHG
BEL,Belgium,1990,140.57279755613,Total GHG
BEN,Benin,1990,3.8389069287347,Total GHG
BFA,Burkina Faso,1990,11.306678982842,Total GHG
BGD,Bangladesh,1990,74.874467468176,Total GHG
BGR,Bulgaria,1990,100.75461748544,Total GHG
BHR,Bahrain,1990,29.066502077522,Total GHG
BHS,Bahamas,1990,1.3071590941675,Total GHG
BIH,Bosnia and Herzegovina,1990,32.871805828757,Total GHG
BLR,Belarus,1990,144.97128431405,Total GHG
BLZ,Belize,1990,0.43739248341154,Total GHG
BMU,Bermuda,1990,0.28193737347009,Total GHG
BOL,Bolivia,1990,29.429901070996,Total GHG
BRA,Brazil,1990,649.23598635773,Total GHG
BRB,Barbados,1990,0.85618008858399,Total GHG
BRN,Brunei,1990,5.8516262194088,Total GHG
BTN,Bhutan,1990,1.1310568648078,Total GHG
BWA,Botswana,1990,9.2706297352561,Total GHG
CAF,Central African Republic,1990,7.6006664883438,Total GHG
CAN,Canada,1990,590.51561252222,Total GHG
CHE,Switzerland and Liechtenstein,1990,53.974391400279,Total GHG
CHL,Chile,1990,54.782460600564,Total GHG
CHN,China,1990,3712.7437376016,Total GHG
CIV,Côte d’Ivoire,1990,9.9375553996287,Total GHG
CMR,Cameroon,1990,30.084819927896,Total GHG
COD,Democratic Republic of the Congo,1990,25.332282493472,Total GHG
COG,Congo,1990,10.902987084142,Total GHG
COK,Cook Islands,1990,0.051927840650382,Total GHG
COL,Colombia,1990,132.23509654693,Total GHG
COM,Comoros,1990,0.31172790552095,Total GHG
CPV,Cabo Verde,1990,0.21566807874607,Total GHG
CRI,Costa Rica,1990,9.594853169389,Total GHG
CUB,Cuba,1990,59.0317552648,Total GHG
CYM,Cayman Islands,1990,0.12979280133436,Total GHG
CYP,Cyprus,1990,5.5814290109518,Total GHG
CZE,Czechia,1990,199.58164157111,Total GHG
DEU,Germany,1990,1235.6328891216,Total GHG
DJI,Djibouti,1990,1.8507067596459,Total GHG
DMA,Dominica,1990,0.079487122613282,Total GHG
DNK,Denmark,1990,69.021493712442,Total GHG
DOM,Dominican Republic,1990,16.654740214747,Total GHG
DZA,Algeria,1990,132.00256031317,Total GHG
ECU,Ecuador,1990,35.325707586534,Total GHG
EGY,Egypt,1990,149.18363561638,Total GHG
ERI,Eritrea,1990,4.7043802404753,Total GHG
ESH,Western Sahara,1990,0.40359729102313,Total GHG
ESP,Spain and Andorra,1990,294.54700952116,Total GHG
EST,Estonia,1990,45.608799549753,Total GHG
ETH,Ethiopia,1990,66.775771951486,Total GHG
FIN,Finland,1990,73.040685191794,Total GHG
FJI,Fiji,1990,2.1304314112952,Total GHG
FLK,Falkland Islands,1990,0.16478890148368,Total GHG
FRA,France and Monaco,1990,530.89995737483,Total GHG
FRO,Faroes,1990,0.090076220338839,Total GHG
GAB,Gabon,1990,20.424204718532,Total GHG
GBR,United Kingdom,1990,778.13109213431,Total GHG
GEO,Georgia,1990,40.819561484449,Total GHG
GHA,Ghana,1990,10.473498857064,Total GHG
GIB,Gibraltar,1990,0.15786347952746,Total GHG
GIN,Guinea,1990,6.8976943792273,Total GHG
GLP,Guadeloupe,1990,0.93281486380464,Total GHG
GMB,The Gambia,1990,0.92666575031085,Total GHG
GNB,Guinea-Bissau,1990,1.6513640849889,Total GHG
GNQ,Equatorial Guinea,1990,0.18519744423433,Total GHG
GRC,Greece,1990,98.293584841221,Total GHG
GRD,Grenada,1990,0.092846040633889,Total GHG
GRL,Greenland,1990,0.061139998829006,Total GHG
GTM,Guatemala,1990,13.079715030789,Total GHG
GUF,French Guiana,1990,0.35989149696467,Total GHG
GUY,Guyana,1990,2.4716634801636,Total GHG
HKG,Hong Kong,1990,39.245405463861,Total GHG
HND,Honduras,1990,8.6065163227787,Total GHG
HRV,Croatia,1990,32.830380813154,Total GHG
HTI,Haiti,1990,7.2480074501265,Total GHG
HUN,Hungary,1990,96.42908323714,Total GHG
IDN,Indonesia,1990,338.04132923022,Total GHG
IND,India,1990,1353.6525845354,Total GHG
IRL,Ireland,1990,58.952016523079,Total GHG
IRN,Iran,1990,331.28373529116,Total GHG
IRQ,Iraq,1990,171.71824072767,Total GHG
ISL,Iceland,1990,4.4134282328309,Total GHG
ISR,"Israel and Palestine, State of",1990,41.927442665009,Total GHG
ITA,"Italy, San Marino and the Holy See",1990,504.65085234909,Total GHG
JAM,Jamaica,1990,9.2503372135139,Total GHG
JOR,Jordan,1990,12.120928741495,Total GHG
JPN,Japan,1990,1295.84479566,Total GHG
KAZ,Kazakhstan,1990,342.2678911754,Total GHG
KEN,Kenya,1990,38.457802833315,Total GHG
KGZ,Kyrgyzstan,1990,33.367347720174,Total GHG
KHM,Cambodia,1990,14.577033667942,Total GHG
KIR,Kiribati,1990,0.033065252403465,Total GHG
KNA,Saint Kitts and Nevis,1990,0.059898255037416,Total GHG
KOR,South Korea,1990,311.4020943529,Total GHG
KWT,Kuwait,1990,50.554854209396,Total GHG
LAO,Laos,1990,6.7715166144856,Total GHG
LBN,Lebanon,1990,7.7521340839066,Total GHG
LBR,Liberia,1990,1.8085705052494,Total GHG
LBY,Libya,1990,87.038451089761,Total GHG
LCA,Saint Lucia,1990,0.14951720453977,Total GHG
LKA,Sri Lanka,1990,15.918392572952,Total GHG
LSO,Lesotho,1990,2.1285517220601,Total GHG
LTU,Lithuania,1990,48.610563722772,Total GHG
LUX,Luxembourg,1990,12.930729931426,Total GHG
LVA,Latvia,1990,27.546434180228,Total GHG
MAC,Macao,1990,1.0013766826163,Total GHG
MAR,Morocco,1990,42.487050159312,Total GHG
MDA,Moldova,1990,37.419578396738,Total GHG
MDG,Madagascar,1990,22.882307418893,Total GHG
MDV,Maldives,1990,0.13501026366275,Total GHG
MEX,Mexico,1990,440.4708391816,Total GHG
MKD,North Macedonia,1990,14.361240018398,Total GHG
MLI,Mali,1990,11.981843928454,Total GHG
MLT,Malta,1990,2.5198749306922,Total GHG
MMR,Myanmar/Burma,1990,63.223318992599,Total GHG
MNG,Mongolia,1990,29.930064504497,Total GHG
MOZ,Mozambique,1990,8.6139110741428,Total GHG
MRT,Mauritania,1990,6.6641282195679,Total GHG
MTQ,Martinique,1990,0.89900145544744,Total GHG
MUS,Mauritius,1990,1.8439597058923,Total GHG
MWI,Malawi,1990,5.8746780645337,Total GHG
MYS,Malaysia,1990,85.745385385578,Total GHG
NAM,Namibia,1990,6.595164457822,Total GHG
NCL,New Caledonia,1990,1.9184928391173,Total GHG
NER,Niger,1990,10.738679079431,Total GHG
NGA,Nigeria,1990,260.81563077495,Total GHG
NIC,Nicaragua,1990,9.0103465346581,Total GHG
NLD,Netherlands,1990,223.81716029604,Total GHG
NOR,Norway,1990,55.350514291829,Total GHG
NPL,Nepal,1990,23.096164811373,Total GHG
NZL,New Zealand,1990,71.813865292618,Total GHG
OMN,Oman,1990,34.965935329055,Total GHG
PAK,Pakistan,1990,188.87742085379,Total GHG
PAN,Panama,1990,6.8745141263877,Total GHG
PER,Peru,1990,43.459141638538,Total GHG
PHL,Philippines,1990,92.011146253685,Total GHG
PLW,Palau,1990,2.3433900001459,Total GHG
PNG,Papua New Guinea,1990,4.8718502044579,Total GHG
POL,Poland,1990,513.45562922291,Total GHG
PRI,Puerto Rico,1990,21.752457036063,Total GHG
PRK,North Korea,1990,164.95961407386,Total GHG
PRT,Portugal,1990,57.636871524928,Total GHG
PRY,Paraguay,1990,20.770441547717,Total GHG
PYF,French Polynesia,1990,0.93838649886811,Total GHG
QAT,Qatar,1990,26.28981168376,Total GHG
REU,Réunion,1990,1.161249274412,Total GHG
ROU,Romania,1990,241.01455213183,Total GHG
RUS,Russia,1990,3055.8849023639,Total GHG
RWA,Rwanda,1990,5.6714058065993,Total GHG
SAU,Saudi Arabia,1990,236.60953012592,Total GHG
SCG,Serbia and Montenegro,1990,85.334954108286,Total GHG
SDN,Sudan and South Sudan,1990,61.17146284891,Total GHG
SEN,Senegal,1990,9.8879231203465,Total GHG
SGP,Singapore,1990,33.754886130784,Total GHG
SHN,"Saint Helena, Ascension and Tristan da Cunha",1990,0.01330726335237,Total GHG
SLB,Solomon Islands,1990,0.30158376915764,Total GHG
SLE,Sierra Leone,1990,3.4734375863674,Total GHG
SLV,El Salvador,1990,7.0833984239685,Total GHG
SOM,Somalia,1990,25.66638794857,Total GHG
SPM,Saint Pierre and Miquelon,1990,0.098400479161841,Total GHG
STP,São Tomé and Príncipe,1990,0.08326071837173,Total GHG
SUR,Suriname,1990,2.2134003587275,Total GHG
SVK,Slovakia,1990,73.84474417223,Total GHG
SVN,Slovenia,1990,21.074109561799,Total GHG
SWE,Sweden,1990,75.251851599627,Total GHG
SWZ,Eswatini,1990,3.221718948258,Total GHG
SYC,Seychelles,1990,0.31751583214081,Total GHG
SYR,Syria,1990,63.398979608959,Total GHG
TCA,Turks and Caicos Islands,1990,0.009219732888952,Total GHG
TCD,Chad,1990,11.065694185493,Total GHG
TGO,Togo,1990,3.2488224003443,Total GHG
THA,Thailand,1990,183.28212319452,Total GHG
TJK,Tajikistan,1990,21.985158859231,Total GHG
TKM,Turkmenistan,1990,61.318201632727,Total GHG
TLS,Timor-Leste,1990,0.52966737694922,Total GHG
TON,Tonga,1990,0.19406820482527,Total GHG
TTO,Trinidad and Tobago,1990,15.894021701627,Total GHG
TUN,Tunisia,1990,23.218150619426,Total GHG
TUR,Türkiye,1990,226.17776803138,Total GHG
TWN,Taiwan,1990,146.52273977463,Total GHG
TZA,Tanzania,1990,29.197350723485,Total GHG
UGA,Uganda,1990,15.294444557278,Total GHG
UKR,Ukraine,1990,977.9458116953,Total GHG
URY,Uruguay,1990,28.901395040763,Total GHG
USA,United States,1990,6216.3265001337,Total GHG
UZB,Uzbekistan,1990,163.18132219465,Total GHG
VCT,Saint Vincent and the Grenadines,1990,0.078478996590937,Total GHG
VEN,Venezuela,1990,163.7310316839,Total GHG
VGB,British Virgin Islands,1990,0.029068139404493,Total GHG
VNM,Viet Nam,1990,91.895180516248,Total GHG
VUT,Vanuatu,1990,0.46956280104421,Total GHG
WSM,Samoa,1990,0.29441569805283,Total GHG
YEM,Yemen,1990,17.507109322279,Total GHG
ZAF,South Africa,1990,407.09310742207,Total GHG
ZMB,Zambia,1990,15.864135190654,Total GHG
ZWE,Zimbabwe,1990,34.44416200549,Total GHG
,,1990,,Total GHG
EU27,EU27,1990,4864.277232281,Total GHG
,,1990,,Total GHG
GLOBAL TOTAL,GLOBAL TOTAL,1990,32249.866915951,Total GHG
ABW,Aruba,1991,0.246857486759,Total GHG
AFG,Afghanistan,1991,13.0139590178,Total GHG
AGO,Angola,1991,33.399062463992,Total GHG
AIA,Anguilla,1991,0.0095251596272412,Total GHG
ALB,Albania,1991,9.0525853792467,Total GHG
ANT,Curaçao,1991,2.9467087818929,Total GHG
ARE,United Arab Emirates,1991,87.88721719092,Total GHG
ARG,Argentina,1991,256.9098521839,Total GHG
ARM,Armenia,1991,24.869458844378,Total GHG
ATG,Antigua and Barbuda,1991,0.24825501810854,Total GHG
AUS,Australia,1991,463.50767747339,Total GHG
AUT,Austria,1991,84.425637658903,Total GHG
AZE,Azerbaijan,1991,65.863291776718,Total GHG
BDI,Burundi,1991,3.1795238187961,Total GHG
BEL,Belgium,1991,144.63163794374,Total GHG
BEN,Benin,1991,3.9303686040486,Total GHG
BFA,Burkina Faso,1991,11.89766481828,Total GHG
BGD,Bangladesh,1991,74.986186338695,Total GHG
BGR,Bulgaria,1991,83.494249140519,Total GHG
BHR,Bahrain,1991,28.615987799907,Total GHG
BHS,Bahamas,1991,1.2020510332634,Total GHG
BIH,Bosnia and Herzegovina,1991,29.791128528921,Total GHG
BLR,Belarus,1991,140.09172869923,Total GHG
BLZ,Belize,1991,0.45533642586669,Total GHG
BMU,Bermuda,1991,0.25679680600553,Total GHG
BOL,Bolivia,1991,31.311671938476,Total GHG
BRA,Brazil,1991,676.33697298533,Total GHG
BRB,Barbados,1991,0.82757413384727,Total GHG
BRN,Brunei,1991,6.3736318715397,Total GHG
BTN,Bhutan,1991,1.0252444276168,Total GHG
BWA,Botswana,1991,8.2817370793455,Total GHG
CAF,Central African Republic,1991,8.1008555382259,Total GHG
CAN,Canada,1991,586.09227195866,Total GHG
CHE,Switzerland and Liechtenstein,1991,56.386876194621,Total GHG
CHL,Chile,1991,53.334380411142,Total GHG
CHN,China,1991,3845.508827867,Total GHG
CIV,Côte d’Ivoire,1991,10.253780316213,Total GHG
CMR,Cameroon,1991,29.300289935223,Total GHG
COD,Democratic Republic of the Congo,1991,23.022431242309,Total GHG
COG,Congo,1991,10.783756291867,Total GHG
COK,Cook Islands,1991,0.039895438440839,Total GHG
COL,Colombia,1991,133.8009533205,Total GHG
COM,Comoros,1991,0.30076628327262,Total GHG
CPV,Cabo Verde,1991,0.24029081973664,Total GHG
CRI,Costa Rica,1991,9.8803544590681,Total GHG
CUB,Cuba,1991,49.708768734819,Total GHG
CYM,Cayman Islands,1991,0.12797066405919,Total GHG
CYP,Cyprus,1991,6.1216259388991,Total GHG
CZE,Czechia,1991,179.99606424781,Total GHG
DEU,Germany,1991,1210.1666848614,Total GHG
DJI,Djibouti,1991,2.1240378894889,Total GHG
DMA,Dominica,1991,0.079253199056108,Total GHG
DNK,Denmark,1991,79.72645302388,Total GHG
DOM,Dominican Republic,1991,17.458979752983,Total GHG
DZA,Algeria,1991,132.8174545778,Total GHG
ECU,Ecuador,1991,35.992567921955,Total GHG
EGY,Egypt,1991,159.03244975409,Total GHG
ERI,Eritrea,1991,4.8044294410187,Total GHG
ESH,Western Sahara,1991,0.44081014854563,Total GHG
ESP,Spain and Andorra,1991,302.75438625285,Total GHG
EST,Estonia,1991,41.932114407096,Total GHG
ETH,Ethiopia,1991,67.666946118862,Total GHG
FIN,Finland,1991,73.417123224698,Total GHG
FJI,Fiji,1991,2.0223105203408,Total GHG
FLK,Falkland Islands,1991,0.16293610529753,Total GHG
FRA,France and Monaco,1991,561.69627382559,Total GHG
FRO,Faroes,1991,0.089834235794974,Total GHG
GAB,Gabon,1991,19.600566599256,Total GHG
GBR,United Kingdom,1991,788.37889280674,Total GHG
GEO,Georgia,1991,32.724829579052,Total GHG
GHA,Ghana,1991,10.703971646709,Total GHG
GIB,Gibraltar,1991,0.21771583147707,Total GHG
GIN,Guinea,1991,7.2111553591347,Total GHG
GLP,Guadeloupe,1991,0.98363562951206,Total GHG
GMB,The Gambia,1991,0.99434499672901,Total GHG
GNB,Guinea-Bissau,1991,1.7258836900713,Total GHG
GNQ,Equatorial Guinea,1991,0.19256068406134,Total GHG
GRC,Greece,1991,98.062244883468,Total GHG
GRD,Grenada,1991,0.093310790262506,Total GHG
GRL,Greenland,1991,0.061085517828323,Total GHG
GTM,Guatemala,1991,13.673003160003,Total GHG
GUF,French Guiana,1991,0.41150969942646,Total GHG
GUY,Guyana,1991,2.6097585208474,Total GHG
HKG,Hong Kong,1991,42.875839503164,Total GHG
HND,Honduras,1991,8.7041280748603,Total GHG
HRV,Croatia,1991,25.684502921255,Total GHG
HTI,Haiti,1991,7.4469667143423,Total GHG
HUN,Hungary,1991,90.443561158215,Total GHG
IDN,Indonesia,1991,358.76565021286,Total GHG
IND,India,1991,1412.2686495043,Total GHG
IRL,Ireland,1991,59.624955715919,Total GHG
IRN,Iran,1991,375.98071580224,Total GHG
IRQ,Iraq,1991,78.394927212209,Total GHG
ISL,Iceland,1991,4.3879912058985,Total GHG
ISR,"Israel and Palestine, State of",1991,42.696495070496,Total GHG
ITA,"Italy, San Marino and the Holy See",1991,501.94442288577,Total GHG
JAM,Jamaica,1991,9.2255526420295,Total GHG
JOR,Jordan,1991,12.435951484492,Total GHG
JPN,Japan,1991,1310.2737498949,Total GHG
KAZ,Kazakhstan,1991,348.41236797801,Total GHG
KEN,Kenya,1991,37.604814119819,Total GHG
KGZ,Kyrgyzstan,1991,30.628206677991,Total GHG
KHM,Cambodia,1991,14.547217280851,Total GHG
KIR,Kiribati,1991,0.033504423100184,Total GHG
KNA,Saint Kitts and Nevis,1991,0.066878789638332,Total GHG
KOR,South Korea,1991,346.70337769087,Total GHG
KWT,Kuwait,1991,45.863083783286,Total GHG
LAO,Laos,1991,6.7956674507308,Total GHG
LBN,Lebanon,1991,9.3702984103652,Total GHG
LBR,Liberia,1991,1.5864777202964,Total GHG
LBY,Libya,1991,84.678914801722,Total GHG
LCA,Saint Lucia,1991,0.14932725611874,Total GHG
LKA,Sri Lanka,1991,15.469519535173,Total GHG
LSO,Lesotho,1991,2.1716441636511,Total GHG
LTU,Lithuania,1991,50.160196756668,Total GHG
LUX,Luxembourg,1991,13.439827587789,Total GHG
LVA,Latvia,1991,25.797832669889,Total GHG
MAC,Macao,1991,1.0268079683356,Total GHG
MAR,Morocco,1991,43.425496297534,Total GHG
MDA,Moldova,1991,30.938554161997,Total GHG
MDG,Madagascar,1991,22.955287514245,Total GHG
MDV,Maldives,1991,0.1391153424019,Total GHG
MEX,Mexico,1991,458.4472612237,Total GHG
MKD,North Macedonia,1991,12.866602673914,Total GHG
MLI,Mali,1991,12.013937859212,Total GHG
MLT,Malta,1991,2.4253226468162,Total GHG
MMR,Myanmar/Burma,1991,61.995226331859,Total GHG
MNG,Mongolia,1991,32.893790979504,Total GHG
MOZ,Mozambique,1991,8.292298208518,Total GHG
MRT,Mauritania,1991,7.0437052093941,Total GHG
MTQ,Martinique,1991,0.80370974670515,Total GHG
MUS,Mauritius,1991,1.9227788339337,Total GHG
MWI,Malawi,1991,6.1081053679747,Total GHG
MYS,Malaysia,1991,96.911333077564,Total GHG
NAM,Namibia,1991,6.6707551271242,Total GHG
NCL,New Caledonia,1991,2.0684626821944,Total GHG
NER,Niger,1991,11.156520172395,Total GHG
NGA,Nigeria,1991,275.4142617162,Total GHG
NIC,Nicaragua,1991,7.8962632184485,Total GHG
NLD,Netherlands,1991,229.21530274861,Total GHG
NOR,Norway,1991,51.821441964393,Total GHG
NPL,Nepal,1991,22.850876486303,Total GHG
NZL,New Zealand,1991,72.153437748614,Total GHG
OMN,Oman,1991,42.577768416254,Total GHG
PAK,Pakistan,1991,190.81929471525,Total GHG
PAN,Panama,1991,7.3685333808283,Total GHG
PER,Peru,1991,42.52624822435,Total GHG
PHL,Philippines,1991,91.503049997109,Total GHG
PLW,Palau,1991,2.3259593450101,Total GHG
PNG,Papua New Guinea,1991,5.0091015706742,Total GHG
POL,Poland,1991,502.57176083577,Total GHG
PRI,Puerto Rico,1991,22.307958918286,Total GHG
PRK,North Korea,1991,159.04214686566,Total GHG
PRT,Portugal,1991,59.157143854728,Total GHG
PRY,Paraguay,1991,19.474532521351,Total GHG
PYF,French Polynesia,1991,0.97134568620031,Total GHG
QAT,Qatar,1991,27.149424407255,Total GHG
REU,Réunion,1991,1.5515559255472,Total GHG
ROU,Romania,1991,196.71087714405,Total GHG
RUS,Russia,1991,2986.108329119,Total GHG
RWA,Rwanda,1991,5.4528591977135,Total GHG
SAU,Saudi Arabia,1991,252.02416014545,Total GHG
SCG,Serbia and Montenegro,1991,73.406063418095,Total GHG
SDN,Sudan and South Sudan,1991,62.246595005989,Total GHG
SEN,Senegal,1991,10.089747181512,Total GHG
SGP,Singapore,1991,35.804354737041,Total GHG
SHN,"Saint Helena, Ascension and Tristan da Cunha",1991,0.008794911793362,Total GHG
SLB,Solomon Islands,1991,0.30963153045034,Total GHG
SLE,Sierra Leone,1991,3.677603994702,Total GHG
SLV,El Salvador,1991,7.9505526496812,Total GHG
SOM,Somalia,1991,22.863474943513,Total GHG
SPM,Saint Pierre and Miquelon,1991,0.093029643194014,Total GHG
STP,São Tomé and Príncipe,1991,0.098119773401129,Total GHG
SUR,Suriname,1991,2.4612577981323,Total GHG
SVK,Slovakia,1991,64.277495847891,Total GHG
SVN,Slovenia,1991,19.73705304692,Total GHG
SWE,Sweden,1991,75.466199235067,Total GHG
SWZ,Eswatini,1991,3.2955001211532,Total GHG
SYC,Seychelles,1991,0.4348625580689,Total GHG
SYR,Syria,1991,71.842777879956,Total GHG
TCA,Turks and Caicos Islands,1991,0.0095240265069255,Total GHG
TCD,Chad,1991,17.949342181351,Total GHG
TGO,Togo,1991,3.1303319705121,Total GHG
THA,Thailand,1991,197.67711325698,Total GHG
TJK,Tajikistan,1991,22.581204417092,Total GHG
TKM,Turkmenistan,1991,55.546304356539,Total GHG
TLS,Timor-Leste,1991,0.60181477615263,Total GHG
TON,Tonga,1991,0.19952283335904,Total GHG
TTO,Trinidad and Tobago,1991,16.119525444097,Total GHG
TUN,Tunisia,1991,24.279805242271,Total GHG
TUR,Türkiye,1991,222.42509214145,Total GHG
TWN,Taiwan,1991,157.4320531921,Total GHG
TZA,Tanzania,1991,29.078926913255,Total GHG
UGA,Uganda,1991,15.920565204246,Total GHG
UKR,Ukraine,1991,918.80294385611,Total GHG
URY,Uruguay,1991,30.699426863523,Total GHG
USA,United States,1991,6161.4165637815,Total GHG
UZB,Uzbekistan,1991,162.50730159578,Total GHG
VCT,Saint Vincent and the Grenadines,1991,0.075986785134062,Total GHG
VEN,Venezuela,1991,168.86381102801,Total GHG
VGB,British Virgin Islands,1991,0.029330566801245,Total GHG
VNM,Viet Nam,1991,96.046144367742,Total GHG
VUT,Vanuatu,1991,0.47546638962907,Total GHG
WSM,Samoa,1991,0.29864414984821,Total GHG
YEM,Yemen,1991,19.377945097506,Total GHG
ZAF,South Africa,1991,399.47872286045,Total GHG
ZMB,Zambia,1991,14.815694397571,Total GHG
ZWE,Zimbabwe,1991,34.336939818619,Total GHG
,,1991,,Total GHG
EU27,EU27,1991,4783.0809504642,Total GHG
,,1991,,Total GHG
GLOBAL TOTAL,GLOBAL TOTAL,1991,32322.913657496,Total GHG
ABW,Aruba,1992,0.27200113256349,Total GHG
AFG,Afghanistan,1992,12.065810261226,Total GHG
AGO,Angola,1992,32.6614331455,Total GHG
AIA,Anguilla,1992,0.0098964069971744,Total GHG
ALB,Albania,1992,6.1713509264972,Total GHG
ANT,Curaçao,1992,3.0806151716391,Total GHG
ARE,United Arab Emirates,1992,87.420938999746,Total GHG
ARG,Argentina,1992,258.91468123194,Total GHG
ARM,Armenia,1992,14.0199011444,Total GHG
ATG,Antigua and Barbuda,1992,0.24995845737009,Total GHG
AUS,Australia,1992,465.52361344306,Total GHG
AUT,Austria,1992,78.958630264187,Total GHG
AZE,Azerbaijan,1992,55.329235455359,Total GHG
BDI,Burundi,1992,3.1340186934979,Total GHG
BEL,Belgium,1992,142.36448475965,Total GHG
BEN,Benin,1992,4.0351544547861,Total GHG
BFA,Burkina Faso,1992,12.022042787142,Total GHG
BGD,Bangladesh,1992,77.649121313064,Total GHG
BGR,Bulgaria,1992,78.704466602053,Total GHG
BHR,Bahrain,1992,32.82740079098,Total GHG
BHS,Bahamas,1992,1.0671124002548,Total GHG
BIH,Bosnia and Herzegovina,1992,22.876343856871,Total GHG
BLR,Belarus,1992,128.47001603598,Total GHG
BLZ,Belize,1992,0.45441303372053,Total GHG
BMU,Bermuda,1992,0.2078912078851,Total GHG
BOL,Bolivia,1992,32.628468225918,Total GHG
BRA,Brazil,1992,697.80573925836,Total GHG
BRB,Barbados,1992,0.81562718359515,Total GHG
BRN,Brunei,1992,6.5871515993414,Total GHG
BTN,Bhutan,1992,0.99116664537391,Total GHG
BWA,Botswana,1992,8.5290092604475,Total GHG
CAF,Central African Republic,1992,8.082018052998,Total GHG
CAN,Canada,1992,602.67662222867,Total GHG
CHE,Switzerland and Liechtenstein,1992,56.143046218292,Total GHG
CHL,Chile,1992,55.169696386697,Total GHG
CHN,China,1992,3965.0768260651,Total GHG
CIV,Côte d’Ivoire,1992,10.387011631576,Total GHG
CMR,Cameroon,1992,28.259970771567,Total GHG
COD,Democratic Republic of the Congo,1992,23.640967289301,Total GHG
COG,Congo,1992,10.85850975098,Total GHG
COK,Cook Islands,1992,0.057946239906788,Total GHG
COL,Colombia,1992,139.08379702623,Total GHG
COM,Comoros,1992,0.29842744155062,Total GHG
CPV,Cabo Verde,1992,0.2686481470138,Total GHG
CRI,Costa Rica,1992,11.073719778096,Total GHG
CUB,Cuba,1992,42.952430625576,Total GHG
CYM,Cayman Islands,1992,0.13081092094464,Total GHG
CYP,Cyprus,1992,6.5270663420836,Total GHG
CZE,Czechia,1992,172.19071337501,Total GHG
DEU,Germany,1992,1146.5931996048,Total GHG
DJI,Djibouti,1992,1.9615744688695,Total GHG
DMA,Dominica,1992,0.079486513360067,Total GHG
DNK,Denmark,1992,73.711689666098,Total GHG
DOM,Dominican Republic,1992,18.711162462629,Total GHG
DZA,Algeria,1992,142.90801012631,Total GHG
ECU,Ecuador,1992,38.41182208463,Total GHG
EGY,Egypt,1992,162.02993899396,Total GHG
ERI,Eritrea,1992,5.0362243639568,Total GHG
ESH,Western Sahara,1992,0.42391770705074,Total GHG
ESP,Spain and Andorra,1992,310.60375541939,Total GHG
EST,Estonia,1992,31.463405105872,Total GHG
ETH,Ethiopia,1992,69.514186397384,Total GHG
FIN,Finland,1992,70.14129390092,Total GHG
FJI,Fiji,1992,2.159959475554,Total GHG
FLK,Falkland Islands,1992,0.15725524486569,Total GHG
FRA,France and Monaco,1992,546.91129334034,Total GHG
FRO,Faroes,1992,0.08966428060976,Total GHG
GAB,Gabon,1992,20.893022179034,Total GHG
GBR,United Kingdom,1992,770.69526693392,Total GHG
GEO,Georgia,1992,26.866924559168,Total GHG
GHA,Ghana,1992,11.249599109276,Total GHG
GIB,Gibraltar,1992,0.25646405212739,Total GHG
GIN,Guinea,1992,6.763424442983,Total GHG
GLP,Guadeloupe,1992,0.93205213823949,Total GHG
GMB,The Gambia,1992,0.97666840901105,Total GHG
GNB,Guinea-Bissau,1992,1.7190014014279,Total GHG
GNQ,Equatorial Guinea,1992,0.19500109311769,Total GHG
GRC,Greece,1992,99.944412878824,Total GHG
GRD,Grenada,1992,0.095349456918006,Total GHG
GRL,Greenland,1992,0.06114386303833,Total GHG
GTM,Guatemala,1992,14.833646763316,Total GHG
GUF,French Guiana,1992,0.34945135339984,Total GHG
GUY,Guyana,1992,2.6620704667805,Total GHG
HKG,Hong Kong,1992,47.924876464715,Total GHG
HND,Honduras,1992,9.052163342947,Total GHG
HRV,Croatia,1992,23.446053705977,Total GHG
HTI,Haiti,1992,7.8496811899942,Total GHG
HUN,Hungary,1992,80.435975493183,Total GHG
IDN,Indonesia,1992,377.00251706277,Total GHG
IND,India,1992,1445.5969193112,Total GHG
IRL,Ireland,1992,59.734396593136,Total GHG
IRN,Iran,1992,400.01500432058,Total GHG
IRQ,Iraq,1992,106.60030403926,Total GHG
ISL,Iceland,1992,3.3070495123028,Total GHG
ISR,"Israel and Palestine, State of",1992,45.495085228953,Total GHG
ITA,"Italy, San Marino and the Holy See",1992,499.68653462403,Total GHG
JAM,Jamaica,1992,10.033824173527,Total GHG
JOR,Jordan,1992,14.567667293467,Total GHG
JPN,Japan,1992,1320.9988693178,Total GHG
KAZ,Kazakhstan,1992,352.78579598883,Total GHG
KEN,Kenya,1992,38.008601249001,Total GHG
KGZ,Kyrgyzstan,1992,22.637308681047,Total GHG
KHM,Cambodia,1992,14.910332576247,Total GHG
KIR,Kiribati,1992,0.03530805797623,Total GHG
KNA,Saint Kitts and Nevis,1992,0.068204195575284,Total GHG
KOR,South Korea,1992,377.49877019305,Total GHG
KWT,Kuwait,1992,45.95093582859,Total GHG
LAO,Laos,1992,7.165417067273,Total GHG
LBN,Lebanon,1992,10.048230475977,Total GHG
LBR,Liberia,1992,1.4741677501885,Total GHG
LBY,Libya,1992,79.309018463333,Total GHG
LCA,Saint Lucia,1992,0.14952363360236,Total GHG
LKA,Sri Lanka,1992,16.876136749424,Total GHG
LSO,Lesotho,1992,2.3347574490583,Total GHG
LTU,Lithuania,1992,33.012889330578,Total GHG
LUX,Luxembourg,1992,13.159763989139,Total GHG
LVA,Latvia,1992,21.71480266372,Total GHG
MAC,Macao,1992,1.1586236980353,Total GHG
MAR,Morocco,1992,44.97272505461,Total GHG
MDA,Moldova,1992,25.340401327939,Total GHG
MDG,Madagascar,1992,23.328781793857,Total GHG
MDV,Maldives,1992,0.15008896637655,Total GHG
MEX,Mexico,1992,461.02105710985,Total GHG
MKD,North Macedonia,1992,11.541793452855,Total GHG
MLI,Mali,1992,11.987786545844,Total GHG
MLT,Malta,1992,2.3966141126769,Total GHG
MMR,Myanmar/Burma,1992,66.050710291982,Total GHG
MNG,Mongolia,1992,30.617593351649,Total GHG
MOZ,Mozambique,1992,8.6087746552591,Total GHG
MRT,Mauritania,1992,8.2700069378186,Total GHG
MTQ,Martinique,1992,0.83640335559166,Total GHG
MUS,Mauritius,1992,2.0043439556472,Total GHG
MWI,Malawi,1992,6.2923040408985,Total GHG
MYS,Malaysia,1992,101.60799370581,Total GHG
NAM,Namibia,1992,6.6681740663965,Total GHG
NCL,New Caledonia,1992,2.0875122521996,Total GHG
NER,Niger,1992,11.586276501889,Total GHG
NGA,Nigeria,1992,299.39378986214,Total GHG
NIC,Nicaragua,1992,8.7724936765054,Total GHG
NLD,Netherlands,1992,228.11887263233,Total GHG
NOR,Norway,1992,51.518767866602,Total GHG
NPL,Nepal,1992,23.708645758676,Total GHG
NZL,New Zealand,1992,73.353894604585,Total GHG
OMN,Oman,1992,41.168060606466,Total GHG
PAK,Pakistan,1992,201.80769835659,Total GHG
PAN,Panama,1992,8.0959419841301,Total GHG
PER,Peru,1992,43.343948197802,Total GHG
PHL,Philippines,1992,94.412687783491,Total GHG
PLW,Palau,1992,2.1276019688887,Total GHG
PNG,Papua New Guinea,1992,5.4456309563089,Total GHG
POL,Poland,1992,488.79619166141,Total GHG
PRI,Puerto Rico,1992,22.733748681238,Total GHG
PRK,North Korea,1992,142.9944445637,Total GHG
PRT,Portugal,1992,62.972137124037,Total GHG
PRY,Paraguay,1992,20.395997756212,Total GHG
PYF,French Polynesia,1992,1.0035412507767,Total GHG
QAT,Qatar,1992,28.737620005054,Total GHG
REU,Réunion,1992,1.4098913190386,Total GHG
ROU,Romania,1992,179.65064151885,Total GHG
RUS,Russia,1992,2756.5275438312,Total GHG
RWA,Rwanda,1992,5.1214342894315,Total GHG
SAU,Saudi Arabia,1992,267.42075992245,Total GHG
SCG,Serbia and Montenegro,1992,67.286954019062,Total GHG
SDN,Sudan and South Sudan,1992,67.375333992351,Total GHG
SEN,Senegal,1992,10.465387565084,Total GHG
SGP,Singapore,1992,36.613415468608,Total GHG
SHN,"Saint Helena, Ascension and Tristan da Cunha",1992,0.0084971373623155,Total GHG
SLB,Solomon Islands,1992,0.32892451824607,Total GHG
SLE,Sierra Leone,1992,3.3429140886453,Total GHG
SLV,El Salvador,1992,8.4869674599426,Total GHG
SOM,Somalia,1992,20.986459166145,Total GHG
SPM,Saint Pierre and Miquelon,1992,0.087211600182728,Total GHG
STP,São Tomé and Príncipe,1992,0.091061057956794,Total GHG
SUR,Suriname,1992,2.5983620632456,Total GHG
SVK,Slovakia,1992,59.567399489872,Total GHG
SVN,Slovenia,1992,18.792187036681,Total GHG
SWE,Sweden,1992,78.256159203372,Total GHG
SWZ,Eswatini,1992,3.1473106267229,Total GHG
SYC,Seychelles,1992,0.37311330076985,Total GHG
SYR,Syria,1992,71.254540019473,Total GHG
TCA,Turks and Caicos Islands,1992,0.0098761335253263,Total GHG
TCD,Chad,1992,18.691239485826,Total GHG
TGO,Togo,1992,2.8716935848419,Total GHG
THA,Thailand,1992,208.53505998207,Total GHG
TJK,Tajikistan,1992,18.506568199437,Total GHG
TKM,Turkmenistan,1992,42.670139348365,Total GHG
TLS,Timor-Leste,1992,0.61000639466172,Total GHG
TON,Tonga,1992,0.20906177808162,Total GHG
TTO,Trinidad and Tobago,1992,16.376322440195,Total GHG
TUN,Tunisia,1992,25.439806143216,Total GHG
TUR,Türkiye,1992,231.82301721407,Total GHG
TWN,Taiwan,1992,165.47554992981,Total GHG
TZA,Tanzania,1992,30.057907171189,Total GHG
UGA,Uganda,1992,16.296021761211,Total GHG
UKR,Ukraine,1992,818.62250194537,Total GHG
URY,Uruguay,1992,32.545884651883,Total GHG
USA,United States,1992,6258.6454616501,Total GHG
UZB,Uzbekistan,1992,152.70716105202,Total GHG
VCT,Saint Vincent and the Grenadines,1992,0.082408485924157,Total GHG
VEN,Venezuela,1992,169.85820125466,Total GHG
VGB,British Virgin Islands,1992,0.029508348291267,Total GHG
VNM,Viet Nam,1992,100.51932504713,Total GHG
VUT,Vanuatu,1992,0.45599596512991,Total GHG
WSM,Samoa,1992,0.29145527586748,Total GHG
YEM,Yemen,1992,19.945901430705,Total GHG
ZAF,South Africa,1992,393.46992900142,Total GHG
ZMB,Zambia,1992,15.380989442333,Total GHG
ZWE,Zimbabwe,1992,35.259165299369,Total GHG
,,1992,,Total GHG
EU27,EU27,1992,4607.8550304382,Total GHG
,,1992,,Total GHG
GLOBAL TOTAL,GLOBAL TOTAL,1992,32283.661302712,Total GHG
ABW,Aruba,1993,0.27355913981285,Total GHG
AFG,Afghanistan,1993,12.186092408755,Total GHG
AGO,Angola,1993,36.630457421049,Total GHG
AIA,Anguilla,1993,0.012027199350268,Total GHG
ALB,Albania,1993,6.2093331132208,Total GHG
ANT,Curaçao,1993,2.5576695145967,Total GHG
ARE,United Arab Emirates,1993,94.052920285092,Total GHG
ARG,Argentina,1993,260.77742710194,Total GHG
ARM,Armenia,1993,7.6785633721258,Total GHG
ATG,Antigua and Barbuda,1993,0.24708373338191,Total GHG
AUS,Australia,1993,470.05982406849,Total GHG
AUT,Austria,1993,78.957073739824,Total GHG
AZE,Azerbaijan,1993,49.015304760348,Total GHG
BDI,Burundi,1993,3.1875498542606,Total GHG
BEL,Belgium,1993,140.41528359665,Total GHG
BEN,Benin,1993,4.0559626187516,Total GHG
BFA,Burkina Faso,1993,12.314434109332,Total GHG
BGD,Bangladesh,1993,79.414773335606,Total GHG
BGR,Bulgaria,1993,77.435046277965,Total GHG
BHR,Bahrain,1993,34.9309502628,Total GHG
BHS,Bahamas,1993,1.0945773565735,Total GHG
BIH,Bosnia and Herzegovina,1993,19.568356185569,Total GHG
BLR,Belarus,1993,114.3185662637,Total GHG
BLZ,Belize,1993,0.43387124744185,Total GHG
BMU,Bermuda,1993,0.22934016804073,Total GHG
BOL,Bolivia,1993,34.94655055531,Total GHG
BRA,Brazil,1993,723.73534087751,Total GHG
BRB,Barbados,1993,0.77680839654407,Total GHG
BRN,Brunei,1993,6.9063025018158,Total GHG
BTN,Bhutan,1993,1.0221256250778,Total GHG
BWA,Botswana,1993,8.3561338686462,Total GHG
CAF,Central African Republic,1993,7.5409715227386,Total GHG
CAN,Canada,1993,607.86395391777,Total GHG
CHE,Switzerland and Liechtenstein,1993,53.602703537481,Total GHG
CHL,Chile,1993,57.666071338813,Total GHG
CHN,China,1993,4171.7357904588,Total GHG
CIV,Côte d’Ivoire,1993,10.616739890633,Total GHG
CMR,Cameroon,1993,27.493230585934,Total GHG
COD,Democratic Republic of the Congo,1993,25.475719857821,Total GHG
COG,Congo,1993,11.196785475014,Total GHG
COK,Cook Islands,1993,0.059697135650504,Total GHG
COL,Colombia,1993,143.61364599748,Total GHG
COM,Comoros,1993,0.30445592187065,Total GHG
CPV,Cabo Verde,1993,0.2718567882994,Total GHG
CRI,Costa Rica,1993,11.079818762369,Total GHG
CUB,Cuba,1993,39.149082099865,Total GHG
CYM,Cayman Islands,1993,0.12234794624184,Total GHG
CYP,Cyprus,1993,6.8144541675767,Total GHG
CZE,Czechia,1993,165.74691089114,Total GHG
DEU,Germany,1993,1132.9111219597,Total GHG
DJI,Djibouti,1993,1.9785423576923,Total GHG
DMA,Dominica,1993,0.097027589695954,Total GHG
DNK,Denmark,1993,76.310527565977,Total GHG
DOM,Dominican Republic,1993,18.777021778794,Total GHG
DZA,Algeria,1993,145.90615835669,Total GHG
ECU,Ecuador,1993,39.344127347237,Total GHG
EGY,Egypt,1993,163.86772946151,Total GHG
ERI,Eritrea,1993,4.255754022888,Total GHG
ESH,Western Sahara,1993,0.41775006337009,Total GHG
ESP,Spain and Andorra,1993,296.11122754212,Total GHG
EST,Estonia,1993,26.372420692261,Total GHG
ETH,Ethiopia,1993,64.498409962344,Total GHG
FIN,Finland,1993,71.622526340168,Total GHG
FJI,Fiji,1993,2.315800996494,Total GHG
FLK,Falkland Islands,1993,0.15733840166075,Total GHG
FRA,France and Monaco,1993,524.33864960202,Total GHG
FRO,Faroes,1993,0.089799173655919,Total GHG
GAB,Gabon,1993,21.550584264501,Total GHG
GBR,United Kingdom,1993,750.4328521462,Total GHG
GEO,Georgia,1993,22.492318105301,Total GHG
GHA,Ghana,1993,11.577065564383,Total GHG
GIB,Gibraltar,1993,0.25962657474854,Total GHG
GIN,Guinea,1993,7.0907514551948,Total GHG
GLP,Guadeloupe,1993,0.97645153420531,Total GHG
GMB,The Gambia,1993,0.98788127969588,Total GHG
GNB,Guinea-Bissau,1993,1.7522344675656,Total GHG
GNQ,Equatorial Guinea,1993,0.21298280650886,Total GHG
GRC,Greece,1993,99.928781839599,Total GHG
GRD,Grenada,1993,0.10250742825906,Total GHG
GRL,Greenland,1993,0.060972607185614,Total GHG
GTM,Guatemala,1993,15.827330349638,Total GHG
GUF,French Guiana,1993,0.43143807631431,Total GHG
GUY,Guyana,1993,2.8276938320129,Total GHG
HKG,Hong Kong,1993,48.944238784148,Total GHG
HND,Honduras,1993,8.8244587878763,Total GHG
HRV,Croatia,1993,23.290977691569,Total GHG
HTI,Haiti,1993,7.5753596448256,Total GHG
HUN,Hungary,1993,81.254230287167,Total GHG
IDN,Indonesia,1993,395.72660113302,Total GHG
IND,India,1993,1478.0869961387,Total GHG
IRL,Ireland,1993,60.501027647809,Total GHG
IRN,Iran,1993,398.49603720931,Total GHG
IRQ,Iraq,1993,136.39516554354,Total GHG
ISL,Iceland,1993,3.426407715612,Total GHG
ISR,"Israel and Palestine, State of",1993,49.489213665108,Total GHG
ITA,"Italy, San Marino and the Holy See",1993,493.21718668831,Total GHG
JAM,Jamaica,1993,10.185305857107,Total GHG
JOR,Jordan,1993,15.148412049337,Total GHG
JPN,Japan,1993,1317.028946572,Total GHG
KAZ,Kazakhstan,1993,307.34510901153,Total GHG
KEN,Kenya,1993,38.402446183223,Total GHG
KGZ,Kyrgyzstan,1993,18.251697846505,Total GHG
KHM,Cambodia,1993,15.367714626429,Total GHG
KIR,Kiribati,1993,0.035752827922767,Total GHG
KNA,Saint Kitts and Nevis,1993,0.073227742247463,Total GHG
KOR,South Korea,1993,403.12146260943,Total GHG
KWT,Kuwait,1993,64.309192310003,Total GHG
LAO,Laos,1993,7.2546047039393,Total GHG
LBN,Lebanon,1993,13.615514026582,Total GHG
LBR,Liberia,1993,1.364990538194,Total GHG
LBY,Libya,1993,75.44911820914,Total GHG
LCA,Saint Lucia,1993,0.14799777032811,Total GHG
LKA,Sri Lanka,1993,17.053427357252,Total GHG
LSO,Lesotho,1993,2.2957313622787,Total GHG
LTU,Lithuania,1993,26.644288367235,Total GHG
LUX,Luxembourg,1993,13.380812417343,Total GHG
LVA,Latvia,1993,18.46456589893,Total GHG
MAC,Macao,1993,1.2817235792976,Total GHG
MAR,Morocco,1993,44.779170800179,Total GHG
MDA,Moldova,1993,21.641077223022,Total GHG
MDG,Madagascar,1993,23.858457951365,Total GHG
MDV,Maldives,1993,0.17077807668434,Total GHG
MEX,Mexico,1993,474.75507481653,Total GHG
MKD,North Macedonia,1993,11.746336448635,Total GHG
MLI,Mali,1993,12.145319363347,Total GHG
MLT,Malta,1993,3.0471381301188,Total GHG
MMR,Myanmar/Burma,1993,69.21542266106,Total GHG
MNG,Mongolia,1993,29.313721749729,Total GHG
MOZ,Mozambique,1993,8.7832682465937,Total GHG
MRT,Mauritania,1993,8.3928039775929,Total GHG
MTQ,Martinique,1993,0.99241854766132,Total GHG
MUS,Mauritius,1993,2.1369692157058,Total GHG
MWI,Malawi,1993,6.2852412302135,Total GHG
MYS,Malaysia,1993,102.47760385315,Total GHG
NAM,Namibia,1993,6.7411263516937,Total GHG
NCL,New Caledonia,1993,2.1280939537634,Total GHG
NER,Niger,1993,12.271205565557,Total GHG
NGA,Nigeria,1993,303.00043660203,Total GHG
NIC,Nicaragua,1993,9.4066996916393,Total GHG
NLD,Netherlands,1993,231.48130182136,Total GHG
NOR,Norway,1993,54.173034074642,Total GHG
NPL,Nepal,1993,23.635616073883,Total GHG
NZL,New Zealand,1993,73.977576251063,Total GHG
OMN,Oman,1993,40.074723445628,Total GHG
PAK,Pakistan,1993,213.98596137287,Total GHG
PAN,Panama,1993,8.241859802978,Total GHG
PER,Peru,1993,45.104584971434,Total GHG
PHL,Philippines,1993,99.087728475547,Total GHG
PLW,Palau,1993,2.1774280959909,Total GHG
PNG,Papua New Guinea,1993,5.576369508221,Total GHG
POL,Poland,1993,484.8249146952,Total GHG
PRI,Puerto Rico,1993,23.303848738214,Total GHG
PRK,North Korea,1993,133.44697752997,Total GHG
PRT,Portugal,1993,61.851121155793,Total GHG
PRY,Paraguay,1993,22.31247872543,Total GHG
PYF,French Polynesia,1993,1.0154939667269,Total GHG
QAT,Qatar,1993,29.033519487453,Total GHG
REU,Réunion,1993,1.6280993254603,Total GHG
ROU,Romania,1993,169.78127844525,Total GHG
RUS,Russia,1993,2521.9791943916,Total GHG
RWA,Rwanda,1993,4.8613543002703,Total GHG
SAU,Saudi Arabia,1993,277.50613683243,Total GHG
SCG,Serbia and Montenegro,1993,60.115625677699,Total GHG
SDN,Sudan and South Sudan,1993,70.522325566924,Total GHG
SEN,Senegal,1993,10.646375408969,Total GHG
SGP,Singapore,1993,42.451972155195,Total GHG
SHN,"Saint Helena, Ascension and Tristan da Cunha",1993,0.0098249539110223,Total GHG
SLB,Solomon Islands,1993,0.33340883254714,Total GHG
SLE,Sierra Leone,1993,3.3508130814178,Total GHG
SLV,El Salvador,1993,8.7366603794106,Total GHG
SOM,Somalia,1993,22.943896109558,Total GHG
SPM,Saint Pierre and Miquelon,1993,0.050995714445273,Total GHG
STP,São Tomé and Príncipe,1993,0.090460164896798,Total GHG
SUR,Suriname,1993,2.4764726800302,Total GHG
SVK,Slovakia,1993,57.803015504497,Total GHG
SVN,Slovenia,1993,19.345720337733,Total GHG
SWE,Sweden,1993,78.696971613355,Total GHG
SWZ,Eswatini,1993,2.7879228074844,Total GHG
SYC,Seychelles,1993,0.37504743175987,Total GHG
SYR,Syria,1993,75.230669757545,Total GHG
TCA,Turks and Caicos Islands,1993,0.010186116404341,Total GHG
TCD,Chad,1993,19.291946423475,Total GHG
TGO,Togo,1993,2.7992541829412,Total GHG
THA,Thailand,1993,223.31660790092,Total GHG
TJK,Tajikistan,1993,14.12438333062,Total GHG
TKM,Turkmenistan,1993,42.037108782688,Total GHG
TLS,Timor-Leste,1993,0.66026111412731,Total GHG
TON,Tonga,1993,0.20966611899346,Total GHG
TTO,Trinidad and Tobago,1993,16.162876747045,Total GHG
TUN,Tunisia,1993,25.995248289589,Total GHG
TUR,Türkiye,1993,238.55190796866,Total GHG
TWN,Taiwan,1993,176.91890832805,Total GHG
TZA,Tanzania,1993,31.587592130354,Total GHG
UGA,Uganda,1993,16.720625427116,Total GHG
UKR,Ukraine,1993,725.07411185339,Total GHG
URY,Uruguay,1993,33.281021078759,Total GHG
USA,United States,1993,6380.356915649,Total GHG
UZB,Uzbekistan,1993,153.37804478412,Total GHG
VCT,Saint Vincent and the Grenadines,1993,0.076255605322683,Total GHG
VEN,Venezuela,1993,174.29945893526,Total GHG
VGB,British Virgin Islands,1993,0.02908937625411,Total GHG
VNM,Viet Nam,1993,107.6962501562,Total GHG
VUT,Vanuatu,1993,0.48111140810758,Total GHG
WSM,Samoa,1993,0.31197449342736,Total GHG
YEM,Yemen,1993,20.006554819043,Total GHG
ZAF,South Africa,1993,397.68795302699,Total GHG
ZMB,Zambia,1993,14.924500267982,Total GHG
ZWE,Zimbabwe,1993,30.776872138951,Total GHG
,,1993,,Total GHG
EU27,EU27,1993,4520.5485749167,Total GHG
,,1993,,Total GHG
GLOBAL TOTAL,GLOBAL TOTAL,1993,32363.428422874,Total GHG
ABW,Aruba,1994,0.30906805266266,Total GHG
AFG,Afghanistan,1994,12.247310633368,Total GHG
AGO,Angola,1994,47.405674117287,Total GHG
AIA,Anguilla,1994,0.015335163432849,Total GHG
ALB,Albania,1994,6.9072590996723,Total GHG
ANT,Curaçao,1994,2.8659633732424,Total GHG
ARE,United Arab Emirates,1994,98.940663766675,Total GHG
ARG,Argentina,1994,266.29932071482,Total GHG
ARM,Armenia,1994,5.2809225985126,Total GHG
ATG,Antigua and Barbuda,1994,0.26374733746308,Total GHG
AUS,Australia,1994,474.14605631753,Total GHG
AUT,Austria,1994,79.396019930528,Total GHG
AZE,Azerbaijan,1994,43.498253191519,Total GHG
BDI,Burundi,1994,3.1624766743917,Total GHG
BEL,Belgium,1994,147.69568571506,Total GHG
BEN,Benin,1994,4.3888421366336,Total GHG
BFA,Burkina Faso,1994,12.706132607728,Total GHG
BGD,Bangladesh,1994,82.339462607146,Total GHG
BGR,Bulgaria,1994,73.898104407857,Total GHG
BHR,Bahrain,1994,34.877314321574,Total GHG
BHS,Bahamas,1994,1.1946635008371,Total GHG
BIH,Bosnia and Herzegovina,1994,6.5514378035656,Total GHG
BLR,Belarus,1994,100.76199394951,Total GHG
BLZ,Belize,1994,0.43713371531318,Total GHG
BMU,Bermuda,1994,0.22746558437083,Total GHG
BOL,Bolivia,1994,37.034286235284,Total GHG
BRA,Brazil,1994,752.79566901867,Total GHG
BRB,Barbados,1994,0.76476756553828,Total GHG
BRN,Brunei,1994,7.0391996269609,Total GHG
BTN,Bhutan,1994,1.0953561133814,Total GHG
BWA,Botswana,1994,8.4096799038081,Total GHG
CAF,Central African Republic,1994,8.1913913873872,Total GHG
CAN,Canada,1994,633.89562117524,Total GHG
CHE,Switzerland and Liechtenstein,1994,52.63094356206,Total GHG
CHL,Chile,1994,61.416300855778,Total GHG
CHN,China,1994,4354.6010430087,Total GHG
CIV,Côte d’Ivoire,1994,11.481084315424,Total GHG
CMR,Cameroon,1994,26.68698188012,Total GHG
COD,Democratic Republic of the Congo,1994,23.338185918577,Total GHG
COG,Congo,1994,9.8096151543887,Total GHG
COK,Cook Islands,1994,0.062024912138314,Total GHG
COL,Colombia,1994,144.95811788108,Total GHG
COM,Comoros,1994,0.31058931172142,Total GHG
CPV,Cabo Verde,1994,0.2688676544366,Total GHG
CRI,Costa Rica,1994,11.499462511323,Total GHG
CUB,Cuba,1994,40.149865458931,Total GHG
CYM,Cayman Islands,1994,0.14312310278261,Total GHG
CYP,Cyprus,1994,7.0931876416509,Total GHG
CZE,Czechia,1994,158.00295663289,Total GHG
DEU,Germany,1994,1118.7801797712,Total GHG
DJI,Djibouti,1994,2.010444879316,Total GHG
DMA,Dominica,1994,0.10977124438813,Total GHG
DNK,Denmark,1994,80.075459879963,Total GHG
DOM,Dominican Republic,1994,20.448924559307,Total GHG
DZA,Algeria,1994,144.37055359511,Total GHG
ECU,Ecuador,1994,41.517332532024,Total GHG
EGY,Egypt,1994,159.53387782766,Total GHG
ERI,Eritrea,1994,4.4650910566736,Total GHG
ESH,Western Sahara,1994,0.42266830446347,Total GHG
ESP,Spain and Andorra,1994,308.87332121829,Total GHG
EST,Estonia,1994,26.650639785368,Total GHG
ETH,Ethiopia,1994,67.107361498283,Total GHG
FIN,Finland,1994,78.66325718081,Total GHG
FJI,Fiji,1994,2.425234420127,Total GHG
FLK,Falkland Islands,1994,0.16127742901556,Total GHG
FRA,France and Monaco,1994,518.61184640588,Total GHG
FRO,Faroes,1994,0.089817238200835,Total GHG
GAB,Gabon,1994,21.094725617885,Total GHG
GBR,United Kingdom,1994,737.40148005675,Total GHG
GEO,Georgia,1994,16.291752789915,Total GHG
GHA,Ghana,1994,11.979671633707,Total GHG
GIB,Gibraltar,1994,0.30439757832688,Total GHG
GIN,Guinea,1994,7.5490054916076,Total GHG
GLP,Guadeloupe,1994,1.0184495849745,Total GHG
GMB,The Gambia,1994,1.0302365331759,Total GHG
GNB,Guinea-Bissau,1994,1.7860807923012,Total GHG
GNQ,Equatorial Guinea,1994,2.8208673824674,Total GHG
GRC,Greece,1994,102.41649518457,Total GHG
GRD,Grenada,1994,0.1134245838124,Total GHG
GRL,Greenland,1994,0.060807544370838,Total GHG
GTM,Guatemala,1994,16.213633353686,Total GHG
GUF,French Guiana,1994,0.40730508138865,Total GHG
GUY,Guyana,1994,3.1310365331904,Total GHG
HKG,Hong Kong,1994,42.59623335047,Total GHG
HND,Honduras,1994,9.6726561245032,Total GHG
HRV,Croatia,1994,22.400981434175,Total GHG
HTI,Haiti,1994,7.1304737328531,Total GHG
HUN,Hungary,1994,81.061967186708,Total GHG
IDN,Indonesia,1994,415.01146131159,Total GHG
IND,India,1994,1532.6946541418,Total GHG
IRL,Ireland,1994,61.998696203385,Total GHG
IRN,Iran,1994,437.63622952457,Total GHG
IRQ,Iraq,1994,148.30373692299,Total GHG
ISL,Iceland,1994,3.5598730361974,Total GHG
ISR,"Israel and Palestine, State of",1994,53.065440067283,Total GHG
ITA,"Italy, San Marino and the Holy See",1994,488.69397832417,Total GHG
JAM,Jamaica,1994,10.235914247873,Total GHG
JOR,Jordan,1994,15.680315001376,Total GHG
JPN,Japan,1994,1380.2947284209,Total GHG
KAZ,Kazakhstan,1994,273.84482106133,Total GHG
KEN,Kenya,1994,38.949973056254,Total GHG
KGZ,Kyrgyzstan,1994,13.737809772088,Total GHG
KHM,Cambodia,1994,14.823753490681,Total GHG
KIR,Kiribati,1994,0.036508097018341,Total GHG
KNA,Saint Kitts and Nevis,1994,0.079818496464549,Total GHG
KOR,South Korea,1994,433.93693336852,Total GHG
KWT,Kuwait,1994,72.946543832309,Total GHG
LAO,Laos,1994,7.6685384299309,Total GHG
LBN,Lebanon,1994,14.782439018179,Total GHG
LBR,Liberia,1994,1.3268502238557,Total GHG
LBY,Libya,1994,91.464082073597,Total GHG
LCA,Saint Lucia,1994,0.16314417687766,Total GHG
LKA,Sri Lanka,1994,18.195878837287,Total GHG
LSO,Lesotho,1994,2.2417036456881,Total GHG
LTU,Lithuania,1994,25.068214673874,Total GHG
LUX,Luxembourg,1994,12.445551972207,Total GHG
LVA,Latvia,1994,15.296086140174,Total GHG
MAC,Macao,1994,1.3984486060583,Total GHG
MAR,Morocco,1994,47.688641801992,Total GHG
MDA,Moldova,1994,18.582009671635,Total GHG
MDG,Madagascar,1994,23.526926552727,Total GHG
MDV,Maldives,1994,0.32197610290495,Total GHG
MEX,Mexico,1994,501.24103461027,Total GHG
MKD,North Macedonia,1994,11.521027838393,Total GHG
MLI,Mali,1994,12.475674509885,Total GHG
MLT,Malta,1994,2.7540119981765,Total GHG
MMR,Myanmar/Burma,1994,72.746490038707,Total GHG
MNG,Mongolia,1994,27.335052797886,Total GHG
MOZ,Mozambique,1994,9.1184343717259,Total GHG
MRT,Mauritania,1994,8.3635184098125,Total GHG
MTQ,Martinique,1994,0.99792827399839,Total GHG
MUS,Mauritius,1994,2.187516233138,Total GHG
MWI,Malawi,1994,6.2938360202523,Total GHG
MYS,Malaysia,1994,111.20595311583,Total GHG
NAM,Namibia,1994,6.7500168310249,Total GHG
NCL,New Caledonia,1994,2.1907278421004,Total GHG
NER,Niger,1994,12.650185088114,Total GHG
NGA,Nigeria,1994,326.77502147748,Total GHG
NIC,Nicaragua,1994,9.7557107447935,Total GHG
NLD,Netherlands,1994,233.43073269688,Total GHG
NOR,Norway,1994,56.616690449997,Total GHG
NPL,Nepal,1994,25.206109624436,Total GHG
NZL,New Zealand,1994,76.177986829576,Total GHG
OMN,Oman,1994,39.190270626906,Total GHG
PAK,Pakistan,1994,219.02094863818,Total GHG
PAN,Panama,1994,8.5750632878315,Total GHG
PER,Peru,1994,46.030490248925,Total GHG
PHL,Philippines,1994,104.92896405012,Total GHG
PLW,Palau,1994,3.2586437693885,Total GHG
PNG,Papua New Guinea,1994,5.569284103359,Total GHG
POL,Poland,1994,477.68812985006,Total GHG
PRI,Puerto Rico,1994,24.032160285461,Total GHG
PRK,North Korea,1994,121.54785467213,Total GHG
PRT,Portugal,1994,64.008722509062,Total GHG
PRY,Paraguay,1994,23.720325058735,Total GHG
PYF,French Polynesia,1994,0.84013564276711,Total GHG
QAT,Qatar,1994,30.174529927655,Total GHG
REU,Réunion,1994,1.6697481827529,Total GHG
ROU,Romania,1994,165.95327027853,Total GHG
RUS,Russia,1994,2283.2896872834,Total GHG
RWA,Rwanda,1994,4.955079684935,Total GHG
SAU,Saudi Arabia,1994,294.53306407034,Total GHG
SCG,Serbia and Montenegro,1994,55.662391141701,Total GHG
SDN,Sudan and South Sudan,1994,77.217342685517,Total GHG
SEN,Senegal,1994,10.936740491371,Total GHG
SGP,Singapore,1994,45.397349396007,Total GHG
SHN,"Saint Helena, Ascension and Tristan da Cunha",1994,0.0083333367133717,Total GHG
SLB,Solomon Islands,1994,0.33969371877435,Total GHG
SLE,Sierra Leone,1994,3.3594429726907,Total GHG
SLV,El Salvador,1994,9.4760276713357,Total GHG
SOM,Somalia,1994,24.76162660935,Total GHG
SPM,Saint Pierre and Miquelon,1994,0.052806845124174,Total GHG
STP,São Tomé and Príncipe,1994,0.10153296031184,Total GHG
SUR,Suriname,1994,2.4388425028847,Total GHG
SVK,Slovakia,1994,54.850997793751,Total GHG
SVN,Slovenia,1994,19.177045253783,Total GHG
SWE,Sweden,1994,81.628627357617,Total GHG
SWZ,Eswatini,1994,3.544133338508,Total GHG
SYC,Seychelles,1994,0.37426058511568,Total GHG
SYR,Syria,1994,78.217467948718,Total GHG
TCA,Turks and Caicos Islands,1994,0.010695851277482,Total GHG
TCD,Chad,1994,20.307266920342,Total GHG
TGO,Togo,1994,3.2532453912185,Total GHG
THA,Thailand,1994,239.18491544462,Total GHG
TJK,Tajikistan,1994,11.582453515106,Total GHG
TKM,Turkmenistan,1994,47.202980785432,Total GHG
TLS,Timor-Leste,1994,0.74383176935742,Total GHG
TON,Tonga,1994,0.24853440668057,Total GHG
TTO,Trinidad and Tobago,1994,17.898549339041,Total GHG
TUN,Tunisia,1994,25.738881342297,Total GHG
TUR,Türkiye,1994,234.66235311653,Total GHG
TWN,Taiwan,1994,186.9349937156,Total GHG
TZA,Tanzania,1994,31.226627121521,Total GHG
UGA,Uganda,1994,16.456388305827,Total GHG
UKR,Ukraine,1994,613.50347251232,Total GHG
URY,Uruguay,1994,33.442126703462,Total GHG
USA,United States,1994,6490.8881518414,Total GHG
UZB,Uzbekistan,1994,150.3778523996,Total GHG
VCT,Saint Vincent and the Grenadines,1994,0.10018908539166,Total GHG
VEN,Venezuela,1994,188.2661825169,Total GHG
VGB,British Virgin Islands,1994,0.029585958603887,Total GHG
VNM,Viet Nam,1994,115.2482512821,Total GHG
VUT,Vanuatu,1994,0.48783857710087,Total GHG
WSM,Samoa,1994,0.31833036621285,Total GHG
YEM,Yemen,1994,22.593986792086,Total GHG
ZAF,South Africa,1994,404.46298138933,Total GHG
ZMB,Zambia,1994,14.382822354391,Total GHG
ZWE,Zimbabwe,1994,29.87513322389,Total GHG
,,1994,,Total GHG
EU27,EU27,1994,4506.6141674266,Total GHG
,,1994,,Total GHG
GLOBAL TOTAL,GLOBAL TOTAL,1994,32721.435459621,Total GHG
ABW,Aruba,1995,0.33872213189626,Total GHG
AFG,Afghanistan,1995,12.463462990516,Total GHG
AGO,Angola,1995,54.625322823444,Total GHG
AIA,Anguilla,1995,0.018773384899565,Total GHG
ALB,Albania,1995,6.5494096708288,Total GHG
ANT,Curaçao,1995,2.8727152719324,Total GHG
ARE,United Arab Emirates,1995,103.98452467605,Total GHG
ARG,Argentina,1995,269.11983443616,Total GHG
ARM,Armenia,1995,5.960355588289,Total GHG
ATG,Antigua and Barbuda,1995,0.27279360511108,Total GHG
AUS,Australia,1995,482.2439360232,Total GHG
AUT,Austria,1995,82.278583704992,Total GHG
AZE,Azerbaijan,1995,42.671108442448,Total GHG
BDI,Burundi,1995,3.2862672715459,Total GHG
BEL,Belgium,1995,148.70713102795,Total GHG
BEN,Benin,1995,4.16916797666,Total GHG
BFA,Burkina Faso,1995,13.128336459124,Total GHG
BGD,Bangladesh,1995,88.460176518068,Total GHG
BGR,Bulgaria,1995,74.819724355451,Total GHG
BHR,Bahrain,1995,34.738466108421,Total GHG
BHS,Bahamas,1995,1.3566082958912,Total GHG
BIH,Bosnia and Herzegovina,1995,6.5649420101024,Total GHG
BLR,Belarus,1995,92.071885242951,Total GHG
BLZ,Belize,1995,0.4193044584482,Total GHG
BMU,Bermuda,1995,0.22862766553574,Total GHG
BOL,Bolivia,1995,29.438460297917,Total GHG
BRA,Brazil,1995,789.78055991847,Total GHG
BRB,Barbados,1995,0.77664771025518,Total GHG
BRN,Brunei,1995,7.3244191481436,Total GHG
BTN,Bhutan,1995,1.252343775177,Total GHG
BWA,Botswana,1995,9.4412473650765,Total GHG
CAF,Central African Republic,1995,8.4009136700076,Total GHG
CAN,Canada,1995,649.80849241041,Total GHG
CHE,Switzerland and Liechtenstein,1995,53.435079189589,Total GHG
CHL,Chile,1995,66.522316829439,Total GHG
CHN,China,1995,4762.328291788,Total GHG
CIV,Côte d’Ivoire,1995,12.089023437801,Total GHG
CMR,Cameroon,1995,27.283524019699,Total GHG
COD,Democratic Republic of the Congo,1995,23.985552741728,Total GHG
COG,Congo,1995,12.133795048027,Total GHG
COK,Cook Islands,1995,0.057736700876947,Total GHG
COL,Colombia,1995,150.11125309013,Total GHG
COM,Comoros,1995,0.32147593971068,Total GHG
CPV,Cabo Verde,1995,0.29799676722973,Total GHG
CRI,Costa Rica,1995,10.958065414896,Total GHG
CUB,Cuba,1995,41.107782665195,Total GHG
CYM,Cayman Islands,1995,0.14994256617107,Total GHG
CYP,Cyprus,1995,6.9855066380933,Total GHG
CZE,Czechia,1995,156.9917974414,Total GHG
DEU,Germany,1995,1110.4873240762,Total GHG
DJI,Djibouti,1995,2.0885754217692,Total GHG
DMA,Dominica,1995,0.1176427082054,Total GHG
DNK,Denmark,1995,77.063978989569,Total GHG
DOM,Dominican Republic,1995,21.183341297344,Total GHG
DZA,Algeria,1995,152.52305740485,Total GHG
ECU,Ecuador,1995,44.218853418113,Total GHG
EGY,Egypt,1995,169.66797745516,Total GHG
ERI,Eritrea,1995,4.5882438548974,Total GHG
ESH,Western Sahara,1995,0.45198923364612,Total GHG
ESP,Spain and Andorra,1995,325.02281463773,Total GHG
EST,Estonia,1995,24.611767366341,Total GHG
ETH,Ethiopia,1995,68.223773324687,Total GHG
FIN,Finland,1995,75.322809864931,Total GHG
FJI,Fiji,1995,2.4637922158782,Total GHG
FLK,Falkland Islands,1995,0.16564433815961,Total GHG
FRA,France and Monaco,1995,529.17876884378,Total GHG
FRO,Faroes,1995,0.089682169727244,Total GHG
GAB,Gabon,1995,23.581471612112,Total GHG
GBR,United Kingdom,1995,734.72609942279,Total GHG
GEO,Georgia,1995,13.746103045328,Total GHG
GHA,Ghana,1995,12.390178833486,Total GHG
GIB,Gibraltar,1995,0.29803463244158,Total GHG
GIN,Guinea,1995,7.8087155049863,Total GHG
GLP,Guadeloupe,1995,0.99847990016174,Total GHG
GMB,The Gambia,1995,1.0417780538601,Total GHG
GNB,Guinea-Bissau,1995,1.8428930498849,Total GHG
GNQ,Equatorial Guinea,1995,3.2123000853772,Total GHG
GRC,Greece,1995,106.703736701,Total GHG
GRD,Grenada,1995,0.10712369817265,Total GHG
GRL,Greenland,1995,0.060682236039878,Total GHG
GTM,Guatemala,1995,17.43027842054,Total GHG
GUF,French Guiana,1995,0.45448257333079,Total GHG
GUY,Guyana,1995,3.487360055842,Total GHG
HKG,Hong Kong,1995,43.058884631893,Total GHG
HND,Honduras,1995,10.078979415638,Total GHG
HRV,Croatia,1995,22.904186185308,Total GHG
HTI,Haiti,1995,7.9454761733984,Total GHG
HUN,Hungary,1995,80.167365462109,Total GHG
IDN,Indonesia,1995,445.08278189356,Total GHG
IND,India,1995,1596.657738327,Total GHG
IRL,Ireland,1995,62.749031868577,Total GHG
IRN,Iran,1995,438.41435296163,Total GHG
IRQ,Iraq,1995,148.39293735963,Total GHG
ISL,Iceland,1995,3.3793508331249,Total GHG
ISR,"Israel and Palestine, State of",1995,56.484903265031,Total GHG
ITA,"Italy, San Marino and the Holy See",1995,514.63620633638,Total GHG
JAM,Jamaica,1995,10.579402999867,Total GHG
JOR,Jordan,1995,16.651760053031,Total GHG
JPN,Japan,1995,1399.2975324149,Total GHG
KAZ,Kazakhstan,1995,237.16235838971,Total GHG
KEN,Kenya,1995,39.574813600684,Total GHG
KGZ,Kyrgyzstan,1995,10.534409554312,Total GHG
KHM,Cambodia,1995,19.008997206822,Total GHG
KIR,Kiribati,1995,0.034842961751123,Total GHG
KNA,Saint Kitts and Nevis,1995,0.073510260191118,Total GHG
KOR,South Korea,1995,466.40782208731,Total GHG
KWT,Kuwait,1995,70.790823111112,Total GHG
LAO,Laos,1995,7.7516003307457,Total GHG
LBN,Lebanon,1995,16.940848165842,Total GHG
LBR,Liberia,1995,1.3565636154822,Total GHG
LBY,Libya,1995,101.45677315621,Total GHG
LCA,Saint Lucia,1995,0.16826744449885,Total GHG
LKA,Sri Lanka,1995,18.207423547266,Total GHG
LSO,Lesotho,1995,2.1946790999019,Total GHG
LTU,Lithuania,1995,23.92872427117,Total GHG
LUX,Luxembourg,1995,10.048286256594,Total GHG
LVA,Latvia,1995,13.658124424719,Total GHG
MAC,Macao,1995,1.2689977147016,Total GHG
MAR,Morocco,1995,48.980509371303,Total GHG
MDA,Moldova,1995,16.544703349431,Total GHG
MDG,Madagascar,1995,24.119182648218,Total GHG
MDV,Maldives,1995,0.3864181398542,Total GHG
MEX,Mexico,1995,482.18349995869,Total GHG
MKD,North Macedonia,1995,11.386221069559,Total GHG
MLI,Mali,1995,12.846423603147,Total GHG
MLT,Malta,1995,2.6258687656665,Total GHG
MMR,Myanmar/Burma,1995,75.790909229097,Total GHG
MNG,Mongolia,1995,28.174333340146,Total GHG
MOZ,Mozambique,1995,9.3653475855898,Total GHG
MRT,Mauritania,1995,8.5147802779794,Total GHG
MTQ,Martinique,1995,0.99138829428198,Total GHG
MUS,Mauritius,1995,2.2534191517898,Total GHG
MWI,Malawi,1995,6.3743351247278,Total GHG
MYS,Malaysia,1995,113.60290432677,Total GHG
NAM,Namibia,1995,6.8567684182786,Total GHG
NCL,New Caledonia,1995,2.0322890770763,Total GHG
NER,Niger,1995,13.184392190484,Total GHG
NGA,Nigeria,1995,358.62625459463,Total GHG
NIC,Nicaragua,1995,9.2621266198771,Total GHG
NLD,Netherlands,1995,236.58163627265,Total GHG
NOR,Norway,1995,56.130278876241,Total GHG
NPL,Nepal,1995,26.072138863491,Total GHG
NZL,New Zealand,1995,77.661591953012,Total GHG
OMN,Oman,1995,42.194975056339,Total GHG
PAK,Pakistan,1995,230.47618123225,Total GHG
PAN,Panama,1995,8.9179552964233,Total GHG
PER,Peru,1995,50.597991403206,Total GHG
PHL,Philippines,1995,116.8375145224,Total GHG
PLW,Palau,1995,2.5566316583397,Total GHG
PNG,Papua New Guinea,1995,5.6079262950821,Total GHG
POL,Poland,1995,478.1718567984,Total GHG
PRI,Puerto Rico,1995,24.384995421038,Total GHG
PRK,North Korea,1995,112.8202418701,Total GHG
PRT,Portugal,1995,67.442857966025,Total GHG
PRY,Paraguay,1995,25.546274133016,Total GHG
PYF,French Polynesia,1995,0.79795178136734,Total GHG
QAT,Qatar,1995,29.838133207366,Total GHG
REU,Réunion,1995,1.6866630479772,Total GHG
ROU,Romania,1995,170.62197822179,Total GHG
RUS,Russia,1995,2213.7261933253,Total GHG
RWA,Rwanda,1995,4.969141666173,Total GHG
SAU,Saudi Arabia,1995,291.23617681912,Total GHG
SCG,Serbia and Montenegro,1995,62.374732431768,Total GHG
SDN,Sudan and South Sudan,1995,77.921553918379,Total GHG
SEN,Senegal,1995,11.182218042742,Total GHG
SGP,Singapore,1995,46.825732234491,Total GHG
SHN,"Saint Helena, Ascension and Tristan da Cunha",1995,0.0087141147671065,Total GHG
SLB,Solomon Islands,1995,0.32663032124894,Total GHG
SLE,Sierra Leone,1995,3.4459718909991,Total GHG
SLV,El Salvador,1995,9.6607831282315,Total GHG
SOM,Somalia,1995,25.531847066033,Total GHG
SPM,Saint Pierre and Miquelon,1995,0.034912139214726,Total GHG
STP,São Tomé and Príncipe,1995,0.1047878353028,Total GHG
SUR,Suriname,1995,2.4758623508399,Total GHG
SVK,Slovakia,1995,54.836948362042,Total GHG
SVN,Slovenia,1995,20.079036922894,Total GHG
SWE,Sweden,1995,81.027859901136,Total GHG
SWZ,Eswatini,1995,3.5187611603091,Total GHG
SYC,Seychelles,1995,0.39561065436364,Total GHG
SYR,Syria,1995,79.808559820852,Total GHG
TCA,Turks and Caicos Islands,1995,0.010996337256101,Total GHG
TCD,Chad,1995,21.237086089157,Total GHG
TGO,Togo,1995,3.2051646099357,Total GHG
THA,Thailand,1995,255.49881183488,Total GHG
TJK,Tajikistan,1995,11.023578478607,Total GHG
TKM,Turkmenistan,1995,47.047542463898,Total GHG
TLS,Timor-Leste,1995,0.75355155047855,Total GHG
TON,Tonga,1995,0.21909129801069,Total GHG
TTO,Trinidad and Tobago,1995,17.319273067863,Total GHG
TUN,Tunisia,1995,26.235435443238,Total GHG
TUR,Türkiye,1995,250.77797695347,Total GHG
TWN,Taiwan,1995,196.86388755368,Total GHG
TZA,Tanzania,1995,35.075793752104,Total GHG
UGA,Uganda,1995,17.057305804951,Total GHG
UKR,Ukraine,1995,597.36909457591,Total GHG
URY,Uruguay,1995,33.792980325584,Total GHG
USA,United States,1995,6558.6971949496,Total GHG
UZB,Uzbekistan,1995,142.19608410241,Total GHG
VCT,Saint Vincent and the Grenadines,1995,0.10528227302426,Total GHG
VEN,Venezuela,1995,191.07115635997,Total GHG
VGB,British Virgin Islands,1995,0.029384695359957,Total GHG
VNM,Viet Nam,1995,123.79547182782,Total GHG
VUT,Vanuatu,1995,0.4845592748618,Total GHG
WSM,Samoa,1995,0.30117838445793,Total GHG
YEM,Yemen,1995,23.187427608891,Total GHG
ZAF,South Africa,1995,423.26435876323,Total GHG
ZMB,Zambia,1995,14.020219599048,Total GHG
ZWE,Zimbabwe,1995,29.75366926764,Total GHG
,,1995,,Total GHG
EU27,EU27,1995,4557.6539116629,Total GHG
,,1995,,Total GHG
GLOBAL TOTAL,GLOBAL TOTAL,1995,33546.502835837,Total GHG
ABW,Aruba,1996,0.22957569135176,Total GHG
AFG,Afghanistan,1996,13.735236089893,Total GHG
AGO,Angola,1996,65.542517901029,Total GHG
AIA,Anguilla,1996,0.018620669716419,Total GHG
ALB,Albania,1996,6.2823866226607,Total GHG
ANT,Curaçao,1996,2.9027217544292,Total GHG
ARE,United Arab Emirates,1996,109.08385700967,Total GHG
ARG,Argentina,1996,276.37382208733,Total GHG
ARM,Armenia,1996,5.001173987177,Total GHG
ATG,Antigua and Barbuda,1996,0.27128978971261,Total GHG
AUS,Australia,1996,495.3143152131,Total GHG
AUT,Austria,1996,86.278729406278,Total GHG
AZE,Azerbaijan,1996,37.268979452994,Total GHG
BDI,Burundi,1996,3.3931076910576,Total GHG
BEL,Belgium,1996,154.24492831629,Total GHG
BEN,Benin,1996,5.1115057673477,Total GHG
BFA,Burkina Faso,1996,13.543326249187,Total GHG
BGD,Bangladesh,1996,89.971750141757,Total GHG
BGR,Bulgaria,1996,75.420079087769,Total GHG
BHR,Bahrain,1996,36.057599460142,Total GHG
BHS,Bahamas,1996,1.4963662013467,Total GHG
BIH,Bosnia and Herzegovina,1996,7.2585651582852,Total GHG
BLR,Belarus,1996,91.931730693969,Total GHG
BLZ,Belize,1996,0.40156006726717,Total GHG
BMU,Bermuda,1996,0.23260382250208,Total GHG
BOL,Bolivia,1996,29.461187277001,Total GHG
BRA,Brazil,1996,794.46382460052,Total GHG
BRB,Barbados,1996,0.76982156646641,Total GHG
BRN,Brunei,1996,7.6928905571273,Total GHG
BTN,Bhutan,1996,1.2771953467188,Total GHG
BWA,Botswana,1996,8.5657680580932,Total GHG
CAF,Central African Republic,1996,8.7379149098445,Total GHG
CAN,Canada,1996,667.76040064692,Total GHG
CHE,Switzerland and Liechtenstein,1996,54.022162041238,Total GHG
CHL,Chile,1996,73.656482327682,Total GHG
CHN,China,1996,4771.0043538283,Total GHG
CIV,Côte d’Ivoire,1996,13.439841448432,Total GHG
CMR,Cameroon,1996,28.548150585996,Total GHG
COD,Democratic Republic of the Congo,1996,25.085128727228,Total GHG
COG,Congo,1996,15.665642700258,Total GHG
COK,Cook Islands,1996,0.058570207194068,Total GHG
COL,Colombia,1996,150.2391618803,Total GHG
COM,Comoros,1996,0.33204129349577,Total GHG
CPV,Cabo Verde,1996,0.28626762149085,Total GHG
CRI,Costa Rica,1996,10.913964130093,Total GHG
CUB,Cuba,1996,43.859734419135,Total GHG
CYM,Cayman Islands,1996,0.14944821270638,Total GHG
CYP,Cyprus,1996,7.3822559978121,Total GHG
CZE,Czechia,1996,162.08669318249,Total GHG
DEU,Germany,1996,1137.3093941916,Total GHG
DJI,Djibouti,1996,2.155332702136,Total GHG
DMA,Dominica,1996,0.12361060983668,Total GHG
DNK,Denmark,1996,90.523639131502,Total GHG
DOM,Dominican Republic,1996,22.386642038361,Total GHG
DZA,Algeria,1996,151.54786154522,Total GHG
ECU,Ecuador,1996,48.558085858461,Total GHG
EGY,Egypt,1996,180.0638789814,Total GHG
ERI,Eritrea,1996,5.0685083836756,Total GHG
ESH,Western Sahara,1996,0.4613069742531,Total GHG
ESP,Spain and Andorra,1996,317.19300318976,Total GHG
EST,Estonia,1996,25.610869264271,Total GHG
ETH,Ethiopia,1996,71.673398940407,Total GHG
FIN,Finland,1996,81.589630087915,Total GHG
FJI,Fiji,1996,2.5120847187093,Total GHG
FLK,Falkland Islands,1996,0.15185769072283,Total GHG
FRA,France and Monaco,1996,547.15462656108,Total GHG
FRO,Faroes,1996,0.089641040278941,Total GHG
GAB,Gabon,1996,26.568680795402,Total GHG
GBR,United Kingdom,1996,755.90600251112,Total GHG
GEO,Georgia,1996,12.466695060113,Total GHG
GHA,Ghana,1996,13.065740970912,Total GHG
GIB,Gibraltar,1996,0.30433141136547,Total GHG
GIN,Guinea,1996,8.8502690736253,Total GHG
GLP,Guadeloupe,1996,1.0306253531419,Total GHG
GMB,The Gambia,1996,1.0572445327586,Total GHG
GNB,Guinea-Bissau,1996,1.8646740670364,Total GHG
GNQ,Equatorial Guinea,1996,5.3322085595558,Total GHG
GRC,Greece,1996,107.58290186903,Total GHG
GRD,Grenada,1996,0.11176091470093,Total GHG
GRL,Greenland,1996,0.060571753695725,Total GHG
GTM,Guatemala,1996,17.417930461714,Total GHG
GUF,French Guiana,1996,0.48131724756721,Total GHG
GUY,Guyana,1996,3.5654401218398,Total GHG
HKG,Hong Kong,1996,40.469285332521,Total GHG
HND,Honduras,1996,10.414596325738,Total GHG
HRV,Croatia,1996,23.728573692921,Total GHG
HTI,Haiti,1996,8.2461365649466,Total GHG
HUN,Hungary,1996,82.555791505845,Total GHG
IDN,Indonesia,1996,469.83542583619,Total GHG
IND,India,1996,1644.4354480918,Total GHG
IRL,Ireland,1996,64.295604924255,Total GHG
IRN,Iran,1996,456.78855354732,Total GHG
IRQ,Iraq,1996,138.16179860256,Total GHG
ISL,Iceland,1996,3.6799098675692,Total GHG
ISR,"Israel and Palestine, State of",1996,59.842040684051,Total GHG
ITA,"Italy, San Marino and the Holy See",1996,510.51436170574,Total GHG
JAM,Jamaica,1996,10.916360091521,Total GHG
JOR,Jordan,1996,17.000347894798,Total GHG
JPN,Japan,1996,1414.6749284029,Total GHG
KAZ,Kazakhstan,1996,208.19162814681,Total GHG
KEN,Kenya,1996,38.735683124006,Total GHG
KGZ,Kyrgyzstan,1996,11.339395220717,Total GHG
KHM,Cambodia,1996,19.146776660568,Total GHG
KIR,Kiribati,1996,0.035450793175657,Total GHG
KNA,Saint Kitts and Nevis,1996,0.079899646139907,Total GHG
KOR,South Korea,1996,499.75772340109,Total GHG
KWT,Kuwait,1996,71.270807322282,Total GHG
LAO,Laos,1996,8.0138987434934,Total GHG
LBN,Lebanon,1996,17.618113564263,Total GHG
LBR,Liberia,1996,1.4596080012946,Total GHG
LBY,Libya,1996,105.89682658302,Total GHG
LCA,Saint Lucia,1996,0.17090179975661,Total GHG
LKA,Sri Lanka,1996,20.173412756505,Total GHG
LSO,Lesotho,1996,2.1123574792939,Total GHG
LTU,Lithuania,1996,24.440232444285,Total GHG
LUX,Luxembourg,1996,10.122420700211,Total GHG
LVA,Latvia,1996,13.637355562214,Total GHG
MAC,Macao,1996,1.4583851275285,Total GHG
MAR,Morocco,1996,49.425479226057,Total GHG
MDA,Moldova,1996,14.671938993304,Total GHG
MDG,Madagascar,1996,24.276753495757,Total GHG
MDV,Maldives,1996,0.39377648699571,Total GHG
MEX,Mexico,1996,502.1712645887,Total GHG
MKD,North Macedonia,1996,12.976595184406,Total GHG
MLI,Mali,1996,13.230360353916,Total GHG
MLT,Malta,1996,2.576499172272,Total GHG
MMR,Myanmar/Burma,1996,75.709239422173,Total GHG
MNG,Mongolia,1996,26.887136762677,Total GHG
MOZ,Mozambique,1996,9.5451456777996,Total GHG
MRT,Mauritania,1996,8.8668613089328,Total GHG
MTQ,Martinique,1996,0.97988043153012,Total GHG
MUS,Mauritius,1996,2.3400998283606,Total GHG
MWI,Malawi,1996,6.5694130360758,Total GHG
MYS,Malaysia,1996,128.27704599203,Total GHG
NAM,Namibia,1996,7.039597229573,Total GHG
NCL,New Caledonia,1996,2.2448819256205,Total GHG
NER,Niger,1996,13.836578756945,Total GHG
NGA,Nigeria,1996,417.04055135758,Total GHG
NIC,Nicaragua,1996,9.2998313464871,Total GHG
NLD,Netherlands,1996,247.75841686023,Total GHG
NOR,Norway,1996,56.60470778068,Total GHG
NPL,Nepal,1996,26.482925078957,Total GHG
NZL,New Zealand,1996,78.351812306003,Total GHG
OMN,Oman,1996,44.214800807458,Total GHG
PAK,Pakistan,1996,240.16232648763,Total GHG
PAN,Panama,1996,8.9706174980635,Total GHG
PER,Peru,1996,53.51645179267,Total GHG
PHL,Philippines,1996,122.79943823754,Total GHG
PLW,Palau,1996,2.405839358623,Total GHG
PNG,Papua New Guinea,1996,5.7316967871953,Total GHG
POL,Poland,1996,491.57391198519,Total GHG
PRI,Puerto Rico,1996,24.70716283749,Total GHG
PRK,North Korea,1996,102.89593427783,Total GHG
PRT,Portugal,1996,66.08747288256,Total GHG
PRY,Paraguay,1996,25.518945924414,Total GHG
PYF,French Polynesia,1996,0.79009484315748,Total GHG
QAT,Qatar,1996,35.294801733219,Total GHG
REU,Réunion,1996,1.7288696987073,Total GHG
ROU,Romania,1996,174.35774166702,Total GHG
RUS,Russia,1996,2149.4894036192,Total GHG
RWA,Rwanda,1996,5.208204841846,Total GHG
SAU,Saudi Arabia,1996,308.26799069882,Total GHG
SCG,Serbia and Montenegro,1996,70.725843061884,Total GHG
SDN,Sudan and South Sudan,1996,80.627411119926,Total GHG
SEN,Senegal,1996,11.696200556779,Total GHG
SGP,Singapore,1996,48.790244793704,Total GHG
SHN,"Saint Helena, Ascension and Tristan da Cunha",1996,0.0063199482174383,Total GHG
SLB,Solomon Islands,1996,0.33118313438488,Total GHG
SLE,Sierra Leone,1996,3.5092603847378,Total GHG
SLV,El Salvador,1996,9.605357148128,Total GHG
SOM,Somalia,1996,26.19214477179,Total GHG
SPM,Saint Pierre and Miquelon,1996,0.034669923501588,Total GHG
STP,São Tomé and Príncipe,1996,0.10798634460774,Total GHG
SUR,Suriname,1996,2.4855619369365,Total GHG
SVK,Slovakia,1996,55.377710402967,Total GHG
SVN,Slovenia,1996,20.735615493322,Total GHG
SWE,Sweden,1996,86.490494226134,Total GHG
SWZ,Eswatini,1996,3.3024854677057,Total GHG
SYC,Seychelles,1996,0.40776323402792,Total GHG
SYR,Syria,1996,82.820934949617,Total GHG
TCA,Turks and Caicos Islands,1996,0.01121052137626,Total GHG
TCD,Chad,1996,22.087384759737,Total GHG
TGO,Togo,1996,3.8931862156112,Total GHG
THA,Thailand,1996,275.11594521242,Total GHG
TJK,Tajikistan,1996,9.8766275805702,Total GHG
TKM,Turkmenistan,1996,45.406871249448,Total GHG
TLS,Timor-Leste,1996,0.8017211847773,Total GHG
TON,Tonga,1996,0.23599942538422,Total GHG
TTO,Trinidad and Tobago,1996,18.389462217368,Total GHG
TUN,Tunisia,1996,27.237891168976,Total GHG
TUR,Türkiye,1996,267.86962407284,Total GHG
TWN,Taiwan,1996,206.36625879218,Total GHG
TZA,Tanzania,1996,33.460885030503,Total GHG
UGA,Uganda,1996,17.482098731825,Total GHG
UKR,Ukraine,1996,518.07606049676,Total GHG
URY,Uruguay,1996,35.240748119207,Total GHG
USA,United States,1996,6728.0764627626,Total GHG
UZB,Uzbekistan,1996,146.62375496892,Total GHG
VCT,Saint Vincent and the Grenadines,1996,0.099430971642786,Total GHG
VEN,Venezuela,1996,207.18452908101,Total GHG
VGB,British Virgin Islands,1996,0.034972543907351,Total GHG
VNM,Viet Nam,1996,132.299396537,Total GHG
VUT,Vanuatu,1996,0.49036956475427,Total GHG
WSM,Samoa,1996,0.3028237841638,Total GHG
YEM,Yemen,1996,24.070225375219,Total GHG
ZAF,South Africa,1996,437.45844773924,Total GHG
ZMB,Zambia,1996,13.659531692339,Total GHG
ZWE,Zimbabwe,1996,31.258613855727,Total GHG
,,1996,,Total GHG
EU27,EU27,1996,4666.628953511,Total GHG
,,1996,,Total GHG
GLOBAL TOTAL,GLOBAL TOTAL,1996,34183.677838211,Total GHG
ABW,Aruba,1997,0.36872148363358,Total GHG
AFG,Afghanistan,1997,14.79739853187,Total GHG
AGO,Angola,1997,67.282006905759,Total GHG
AIA,Anguilla,1997,0.015908512270304,Total GHG
ALB,Albania,1997,5.5292235829981,Total GHG
ANT,Curaçao,1997,5.5237336210845,Total GHG
ARE,United Arab Emirates,1997,110.86928855437,Total GHG
ARG,Argentina,1997,281.28568712145,Total GHG
ARM,Armenia,1997,5.702818897737,Total GHG
ATG,Antigua and Barbuda,1997,0.28311963141196,Total GHG
AUS,Australia,1997,508.10791338902,Total GHG
AUT,Austria,1997,85.490649603425,Total GHG
AZE,Azerbaijan,1997,36.555210831592,Total GHG
BDI,Burundi,1997,3.445779639213,Total GHG
BEL,Belgium,1997,150.6860817469,Total GHG
BEN,Benin,1997,5.3911024380487,Total GHG
BFA,Burkina Faso,1997,14.036166948443,Total GHG
BGD,Bangladesh,1997,92.516602602441,Total GHG
BGR,Bulgaria,1997,72.520172092791,Total GHG
BHR,Bahrain,1997,33.451560966546,Total GHG
BHS,Bahamas,1997,1.5107811447172,Total GHG
BIH,Bosnia and Herzegovina,1997,12.559628403773,Total GHG
BLR,Belarus,1997,91.917232799773,Total GHG
BLZ,Belize,1997,0.49571463233564,Total GHG
BMU,Bermuda,1997,0.23841221294521,Total GHG
BOL,Bolivia,1997,33.889093191156,Total GHG
BRA,Brazil,1997,818.73155607501,Total GHG
BRB,Barbados,1997,0.86661808464573,Total GHG
BRN,Brunei,1997,8.2021411498673,Total GHG
BTN,Bhutan,1997,1.2916888842049,Total GHG
BWA,Botswana,1997,8.7969224865945,Total GHG
CAF,Central African Republic,1997,7.8481367612955,Total GHG
CAN,Canada,1997,681.39044718473,Total GHG
CHE,Switzerland and Liechtenstein,1997,52.584751628375,Total GHG
CHL,Chile,1997,80.358554464649,Total GHG
CHN,China,1997,4794.6330043105,Total GHG
CIV,Côte d’Ivoire,1997,14.717517789808,Total GHG
CMR,Cameroon,1997,28.043487960695,Total GHG
COD,Democratic Republic of the Congo,1997,23.766171446776,Total GHG
COG,Congo,1997,16.315447832532,Total GHG
COK,Cook Islands,1997,0.060345172113774,Total GHG
COL,Colombia,1997,157.59248305851,Total GHG
COM,Comoros,1997,0.33797555721626,Total GHG
CPV,Cabo Verde,1997,0.30170940378663,Total GHG
CRI,Costa Rica,1997,10.931364683699,Total GHG
CUB,Cuba,1997,46.362031662252,Total GHG
CYM,Cayman Islands,1997,0.15377676939924,Total GHG
CYP,Cyprus,1997,7.4602744476349,Total GHG
CZE,Czechia,1997,158.49156892908,Total GHG
DEU,Germany,1997,1099.1762885844,Total GHG
DJI,Djibouti,1997,2.1746995632314,Total GHG
DMA,Dominica,1997,0.12136181897477,Total GHG
DNK,Denmark,1997,80.63306384609,Total GHG
DOM,Dominican Republic,1997,24.293190209759,Total GHG
DZA,Algeria,1997,142.03939838143,Total GHG
ECU,Ecuador,1997,49.828697086352,Total GHG
EGY,Egypt,1997,187.43755346674,Total GHG
ERI,Eritrea,1997,5.4615728253188,Total GHG
ESH,Western Sahara,1997,0.4754826186983,Total GHG
ESP,Spain and Andorra,1997,339.83323610402,Total GHG
EST,Estonia,1997,25.142186692924,Total GHG
ETH,Ethiopia,1997,74.060545415968,Total GHG
FIN,Finland,1997,79.632068929728,Total GHG
FJI,Fiji,1997,2.5509024122732,Total GHG
FLK,Falkland Islands,1997,0.16217478136192,Total GHG
FRA,France and Monaco,1997,533.36283802943,Total GHG
FRO,Faroes,1997,0.089797897299048,Total GHG
GAB,Gabon,1997,24.535939963669,Total GHG
GBR,United Kingdom,1997,735.47729107984,Total GHG
GEO,Georgia,1997,11.755474298341,Total GHG
GHA,Ghana,1997,13.42182617652,Total GHG
GIB,Gibraltar,1997,0.3139148508905,Total GHG
GIN,Guinea,1997,8.16034152374,Total GHG
GLP,Guadeloupe,1997,1.0728746479795,Total GHG
GMB,The Gambia,1997,1.0588282255745,Total GHG
GNB,Guinea-Bissau,1997,1.8603996619532,Total GHG
GNQ,Equatorial Guinea,1997,7.6380687082039,Total GHG
GRC,Greece,1997,108.73331479163,Total GHG
GRD,Grenada,1997,0.13704352715527,Total GHG
GRL,Greenland,1997,0.060340996853983,Total GHG
GTM,Guatemala,1997,18.054511320873,Total GHG
GUF,French Guiana,1997,0.49833887936622,Total GHG
GUY,Guyana,1997,3.7648939958322,Total GHG
HKG,Hong Kong,1997,38.819859156951,Total GHG
HND,Honduras,1997,10.551801879139,Total GHG
HRV,Croatia,1997,25.01320159682,Total GHG
HTI,Haiti,1997,8.7468662306606,Total GHG
HUN,Hungary,1997,81.168998511384,Total GHG
IDN,Indonesia,1997,495.03214165848,Total GHG
IND,India,1997,1700.9698402876,Total GHG
IRL,Ireland,1997,65.762435687343,Total GHG
IRN,Iran,1997,470.42518969027,Total GHG
IRQ,Iraq,1997,177.24830737743,Total GHG
ISL,Iceland,1997,3.6157695424489,Total GHG
ISR,"Israel and Palestine, State of",1997,61.739691607552,Total GHG
ITA,"Italy, San Marino and the Holy See",1997,514.70068923714,Total GHG
JAM,Jamaica,1997,11.102882157681,Total GHG
JOR,Jordan,1997,17.550540814689,Total GHG
JPN,Japan,1997,1396.8347561213,Total GHG
KAZ,Kazakhstan,1997,181.03560200015,Total GHG
KEN,Kenya,1997,38.654087821445,Total GHG
KGZ,Kyrgyzstan,1997,11.715386363405,Total GHG
KHM,Cambodia,1997,19.493586018836,Total GHG
KIR,Kiribati,1997,0.036368372449074,Total GHG
KNA,Saint Kitts and Nevis,1997,0.083352633780498,Total GHG
KOR,South Korea,1997,527.46155316763,Total GHG
KWT,Kuwait,1997,75.941074285966,Total GHG
LAO,Laos,1997,8.2463844656581,Total GHG
LBN,Lebanon,1997,19.176129436474,Total GHG
LBR,Liberia,1997,1.5917817804495,Total GHG
LBY,Libya,1997,93.325715995206,Total GHG
LCA,Saint Lucia,1997,0.17865207057261,Total GHG
LKA,Sri Lanka,1997,20.199421354043,Total GHG
LSO,Lesotho,1997,2.191935976746,Total GHG
LTU,Lithuania,1997,23.988742685423,Total GHG
LUX,Luxembourg,1997,9.5107187186362,Total GHG
LVA,Latvia,1997,13.100639290624,Total GHG
MAC,Macao,1997,1.5490862485705,Total GHG
MAR,Morocco,1997,51.84989691101,Total GHG
MDA,Moldova,1997,13.325205943418,Total GHG
MDG,Madagascar,1997,24.485852631392,Total GHG
MDV,Maldives,1997,0.35762187451873,Total GHG
MEX,Mexico,1997,528.15713970007,Total GHG
MKD,North Macedonia,1997,11.820351973417,Total GHG
MLI,Mali,1997,13.365365353541,Total GHG
MLT,Malta,1997,2.733920331012,Total GHG
MMR,Myanmar/Burma,1997,74.180503376751,Total GHG
MNG,Mongolia,1997,27.172321369517,Total GHG
MOZ,Mozambique,1997,8.2167926579744,Total GHG
MRT,Mauritania,1997,9.2697342266281,Total GHG
MTQ,Martinique,1997,1.003051538981,Total GHG
MUS,Mauritius,1997,2.3570280259313,Total GHG
MWI,Malawi,1997,6.74981634785,Total GHG
MYS,Malaysia,1997,141.26783175778,Total GHG
NAM,Namibia,1997,7.2919336526469,Total GHG
NCL,New Caledonia,1997,2.1049223137841,Total GHG
NER,Niger,1997,14.580927067603,Total GHG
NGA,Nigeria,1997,391.03884816512,Total GHG
NIC,Nicaragua,1997,9.9735335809405,Total GHG
NLD,Netherlands,1997,238.00085165519,Total GHG
NOR,Norway,1997,59.289569633319,Total GHG
NPL,Nepal,1997,27.031383699908,Total GHG
NZL,New Zealand,1997,80.516140313958,Total GHG
OMN,Oman,1997,47.828501301003,Total GHG
PAK,Pakistan,1997,246.58762449533,Total GHG
PAN,Panama,1997,9.01237377259,Total GHG
PER,Peru,1997,53.395002414229,Total GHG
PHL,Philippines,1997,132.06102857301,Total GHG
PLW,Palau,1997,2.6979548322017,Total GHG
PNG,Papua New Guinea,1997,5.6750140518251,Total GHG
POL,Poland,1997,481.04145972171,Total GHG
PRI,Puerto Rico,1997,25.385429412656,Total GHG
PRK,North Korea,1997,100.59101643871,Total GHG
PRT,Portugal,1997,68.840320951674,Total GHG
PRY,Paraguay,1997,25.895268403148,Total GHG
PYF,French Polynesia,1997,0.82707911843563,Total GHG
QAT,Qatar,1997,51.631972155044,Total GHG
REU,Réunion,1997,1.713581538483,Total GHG
ROU,Romania,1997,161.29344685949,Total GHG
RUS,Russia,1997,2013.351995508,Total GHG
RWA,Rwanda,1997,5.7541056955052,Total GHG
SAU,Saudi Arabia,1997,314.10648238712,Total GHG
SCG,Serbia and Montenegro,1997,76.713062266771,Total GHG
SDN,Sudan and South Sudan,1997,83.092939323111,Total GHG
SEN,Senegal,1997,12.130689572436,Total GHG
SGP,Singapore,1997,50.338293776605,Total GHG
SHN,"Saint Helena, Ascension and Tristan da Cunha",1997,0.0065181162996891,Total GHG
SLB,Solomon Islands,1997,0.33880070814604,Total GHG
SLE,Sierra Leone,1997,3.5725727790381,Total GHG
SLV,El Salvador,1997,10.740427783343,Total GHG
SOM,Somalia,1997,26.780302022165,Total GHG
SPM,Saint Pierre and Miquelon,1997,0.022884827760803,Total GHG
STP,São Tomé and Príncipe,1997,0.10878602567846,Total GHG
SUR,Suriname,1997,2.4582607322439,Total GHG
SVK,Slovakia,1997,54.677099838495,Total GHG
SVN,Slovenia,1997,21.507068646739,Total GHG
SWE,Sweden,1997,80.436798822199,Total GHG
SWZ,Eswatini,1997,3.3697680687261,Total GHG
SYC,Seychelles,1997,0.42784586081771,Total GHG
SYR,Syria,1997,81.582855272356,Total GHG
TCA,Turks and Caicos Islands,1997,0.011404622497765,Total GHG
TCD,Chad,1997,22.836371830012,Total GHG
TGO,Togo,1997,3.8134231602866,Total GHG
THA,Thailand,1997,279.4812487779,Total GHG
TJK,Tajikistan,1997,10.050425426076,Total GHG
TKM,Turkmenistan,1997,42.396889498111,Total GHG
TLS,Timor-Leste,1997,0.79103308631066,Total GHG
TON,Tonga,1997,0.24652812442439,Total GHG
TTO,Trinidad and Tobago,1997,18.248458591475,Total GHG
TUN,Tunisia,1997,27.688267615548,Total GHG
TUR,Türkiye,1997,277.91167783341,Total GHG
TWN,Taiwan,1997,221.22799439265,Total GHG
TZA,Tanzania,1997,32.870752149163,Total GHG
UGA,Uganda,1997,17.959037750042,Total GHG
UKR,Ukraine,1997,496.07939161536,Total GHG
URY,Uruguay,1997,34.971959163366,Total GHG
USA,United States,1997,7010.4521614894,Total GHG
UZB,Uzbekistan,1997,145.0869673663,Total GHG
VCT,Saint Vincent and the Grenadines,1997,0.11022930735114,Total GHG
VEN,Venezuela,1997,212.13226722233,Total GHG
VGB,British Virgin Islands,1997,0.035760352559822,Total GHG
VNM,Viet Nam,1997,139.37209082316,Total GHG
VUT,Vanuatu,1997,0.49624182804008,Total GHG
WSM,Samoa,1997,0.30726240705405,Total GHG
YEM,Yemen,1997,25.735953887716,Total GHG
ZAF,South Africa,1997,456.82189193316,Total GHG
ZMB,Zambia,1997,13.272473944786,Total GHG
ZWE,Zimbabwe,1997,30.190869189323,Total GHG
,,1997,,Total GHG
EU27,EU27,1997,4582.938136352,Total GHG
,,1997,,Total GHG
GLOBAL TOTAL,GLOBAL TOTAL,1997,34587.073305376,Total GHG
ABW,Aruba,1998,0.37776044262632,Total GHG
AFG,Afghanistan,1998,15.647833388965,Total GHG
AGO,Angola,1998,73.101045088935,Total GHG
AIA,Anguilla,1998,0.014769405094532,Total GHG
ALB,Albania,1998,5.7888930010116,Total GHG
ANT,Curaçao,1998,5.712968863836,Total GHG
ARE,United Arab Emirates,1998,111.93719231514,Total GHG
ARG,Argentina,1998,285.1706680227,Total GHG
ARM,Armenia,1998,5.7266425678223,Total GHG
ATG,Antigua and Barbuda,1998,0.28869955280911,Total GHG
AUS,Australia,1998,529.15686284128,Total GHG
AUT,Austria,1998,85.618574675879,Total GHG
AZE,Azerbaijan,1998,36.984582901395,Total GHG
BDI,Burundi,1998,3.4263538423356,Total GHG
BEL,Belgium,1998,154.40923031293,Total GHG
BEN,Benin,1998,5.4082514920571,Total GHG
BFA,Burkina Faso,1998,14.45689242844,Total GHG
BGD,Bangladesh,1998,93.61626546527,Total GHG
BGR,Bulgaria,1998,69.56598711922,Total GHG
BHR,Bahrain,1998,34.971411205155,Total GHG
BHS,Bahamas,1998,1.7118477766277,Total GHG
BIH,Bosnia and Herzegovina,1998,15.718776628003,Total GHG
BLR,Belarus,1998,90.292019697665,Total GHG
BLZ,Belize,1998,0.51639027304628,Total GHG
BMU,Bermuda,1998,0.24379580810821,Total GHG
BOL,Bolivia,1998,31.393902251988,Total GHG
BRA,Brazil,1998,833.857714515,Total GHG
BRB,Barbados,1998,0.93318410678869,Total GHG
BRN,Brunei,1998,7.6705112038063,Total GHG
BTN,Bhutan,1998,1.3132400652761,Total GHG
BWA,Botswana,1998,9.6446059003088,Total GHG
CAF,Central African Republic,1998,9.1633119426036,Total GHG
CAN,Canada,1998,690.85131634766,Total GHG
CHE,Switzerland and Liechtenstein,1998,54.132421411543,Total GHG
CHL,Chile,1998,80.940076397333,Total GHG
CHN,China,1998,4898.2087518264,Total GHG
CIV,Côte d’Ivoire,1998,14.496673631662,Total GHG
CMR,Cameroon,1998,28.715463507671,Total GHG
COD,Democratic Republic of the Congo,1998,24.499508540265,Total GHG
COG,Congo,1998,19.579491637801,Total GHG
COK,Cook Islands,1998,0.062367925488993,Total GHG
COL,Colombia,1998,159.55530582154,Total GHG
COM,Comoros,1998,0.35981557463589,Total GHG
CPV,Cabo Verde,1998,0.32234272816668,Total GHG
CRI,Costa Rica,1998,11.49302981595,Total GHG
CUB,Cuba,1998,45.234801019815,Total GHG
CYM,Cayman Islands,1998,0.1581334059886,Total GHG
CYP,Cyprus,1998,7.7920594402176,Total GHG
CZE,Czechia,1998,152.06160720207,Total GHG
DEU,Germany,1998,1079.0991680329,Total GHG
DJI,Djibouti,1998,2.2212837115407,Total GHG
DMA,Dominica,1998,0.095334330262373,Total GHG
DNK,Denmark,1998,76.592075059908,Total GHG
DOM,Dominican Republic,1998,26.454709065925,Total GHG
DZA,Algeria,1998,141.16031335447,Total GHG
ECU,Ecuador,1998,47.797708078803,Total GHG
EGY,Egypt,1998,192.16760953463,Total GHG
ERI,Eritrea,1998,5.2094394464491,Total GHG
ESH,Western Sahara,1998,0.48345504196603,Total GHG
ESP,Spain and Andorra,1998,349.86607117912,Total GHG
EST,Estonia,1998,22.990724728053,Total GHG
ETH,Ethiopia,1998,79.056113045914,Total GHG
FIN,Finland,1998,76.887728885522,Total GHG
FJI,Fiji,1998,2.5183979855635,Total GHG
FLK,Falkland Islands,1998,0.15461573037848,Total GHG
FRA,France and Monaco,1998,545.64492601611,Total GHG
FRO,Faroes,1998,0.089744122205506,Total GHG
GAB,Gabon,1998,28.520649235129,Total GHG
GBR,United Kingdom,1998,730.33160710706,Total GHG
GEO,Georgia,1998,11.14366987178,Total GHG
GHA,Ghana,1998,15.154464120761,Total GHG
GIB,Gibraltar,1998,0.32977998522923,Total GHG
GIN,Guinea,1998,8.5491650737061,Total GHG
GLP,Guadeloupe,1998,1.0827608260692,Total GHG
GMB,The Gambia,1998,1.0880220531306,Total GHG
GNB,Guinea-Bissau,1998,1.871278505537,Total GHG
GNQ,Equatorial Guinea,1998,9.4808664449228,Total GHG
GRC,Greece,1998,112.83080268382,Total GHG
GRD,Grenada,1998,0.12599676310238,Total GHG
GRL,Greenland,1998,0.0602617318104,Total GHG
GTM,Guatemala,1998,19.967903220795,Total GHG
GUF,French Guiana,1998,0.54021986452575,Total GHG
GUY,Guyana,1998,3.7041305218739,Total GHG
HKG,Hong Kong,1998,47.23597759644,Total GHG
HND,Honduras,1998,11.069997081296,Total GHG
HRV,Croatia,1998,24.909676812611,Total GHG
HTI,Haiti,1998,8.9464098115856,Total GHG
HUN,Hungary,1998,80.642188210531,Total GHG
IDN,Indonesia,1998,493.65911306303,Total GHG
IND,India,1998,1731.4028969759,Total GHG
IRL,Ireland,1998,68.53160424225,Total GHG
IRN,Iran,1998,455.61788719681,Total GHG
IRQ,Iraq,1998,158.93741587251,Total GHG
ISL,Iceland,1998,3.769978217812,Total GHG
ISR,"Israel and Palestine, State of",1998,62.880790449276,Total GHG
ITA,"Italy, San Marino and the Holy See",1998,524.16100635571,Total GHG
JAM,Jamaica,1998,11.618859268051,Total GHG
JOR,Jordan,1998,17.865466814106,Total GHG
JPN,Japan,1998,1342.2102698929,Total GHG
KAZ,Kazakhstan,1998,180.59998156603,Total GHG
KEN,Kenya,1998,39.630285343559,Total GHG
KGZ,Kyrgyzstan,1998,12.087487759161,Total GHG
KHM,Cambodia,1998,19.667684802948,Total GHG
KIR,Kiribati,1998,0.037394631774168,Total GHG
KNA,Saint Kitts and Nevis,1998,0.084013235680116,Total GHG
KOR,South Korea,1998,454.98556598034,Total GHG
KWT,Kuwait,1998,77.194301567322,Total GHG
LAO,Laos,1998,7.9250145807674,Total GHG
LBN,Lebanon,1998,19.161824816514,Total GHG
LBR,Liberia,1998,1.7693493413894,Total GHG
LBY,Libya,1998,89.330014817619,Total GHG
LCA,Saint Lucia,1998,0.18842151414261,Total GHG
LKA,Sri Lanka,1998,19.573747508288,Total GHG
LSO,Lesotho,1998,1.9444619364259,Total GHG
LTU,Lithuania,1998,24.951934578934,Total GHG
LUX,Luxembourg,1998,8.7618062808574,Total GHG
LVA,Latvia,1998,12.559731348694,Total GHG
MAC,Macao,1998,1.7020218552725,Total GHG
MAR,Morocco,1998,52.89454437237,Total GHG
MDA,Moldova,1998,12.090872886246,Total GHG
MDG,Madagascar,1998,24.862335599005,Total GHG
MDV,Maldives,1998,0.40052595973407,Total GHG
MEX,Mexico,1998,554.86550624934,Total GHG
MKD,North Macedonia,1998,12.666893359797,Total GHG
MLI,Mali,1998,14.157276504497,Total GHG
MLT,Malta,1998,2.6425155250438,Total GHG
MMR,Myanmar/Burma,1998,76.025939724762,Total GHG
MNG,Mongolia,1998,27.90695770384,Total GHG
MOZ,Mozambique,1998,10.207449600961,Total GHG
MRT,Mauritania,1998,9.6602072284513,Total GHG
MTQ,Martinique,1998,1.0149726343456,Total GHG
MUS,Mauritius,1998,2.5400316214685,Total GHG
MWI,Malawi,1998,7.2612823109949,Total GHG
MYS,Malaysia,1998,136.05342505538,Total GHG
NAM,Namibia,1998,7.6100426381804,Total GHG
NCL,New Caledonia,1998,2.0557158310173,Total GHG
NER,Niger,1998,15.246137335617,Total GHG
NGA,Nigeria,1998,358.91549865041,Total GHG
NIC,Nicaragua,1998,10.361920483771,Total GHG
NLD,Netherlands,1998,237.92377158238,Total GHG
NOR,Norway,1998,60.78398149648,Total GHG
NPL,Nepal,1998,27.627210865037,Total GHG
NZL,New Zealand,1998,78.610536741228,Total GHG
OMN,Oman,1998,44.761130650569,Total GHG
PAK,Pakistan,1998,252.06531959314,Total GHG
PAN,Panama,1998,10.2812624314,Total GHG
PER,Peru,1998,53.480776227933,Total GHG
PHL,Philippines,1998,126.39115387122,Total GHG
PLW,Palau,1998,2.4379764145965,Total GHG
PNG,Papua New Guinea,1998,9.0000365541519,Total GHG
POL,Poland,1998,442.45289741213,Total GHG
PRI,Puerto Rico,1998,25.818576827958,Total GHG
PRK,North Korea,1998,85.762470752162,Total GHG
PRT,Portugal,1998,73.579773307851,Total GHG
PRY,Paraguay,1998,26.054356223033,Total GHG
PYF,French Polynesia,1998,0.85306962682686,Total GHG
QAT,Qatar,1998,53.126745916637,Total GHG
REU,Réunion,1998,2.1812174703276,Total GHG
ROU,Romania,1998,143.45829237541,Total GHG
RUS,Russia,1998,2002.2967909639,Total GHG
RWA,Rwanda,1998,3.9916307995646,Total GHG
SAU,Saudi Arabia,1998,330.10895686775,Total GHG
SCG,Serbia and Montenegro,1998,76.516712181817,Total GHG
SDN,Sudan and South Sudan,1998,86.784581300196,Total GHG
SEN,Senegal,1998,12.704666297679,Total GHG
SGP,Singapore,1998,54.771889384109,Total GHG
SHN,"Saint Helena, Ascension and Tristan da Cunha",1998,0.0065719166519278,Total GHG
SLB,Solomon Islands,1998,0.34636849476607,Total GHG
SLE,Sierra Leone,1998,3.6131234439367,Total GHG
SLV,El Salvador,1998,10.65966354619,Total GHG
SOM,Somalia,1998,26.89702953889,Total GHG
SPM,Saint Pierre and Miquelon,1998,0.029211308861722,Total GHG
STP,São Tomé and Príncipe,1998,0.11114389679656,Total GHG
SUR,Suriname,1998,2.4706733542256,Total GHG
SVK,Slovakia,1998,53.767354662145,Total GHG
SVN,Slovenia,1998,21.346366797972,Total GHG
SWE,Sweden,1998,81.380151740048,Total GHG
SWZ,Eswatini,1998,3.3183870981611,Total GHG
SYC,Seychelles,1998,0.43692211575527,Total GHG
SYR,Syria,1998,83.598158258452,Total GHG
TCA,Turks and Caicos Islands,1998,0.012281796234297,Total GHG
TCD,Chad,1998,24.133498671154,Total GHG
TGO,Togo,1998,4.2199256551639,Total GHG
THA,Thailand,1998,255.84490533275,Total GHG
TJK,Tajikistan,1998,10.173552406392,Total GHG
TKM,Turkmenistan,1998,46.527868734645,Total GHG
TLS,Timor-Leste,1998,0.89409528433327,Total GHG
TON,Tonga,1998,0.25353545587115,Total GHG
TTO,Trinidad and Tobago,1998,22.017240860446,Total GHG
TUN,Tunisia,1998,29.005106867635,Total GHG
TUR,Türkiye,1998,280.29264577727,Total GHG
TWN,Taiwan,1998,232.46177529612,Total GHG
TZA,Tanzania,1998,34.444936467314,Total GHG
UGA,Uganda,1998,18.638344397236,Total GHG
UKR,Ukraine,1998,469.7715956867,Total GHG
URY,Uruguay,1998,34.510846197574,Total GHG
USA,United States,1998,7055.1206416733,Total GHG
UZB,Uzbekistan,1998,160.96569466681,Total GHG
VCT,Saint Vincent and the Grenadines,1998,0.11759012499952,Total GHG
VEN,Venezuela,1998,217.31850754309,Total GHG
VGB,British Virgin Islands,1998,0.036481040946023,Total GHG
VNM,Viet Nam,1998,149.67133833066,Total GHG
VUT,Vanuatu,1998,0.50241836936718,Total GHG
WSM,Samoa,1998,0.31371135892452,Total GHG
YEM,Yemen,1998,26.702536486634,Total GHG
ZAF,South Africa,1998,464.12943618853,Total GHG
ZMB,Zambia,1998,14.850214195017,Total GHG
ZWE,Zimbabwe,1998,31.100080121642,Total GHG
,,1998,,Total GHG
EU27,EU27,1998,4534.4280265683,Total GHG
,,1998,,Total GHG
GLOBAL TOTAL,GLOBAL TOTAL,1998,34692.80850079,Total GHG
ABW,Aruba,1999,0.38273508173098,Total GHG
AFG,Afghanistan,1999,16.508477865401,Total GHG
AGO,Angola,1999,73.837685792027,Total GHG
AIA,Anguilla,1999,0.014082324491738,Total GHG
ALB,Albania,1999,6.9985296022561,Total GHG
ANT,Curaçao,1999,5.6638057995268,Total GHG
ARE,United Arab Emirates,1999,114.68855924095,Total GHG
ARG,Argentina,1999,291.77016398143,Total GHG
ARM,Armenia,1999,5.3527584366019,Total GHG
ATG,Antigua and Barbuda,1999,0.29223153089096,Total GHG
AUS,Australia,1999,535.80850518779,Total GHG
AUT,Austria,1999,83.55817602723,Total GHG
AZE,Azerbaijan,1999,37.96156907826,Total GHG
BDI,Burundi,1999,2.9863360502626,Total GHG
BEL,Belgium,1999,150.47986813257,Total GHG
BEN,Benin,1999,5.7546627416414,Total GHG
BFA,Burkina Faso,1999,13.841970539368,Total GHG
BGD,Bangladesh,1999,98.303566683486,Total GHG
BGR,Bulgaria,1999,62.506705441765,Total GHG
BHR,Bahrain,1999,37.028651606319,Total GHG
BHS,Bahamas,1999,1.56270776355,Total GHG
BIH,Bosnia and Herzegovina,1999,16.143184797418,Total GHG
BLR,Belarus,1999,87.73983769752,Total GHG
BLZ,Belize,1999,0.53590405708766,Total GHG
BMU,Bermuda,1999,0.24684269691666,Total GHG
BOL,Bolivia,1999,30.55092665037,Total GHG
BRA,Brazil,1999,849.05362054094,Total GHG
BRB,Barbados,1999,0.96717758079746,Total GHG
BRN,Brunei,1999,8.1543171263092,Total GHG
BTN,Bhutan,1999,1.3451159194603,Total GHG
BWA,Botswana,1999,10.345312416886,Total GHG
CAF,Central African Republic,1999,8.9679424705329,Total GHG
CAN,Canada,1999,701.35205814641,Total GHG
CHE,Switzerland and Liechtenstein,1999,54.274840467567,Total GHG
CHL,Chile,1999,84.37402839049,Total GHG
CHN,China,1999,4850.3923875741,Total GHG
CIV,Côte d’Ivoire,1999,16.414779434418,Total GHG
CMR,Cameroon,1999,29.365155615655,Total GHG
COD,Democratic Republic of the Congo,1999,23.934302343397,Total GHG
COG,Congo,1999,19.945691904663,Total GHG
COK,Cook Islands,1999,0.060820367731381,Total GHG
COL,Colombia,1999,147.7485525936,Total GHG
COM,Comoros,1999,0.38603133564123,Total GHG
CPV,Cabo Verde,1999,0.34235689910065,Total GHG
CRI,Costa Rica,1999,11.252743179214,Total GHG
CUB,Cuba,1999,45.725691155289,Total GHG
CYM,Cayman Islands,1999,0.16064736669969,Total GHG
CYP,Cyprus,1999,8.0719443720069,Total GHG
CZE,Czechia,1999,144.05647467029,Total GHG
DEU,Germany,1999,1037.3483446175,Total GHG
DJI,Djibouti,1999,2.3255572599156,Total GHG
DMA,Dominica,1999,0.12124910791813,Total GHG
DNK,Denmark,1999,73.52466064989,Total GHG
DOM,Dominican Republic,1999,27.060289336558,Total GHG
DZA,Algeria,1999,145.38042007316,Total GHG
ECU,Ecuador,1999,44.33881528488,Total GHG
EGY,Egypt,1999,205.28263580526,Total GHG
ERI,Eritrea,1999,5.3377860321117,Total GHG
ESH,Western Sahara,1999,0.49743704895845,Total GHG
ESP,Spain and Andorra,1999,374.34805866446,Total GHG
EST,Estonia,1999,21.373189325233,Total GHG
ETH,Ethiopia,1999,79.145390340267,Total GHG
FIN,Finland,1999,76.149720833167,Total GHG
FJI,Fiji,1999,2.6108289555537,Total GHG
FLK,Falkland Islands,1999,0.15213232472792,Total GHG
FRA,France and Monaco,1999,538.16586188857,Total GHG
FRO,Faroes,1999,0.089922564639056,Total GHG
GAB,Gabon,1999,27.158211632945,Total GHG
GBR,United Kingdom,1999,717.65521482682,Total GHG
GEO,Georgia,1999,10.689989983004,Total GHG
GHA,Ghana,1999,16.078071211789,Total GHG
GIB,Gibraltar,1999,0.34243439126617,Total GHG
GIN,Guinea,1999,9.7478519167551,Total GHG
GLP,Guadeloupe,1999,1.0568645503478,Total GHG
GMB,The Gambia,1999,1.1308742586907,Total GHG
GNB,Guinea-Bissau,1999,1.9553955956015,Total GHG
GNQ,Equatorial Guinea,1999,10.376611402793,Total GHG
GRC,Greece,1999,113.91438851989,Total GHG
GRD,Grenada,1999,0.12783926496108,Total GHG
GRL,Greenland,1999,0.060064945126567,Total GHG
GTM,Guatemala,1999,20.574277067817,Total GHG
GUF,French Guiana,1999,0.52842912042442,Total GHG
GUY,Guyana,1999,3.7739886410869,Total GHG
HKG,Hong Kong,1999,50.413191505013,Total GHG
HND,Honduras,1999,10.529974149207,Total GHG
HRV,Croatia,1999,25.916146895215,Total GHG
HTI,Haiti,1999,9.1354525101679,Total GHG
HUN,Hungary,1999,81.25292056846,Total GHG
IDN,Indonesia,1999,506.82240229855,Total GHG
IND,India,1999,1800.687346802,Total GHG
IRL,Ireland,1999,70.609946419486,Total GHG
IRN,Iran,1999,481.54894053437,Total GHG
IRQ,Iraq,1999,148.08787774794,Total GHG
ISL,Iceland,1999,3.8295390546793,Total GHG
ISR,"Israel and Palestine, State of",1999,64.502043946127,Total GHG
ITA,"Italy, San Marino and the Holy See",1999,531.17243127617,Total GHG
JAM,Jamaica,1999,11.911618247058,Total GHG
JOR,Jordan,1999,18.017705037356,Total GHG
JPN,Japan,1999,1373.2726991447,Total GHG
KAZ,Kazakhstan,1999,165.6919687782,Total GHG
KEN,Kenya,1999,42.410810382591,Total GHG
KGZ,Kyrgyzstan,1999,10.931997586739,Total GHG
KHM,Cambodia,1999,20.370076106533,Total GHG
KIR,Kiribati,1999,0.03770908825994,Total GHG
KNA,Saint Kitts and Nevis,1999,0.084341481819731,Total GHG
KOR,South Korea,1999,496.60926566733,Total GHG
KWT,Kuwait,1999,79.342786543157,Total GHG
LAO,Laos,1999,7.8508442711834,Total GHG
LBN,Lebanon,1999,19.717755383441,Total GHG
LBR,Liberia,1999,1.9550095139749,Total GHG
LBY,Libya,1999,87.512063557587,Total GHG
LCA,Saint Lucia,1999,0.20103612687113,Total GHG
LKA,Sri Lanka,1999,21.019704153096,Total GHG
LSO,Lesotho,1999,2.5311090794127,Total GHG
LTU,Lithuania,1999,22.030231507958,Total GHG
LUX,Luxembourg,1999,9.1578980001987,Total GHG
LVA,Latvia,1999,11.916437383901,Total GHG
MAC,Macao,1999,1.7924543559474,Total GHG
MAR,Morocco,1999,55.25295788952,Total GHG
MDA,Moldova,1999,10.612451557307,Total GHG
MDG,Madagascar,1999,25.152520400401,Total GHG
MDV,Maldives,1999,0.40177331706572,Total GHG
MEX,Mexico,1999,541.78252153905,Total GHG
MKD,North Macedonia,1999,11.744121616824,Total GHG
MLI,Mali,1999,14.85646032285,Total GHG
MLT,Malta,1999,2.6887762711733,Total GHG
MMR,Myanmar/Burma,1999,82.400013864384,Total GHG
MNG,Mongolia,1999,28.592589203412,Total GHG
MOZ,Mozambique,1999,9.7431129844473,Total GHG
MRT,Mauritania,1999,10.375565425077,Total GHG
MTQ,Martinique,1999,1.0236194531254,Total GHG
MUS,Mauritius,1999,2.9550575866865,Total GHG
MWI,Malawi,1999,7.5340607831457,Total GHG
MYS,Malaysia,1999,145.3692718098,Total GHG
NAM,Namibia,1999,7.8195526103468,Total GHG
NCL,New Caledonia,1999,1.9977157821791,Total GHG
NER,Niger,1999,15.844595584416,Total GHG
NGA,Nigeria,1999,346.03130633584,Total GHG
NIC,Nicaragua,1999,11.376536843436,Total GHG
NLD,Netherlands,1999,227.53392753253,Total GHG
NOR,Norway,1999,62.471227365488,Total GHG
NPL,Nepal,1999,28.620166729945,Total GHG
NZL,New Zealand,1999,80.809159807717,Total GHG
OMN,Oman,1999,49.415254981364,Total GHG
PAK,Pakistan,1999,265.27003406291,Total GHG
PAN,Panama,1999,9.5436618250366,Total GHG
PER,Peru,1999,56.08496716338,Total GHG
PHL,Philippines,1999,131.09237606132,Total GHG
PLW,Palau,1999,2.6008065316492,Total GHG
PNG,Papua New Guinea,1999,6.172577687624,Total GHG
POL,Poland,1999,428.22079346922,Total GHG
PRI,Puerto Rico,1999,27.798798889085,Total GHG
PRK,North Korea,1999,93.378111354794,Total GHG
PRT,Portugal,1999,80.757749328712,Total GHG
PRY,Paraguay,1999,25.561157744089,Total GHG
PYF,French Polynesia,1999,0.85398646167594,Total GHG
QAT,Qatar,1999,57.257567547367,Total GHG
REU,Réunion,1999,2.2641255644044,Total GHG
ROU,Romania,1999,126.15287662213,Total GHG
RUS,Russia,1999,2054.2443714647,Total GHG
RWA,Rwanda,1999,4.2981629910316,Total GHG
SAU,Saudi Arabia,1999,331.36126732273,Total GHG
SCG,Serbia and Montenegro,1999,58.031987408718,Total GHG
SDN,Sudan and South Sudan,1999,90.796847498245,Total GHG
SEN,Senegal,1999,13.705975449656,Total GHG
SGP,Singapore,1999,52.73051604403,Total GHG
SHN,"Saint Helena, Ascension and Tristan da Cunha",1999,0.0068225173696325,Total GHG
SLB,Solomon Islands,1999,0.35092418546773,Total GHG
SLE,Sierra Leone,1999,3.695663468237,Total GHG
SLV,El Salvador,1999,10.771342586715,Total GHG
SOM,Somalia,1999,27.576355006295,Total GHG
SPM,Saint Pierre and Miquelon,1999,0.029500539701502,Total GHG
STP,São Tomé and Príncipe,1999,0.11806455879035,Total GHG
SUR,Suriname,1999,2.3953864525189,Total GHG
SVK,Slovakia,1999,52.612863506438,Total GHG
SVN,Slovenia,1999,20.72766595168,Total GHG
SWE,Sweden,1999,79.797043978285,Total GHG
SWZ,Eswatini,1999,3.5330064092004,Total GHG
SYC,Seychelles,1999,0.45390837009045,Total GHG
SYR,Syria,1999,82.84961075584,Total GHG
TCA,Turks and Caicos Islands,1999,0.01281190569455,Total GHG
TCD,Chad,1999,25.453217531674,Total GHG
TGO,Togo,1999,4.7181683053849,Total GHG
THA,Thailand,1999,265.46085970871,Total GHG
TJK,Tajikistan,1999,10.025013655088,Total GHG
TKM,Turkmenistan,1999,57.036549549311,Total GHG
TLS,Timor-Leste,1999,0.90664740085756,Total GHG
TON,Tonga,1999,0.255306093883,Total GHG
TTO,Trinidad and Tobago,1999,22.591892239802,Total GHG
TUN,Tunisia,1999,30.553871728657,Total GHG
TUR,Türkiye,1999,278.91131109511,Total GHG
TWN,Taiwan,1999,242.36579757222,Total GHG
TZA,Tanzania,1999,38.106545836617,Total GHG
UGA,Uganda,1999,19.166391867842,Total GHG
UKR,Ukraine,1999,468.32913930373,Total GHG
URY,Uruguay,1999,35.653490938275,Total GHG
USA,United States,1999,7060.169618867,Total GHG
UZB,Uzbekistan,1999,159.51042912361,Total GHG
VCT,Saint Vincent and the Grenadines,1999,0.11846381672429,Total GHG
VEN,Venezuela,1999,213.08172165935,Total GHG
VGB,British Virgin Islands,1999,0.036880251233268,Total GHG
VNM,Viet Nam,1999,156.12792106858,Total GHG
VUT,Vanuatu,1999,0.51324987655101,Total GHG
WSM,Samoa,1999,0.31391550711899,Total GHG
YEM,Yemen,1999,29.591059540269,Total GHG
ZAF,South Africa,1999,446.83718028348,Total GHG
ZMB,Zambia,1999,14.532719195238,Total GHG
ZWE,Zimbabwe,1999,34.40466904642,Total GHG
,,1999,,Total GHG
EU27,EU27,1999,4454.0451018542,Total GHG
,,1999,,Total GHG
GLOBAL TOTAL,GLOBAL TOTAL,1999,34923.598002336,Total GHG
ABW,Aruba,2000,0.34803314619048,Total GHG
AFG,Afghanistan,2000,14.36494047162,Total GHG
AGO,Angola,2000,68.933003919726,Total GHG
AIA,Anguilla,2000,0.01788997799324,Total GHG
ALB,Albania,2000,7.1976816905021,Total GHG
ANT,Curaçao,2000,5.8861424369801,Total GHG
ARE,United Arab Emirates,2000,117.22602166017,Total GHG
ARG,Argentina,2000,288.44532743907,Total GHG
ARM,Armenia,2000,5.8624767057011,Total GHG
ATG,Antigua and Barbuda,2000,0.22542416170431,Total GHG
AUS,Australia,2000,545.7081563403,Total GHG
AUT,Austria,2000,83.681447056724,Total GHG
AZE,Azerbaijan,2000,39.687771799907,Total GHG
BDI,Burundi,2000,3.0518117524204,Total GHG
BEL,Belgium,2000,151.90659418171,Total GHG
BEN,Benin,2000,5.9744833621231,Total GHG
BFA,Burkina Faso,2000,14.1809705691,Total GHG
BGD,Bangladesh,2000,100.35259674761,Total GHG
BGR,Bulgaria,2000,60.864563261271,Total GHG
BHR,Bahrain,2000,37.586490340719,Total GHG
BHS,Bahamas,2000,1.2584175477869,Total GHG
BIH,Bosnia and Herzegovina,2000,19.867544185565,Total GHG
BLR,Belarus,2000,84.980255321756,Total GHG
BLZ,Belize,2000,0.47111145343819,Total GHG
BMU,Bermuda,2000,0.1775697980107,Total GHG
BOL,Bolivia,2000,29.995323468541,Total GHG
BRA,Brazil,2000,870.33407681088,Total GHG
BRB,Barbados,2000,0.83928519986541,Total GHG
BRN,Brunei,2000,8.4861697885941,Total GHG
BTN,Bhutan,2000,1.3503547850293,Total GHG
BWA,Botswana,2000,10.949601272516,Total GHG
CAF,Central African Republic,2000,9.1683034691285,Total GHG
CAN,Canada,2000,724.38900676769,Total GHG
CHE,Switzerland and Liechtenstein,2000,53.516290026226,Total GHG
CHL,Chile,2000,80.963598749094,Total GHG
CHN,China,2000,5063.8922004881,Total GHG
CIV,Côte d’Ivoire,2000,16.324105875046,Total GHG
CMR,Cameroon,2000,30.692924045612,Total GHG
COD,Democratic Republic of the Congo,2000,26.349049001005,Total GHG
COG,Congo,2000,21.669680041858,Total GHG
COK,Cook Islands,2000,0.073816523867573,Total GHG
COL,Colombia,2000,153.07252967977,Total GHG
COM,Comoros,2000,0.4194010001091,Total GHG
CPV,Cabo Verde,2000,0.52915666132472,Total GHG
CRI,Costa Rica,2000,10.988073832694,Total GHG
CUB,Cuba,2000,46.02786189535,Total GHG
CYM,Cayman Islands,2000,0.15122822028423,Total GHG
CYP,Cyprus,2000,8.3371228494882,Total GHG
CZE,Czechia,2000,158.1380646175,Total GHG
DEU,Germany,2000,1033.1249977011,Total GHG
DJI,Djibouti,2000,1.8682117247794,Total GHG
DMA,Dominica,2000,0.11390979112552,Total GHG
DNK,Denmark,2000,69.52347417769,Total GHG
DOM,Dominican Republic,2000,27.61603923494,Total GHG
DZA,Algeria,2000,153.67618649858,Total GHG
ECU,Ecuador,2000,42.726125848726,Total GHG
EGY,Egypt,2000,205.51787914024,Total GHG
ERI,Eritrea,2000,5.4322787810002,Total GHG
ESH,Western Sahara,2000,0.56351802919638,Total GHG
ESP,Spain and Andorra,2000,392.44556252028,Total GHG
EST,Estonia,2000,21.761021328867,Total GHG
ETH,Ethiopia,2000,77.080886189159,Total GHG
FIN,Finland,2000,74.687583004506,Total GHG
FJI,Fiji,2000,2.786074709956,Total GHG
FLK,Falkland Islands,2000,0.15472668976172,Total GHG
FRA,France and Monaco,2000,538.06129641246,Total GHG
FRO,Faroes,2000,0.090155397923687,Total GHG
GAB,Gabon,2000,27.948366910268,Total GHG
GBR,United Kingdom,2000,718.07914795242,Total GHG
GEO,Georgia,2000,11.241373420251,Total GHG
GHA,Ghana,2000,15.540592438227,Total GHG
GIB,Gibraltar,2000,0.35822428759059,Total GHG
GIN,Guinea,2000,10.500149035484,Total GHG
GLP,Guadeloupe,2000,0.87381253054788,Total GHG
GMB,The Gambia,2000,1.2472153457182,Total GHG
GNB,Guinea-Bissau,2000,2.0011107372487,Total GHG
GNQ,Equatorial Guinea,2000,12.066560745934,Total GHG
GRC,Greece,2000,120.00408930626,Total GHG
GRD,Grenada,2000,0.10373949241089,Total GHG
GRL,Greenland,2000,0.059308122200421,Total GHG
GTM,Guatemala,2000,21.645232096405,Total GHG
GUF,French Guiana,2000,0.31753790782013,Total GHG
GUY,Guyana,2000,3.5131253243005,Total GHG
HKG,Hong Kong,2000,46.64371393131,Total GHG
HND,Honduras,2000,10.971258299856,Total GHG
HRV,Croatia,2000,25.413553348886,Total GHG
HTI,Haiti,2000,9.6479619918594,Total GHG
HUN,Hungary,2000,78.393272515636,Total GHG
IDN,Indonesia,2000,513.06981650855,Total GHG
IND,India,2000,1835.5596506481,Total GHG
IRL,Ireland,2000,74.361639320672,Total GHG
IRN,Iran,2000,511.37732437236,Total GHG
IRQ,Iraq,2000,167.85136707183,Total GHG
ISL,Iceland,2000,3.9380436504812,Total GHG
ISR,"Israel and Palestine, State of",2000,69.117069321356,Total GHG
ITA,"Italy, San Marino and the Holy See",2000,538.15506936167,Total GHG
JAM,Jamaica,2000,11.979706654709,Total GHG
JOR,Jordan,2000,19.704692596681,Total GHG
JPN,Japan,2000,1377.7821959912,Total GHG
KAZ,Kazakhstan,2000,172.3084565119,Total GHG
KEN,Kenya,2000,41.383846496355,Total GHG
KGZ,Kyrgyzstan,2000,10.898478054848,Total GHG
KHM,Cambodia,2000,20.451539233386,Total GHG
KIR,Kiribati,2000,0.052160926094565,Total GHG
KNA,Saint Kitts and Nevis,2000,0.094185571101656,Total GHG
KOR,South Korea,2000,530.14498001802,Total GHG
KWT,Kuwait,2000,89.595910760445,Total GHG
LAO,Laos,2000,8.8954755379079,Total GHG
LBN,Lebanon,2000,18.17235051526,Total GHG
LBR,Liberia,2000,2.189699630113,Total GHG
LBY,Libya,2000,91.731500436032,Total GHG
LCA,Saint Lucia,2000,0.21370757073409,Total GHG
LKA,Sri Lanka,2000,22.454266340925,Total GHG
LSO,Lesotho,2000,2.6680451977796,Total GHG
LTU,Lithuania,2000,20.419880407616,Total GHG
LUX,Luxembourg,2000,9.7820382551872,Total GHG
LVA,Latvia,2000,11.099243505446,Total GHG
MAC,Macao,2000,1.5184692902037,Total GHG
MAR,Morocco,2000,56.668014644914,Total GHG
MDA,Moldova,2000,9.9128472808292,Total GHG
MDG,Madagascar,2000,25.315842131778,Total GHG
MDV,Maldives,2000,0.69497422330047,Total GHG
MEX,Mexico,2000,566.2513619789,Total GHG
MKD,North Macedonia,2000,11.400053777367,Total GHG
MLI,Mali,2000,15.75712799924,Total GHG
MLT,Malta,2000,2.4148256344555,Total GHG
MMR,Myanmar/Burma,2000,85.459486766142,Total GHG
MNG,Mongolia,2000,29.330863343342,Total GHG
MOZ,Mozambique,2000,10.498846397729,Total GHG
MRT,Mauritania,2000,9.1782536720339,Total GHG
MTQ,Martinique,2000,0.82967234991559,Total GHG
MUS,Mauritius,2000,3.2408530234535,Total GHG
MWI,Malawi,2000,8.1414481192581,Total GHG
MYS,Malaysia,2000,157.85645058961,Total GHG
NAM,Namibia,2000,8.7445550086947,Total GHG
NCL,New Caledonia,2000,2.485982001808,Total GHG
NER,Niger,2000,16.206448553949,Total GHG
NGA,Nigeria,2000,379.86785496845,Total GHG
NIC,Nicaragua,2000,11.796062833204,Total GHG
NLD,Netherlands,2000,225.88010185019,Total GHG
NOR,Norway,2000,57.669140244191,Total GHG
NPL,Nepal,2000,28.897136147795,Total GHG
NZL,New Zealand,2000,81.683988115297,Total GHG
OMN,Oman,2000,52.059168369889,Total GHG
PAK,Pakistan,2000,271.33194793722,Total GHG
PAN,Panama,2000,9.6956236961818,Total GHG
PER,Peru,2000,56.529337315512,Total GHG
PHL,Philippines,2000,132.77516832028,Total GHG
PLW,Palau,2000,2.2407856213408,Total GHG
PNG,Papua New Guinea,2000,7.0746701682355,Total GHG
POL,Poland,2000,412.06045506178,Total GHG
PRI,Puerto Rico,2000,27.851343528756,Total GHG
PRK,North Korea,2000,99.770333527618,Total GHG
PRT,Portugal,2000,80.571567002948,Total GHG
PRY,Paraguay,2000,24.887579523819,Total GHG
PYF,French Polynesia,2000,0.80752705948462,Total GHG
QAT,Qatar,2000,59.996639440945,Total GHG
REU,Réunion,2000,2.3230124004807,Total GHG
ROU,Romania,2000,130.37855075502,Total GHG
RUS,Russia,2000,2084.3476298543,Total GHG
RWA,Rwanda,2000,4.1093026389556,Total GHG
SAU,Saudi Arabia,2000,350.31483849822,Total GHG
SCG,Serbia and Montenegro,2000,65.845013139656,Total GHG
SDN,Sudan and South Sudan,2000,95.630984931878,Total GHG
SEN,Senegal,2000,13.558691086646,Total GHG
SGP,Singapore,2000,57.243345789652,Total GHG
SHN,"Saint Helena, Ascension and Tristan da Cunha",2000,0.014251981581276,Total GHG
SLB,Solomon Islands,2000,0.40610733833016,Total GHG
SLE,Sierra Leone,2000,3.3907626628226,Total GHG
SLV,El Salvador,2000,10.269868816653,Total GHG
SOM,Somalia,2000,28.301174102461,Total GHG
SPM,Saint Pierre and Miquelon,2000,0.023478293626318,Total GHG
STP,São Tomé and Príncipe,2000,0.11580005256751,Total GHG
SUR,Suriname,2000,2.528140301106,Total GHG
SVK,Slovakia,2000,50.482046326,Total GHG
SVN,Slovenia,2000,20.510737165748,Total GHG
SWE,Sweden,2000,76.199451875952,Total GHG
SWZ,Eswatini,2000,3.2550309883852,Total GHG
SYC,Seychelles,2000,0.81845222852866,Total GHG
SYR,Syria,2000,84.953054398605,Total GHG
TCA,Turks and Caicos Islands,2000,0.025739387824007,Total GHG
TCD,Chad,2000,26.570023809808,Total GHG
TGO,Togo,2000,4.7253512888226,Total GHG
THA,Thailand,2000,266.58681906878,Total GHG
TJK,Tajikistan,2000,10.50862402351,Total GHG
TKM,Turkmenistan,2000,59.589735614204,Total GHG
TLS,Timor-Leste,2000,1.0225592176246,Total GHG
TON,Tonga,2000,0.20813959531716,Total GHG
TTO,Trinidad and Tobago,2000,23.502162603664,Total GHG
TUN,Tunisia,2000,31.604427662454,Total GHG
TUR,Türkiye,2000,301.8184139993,Total GHG
TWN,Taiwan,2000,259.16494338215,Total GHG
TZA,Tanzania,2000,39.196781054338,Total GHG
UGA,Uganda,2000,19.633917305755,Total GHG
UKR,Ukraine,2000,462.11092800913,Total GHG
URY,Uruguay,2000,33.828876436145,Total GHG
USA,United States,2000,7219.8245266726,Total GHG
UZB,Uzbekistan,2000,169.40504937307,Total GHG
VCT,Saint Vincent and the Grenadines,2000,0.09236459861035,Total GHG
VEN,Venezuela,2000,222.84678939438,Total GHG
VGB,British Virgin Islands,2000,0.039790270829504,Total GHG
VNM,Viet Nam,2000,163.64243033624,Total GHG
VUT,Vanuatu,2000,0.52377197290464,Total GHG
WSM,Samoa,2000,0.36078576641003,Total GHG
YEM,Yemen,2000,32.433292475644,Total GHG
ZAF,South Africa,2000,449.68127648261,Total GHG
ZMB,Zambia,2000,14.009993641603,Total GHG
ZWE,Zimbabwe,2000,31.243551021075,Total GHG
,,2000,,Total GHG
EU27,EU27,2000,4468.6582488051,Total GHG
,,2000,,Total GHG
GLOBAL TOTAL,GLOBAL TOTAL,2000,35793.980384717,Total GHG
ABW,Aruba,2001,0.3510933622658,Total GHG
AFG,Afghanistan,2001,12.628446199973,Total GHG
AGO,Angola,2001,67.211380261429,Total GHG
AIA,Anguilla,2001,0.018437401879825,Total GHG
ALB,Albania,2001,7.3853745388141,Total GHG
ANT,Curaçao,2001,5.8853413593818,Total GHG
ARE,United Arab Emirates,2001,129.74346713382,Total GHG
ARG,Argentina,2001,285.50069655993,Total GHG
ARM,Armenia,2001,5.9983794418202,Total GHG
ATG,Antigua and Barbuda,2001,0.22287634600222,Total GHG
AUS,Australia,2001,555.24698943247,Total GHG
AUT,Austria,2001,88.575865769381,Total GHG
AZE,Azerbaijan,2001,39.027722930733,Total GHG
BDI,Burundi,2001,3.0341287794939,Total GHG
BEL,Belgium,2001,152.15828303563,Total GHG
BEN,Benin,2001,6.505452817921,Total GHG
BFA,Burkina Faso,2001,15.852935979338,Total GHG
BGD,Bangladesh,2001,106.95225301032,Total GHG
BGR,Bulgaria,2001,62.849972301778,Total GHG
BHR,Bahrain,2001,38.609688481391,Total GHG
BHS,Bahamas,2001,1.2590662054754,Total GHG
BIH,Bosnia and Herzegovina,2001,19.405127608551,Total GHG
BLR,Belarus,2001,83.599152599353,Total GHG
BLZ,Belize,2001,0.49274045902232,Total GHG
BMU,Bermuda,2001,0.17602967648245,Total GHG
BOL,Bolivia,2001,28.588179012108,Total GHG
BRA,Brazil,2001,882.10051670947,Total GHG
BRB,Barbados,2001,0.80107819789073,Total GHG
BRN,Brunei,2001,8.7297945204979,Total GHG
BTN,Bhutan,2001,1.3646594638368,Total GHG
BWA,Botswana,2001,10.247112327652,Total GHG
CAF,Central African Republic,2001,9.6033498524625,Total GHG
CAN,Canada,2001,715.45804527003,Total GHG
CHE,Switzerland and Liechtenstein,2001,55.025343067098,Total GHG
CHL,Chile,2001,79.237910145394,Total GHG
CHN,China,2001,5255.0744978104,Total GHG
CIV,Côte d’Ivoire,2001,16.53203745338,Total GHG
CMR,Cameroon,2001,30.810404952385,Total GHG
COD,Democratic Republic of the Congo,2001,24.366935967041,Total GHG
COG,Congo,2001,20.209072119711,Total GHG
COK,Cook Islands,2001,0.073628961312169,Total GHG
COL,Colombia,2001,153.85387536346,Total GHG
COM,Comoros,2001,0.42404321199643,Total GHG
CPV,Cabo Verde,2001,0.56569064602996,Total GHG
CRI,Costa Rica,2001,11.137422024842,Total GHG
CUB,Cuba,2001,44.457096434386,Total GHG
CYM,Cayman Islands,2001,0.15086149390469,Total GHG
CYP,Cyprus,2001,8.2625192946883,Total GHG
CZE,Czechia,2001,158.19369502034,Total GHG
DEU,Germany,2001,1041.65238895,Total GHG
DJI,Djibouti,2001,1.881406153964,Total GHG
DMA,Dominica,2001,0.11417021303568,Total GHG
DNK,Denmark,2001,71.100208823762,Total GHG
DOM,Dominican Republic,2001,28.231433152757,Total GHG
DZA,Algeria,2001,142.93411658996,Total GHG
ECU,Ecuador,2001,46.675447975401,Total GHG
EGY,Egypt,2001,219.47270976881,Total GHG
ERI,Eritrea,2001,5.3509743591597,Total GHG
ESH,Western Sahara,2001,0.57944688508306,Total GHG
ESP,Spain and Andorra,2001,389.99988220827,Total GHG
EST,Estonia,2001,22.256148478898,Total GHG
ETH,Ethiopia,2001,82.543820596938,Total GHG
FIN,Finland,2001,80.71707814831,Total GHG
FJI,Fiji,2001,2.9279102568265,Total GHG
FLK,Falkland Islands,2001,0.15196111581612,Total GHG
FRA,France and Monaco,2001,542.46649469994,Total GHG
FRO,Faroes,2001,0.090853024055985,Total GHG
GAB,Gabon,2001,28.014791821746,Total GHG
GBR,United Kingdom,2001,724.32804200348,Total GHG
GEO,Georgia,2001,9.6209489640263,Total GHG
GHA,Ghana,2001,16.155412659287,Total GHG
GIB,Gibraltar,2001,0.36765006765481,Total GHG
GIN,Guinea,2001,10.772130421229,Total GHG
GLP,Guadeloupe,2001,0.90229622620955,Total GHG
GMB,The Gambia,2001,1.2411166941724,Total GHG
GNB,Guinea-Bissau,2001,1.9677169110374,Total GHG
GNQ,Equatorial Guinea,2001,13.3403215705,Total GHG
GRC,Greece,2001,120.79539977412,Total GHG
GRD,Grenada,2001,0.10508029413941,Total GHG
GRL,Greenland,2001,0.059486505769527,Total GHG
GTM,Guatemala,2001,22.524955441538,Total GHG
GUF,French Guiana,2001,0.29254174147901,Total GHG
GUY,Guyana,2001,3.4716207736411,Total GHG
HKG,Hong Kong,2001,46.506729741458,Total GHG
HND,Honduras,2001,12.063801877178,Total GHG
HRV,Croatia,2001,26.473238709636,Total GHG
HTI,Haiti,2001,9.7464609910911,Total GHG
HUN,Hungary,2001,80.348107780226,Total GHG
IDN,Indonesia,2001,536.25540842307,Total GHG
IND,India,2001,1859.4487113822,Total GHG
IRL,Ireland,2001,76.794295149953,Total GHG
IRN,Iran,2001,516.94830118749,Total GHG
IRQ,Iraq,2001,181.67441184005,Total GHG
ISL,Iceland,2001,4.0490813005843,Total GHG
ISR,"Israel and Palestine, State of",2001,69.223943632103,Total GHG
ITA,"Italy, San Marino and the Holy See",2001,536.35769177722,Total GHG
JAM,Jamaica,2001,12.04734949269,Total GHG
JOR,Jordan,2001,19.930742073684,Total GHG
JPN,Japan,2001,1356.3729911167,Total GHG
KAZ,Kazakhstan,2001,171.7801866794,Total GHG
KEN,Kenya,2001,42.31241214307,Total GHG
KGZ,Kyrgyzstan,2001,10.07893203823,Total GHG
KHM,Cambodia,2001,21.006011060051,Total GHG
KIR,Kiribati,2001,0.0492790983809,Total GHG
KNA,Saint Kitts and Nevis,2001,0.095701896590935,Total GHG
KOR,South Korea,2001,537.29435181494,Total GHG
KWT,Kuwait,2001,91.272907500401,Total GHG
LAO,Laos,2001,9.2537883310827,Total GHG
LBN,Lebanon,2001,19.59373727364,Total GHG
LBR,Liberia,2001,2.2298988421588,Total GHG
LBY,Libya,2001,88.27576500566,Total GHG
LCA,Saint Lucia,2001,0.21926052640362,Total GHG
LKA,Sri Lanka,2001,22.142217895607,Total GHG
LSO,Lesotho,2001,2.6811117549594,Total GHG
LTU,Lithuania,2001,21.100045384364,Total GHG
LUX,Luxembourg,2001,10.325933783327,Total GHG
LVA,Latvia,2001,11.701862167249,Total GHG
MAC,Macao,2001,1.6265408954883,Total GHG
MAR,Morocco,2001,60.507718357266,Total GHG
MDA,Moldova,2001,10.104451143401,Total GHG
MDG,Madagascar,2001,23.494254846074,Total GHG
MDV,Maldives,2001,0.62203743546342,Total GHG
MEX,Mexico,2001,562.64287567887,Total GHG
MKD,North Macedonia,2001,11.512489441789,Total GHG
MLI,Mali,2001,16.483753795774,Total GHG
MLT,Malta,2001,2.7904627558409,Total GHG
MMR,Myanmar/Burma,2001,86.151824814268,Total GHG
MNG,Mongolia,2001,27.10868137597,Total GHG
MOZ,Mozambique,2001,11.225908825276,Total GHG
MRT,Mauritania,2001,9.5558524989457,Total GHG
MTQ,Martinique,2001,0.83385388952021,Total GHG
MUS,Mauritius,2001,3.392926695482,Total GHG
MWI,Malawi,2001,8.0891623451168,Total GHG
MYS,Malaysia,2001,166.0038339886,Total GHG
NAM,Namibia,2001,8.9490963833076,Total GHG
NCL,New Caledonia,2001,2.5300471070679,Total GHG
NER,Niger,2001,16.954347517603,Total GHG
NGA,Nigeria,2001,385.88774428153,Total GHG
NIC,Nicaragua,2001,12.044586494772,Total GHG
NLD,Netherlands,2001,224.85656604644,Total GHG
NOR,Norway,2001,58.578554119448,Total GHG
NPL,Nepal,2001,29.492045754688,Total GHG
NZL,New Zealand,2001,84.132365256602,Total GHG
OMN,Oman,2001,55.920062746278,Total GHG
PAK,Pakistan,2001,274.66192222485,Total GHG
PAN,Panama,2001,11.19575701242,Total GHG
PER,Peru,2001,53.732784005926,Total GHG
PHL,Philippines,2001,131.62046044787,Total GHG
PLW,Palau,2001,2.4828821685785,Total GHG
PNG,Papua New Guinea,2001,7.1513564121534,Total GHG
POL,Poland,2001,406.5304968018,Total GHG
PRI,Puerto Rico,2001,27.518238966569,Total GHG
PRK,North Korea,2001,103.48591120553,Total GHG
PRT,Portugal,2001,79.493146813248,Total GHG
PRY,Paraguay,2001,25.459918590445,Total GHG
PYF,French Polynesia,2001,0.92472324564409,Total GHG
QAT,Qatar,2001,56.44895181795,Total GHG
REU,Réunion,2001,2.3739999284307,Total GHG
ROU,Romania,2001,136.00031808276,Total GHG
RUS,Russia,2001,2092.1256391312,Total GHG
RWA,Rwanda,2001,4.2446489800562,Total GHG
SAU,Saudi Arabia,2001,362.48112732278,Total GHG
SCG,Serbia and Montenegro,2001,69.869280133661,Total GHG
SDN,Sudan and South Sudan,2001,100.79276175629,Total GHG
SEN,Senegal,2001,14.384456631549,Total GHG
SGP,Singapore,2001,58.766980306253,Total GHG
SHN,"Saint Helena, Ascension and Tristan da Cunha",2001,0.010405506324661,Total GHG
SLB,Solomon Islands,2001,0.42887896789841,Total GHG
SLE,Sierra Leone,2001,3.4526486931854,Total GHG
SLV,El Salvador,2001,10.842485383824,Total GHG
SOM,Somalia,2001,28.816698206423,Total GHG
SPM,Saint Pierre and Miquelon,2001,0.023200411312801,Total GHG
STP,São Tomé and Príncipe,2001,0.11570240930838,Total GHG
SUR,Suriname,2001,2.5482777754101,Total GHG
SVK,Slovakia,2001,51.058344694255,Total GHG
SVN,Slovenia,2001,22.348171924339,Total GHG
SWE,Sweden,2001,75.742621707097,Total GHG
SWZ,Eswatini,2001,3.1168648679423,Total GHG
SYC,Seychelles,2001,0.90301898177972,Total GHG
SYR,Syria,2001,77.654514662307,Total GHG
TCA,Turks and Caicos Islands,2001,0.027053514313315,Total GHG
TCD,Chad,2001,27.836148467823,Total GHG
TGO,Togo,2001,4.7178138559478,Total GHG
THA,Thailand,2001,278.65693187897,Total GHG
TJK,Tajikistan,2001,9.999226935391,Total GHG
TKM,Turkmenistan,2001,61.201225126927,Total GHG
TLS,Timor-Leste,2001,1.0805093640559,Total GHG
TON,Tonga,2001,0.20297064777483,Total GHG
TTO,Trinidad and Tobago,2001,26.294624913158,Total GHG
TUN,Tunisia,2001,32.579958140271,Total GHG
TUR,Türkiye,2001,278.60535446817,Total GHG
TWN,Taiwan,2001,267.33157627462,Total GHG
TZA,Tanzania,2001,40.035878003587,Total GHG
UGA,Uganda,2001,20.204426433725,Total GHG
UKR,Ukraine,2001,460.265503121,Total GHG
URY,Uruguay,2001,33.479990117115,Total GHG
USA,United States,2001,7157.7928391183,Total GHG
UZB,Uzbekistan,2001,175.01424817489,Total GHG
VCT,Saint Vincent and the Grenadines,2001,0.098925587999478,Total GHG
VEN,Venezuela,2001,229.0593016287,Total GHG
VGB,British Virgin Islands,2001,0.040023574199348,Total GHG
VNM,Viet Nam,2001,168.13075425863,Total GHG
VUT,Vanuatu,2001,0.51392833047838,Total GHG
WSM,Samoa,2001,0.38935463090183,Total GHG
YEM,Yemen,2001,33.409807914473,Total GHG
ZAF,South Africa,2001,461.08605885154,Total GHG
ZMB,Zambia,2001,15.178592786469,Total GHG
ZWE,Zimbabwe,2001,31.405986000587,Total GHG
,,2001,,Total GHG
EU27,EU27,2001,4500.9492400828,Total GHG
,,2001,,Total GHG
GLOBAL TOTAL,GLOBAL TOTAL,2001,36099.483795785,Total GHG
ABW,Aruba,2002,0.37648610365328,Total GHG
AFG,Afghanistan,2002,15.22857195038,Total GHG
AGO,Angola,2002,64.921622157878,Total GHG
AIA,Anguilla,2002,0.013278011326023,Total GHG
ALB,Albania,2002,8.0069214744988,Total GHG
ANT,Curaçao,2002,5.6254343217576,Total GHG
ARE,United Arab Emirates,2002,131.31441845415,Total GHG
ARG,Argentina,2002,284.54133535089,Total GHG
ARM,Armenia,2002,5.5471873248885,Total GHG
ATG,Antigua and Barbuda,2002,0.24070309409146,Total GHG
AUS,Australia,2002,564.95228992365,Total GHG
AUT,Austria,2002,90.362865145808,Total GHG
AZE,Azerbaijan,2002,38.874515763668,Total GHG
BDI,Burundi,2002,3.0029571955494,Total GHG
BEL,Belgium,2002,144.52462699628,Total GHG
BEN,Benin,2002,6.955437172497,Total GHG
BFA,Burkina Faso,2002,16.240777264529,Total GHG
BGD,Bangladesh,2002,110.02427627957,Total GHG
BGR,Bulgaria,2002,59.561280619477,Total GHG
BHR,Bahrain,2002,38.113018034645,Total GHG
BHS,Bahamas,2002,1.3598983721659,Total GHG
BIH,Bosnia and Herzegovina,2002,20.50384524908,Total GHG
BLR,Belarus,2002,83.451780802703,Total GHG
BLZ,Belize,2002,0.50545047533012,Total GHG
BMU,Bermuda,2002,0.19320824428924,Total GHG
BOL,Bolivia,2002,29.755529624401,Total GHG
BRA,Brazil,2002,904.52604445741,Total GHG
BRB,Barbados,2002,0.82920815499527,Total GHG
BRN,Brunei,2002,7.8976741551786,Total GHG
BTN,Bhutan,2002,1.4037827891931,Total GHG
BWA,Botswana,2002,10.038683735674,Total GHG
CAF,Central African Republic,2002,8.5607624036959,Total GHG
CAN,Canada,2002,737.71922747112,Total GHG
CHE,Switzerland and Liechtenstein,2002,53.390153514826,Total GHG
CHL,Chile,2002,79.796138801282,Total GHG
CHN,China,2002,5584.831119702,Total GHG
CIV,Côte d’Ivoire,2002,17.309918134011,Total GHG
CMR,Cameroon,2002,29.61255399608,Total GHG
COD,Democratic Republic of the Congo,2002,23.23550640607,Total GHG
COG,Congo,2002,13.245354844477,Total GHG
COK,Cook Islands,2002,0.04589081883241,Total GHG
COL,Colombia,2002,152.60714098007,Total GHG
COM,Comoros,2002,0.4358424454761,Total GHG
CPV,Cabo Verde,2002,0.60616347068201,Total GHG
CRI,Costa Rica,2002,11.151765531605,Total GHG
CUB,Cuba,2002,43.060714234956,Total GHG
CYM,Cayman Islands,2002,0.16386122835437,Total GHG
CYP,Cyprus,2002,8.489635614872,Total GHG
CZE,Czechia,2002,152.42682872138,Total GHG
DEU,Germany,2002,1021.9460653117,Total GHG
DJI,Djibouti,2002,1.9158219344491,Total GHG
DMA,Dominica,2002,0.1088451457777,Total GHG
DNK,Denmark,2002,70.265053505683,Total GHG
DOM,Dominican Republic,2002,30.623877312107,Total GHG
DZA,Algeria,2002,142.31880278096,Total GHG
ECU,Ecuador,2002,46.875245968848,Total GHG
EGY,Egypt,2002,225.65170456722,Total GHG
ERI,Eritrea,2002,5.3056699151135,Total GHG
ESH,Western Sahara,2002,0.58537338612657,Total GHG
ESP,Spain and Andorra,2002,408.12961010815,Total GHG
EST,Estonia,2002,21.540281270601,Total GHG
ETH,Ethiopia,2002,90.308590522354,Total GHG
FIN,Finland,2002,83.012541074014,Total GHG
FJI,Fiji,2002,2.6248657662351,Total GHG
FLK,Falkland Islands,2002,0.15309787905964,Total GHG
FRA,France and Monaco,2002,536.07928147557,Total GHG
FRO,Faroes,2002,0.091053261097338,Total GHG
GAB,Gabon,2002,27.092750898882,Total GHG
GBR,United Kingdom,2002,705.81749824351,Total GHG
GEO,Georgia,2002,9.6896747371026,Total GHG
GHA,Ghana,2002,17.541933641028,Total GHG
GIB,Gibraltar,2002,0.37400287013317,Total GHG
GIN,Guinea,2002,11.188400137916,Total GHG
GLP,Guadeloupe,2002,0.98832804821784,Total GHG
GMB,The Gambia,2002,1.2665013738941,Total GHG
GNB,Guinea-Bissau,2002,2.0091610460152,Total GHG
GNQ,Equatorial Guinea,2002,10.484416863085,Total GHG
GRC,Greece,2002,121.3174001882,Total GHG
GRD,Grenada,2002,0.11060758238243,Total GHG
GRL,Greenland,2002,0.05934470055349,Total GHG
GTM,Guatemala,2002,23.630295892463,Total GHG
GUF,French Guiana,2002,0.28069279834009,Total GHG
GUY,Guyana,2002,3.3253536085286,Total GHG
HKG,Hong Kong,2002,45.522395992679,Total GHG
HND,Honduras,2002,13.288958290302,Total GHG
HRV,Croatia,2002,27.201990790671,Total GHG
HTI,Haiti,2002,10.057573109273,Total GHG
HUN,Hungary,2002,78.804106779812,Total GHG
IDN,Indonesia,2002,543.44175190567,Total GHG
IND,India,2002,1888.1986388943,Total GHG
IRL,Ireland,2002,75.706811500744,Total GHG
IRN,Iran,2002,533.27510251147,Total GHG
IRQ,Iraq,2002,169.94983584843,Total GHG
ISL,Iceland,2002,4.2445631731759,Total GHG
ISR,"Israel and Palestine, State of",2002,72.494413368277,Total GHG
ITA,"Italy, San Marino and the Holy See",2002,545.63984724141,Total GHG
JAM,Jamaica,2002,12.004618043337,Total GHG
JOR,Jordan,2002,20.860061382793,Total GHG
JPN,Japan,2002,1384.7551643198,Total GHG
KAZ,Kazakhstan,2002,187.75781626776,Total GHG
KEN,Kenya,2002,44.70826505815,Total GHG
KGZ,Kyrgyzstan,2002,11.167796247028,Total GHG
KHM,Cambodia,2002,20.892921039702,Total GHG
KIR,Kiribati,2002,0.064442501745328,Total GHG
KNA,Saint Kitts and Nevis,2002,0.10343942573595,Total GHG
KOR,South Korea,2002,554.17305005927,Total GHG
KWT,Kuwait,2002,94.617742488506,Total GHG
LAO,Laos,2002,9.5803553627945,Total GHG
LBN,Lebanon,2002,19.707368035551,Total GHG
LBR,Liberia,2002,2.2795358163257,Total GHG
LBY,Libya,2002,88.514673105765,Total GHG
LCA,Saint Lucia,2002,0.21198874530779,Total GHG
LKA,Sri Lanka,2002,22.784292052756,Total GHG
LSO,Lesotho,2002,2.5455570243869,Total GHG
LTU,Lithuania,2002,21.607386601775,Total GHG
LUX,Luxembourg,2002,11.008988575888,Total GHG
LVA,Latvia,2002,11.759287389797,Total GHG
MAC,Macao,2002,1.7814290219049,Total GHG
MAR,Morocco,2002,62.075969107221,Total GHG
MDA,Moldova,2002,10.334425304665,Total GHG
MDG,Madagascar,2002,21.642923191992,Total GHG
MDV,Maldives,2002,0.74615704717331,Total GHG
MEX,Mexico,2002,568.83829470894,Total GHG
MKD,North Macedonia,2002,10.961865613361,Total GHG
MLI,Mali,2002,17.658507609026,Total GHG
MLT,Malta,2002,2.6175967023563,Total GHG
MMR,Myanmar/Burma,2002,88.046689158002,Total GHG
MNG,Mongolia,2002,25.008500182208,Total GHG
MOZ,Mozambique,2002,11.704202634788,Total GHG
MRT,Mauritania,2002,9.974247088854,Total GHG
MTQ,Martinique,2002,0.86486602227522,Total GHG
MUS,Mauritius,2002,3.3845053816998,Total GHG
MWI,Malawi,2002,8.0993983955912,Total GHG
MYS,Malaysia,2002,175.18487285115,Total GHG
NAM,Namibia,2002,8.454793793411,Total GHG
NCL,New Caledonia,2002,2.7850042310463,Total GHG
NER,Niger,2002,17.699899102874,Total GHG
NGA,Nigeria,2002,332.82738602573,Total GHG
NIC,Nicaragua,2002,12.319667686167,Total GHG
NLD,Netherlands,2002,223.5263256613,Total GHG
NOR,Norway,2002,57.570392040055,Total GHG
NPL,Nepal,2002,29.083065489453,Total GHG
NZL,New Zealand,2002,85.81187054802,Total GHG
OMN,Oman,2002,58.557341448246,Total GHG
PAK,Pakistan,2002,279.87688555581,Total GHG
PAN,Panama,2002,10.477095517097,Total GHG
PER,Peru,2002,55.3559975817,Total GHG
PHL,Philippines,2002,134.56593254839,Total GHG
PLW,Palau,2002,1.5096471254962,Total GHG
PNG,Papua New Guinea,2002,7.8755953148317,Total GHG
POL,Poland,2002,398.75671386297,Total GHG
PRI,Puerto Rico,2002,22.855306169705,Total GHG
PRK,North Korea,2002,99.762966295402,Total GHG
PRT,Portugal,2002,83.963553412755,Total GHG
PRY,Paraguay,2002,24.622535487059,Total GHG
PYF,French Polynesia,2002,0.96880229034111,Total GHG
QAT,Qatar,2002,59.621141413824,Total GHG
REU,Réunion,2002,2.4978119897576,Total GHG
ROU,Romania,2002,135.6109675314,Total GHG
RUS,Russia,2002,2084.5671281882,Total GHG
RWA,Rwanda,2002,4.4502789380605,Total GHG
SAU,Saudi Arabia,2002,380.35156812625,Total GHG
SCG,Serbia and Montenegro,2002,73.916441121494,Total GHG
SDN,Sudan and South Sudan,2002,104.42017384572,Total GHG
SEN,Senegal,2002,14.455010793774,Total GHG
SGP,Singapore,2002,51.403914027973,Total GHG
SHN,"Saint Helena, Ascension and Tristan da Cunha",2002,0.010449884988152,Total GHG
SLB,Solomon Islands,2002,0.44485150901874,Total GHG
SLE,Sierra Leone,2002,3.6199915606639,Total GHG
SLV,El Salvador,2002,11.00450004304,Total GHG
SOM,Somalia,2002,29.383876436109,Total GHG
SPM,Saint Pierre and Miquelon,2002,0.025817383045289,Total GHG
STP,São Tomé and Príncipe,2002,0.12666584283686,Total GHG
SUR,Suriname,2002,1.9676536228923,Total GHG
SVK,Slovakia,2002,50.596098920065,Total GHG
SVN,Slovenia,2002,22.994088186323,Total GHG
SWE,Sweden,2002,77.116516060082,Total GHG
SWZ,Eswatini,2002,3.142283263143,Total GHG
SYC,Seychelles,2002,0.82294907141387,Total GHG
SYR,Syria,2002,73.310648345834,Total GHG
TCA,Turks and Caicos Islands,2002,0.035465033275644,Total GHG
TCD,Chad,2002,29.327871451873,Total GHG
TGO,Togo,2002,4.8942815389668,Total GHG
THA,Thailand,2002,291.77899207615,Total GHG
TJK,Tajikistan,2002,10.857186204057,Total GHG
TKM,Turkmenistan,2002,67.583488289158,Total GHG
TLS,Timor-Leste,2002,1.0619182698538,Total GHG
TON,Tonga,2002,0.2136155313233,Total GHG
TTO,Trinidad and Tobago,2002,28.34492858402,Total GHG
TUN,Tunisia,2002,32.326272216074,Total GHG
TUR,Türkiye,2002,289.73731455343,Total GHG
TWN,Taiwan,2002,322.42102268243,Total GHG
TZA,Tanzania,2002,41.273647906793,Total GHG
UGA,Uganda,2002,21.055603670498,Total GHG
UKR,Ukraine,2002,463.15764841687,Total GHG
URY,Uruguay,2002,34.179687004724,Total GHG
USA,United States,2002,6992.3985811199,Total GHG
UZB,Uzbekistan,2002,185.78778187766,Total GHG
VCT,Saint Vincent and the Grenadines,2002,0.10591694782307,Total GHG
VEN,Venezuela,2002,230.27065558602,Total GHG
VGB,British Virgin Islands,2002,0.043469633012675,Total GHG
VNM,Viet Nam,2002,182.8944836504,Total GHG
VUT,Vanuatu,2002,0.51338724253027,Total GHG
WSM,Samoa,2002,0.39683419259237,Total GHG
YEM,Yemen,2002,33.739102417061,Total GHG
ZAF,South Africa,2002,475.91070520042,Total GHG
ZMB,Zambia,2002,14.456214215236,Total GHG
ZWE,Zimbabwe,2002,28.688619027616,Total GHG
,,2002,,Total GHG
EU27,EU27,2002,4484.565749249,Total GHG
,,2002,,Total GHG
GLOBAL TOTAL,GLOBAL TOTAL,2002,36555.718923811,Total GHG
ABW,Aruba,2003,0.42681025852753,Total GHG
AFG,Afghanistan,2003,15.857564956621,Total GHG
AGO,Angola,2003,65.375925232362,Total GHG
AIA,Anguilla,2003,0.016661254167253,Total GHG
ALB,Albania,2003,8.195193892095,Total GHG
ANT,Curaçao,2003,5.6363745444351,Total GHG
ARE,United Arab Emirates,2003,139.41055000609,Total GHG
ARG,Argentina,2003,305.89949656291,Total GHG
ARM,Armenia,2003,5.9939654232972,Total GHG
ATG,Antigua and Barbuda,2003,0.25508573842032,Total GHG
AUS,Australia,2003,553.80864331105,Total GHG
AUT,Austria,2003,95.153160788905,Total GHG
AZE,Azerbaijan,2003,41.690140689862,Total GHG
BDI,Burundi,2003,3.0436387587801,Total GHG
BEL,Belgium,2003,148.30472238908,Total GHG
BEN,Benin,2003,7.3192359028033,Total GHG
BFA,Burkina Faso,2003,19.548610269781,Total GHG
BGD,Bangladesh,2003,112.99362144608,Total GHG
BGR,Bulgaria,2003,65.69688784226,Total GHG
BHR,Bahrain,2003,37.759711148252,Total GHG
BHS,Bahamas,2003,1.0811094638073,Total GHG
BIH,Bosnia and Herzegovina,2003,20.920765514351,Total GHG
BLR,Belarus,2003,83.825460790579,Total GHG
BLZ,Belize,2003,0.53461731512597,Total GHG
BMU,Bermuda,2003,0.19884569693163,Total GHG
BOL,Bolivia,2003,30.782079442664,Total GHG
BRA,Brazil,2003,934.41984185592,Total GHG
BRB,Barbados,2003,0.85834463091944,Total GHG
BRN,Brunei,2003,8.9121171793105,Total GHG
BTN,Bhutan,2003,1.435564566026,Total GHG
BWA,Botswana,2003,9.4688385651937,Total GHG
CAF,Central African Republic,2003,9.6962928942938,Total GHG
CAN,Canada,2003,757.21962987757,Total GHG
CHE,Switzerland and Liechtenstein,2003,54.643261801085,Total GHG
CHL,Chile,2003,81.960810841378,Total GHG
CHN,China,2003,6292.8849076484,Total GHG
CIV,Côte d’Ivoire,2003,15.851384372973,Total GHG
CMR,Cameroon,2003,30.355209999191,Total GHG
COD,Democratic Republic of the Congo,2003,24.507560953473,Total GHG
COG,Congo,2003,14.971799640293,Total GHG
COK,Cook Islands,2003,0.043010391090651,Total GHG
COL,Colombia,2003,153.2679317871,Total GHG
COM,Comoros,2003,0.46018104299333,Total GHG
CPV,Cabo Verde,2003,0.54387642457611,Total GHG
CRI,Costa Rica,2003,11.584122186409,Total GHG
CUB,Cuba,2003,42.151622094824,Total GHG
CYM,Cayman Islands,2003,0.17213691853781,Total GHG
CYP,Cyprus,2003,9.1693327489768,Total GHG
CZE,Czechia,2003,155.50172069869,Total GHG
DEU,Germany,2003,1024.375599237,Total GHG
DJI,Djibouti,2003,1.9755585185094,Total GHG
DMA,Dominica,2003,0.11622883204337,Total GHG
DNK,Denmark,2003,75.768550386263,Total GHG
DOM,Dominican Republic,2003,28.32485590028,Total GHG
DZA,Algeria,2003,155.93634684928,Total GHG
ECU,Ecuador,2003,48.951810611906,Total GHG
EGY,Egypt,2003,230.89764446897,Total GHG
ERI,Eritrea,2003,5.4240771020812,Total GHG
ESH,Western Sahara,2003,0.60139002950908,Total GHG
ESP,Spain and Andorra,2003,417.12989579631,Total GHG
EST,Estonia,2003,23.564185185335,Total GHG
ETH,Ethiopia,2003,89.589476592291,Total GHG
FIN,Finland,2003,91.622076087921,Total GHG
FJI,Fiji,2003,2.8551422156179,Total GHG
FLK,Falkland Islands,2003,0.15546529360044,Total GHG
FRA,France and Monaco,2003,539.64765627094,Total GHG
FRO,Faroes,2003,0.091189161947937,Total GHG
GAB,Gabon,2003,30.188272506924,Total GHG
GBR,United Kingdom,2003,715.57737498106,Total GHG
GEO,Georgia,2003,10.247252580285,Total GHG
GHA,Ghana,2003,17.210550608031,Total GHG
GIB,Gibraltar,2003,0.38037110402825,Total GHG
GIN,Guinea,2003,11.676275053962,Total GHG
GLP,Guadeloupe,2003,0.98766403253724,Total GHG
GMB,The Gambia,2003,1.3922069966239,Total GHG
GNB,Guinea-Bissau,2003,2.0733269017695,Total GHG
GNQ,Equatorial Guinea,2003,11.723297588526,Total GHG
GRC,Greece,2003,124.61914440896,Total GHG
GRD,Grenada,2003,0.11786066018003,Total GHG
GRL,Greenland,2003,0.059703211451323,Total GHG
GTM,Guatemala,2003,23.504151602211,Total GHG
GUF,French Guiana,2003,0.32241452079425,Total GHG
GUY,Guyana,2003,3.5310681553059,Total GHG
HKG,Hong Kong,2003,49.128639706939,Total GHG
HND,Honduras,2003,14.847053333677,Total GHG
HRV,Croatia,2003,28.741110355572,Total GHG
HTI,Haiti,2003,10.128271178714,Total GHG
HUN,Hungary,2003,81.730374257112,Total GHG
IDN,Indonesia,2003,573.26098512843,Total GHG
IND,India,2003,1938.2256408092,Total GHG
IRL,Ireland,2003,76.085809882075,Total GHG
IRN,Iran,2003,580.30411789948,Total GHG
IRQ,Iraq,2003,152.20099918036,Total GHG
ISL,Iceland,2003,4.2177530337632,Total GHG
ISR,"Israel and Palestine, State of",2003,74.297063563603,Total GHG
ITA,"Italy, San Marino and the Holy See",2003,566.25481961669,Total GHG
JAM,Jamaica,2003,12.366959228487,Total GHG
JOR,Jordan,2003,21.521275458754,Total GHG
JPN,Japan,2003,1389.219233854,Total GHG
KAZ,Kazakhstan,2003,207.63154646733,Total GHG
KEN,Kenya,2003,46.040639207268,Total GHG
KGZ,Kyrgyzstan,2003,11.853731964933,Total GHG
KHM,Cambodia,2003,22.871124558317,Total GHG
KIR,Kiribati,2003,0.066335364973674,Total GHG
KNA,Saint Kitts and Nevis,2003,0.10594614089121,Total GHG
KOR,South Korea,2003,560.1427191098,Total GHG
KWT,Kuwait,2003,105.19340914529,Total GHG
LAO,Laos,2003,9.8747654141568,Total GHG
LBN,Lebanon,2003,19.959672298877,Total GHG
LBR,Liberia,2003,2.3642011303823,Total GHG
LBY,Libya,2003,98.309829064123,Total GHG
LCA,Saint Lucia,2003,0.22606490645218,Total GHG
LKA,Sri Lanka,2003,24.038486920474,Total GHG
LSO,Lesotho,2003,2.5817060952236,Total GHG
LTU,Lithuania,2003,21.684449599447,Total GHG
LUX,Luxembourg,2003,11.419673063764,Total GHG
LVA,Latvia,2003,12.061662725906,Total GHG
MAC,Macao,2003,1.8294259116238,Total GHG
MAR,Morocco,2003,62.619938502702,Total GHG
MDA,Moldova,2003,10.920471470064,Total GHG
MDG,Madagascar,2003,22.828154393556,Total GHG
MDV,Maldives,2003,0.65302485416601,Total GHG
MEX,Mexico,2003,593.06315163222,Total GHG
MKD,North Macedonia,2003,11.728340606336,Total GHG
MLI,Mali,2003,18.540044078764,Total GHG
MLT,Malta,2003,2.9212071904501,Total GHG
MMR,Myanmar/Burma,2003,94.165650932498,Total GHG
MNG,Mongolia,2003,24.350218431622,Total GHG
MOZ,Mozambique,2003,12.919867671269,Total GHG
MRT,Mauritania,2003,10.250642357247,Total GHG
MTQ,Martinique,2003,0.87404393739292,Total GHG
MUS,Mauritius,2003,3.4709365892259,Total GHG
MWI,Malawi,2003,8.2992071209355,Total GHG
MYS,Malaysia,2003,188.34160644303,Total GHG
NAM,Namibia,2003,8.7157246378395,Total GHG
NCL,New Caledonia,2003,3.0527482964374,Total GHG
NER,Niger,2003,18.499145788299,Total GHG
NGA,Nigeria,2003,369.18643085748,Total GHG
NIC,Nicaragua,2003,13.055540656378,Total GHG
NLD,Netherlands,2003,226.07663863948,Total GHG
NOR,Norway,2003,61.342521729225,Total GHG
NPL,Nepal,2003,30.107477516445,Total GHG
NZL,New Zealand,2003,87.311028439815,Total GHG
OMN,Oman,2003,63.497658163907,Total GHG
PAK,Pakistan,2003,290.86530423078,Total GHG
PAN,Panama,2003,10.566143817455,Total GHG
PER,Peru,2003,55.390580288506,Total GHG
PHL,Philippines,2003,137.65986807205,Total GHG
PLW,Palau,2003,1.794536231337,Total GHG
PNG,Papua New Guinea,2003,8.11108092376,Total GHG
POL,Poland,2003,410.26618184923,Total GHG
PRI,Puerto Rico,2003,29.203691520989,Total GHG
PRK,North Korea,2003,101.92087678599,Total GHG
PRT,Portugal,2003,79.201878204282,Total GHG
PRY,Paraguay,2003,26.531524058516,Total GHG
PYF,French Polynesia,2003,1.0291320659998,Total GHG
QAT,Qatar,2003,65.36599482218,Total GHG
REU,Réunion,2003,2.5780971951838,Total GHG
ROU,Romania,2003,140.65752141501,Total GHG
RUS,Russia,2003,2150.1386205417,Total GHG
RWA,Rwanda,2003,4.5828465276958,Total GHG
SAU,Saudi Arabia,2003,407.38807703106,Total GHG
SCG,Serbia and Montenegro,2003,76.96446047184,Total GHG
SDN,Sudan and South Sudan,2003,107.90554557219,Total GHG
SEN,Senegal,2003,14.426894604455,Total GHG
SGP,Singapore,2003,49.808835218274,Total GHG
SHN,"Saint Helena, Ascension and Tristan da Cunha",2003,0.010942732837013,Total GHG
SLB,Solomon Islands,2003,0.45932610591051,Total GHG
SLE,Sierra Leone,2003,3.8052104926239,Total GHG
SLV,El Salvador,2003,11.465208475861,Total GHG
SOM,Somalia,2003,29.920926990319,Total GHG
SPM,Saint Pierre and Miquelon,2003,0.029321189238116,Total GHG
STP,São Tomé and Príncipe,2003,0.13767524756271,Total GHG
SUR,Suriname,2003,2.1887854881176,Total GHG
SVK,Slovakia,2003,51.217226148577,Total GHG
SVN,Slovenia,2003,22.831060825235,Total GHG
SWE,Sweden,2003,77.238209341562,Total GHG
SWZ,Eswatini,2003,3.181484409502,Total GHG
SYC,Seychelles,2003,0.83002399053281,Total GHG
SYR,Syria,2003,73.74677739112,Total GHG
TCA,Turks and Caicos Islands,2003,0.032676257964931,Total GHG
TCD,Chad,2003,31.456260853575,Total GHG
TGO,Togo,2003,5.2488069582776,Total GHG
THA,Thailand,2003,305.22962199177,Total GHG
TJK,Tajikistan,2003,10.199688615271,Total GHG
TKM,Turkmenistan,2003,77.011753770127,Total GHG
TLS,Timor-Leste,2003,1.0814678132267,Total GHG
TON,Tonga,2003,0.2353184646726,Total GHG
TTO,Trinidad and Tobago,2003,32.405748762861,Total GHG
TUN,Tunisia,2003,32.034265267251,Total GHG
TUR,Türkiye,2003,302.70714455503,Total GHG
TWN,Taiwan,2003,333.5155695941,Total GHG
TZA,Tanzania,2003,43.049136156709,Total GHG
UGA,Uganda,2003,21.940449560429,Total GHG
UKR,Ukraine,2003,495.65790704567,Total GHG
URY,Uruguay,2003,35.132908141226,Total GHG
USA,United States,2003,7058.6436863279,Total GHG
UZB,Uzbekistan,2003,174.13707407954,Total GHG
VCT,Saint Vincent and the Grenadines,2003,0.1096063225748,Total GHG
VEN,Venezuela,2003,225.32101432961,Total GHG
VGB,British Virgin Islands,2003,0.047065235768304,Total GHG
VNM,Viet Nam,2003,191.03922857501,Total GHG
VUT,Vanuatu,2003,0.54457405160473,Total GHG
WSM,Samoa,2003,0.40594942095488,Total GHG
YEM,Yemen,2003,38.946305314198,Total GHG
ZAF,South Africa,2003,502.8079804007,Total GHG
ZMB,Zambia,2003,15.011101322984,Total GHG
ZWE,Zimbabwe,2003,25.436690638211,Total GHG
,,2003,,Total GHG
EU27,EU27,2003,4578.940754955,Total GHG
,,2003,,Total GHG
GLOBAL TOTAL,GLOBAL TOTAL,2003,38064.796728653,Total GHG
ABW,Aruba,2004,0.44115869321368,Total GHG
AFG,Afghanistan,2004,15.993336269049,Total GHG
AGO,Angola,2004,70.639252424552,Total GHG
AIA,Anguilla,2004,0.016071790095026,Total GHG
ALB,Albania,2004,8.4032652571337,Total GHG
ANT,Curaçao,2004,5.8551906979961,Total GHG
ARE,United Arab Emirates,2004,146.05180828036,Total GHG
ARG,Argentina,2004,324.6532995456,Total GHG
ARM,Armenia,2004,6.4778987621579,Total GHG
ATG,Antigua and Barbuda,2004,0.25875799261609,Total GHG
AUS,Australia,2004,575.6458189302,Total GHG
AUT,Austria,2004,95.934273345782,Total GHG
AZE,Azerbaijan,2004,41.665368722754,Total GHG
BDI,Burundi,2004,3.195369879333,Total GHG
BEL,Belgium,2004,147.11966450835,Total GHG
BEN,Benin,2004,7.6367678553836,Total GHG
BFA,Burkina Faso,2004,19.809262840751,Total GHG
BGD,Bangladesh,2004,115.58669580632,Total GHG
BGR,Bulgaria,2004,64.062472790019,Total GHG
BHR,Bahrain,2004,37.69489601664,Total GHG
BHS,Bahamas,2004,1.1552052835517,Total GHG
BIH,Bosnia and Herzegovina,2004,22.433762281932,Total GHG
BLR,Belarus,2004,87.235783400446,Total GHG
BLZ,Belize,2004,0.51392792933231,Total GHG
BMU,Bermuda,2004,0.2008548330664,Total GHG
BOL,Bolivia,2004,32.109386144058,Total GHG
BRA,Brazil,2004,983.41868069267,Total GHG
BRB,Barbados,2004,0.85295699414237,Total GHG
BRN,Brunei,2004,8.41028880675,Total GHG
BTN,Bhutan,2004,1.4476521843018,Total GHG
BWA,Botswana,2004,9.4273404929408,Total GHG
CAF,Central African Republic,2004,9.0428230019391,Total GHG
CAN,Canada,2004,745.88439063277,Total GHG
CHE,Switzerland and Liechtenstein,2004,55.228616400265,Total GHG
CHL,Chile,2004,87.434592096553,Total GHG
CHN,China,2004,7131.5342696974,Total GHG
CIV,Côte d’Ivoire,2004,16.658894952666,Total GHG
CMR,Cameroon,2004,30.109821076742,Total GHG
COD,Democratic Republic of the Congo,2004,25.034610705486,Total GHG
COG,Congo,2004,16.161654353087,Total GHG
COK,Cook Islands,2004,0.062668509127401,Total GHG
COL,Colombia,2004,153.866474191,Total GHG
COM,Comoros,2004,0.479461159043,Total GHG
CPV,Cabo Verde,2004,0.5805348356846,Total GHG
CRI,Costa Rica,2004,11.85626567798,Total GHG
CUB,Cuba,2004,41.309979603339,Total GHG
CYM,Cayman Islands,2004,0.16135262196212,Total GHG
CYP,Cyprus,2004,9.1238350938336,Total GHG
CZE,Czechia,2004,156.2949694036,Total GHG
DEU,Germany,2004,1007.1599480203,Total GHG
DJI,Djibouti,2004,1.9559686457189,Total GHG
DMA,Dominica,2004,0.12040055754552,Total GHG
DNK,Denmark,2004,69.687659969399,Total GHG
DOM,Dominican Republic,2004,27.775044768282,Total GHG
DZA,Algeria,2004,153.91694666628,Total GHG
ECU,Ecuador,2004,52.709456048587,Total GHG
EGY,Egypt,2004,245.70409530388,Total GHG
ERI,Eritrea,2004,5.4954491159115,Total GHG
ESH,Western Sahara,2004,0.60931841692275,Total GHG
ESP,Spain and Andorra,2004,434.20365269998,Total GHG
EST,Estonia,2004,24.151907959843,Total GHG
ETH,Ethiopia,2004,92.117861058351,Total GHG
FIN,Finland,2004,87.935032111263,Total GHG
FJI,Fiji,2004,3.3455000293255,Total GHG
FLK,Falkland Islands,2004,0.15570526265622,Total GHG
FRA,France and Monaco,2004,541.16370652563,Total GHG
FRO,Faroes,2004,0.091296709849057,Total GHG
GAB,Gabon,2004,27.929602651693,Total GHG
GBR,United Kingdom,2004,710.54958683837,Total GHG
GEO,Georgia,2004,10.534202506823,Total GHG
GHA,Ghana,2004,17.119755544369,Total GHG
GIB,Gibraltar,2004,0.41216503226708,Total GHG
GIN,Guinea,2004,12.093625990889,Total GHG
GLP,Guadeloupe,2004,0.95451065601421,Total GHG
GMB,The Gambia,2004,1.4468675590111,Total GHG
GNB,Guinea-Bissau,2004,2.0942513243911,Total GHG
GNQ,Equatorial Guinea,2004,16.184586405717,Total GHG
GRC,Greece,2004,124.71294134369,Total GHG
GRD,Grenada,2004,0.11462202002879,Total GHG
GRL,Greenland,2004,0.6685328146581,Total GHG
GTM,Guatemala,2004,24.331719170281,Total GHG
GUF,French Guiana,2004,0.32811415661698,Total GHG
GUY,Guyana,2004,3.4737716402645,Total GHG
HKG,Hong Kong,2004,45.297976383804,Total GHG
HND,Honduras,2004,15.935165774961,Total GHG
HRV,Croatia,2004,29.222183754625,Total GHG
HTI,Haiti,2004,10.072996811543,Total GHG
HUN,Hungary,2004,80.898732061433,Total GHG
IDN,Indonesia,2004,585.32825155033,Total GHG
IND,India,2004,2040.7614930392,Total GHG
IRL,Ireland,2004,75.930049476908,Total GHG
IRN,Iran,2004,607.84900426085,Total GHG
IRQ,Iraq,2004,170.86991822996,Total GHG
ISL,Iceland,2004,4.3019046810594,Total GHG
ISR,"Israel and Palestine, State of",2004,74.140910577772,Total GHG
ITA,"Italy, San Marino and the Holy See",2004,577.00680166437,Total GHG
JAM,Jamaica,2004,12.331663377061,Total GHG
JOR,Jordan,2004,23.110803135802,Total GHG
JPN,Japan,2004,1380.3905606889,Total GHG
KAZ,Kazakhstan,2004,222.28944404849,Total GHG
KEN,Kenya,2004,50.411008733855,Total GHG
KGZ,Kyrgyzstan,2004,11.798246266523,Total GHG
KHM,Cambodia,2004,22.396902624669,Total GHG
KIR,Kiribati,2004,0.068424377068698,Total GHG
KNA,Saint Kitts and Nevis,2004,0.1124851628441,Total GHG
KOR,South Korea,2004,578.45854858913,Total GHG
KWT,Kuwait,2004,110.05422358704,Total GHG
LAO,Laos,2004,10.457133066813,Total GHG
LBN,Lebanon,2004,20.371612789307,Total GHG
LBR,Liberia,2004,2.4680812799243,Total GHG
LBY,Libya,2004,96.934832504983,Total GHG
LCA,Saint Lucia,2004,0.2215297982116,Total GHG
LKA,Sri Lanka,2004,24.130101233724,Total GHG
LSO,Lesotho,2004,2.5750211345921,Total GHG
LTU,Lithuania,2004,22.559105892905,Total GHG
LUX,Luxembourg,2004,12.847290586299,Total GHG
LVA,Latvia,2004,12.139563318167,Total GHG
MAC,Macao,2004,2.1136704110416,Total GHG
MAR,Morocco,2004,68.501264543857,Total GHG
MDA,Moldova,2004,10.924449785111,Total GHG
MDG,Madagascar,2004,23.513193481231,Total GHG
MDV,Maldives,2004,0.82223211127584,Total GHG
MEX,Mexico,2004,602.65548714942,Total GHG
MKD,North Macedonia,2004,11.892478642797,Total GHG
MLI,Mali,2004,19.345073780663,Total GHG
MLT,Malta,2004,2.9196134773321,Total GHG
MMR,Myanmar/Burma,2004,97.571400693346,Total GHG
MNG,Mongolia,2004,24.296309757095,Total GHG
MOZ,Mozambique,2004,13.587171317437,Total GHG
MRT,Mauritania,2004,10.24265440325,Total GHG
MTQ,Martinique,2004,0.86534695527492,Total GHG
MUS,Mauritius,2004,3.5212462916595,Total GHG
MWI,Malawi,2004,8.3477030152815,Total GHG
MYS,Malaysia,2004,203.15971335881,Total GHG
NAM,Namibia,2004,8.8604322880849,Total GHG
NCL,New Caledonia,2004,2.7662075194809,Total GHG
NER,Niger,2004,19.316249775619,Total GHG
NGA,Nigeria,2004,359.99112663192,Total GHG
NIC,Nicaragua,2004,13.000105333553,Total GHG
NLD,Netherlands,2004,228.46536519686,Total GHG
NOR,Norway,2004,62.045990377095,Total GHG
NPL,Nepal,2004,29.71333581324,Total GHG
NZL,New Zealand,2004,87.269751507773,Total GHG
OMN,Oman,2004,61.807577386034,Total GHG
PAK,Pakistan,2004,310.87883631361,Total GHG
PAN,Panama,2004,10.572210579633,Total GHG
PER,Peru,2004,59.349275656681,Total GHG
PHL,Philippines,2004,140.93007650239,Total GHG
PLW,Palau,2004,1.5964390370254,Total GHG
PNG,Papua New Guinea,2004,8.6209418514913,Total GHG
POL,Poland,2004,410.03368810603,Total GHG
PRI,Puerto Rico,2004,29.24237538637,Total GHG
PRK,North Korea,2004,104.46912029366,Total GHG
PRT,Portugal,2004,81.225425191925,Total GHG
PRY,Paraguay,2004,25.629864158558,Total GHG
PYF,French Polynesia,2004,0.98096782713639,Total GHG
QAT,Qatar,2004,66.242441167755,Total GHG
REU,Réunion,2004,2.7870889264928,Total GHG
ROU,Romania,2004,140.36737692003,Total GHG
RUS,Russia,2004,2162.8786505558,Total GHG
RWA,Rwanda,2004,4.7235577312833,Total GHG
SAU,Saudi Arabia,2004,429.75684209571,Total GHG
SCG,Serbia and Montenegro,2004,82.44559933999,Total GHG
SDN,Sudan and South Sudan,2004,110.67908766658,Total GHG
SEN,Senegal,2004,15.244214729103,Total GHG
SGP,Singapore,2004,52.470541188317,Total GHG
SHN,"Saint Helena, Ascension and Tristan da Cunha",2004,0.012298177807229,Total GHG
SLB,Solomon Islands,2004,0.47394165310861,Total GHG
SLE,Sierra Leone,2004,3.9931829134032,Total GHG
SLV,El Salvador,2004,11.875005691281,Total GHG
SOM,Somalia,2004,30.431750840875,Total GHG
SPM,Saint Pierre and Miquelon,2004,0.028029876262278,Total GHG
STP,São Tomé and Príncipe,2004,0.14804317736638,Total GHG
SUR,Suriname,2004,2.3325464994033,Total GHG
SVK,Slovakia,2004,50.948603933369,Total GHG
SVN,Slovenia,2004,23.365594017681,Total GHG
SWE,Sweden,2004,75.685643935714,Total GHG
SWZ,Eswatini,2004,3.2144251923983,Total GHG
SYC,Seychelles,2004,1.1327959090985,Total GHG
SYR,Syria,2004,74.709607878648,Total GHG
TCA,Turks and Caicos Islands,2004,0.035933804422275,Total GHG
TCD,Chad,2004,34.737426764347,Total GHG
TGO,Togo,2004,5.2731226747727,Total GHG
THA,Thailand,2004,327.0301371245,Total GHG
TJK,Tajikistan,2004,12.334394273533,Total GHG
TKM,Turkmenistan,2004,80.871705279429,Total GHG
TLS,Timor-Leste,2004,1.682526419053,Total GHG
TON,Tonga,2004,0.22134456977249,Total GHG
TTO,Trinidad and Tobago,2004,34.546976301408,Total GHG
TUN,Tunisia,2004,33.607421776028,Total GHG
TUR,Türkiye,2004,309.66871597951,Total GHG
TWN,Taiwan,2004,348.35277570571,Total GHG
TZA,Tanzania,2004,44.614640927244,Total GHG
UGA,Uganda,2004,22.509997715218,Total GHG
UKR,Ukraine,2004,468.9642603725,Total GHG
URY,Uruguay,2004,37.148849021478,Total GHG
USA,United States,2004,7157.7987293856,Total GHG
UZB,Uzbekistan,2004,176.14120574206,Total GHG
VCT,Saint Vincent and the Grenadines,2004,0.11439500181445,Total GHG
VEN,Venezuela,2004,235.96599885497,Total GHG
VGB,British Virgin Islands,2004,0.048183825599343,Total GHG
VNM,Viet Nam,2004,213.41539352208,Total GHG
VUT,Vanuatu,2004,0.52647531200492,Total GHG
WSM,Samoa,2004,0.40434059410901,Total GHG
YEM,Yemen,2004,39.921691456615,Total GHG
ZAF,South Africa,2004,537.00157678595,Total GHG
ZMB,Zambia,2004,15.273185438458,Total GHG
ZWE,Zimbabwe,2004,24.607813816175,Total GHG
,,2004,,Total GHG
EU27,EU27,2004,4585.1651013053,Total GHG
,,2004,,Total GHG
GLOBAL TOTAL,GLOBAL TOTAL,2004,39626.760851867,Total GHG
ABW,Aruba,2005,0.47827319877944,Total GHG
AFG,Afghanistan,2005,16.14491309459,Total GHG
AGO,Angola,2005,68.698807817794,Total GHG
AIA,Anguilla,2005,0.016328907231431,Total GHG
ALB,Albania,2005,7.9928831795349,Total GHG
ANT,Curaçao,2005,6.1380761277358,Total GHG
ARE,United Arab Emirates,2005,155.51923290448,Total GHG
ARG,Argentina,2005,329.38456757398,Total GHG
ARM,Armenia,2005,7.22003180908,Total GHG
ATG,Antigua and Barbuda,2005,0.26519152520914,Total GHG
AUS,Australia,2005,577.2283023703,Total GHG
AUT,Austria,2005,96.426707087273,Total GHG
AZE,Azerbaijan,2005,44.539416467196,Total GHG
BDI,Burundi,2005,3.3102253239455,Total GHG
BEL,Belgium,2005,143.91548087625,Total GHG
BEN,Benin,2005,8.0821333654428,Total GHG
BFA,Burkina Faso,2005,20.476723435691,Total GHG
BGD,Bangladesh,2005,119.67306757523,Total GHG
BGR,Bulgaria,2005,64.977377364672,Total GHG
BHR,Bahrain,2005,41.152325342781,Total GHG
BHS,Bahamas,2005,1.1453281715915,Total GHG
BIH,Bosnia and Herzegovina,2005,23.181145522991,Total GHG
BLR,Belarus,2005,87.962431115115,Total GHG
BLZ,Belize,2005,0.5377011276251,Total GHG
BMU,Bermuda,2005,0.21427194600719,Total GHG
BOL,Bolivia,2005,32.704651159511,Total GHG
BRA,Brazil,2005,1000.6448674827,Total GHG
BRB,Barbados,2005,0.86662049255795,Total GHG
BRN,Brunei,2005,8.0908404123945,Total GHG
BTN,Bhutan,2005,1.5783549246954,Total GHG
BWA,Botswana,2005,10.135533403516,Total GHG
CAF,Central African Republic,2005,9.752543339927,Total GHG
CAN,Canada,2005,767.17294137536,Total GHG
CHE,Switzerland and Liechtenstein,2005,55.928590261555,Total GHG
CHL,Chile,2005,88.087176798786,Total GHG
CHN,China,2005,7974.3960493985,Total GHG
CIV,Côte d’Ivoire,2005,17.595768421501,Total GHG
CMR,Cameroon,2005,30.305190601685,Total GHG
COD,Democratic Republic of the Congo,2005,25.669678763557,Total GHG
COG,Congo,2005,19.767828986347,Total GHG
COK,Cook Islands,2005,0.094920169080512,Total GHG
COL,Colombia,2005,157.56634042269,Total GHG
COM,Comoros,2005,0.48438212657772,Total GHG
CPV,Cabo Verde,2005,0.8030059941697,Total GHG
CRI,Costa Rica,2005,12.262374796819,Total GHG
CUB,Cuba,2005,41.511861951061,Total GHG
CYM,Cayman Islands,2005,0.16918974359186,Total GHG
CYP,Cyprus,2005,9.2335410038361,Total GHG
CZE,Czechia,2005,153.14573672698,Total GHG
DEU,Germany,2005,980.81668039396,Total GHG
DJI,Djibouti,2005,1.9348616260897,Total GHG
DMA,Dominica,2005,0.11959126603086,Total GHG
DNK,Denmark,2005,65.970917947487,Total GHG
DOM,Dominican Republic,2005,28.967989346391,Total GHG
DZA,Algeria,2005,158.96405194278,Total GHG
ECU,Ecuador,2005,53.567912261366,Total GHG
EGY,Egypt,2005,264.58869984353,Total GHG
ERI,Eritrea,2005,5.4644897946942,Total GHG
ESH,Western Sahara,2005,0.61404570870481,Total GHG
ESP,Spain and Andorra,2005,448.86069719111,Total GHG
EST,Estonia,2005,24.0825906325,Total GHG
ETH,Ethiopia,2005,95.532477938642,Total GHG
FIN,Finland,2005,75.205857038303,Total GHG
FJI,Fiji,2005,3.0962344153883,Total GHG
FLK,Falkland Islands,2005,0.15592236292574,Total GHG
FRA,France and Monaco,2005,541.8791571116,Total GHG
FRO,Faroes,2005,0.091151452722208,Total GHG
GAB,Gabon,2005,26.277553384568,Total GHG
GBR,United Kingdom,2005,703.62845086188,Total GHG
GEO,Georgia,2005,11.151712725524,Total GHG
GHA,Ghana,2005,17.876649692345,Total GHG
GIB,Gibraltar,2005,0.42480373701896,Total GHG
GIN,Guinea,2005,12.561409220629,Total GHG
GLP,Guadeloupe,2005,0.96308375119936,Total GHG
GMB,The Gambia,2005,1.481832455776,Total GHG
GNB,Guinea-Bissau,2005,2.1522309385058,Total GHG
GNQ,Equatorial Guinea,2005,15.595021834895,Total GHG
GRC,Greece,2005,126.78304257858,Total GHG
GRD,Grenada,2005,0.12039212369972,Total GHG
GRL,Greenland,2005,0.67555982529203,Total GHG
GTM,Guatemala,2005,25.629055657393,Total GHG
GUF,French Guiana,2005,0.32963026534016,Total GHG
GUY,Guyana,2005,3.1930182725108,Total GHG
HKG,Hong Kong,2005,47.62746773727,Total GHG
HND,Honduras,2005,15.082605711397,Total GHG
HRV,Croatia,2005,29.284965578601,Total GHG
HTI,Haiti,2005,10.260864623263,Total GHG
HUN,Hungary,2005,81.241107625988,Total GHG
IDN,Indonesia,2005,593.16207991714,Total GHG
IND,India,2005,2111.742985354,Total GHG
IRL,Ireland,2005,77.914797948836,Total GHG
IRN,Iran,2005,650.68029535148,Total GHG
IRQ,Iraq,2005,164.52082692387,Total GHG
ISL,Iceland,2005,4.2134071826331,Total GHG
ISR,"Israel and Palestine, State of",2005,72.146949938706,Total GHG
ITA,"Italy, San Marino and the Holy See",2005,578.73568693679,Total GHG
JAM,Jamaica,2005,12.306623697381,Total GHG
JOR,Jordan,2005,24.765442436642,Total GHG
JPN,Japan,2005,1389.6047445189,Total GHG
KAZ,Kazakhstan,2005,237.2563538775,Total GHG
KEN,Kenya,2005,52.89814171211,Total GHG
KGZ,Kyrgyzstan,2005,11.894695174066,Total GHG
KHM,Cambodia,2005,25.148509605244,Total GHG
KIR,Kiribati,2005,0.084404211229717,Total GHG
KNA,Saint Kitts and Nevis,2005,0.10665294416126,Total GHG
KOR,South Korea,2005,575.11524430276,Total GHG
KWT,Kuwait,2005,121.80140296451,Total GHG
LAO,Laos,2005,10.291893344882,Total GHG
LBN,Lebanon,2005,20.380893571564,Total GHG
LBR,Liberia,2005,2.7040661369851,Total GHG
LBY,Libya,2005,104.47826594612,Total GHG
LCA,Saint Lucia,2005,0.22555559134706,Total GHG
LKA,Sri Lanka,2005,25.991886560817,Total GHG
LSO,Lesotho,2005,2.7451290421155,Total GHG
LTU,Lithuania,2005,23.57853764898,Total GHG
LUX,Luxembourg,2005,13.076605515288,Total GHG
LVA,Latvia,2005,12.286216040372,Total GHG
MAC,Macao,2005,2.125974607223,Total GHG
MAR,Morocco,2005,70.599775847892,Total GHG
MDA,Moldova,2005,11.255189278728,Total GHG
MDG,Madagascar,2005,26.184890607306,Total GHG
MDV,Maldives,2005,0.76939322151734,Total GHG
MEX,Mexico,2005,624.67924753922,Total GHG
MKD,North Macedonia,2005,12.353742487812,Total GHG
MLI,Mali,2005,20.241610921715,Total GHG
MLT,Malta,2005,2.9763051124276,Total GHG
MMR,Myanmar/Burma,2005,103.18576995519,Total GHG
MNG,Mongolia,2005,28.85696439951,Total GHG
MOZ,Mozambique,2005,14.041559103838,Total GHG
MRT,Mauritania,2005,10.481967400359,Total GHG
MTQ,Martinique,2005,0.85660081555677,Total GHG
MUS,Mauritius,2005,3.6791215477548,Total GHG
MWI,Malawi,2005,8.9520908863902,Total GHG
MYS,Malaysia,2005,215.21262507506,Total GHG
NAM,Namibia,2005,10.640237132248,Total GHG
NCL,New Caledonia,2005,3.009528432799,Total GHG
NER,Niger,2005,20.043332457902,Total GHG
NGA,Nigeria,2005,351.6043237257,Total GHG
NIC,Nicaragua,2005,13.02709565306,Total GHG
NLD,Netherlands,2005,222.29971092077,Total GHG
NOR,Norway,2005,59.493182215093,Total GHG
NPL,Nepal,2005,30.405852470487,Total GHG
NZL,New Zealand,2005,87.701345109043,Total GHG
OMN,Oman,2005,62.188031746624,Total GHG
PAK,Pakistan,2005,319.16484961721,Total GHG
PAN,Panama,2005,12.387976779187,Total GHG
PER,Peru,2005,60.194810042031,Total GHG
PHL,Philippines,2005,145.0007884128,Total GHG
PLW,Palau,2005,1.8429621193125,Total GHG
PNG,Papua New Guinea,2005,9.9954740438086,Total GHG
POL,Poland,2005,409.95234769955,Total GHG
PRI,Puerto Rico,2005,29.357144561717,Total GHG
PRK,North Korea,2005,109.28902174255,Total GHG
PRT,Portugal,2005,84.724818572389,Total GHG
PRY,Paraguay,2005,25.819829845261,Total GHG
PYF,French Polynesia,2005,1.0358876855469,Total GHG
QAT,Qatar,2005,65.671673899314,Total GHG
REU,Réunion,2005,2.6914381450907,Total GHG
ROU,Romania,2005,138.32832917228,Total GHG
RUS,Russia,2005,2166.7250726837,Total GHG
RWA,Rwanda,2005,4.7960970710746,Total GHG
SAU,Saudi Arabia,2005,457.15851284721,Total GHG
SCG,Serbia and Montenegro,2005,76.58621178879,Total GHG
SDN,Sudan and South Sudan,2005,114.42841259741,Total GHG
SEN,Senegal,2005,16.072049723351,Total GHG
SGP,Singapore,2005,50.329124234885,Total GHG
SHN,"Saint Helena, Ascension and Tristan da Cunha",2005,0.012927099972271,Total GHG
SLB,Solomon Islands,2005,0.49097902114231,Total GHG
SLE,Sierra Leone,2005,4.4614198135257,Total GHG
SLV,El Salvador,2005,12.14788291231,Total GHG
SOM,Somalia,2005,31.173033001225,Total GHG
SPM,Saint Pierre and Miquelon,2005,0.029334922160331,Total GHG
STP,São Tomé and Príncipe,2005,0.1568071056718,Total GHG
SUR,Suriname,2005,2.6045166136666,Total GHG
SVK,Slovakia,2005,51.095412440329,Total GHG
SVN,Slovenia,2005,23.507644097504,Total GHG
SWE,Sweden,2005,71.924123422492,Total GHG
SWZ,Eswatini,2005,3.1869875839301,Total GHG
SYC,Seychelles,2005,1.0346679916334,Total GHG
SYR,Syria,2005,86.642449339728,Total GHG
TCA,Turks and Caicos Islands,2005,0.042697499986534,Total GHG
TCD,Chad,2005,36.635132607364,Total GHG
TGO,Togo,2005,5.4547986230707,Total GHG
THA,Thailand,2005,338.87219450696,Total GHG
TJK,Tajikistan,2005,11.808893406205,Total GHG
TKM,Turkmenistan,2005,81.221964253351,Total GHG
TLS,Timor-Leste,2005,2.0152145597055,Total GHG
TON,Tonga,2005,0.23106037524465,Total GHG
TTO,Trinidad and Tobago,2005,41.54201560895,Total GHG
TUN,Tunisia,2005,34.823734531635,Total GHG
TUR,Türkiye,2005,320.73023821935,Total GHG
TWN,Taiwan,2005,342.5018074386,Total GHG
TZA,Tanzania,2005,46.440984144211,Total GHG
UGA,Uganda,2005,23.687872603761,Total GHG
UKR,Ukraine,2005,456.23518394363,Total GHG
URY,Uruguay,2005,37.303043071841,Total GHG
USA,United States,2005,7160.6390468343,Total GHG
UZB,Uzbekistan,2005,177.25225657064,Total GHG
VCT,Saint Vincent and the Grenadines,2005,0.11683705174316,Total GHG
VEN,Venezuela,2005,244.9699320081,Total GHG
VGB,British Virgin Islands,2005,0.050154781000737,Total GHG
VNM,Viet Nam,2005,225.20493603289,Total GHG
VUT,Vanuatu,2005,0.5350819220472,Total GHG
WSM,Samoa,2005,0.41191437001749,Total GHG
YEM,Yemen,2005,44.197397526718,Total GHG
ZAF,South Africa,2005,549.40256057746,Total GHG
ZMB,Zambia,2005,16.293509767048,Total GHG
ZWE,Zimbabwe,2005,25.897753767114,Total GHG
,,2005,,Total GHG
EU27,EU27,2005,4552.2243946851,Total GHG
,,2005,,Total GHG
GLOBAL TOTAL,GLOBAL TOTAL,2005,40919.624603104,Total GHG
ABW,Aruba,2006,0.48773812420836,Total GHG
AFG,Afghanistan,2006,16.338498178131,Total GHG
AGO,Angola,2006,61.220942950481,Total GHG
AIA,Anguilla,2006,0.015512027314156,Total GHG
ALB,Albania,2006,8.0376910968768,Total GHG
ANT,Curaçao,2006,5.9961158288398,Total GHG
ARE,United Arab Emirates,2006,162.32498210109,Total GHG
ARG,Argentina,2006,342.68152704837,Total GHG
ARM,Armenia,2006,7.18926183286,Total GHG
ATG,Antigua and Barbuda,2006,0.28869655200843,Total GHG
AUS,Australia,2006,584.42883934315,Total GHG
AUT,Austria,2006,93.988559264152,Total GHG
AZE,Azerbaijan,2006,46.218149758188,Total GHG
BDI,Burundi,2006,3.5148837768241,Total GHG
BEL,Belgium,2006,140.46892930192,Total GHG
BEN,Benin,2006,9.3405608142395,Total GHG
BFA,Burkina Faso,2006,20.953179043135,Total GHG
BGD,Bangladesh,2006,124.19894758876,Total GHG
BGR,Bulgaria,2006,66.251875674929,Total GHG
BHR,Bahrain,2006,42.769667814562,Total GHG
BHS,Bahamas,2006,1.3885591927671,Total GHG
BIH,Bosnia and Herzegovina,2006,25.355918228407,Total GHG
BLR,Belarus,2006,90.829136427768,Total GHG
BLZ,Belize,2006,0.63153339493291,Total GHG
BMU,Bermuda,2006,0.26097162388715,Total GHG
BOL,Bolivia,2006,33.837754554091,Total GHG
BRA,Brazil,2006,1004.579138526,Total GHG
BRB,Barbados,2006,0.90414402290359,Total GHG
BRN,Brunei,2006,11.323594218671,Total GHG
BTN,Bhutan,2006,1.6645112934498,Total GHG
BWA,Botswana,2006,10.019284655047,Total GHG
CAF,Central African Republic,2006,9.8164221174915,Total GHG
CAN,Canada,2006,763.16157371932,Total GHG
CHE,Switzerland and Liechtenstein,2006,55.264341360577,Total GHG
CHL,Chile,2006,89.455777471636,Total GHG
CHN,China,2006,8759.3388854779,Total GHG
CIV,Côte d’Ivoire,2006,17.748174015343,Total GHG
CMR,Cameroon,2006,29.593375929285,Total GHG
COD,Democratic Republic of the Congo,2006,26.236202531458,Total GHG
COG,Congo,2006,21.764295683285,Total GHG
COK,Cook Islands,2006,0.097834008720143,Total GHG
COL,Colombia,2006,156.40889510988,Total GHG
COM,Comoros,2006,0.51538729660607,Total GHG
CPV,Cabo Verde,2006,0.85471192601593,Total GHG
CRI,Costa Rica,2006,12.83173094579,Total GHG
CUB,Cuba,2006,42.843634741321,Total GHG
CYM,Cayman Islands,2006,0.18739608820825,Total GHG
CYP,Cyprus,2006,9.3520519019972,Total GHG
CZE,Czechia,2006,154.85289213496,Total GHG
DEU,Germany,2006,987.456886714,Total GHG
DJI,Djibouti,2006,1.9140560615927,Total GHG
DMA,Dominica,2006,0.12355485304691,Total GHG
DNK,Denmark,2006,73.174731407787,Total GHG
DOM,Dominican Republic,2006,31.196367198796,Total GHG
DZA,Algeria,2006,167.19788111493,Total GHG
ECU,Ecuador,2006,56.086405125195,Total GHG
EGY,Egypt,2006,276.77986559259,Total GHG
ERI,Eritrea,2006,5.3164406501906,Total GHG
ESH,Western Sahara,2006,0.61819948339545,Total GHG
ESP,Spain and Andorra,2006,440.45479012335,Total GHG
EST,Estonia,2006,23.417555959401,Total GHG
ETH,Ethiopia,2006,101.34727018402,Total GHG
FIN,Finland,2006,87.463743528624,Total GHG
FJI,Fiji,2006,3.2404627174598,Total GHG
FLK,Falkland Islands,2006,0.15898436157535,Total GHG
FRA,France and Monaco,2006,528.19812834364,Total GHG
FRO,Faroes,2006,0.091078390548515,Total GHG
GAB,Gabon,2006,22.636205053566,Total GHG
GBR,United Kingdom,2006,698.53366874399,Total GHG
GEO,Georgia,2006,11.785809176935,Total GHG
GHA,Ghana,2006,19.819738321205,Total GHG
GIB,Gibraltar,2006,0.4438396369431,Total GHG
GIN,Guinea,2006,13.092197511819,Total GHG
GLP,Guadeloupe,2006,1.0473891253691,Total GHG
GMB,The Gambia,2006,1.5433799132786,Total GHG
GNB,Guinea-Bissau,2006,2.2498989631757,Total GHG
GNQ,Equatorial Guinea,2006,16.94131623078,Total GHG
GRC,Greece,2006,123.34174152226,Total GHG
GRD,Grenada,2006,0.13074047578572,Total GHG
GRL,Greenland,2006,0.6895594132075,Total GHG
GTM,Guatemala,2006,26.244292727169,Total GHG
GUF,French Guiana,2006,0.32706952678243,Total GHG
GUY,Guyana,2006,3.0168261882857,Total GHG
HKG,Hong Kong,2006,47.106084902195,Total GHG
HND,Honduras,2006,16.233794634067,Total GHG
HRV,Croatia,2006,29.715120755353,Total GHG
HTI,Haiti,2006,10.417047178872,Total GHG
HUN,Hungary,2006,80.318260859842,Total GHG
IDN,Indonesia,2006,626.63398268224,Total GHG
IND,India,2006,2216.1962446685,Total GHG
IRL,Ireland,2006,78.350293715941,Total GHG
IRN,Iran,2006,697.20365700663,Total GHG
IRQ,Iraq,2006,164.14687429831,Total GHG
ISL,Iceland,2006,4.397429698329,Total GHG
ISR,"Israel and Palestine, State of",2006,75.400996582402,Total GHG
ITA,"Italy, San Marino and the Holy See",2006,567.1625327208,Total GHG
JAM,Jamaica,2006,13.714892023594,Total GHG
JOR,Jordan,2006,25.141227208611,Total GHG
JPN,Japan,2006,1359.7126345894,Total GHG
KAZ,Kazakhstan,2006,263.57288880348,Total GHG
KEN,Kenya,2006,51.632405311357,Total GHG
KGZ,Kyrgyzstan,2006,11.990129572577,Total GHG
KHM,Cambodia,2006,26.598857804852,Total GHG
KIR,Kiribati,2006,0.089469221190868,Total GHG
KNA,Saint Kitts and Nevis,2006,0.11254911435382,Total GHG
KOR,South Korea,2006,583.40056939046,Total GHG
KWT,Kuwait,2006,125.31017177957,Total GHG
LAO,Laos,2006,10.846878845942,Total GHG
LBN,Lebanon,2006,20.033499388488,Total GHG
LBR,Liberia,2006,2.9848599999877,Total GHG
LBY,Libya,2006,102.79963752355,Total GHG
LCA,Saint Lucia,2006,0.23693410952652,Total GHG
LKA,Sri Lanka,2006,24.840024560619,Total GHG
LSO,Lesotho,2006,2.7028874269729,Total GHG
LTU,Lithuania,2006,23.865147867764,Total GHG
LUX,Luxembourg,2006,12.88145808595,Total GHG
LVA,Latvia,2006,12.878306494519,Total GHG
MAC,Macao,2006,2.1150199657813,Total GHG
MAR,Morocco,2006,72.02162876421,Total GHG
MDA,Moldova,2006,11.068800713778,Total GHG
MDG,Madagascar,2006,26.478383977812,Total GHG
MDV,Maldives,2006,0.9303103212045,Total GHG
MEX,Mexico,2006,646.27617533765,Total GHG
MKD,North Macedonia,2006,12.056545563583,Total GHG
MLI,Mali,2006,20.478343849942,Total GHG
MLT,Malta,2006,3.0354640900742,Total GHG
MMR,Myanmar/Burma,2006,107.94089025157,Total GHG
MNG,Mongolia,2006,32.180771060858,Total GHG
MOZ,Mozambique,2006,13.77135690396,Total GHG
MRT,Mauritania,2006,11.134011833012,Total GHG
MTQ,Martinique,2006,0.92630511874099,Total GHG
MUS,Mauritius,2006,4.4350200647022,Total GHG
MWI,Malawi,2006,9.3984105658371,Total GHG
MYS,Malaysia,2006,223.0274738653,Total GHG
NAM,Namibia,2006,9.2953094315946,Total GHG
NCL,New Caledonia,2006,3.0080174641096,Total GHG
NER,Niger,2006,20.754661218022,Total GHG
NGA,Nigeria,2006,324.01093433072,Total GHG
NIC,Nicaragua,2006,13.632670736989,Total GHG
NLD,Netherlands,2006,218.48300087613,Total GHG
NOR,Norway,2006,60.358689545034,Total GHG
NPL,Nepal,2006,29.835742665657,Total GHG
NZL,New Zealand,2006,88.156583037136,Total GHG
OMN,Oman,2006,68.950601385236,Total GHG
PAK,Pakistan,2006,341.14837509777,Total GHG
PAN,Panama,2006,12.839044717732,Total GHG
PER,Peru,2006,59.767073262452,Total GHG
PHL,Philippines,2006,137.58836170514,Total GHG
PLW,Palau,2006,1.8022361864896,Total GHG
PNG,Papua New Guinea,2006,10.56854016924,Total GHG
POL,Poland,2006,423.24011013508,Total GHG
PRI,Puerto Rico,2006,19.930683510306,Total GHG
PRK,North Korea,2006,110.99625751712,Total GHG
PRT,Portugal,2006,79.900309592621,Total GHG
PRY,Paraguay,2006,27.640840333693,Total GHG
PYF,French Polynesia,2006,0.97872284744964,Total GHG
QAT,Qatar,2006,71.413334834185,Total GHG
REU,Réunion,2006,2.5977036358694,Total GHG
ROU,Romania,2006,144.77263287335,Total GHG
RUS,Russia,2006,2203.8701592366,Total GHG
RWA,Rwanda,2006,5.0702266911749,Total GHG
SAU,Saudi Arabia,2006,480.83646061988,Total GHG
SCG,Serbia and Montenegro,2006,78.162147372436,Total GHG
SDN,Sudan and South Sudan,2006,117.39178521433,Total GHG
SEN,Senegal,2006,16.302797416408,Total GHG
SGP,Singapore,2006,50.598575686478,Total GHG
SHN,"Saint Helena, Ascension and Tristan da Cunha",2006,0.011666978262527,Total GHG
SLB,Solomon Islands,2006,0.49617919754509,Total GHG
SLE,Sierra Leone,2006,5.0989659157082,Total GHG
SLV,El Salvador,2006,12.638640746978,Total GHG
SOM,Somalia,2006,30.303781119296,Total GHG
SPM,Saint Pierre and Miquelon,2006,0.031788638338214,Total GHG
STP,São Tomé and Príncipe,2006,0.16353579171783,Total GHG
SUR,Suriname,2006,2.4806092388144,Total GHG
SVK,Slovakia,2006,51.31735014015,Total GHG
SVN,Slovenia,2006,23.587812278748,Total GHG
SWE,Sweden,2006,72.176631646822,Total GHG
SWZ,Eswatini,2006,3.1101872359917,Total GHG
SYC,Seychelles,2006,1.1228230636844,Total GHG
SYR,Syria,2006,88.434705575365,Total GHG
TCA,Turks and Caicos Islands,2006,0.051802581384829,Total GHG
TCD,Chad,2006,38.301977451941,Total GHG
TGO,Togo,2006,5.4302296852111,Total GHG
THA,Thailand,2006,343.89792108755,Total GHG
TJK,Tajikistan,2006,12.488926862258,Total GHG
TKM,Turkmenistan,2006,85.225550860249,Total GHG
TLS,Timor-Leste,2006,2.1607737362364,Total GHG
TON,Tonga,2006,0.24339644985408,Total GHG
TTO,Trinidad and Tobago,2006,45.699209459516,Total GHG
TUN,Tunisia,2006,36.203509767996,Total GHG
TUR,Türkiye,2006,352.19088899541,Total GHG
TWN,Taiwan,2006,332.47432314704,Total GHG
TZA,Tanzania,2006,48.004402767261,Total GHG
UGA,Uganda,2006,24.488129426334,Total GHG
UKR,Ukraine,2006,455.73434975784,Total GHG
URY,Uruguay,2006,39.334068921025,Total GHG
USA,United States,2006,7041.3086154519,Total GHG
UZB,Uzbekistan,2006,189.40995935647,Total GHG
VCT,Saint Vincent and the Grenadines,2006,0.12436863248532,Total GHG
VEN,Venezuela,2006,247.85925265015,Total GHG
VGB,British Virgin Islands,2006,0.057968172746606,Total GHG
VNM,Viet Nam,2006,231.43666427557,Total GHG
VUT,Vanuatu,2006,0.53463852047307,Total GHG
WSM,Samoa,2006,0.41279189762606,Total GHG
YEM,Yemen,2006,48.728334991531,Total GHG
ZAF,South Africa,2006,553.5642191437,Total GHG
ZMB,Zambia,2006,16.294637093277,Total GHG
ZWE,Zimbabwe,2006,24.815709636112,Total GHG
,,2006,,Total GHG
EU27,EU27,2006,4550.1063180102,Total GHG
,,2006,,Total GHG
GLOBAL TOTAL,GLOBAL TOTAL,2006,42078.825888044,Total GHG
ABW,Aruba,2007,0.52282749914674,Total GHG
AFG,Afghanistan,2007,17.511647293268,Total GHG
AGO,Angola,2007,59.728509631686,Total GHG
AIA,Anguilla,2007,0.01506413999675,Total GHG
ALB,Albania,2007,7.9927804202399,Total GHG
ANT,Curaçao,2007,6.483448643498,Total GHG
ARE,United Arab Emirates,2007,172.83580578118,Total GHG
ARG,Argentina,2007,354.36305793046,Total GHG
ARM,Armenia,2007,8.1343789849869,Total GHG
ATG,Antigua and Barbuda,2007,0.30700016378066,Total GHG
AUS,Australia,2007,592.23531046011,Total GHG
AUT,Austria,2007,91.004822399421,Total GHG
AZE,Azerbaijan,2007,46.628332996815,Total GHG
BDI,Burundi,2007,3.7863113796794,Total GHG
BEL,Belgium,2007,137.89501151747,Total GHG
BEN,Benin,2007,10.051853933632,Total GHG
BFA,Burkina Faso,2007,21.823115116808,Total GHG
BGD,Bangladesh,2007,128.73064441462,Total GHG
BGR,Bulgaria,2007,70.034193530343,Total GHG
BHR,Bahrain,2007,43.879910096195,Total GHG
BHS,Bahamas,2007,1.6169034409311,Total GHG
BIH,Bosnia and Herzegovina,2007,26.612745242481,Total GHG
BLR,Belarus,2007,89.579345377436,Total GHG
BLZ,Belize,2007,0.65947876720019,Total GHG
BMU,Bermuda,2007,0.30754324761194,Total GHG
BOL,Bolivia,2007,35.846935616622,Total GHG
BRA,Brazil,2007,1024.210210615,Total GHG
BRB,Barbados,2007,0.87236578131461,Total GHG
BRN,Brunei,2007,10.808777023866,Total GHG
BTN,Bhutan,2007,1.6866103278566,Total GHG
BWA,Botswana,2007,10.19765810362,Total GHG
CAF,Central African Republic,2007,10.858212742374,Total GHG
CAN,Canada,2007,784.75105186479,Total GHG
CHE,Switzerland and Liechtenstein,2007,53.239083428981,Total GHG
CHL,Chile,2007,98.218349129403,Total GHG
CHN,China,2007,9356.3433930604,Total GHG
CIV,Côte d’Ivoire,2007,18.159115816998,Total GHG
CMR,Cameroon,2007,30.400991232963,Total GHG
COD,Democratic Republic of the Congo,2007,27.004448287214,Total GHG
COG,Congo,2007,18.708580925426,Total GHG
COK,Cook Islands,2007,0.08568759740655,Total GHG
COL,Colombia,2007,161.21390453942,Total GHG
COM,Comoros,2007,0.46508706905412,Total GHG
CPV,Cabo Verde,2007,0.94128554791236,Total GHG
CRI,Costa Rica,2007,13.941919016096,Total GHG
CUB,Cuba,2007,43.846134967568,Total GHG
CYM,Cayman Islands,2007,0.23049528895788,Total GHG
CYP,Cyprus,2007,9.665153161639,Total GHG
CZE,Czechia,2007,156.69098392466,Total GHG
DEU,Germany,2007,959.37790169002,Total GHG
DJI,Djibouti,2007,1.9505013391647,Total GHG
DMA,Dominica,2007,0.13751805551359,Total GHG
DNK,Denmark,2007,68.677066954691,Total GHG
DOM,Dominican Republic,2007,32.302439729512,Total GHG
DZA,Algeria,2007,166.84751333041,Total GHG
ECU,Ecuador,2007,56.322024501767,Total GHG
EGY,Egypt,2007,291.11988890522,Total GHG
ERI,Eritrea,2007,5.5336868726869,Total GHG
ESH,Western Sahara,2007,0.61646009526975,Total GHG
ESP,Spain and Andorra,2007,457.46133513123,Total GHG
EST,Estonia,2007,27.22877979221,Total GHG
ETH,Ethiopia,2007,110.99988510753,Total GHG
FIN,Finland,2007,85.633395273,Total GHG
FJI,Fiji,2007,3.106535403841,Total GHG
FLK,Falkland Islands,2007,0.16179970470511,Total GHG
FRA,France and Monaco,2007,522.87574586897,Total GHG
FRO,Faroes,2007,0.091140926676389,Total GHG
GAB,Gabon,2007,19.562392378954,Total GHG
GBR,United Kingdom,2007,685.42829391298,Total GHG
GEO,Georgia,2007,12.669212878099,Total GHG
GHA,Ghana,2007,20.373495483676,Total GHG
GIB,Gibraltar,2007,0.44074233328146,Total GHG
GIN,Guinea,2007,13.562777102181,Total GHG
GLP,Guadeloupe,2007,1.0943641154843,Total GHG
GMB,The Gambia,2007,1.5774435111544,Total GHG
GNB,Guinea-Bissau,2007,2.3590063648182,Total GHG
GNQ,Equatorial Guinea,2007,18.133397924995,Total GHG
GRC,Greece,2007,127.74550132409,Total GHG
GRD,Grenada,2007,0.1407764397754,Total GHG
GRL,Greenland,2007,0.68012041404076,Total GHG
GTM,Guatemala,2007,27.318126069056,Total GHG
GUF,French Guiana,2007,0.34902831137866,Total GHG
GUY,Guyana,2007,3.3266491991448,Total GHG
HKG,Hong Kong,2007,49.18641841945,Total GHG
HND,Honduras,2007,17.495048183272,Total GHG
HRV,Croatia,2007,31.259694822245,Total GHG
HTI,Haiti,2007,10.948283827673,Total GHG
HUN,Hungary,2007,77.761492447432,Total GHG
IDN,Indonesia,2007,650.31569668042,Total GHG
IND,India,2007,2359.3108699666,Total GHG
IRL,Ireland,2007,76.896449613238,Total GHG
IRN,Iran,2007,721.22306100296,Total GHG
IRQ,Iraq,2007,154.43794882856,Total GHG
ISL,Iceland,2007,4.7550504389316,Total GHG
ISR,"Israel and Palestine, State of",2007,78.02212180729,Total GHG
ITA,"Italy, San Marino and the Holy See",2007,560.65043194971,Total GHG
JAM,Jamaica,2007,13.613605050804,Total GHG
JOR,Jordan,2007,26.238970309833,Total GHG
JPN,Japan,2007,1393.9089779451,Total GHG
KAZ,Kazakhstan,2007,274.77578710752,Total GHG
KEN,Kenya,2007,71.434855182887,Total GHG
KGZ,Kyrgyzstan,2007,13.346050899218,Total GHG
KHM,Cambodia,2007,27.873430673271,Total GHG
KIR,Kiribati,2007,0.085603157472978,Total GHG
KNA,Saint Kitts and Nevis,2007,0.12120448936452,Total GHG
KOR,South Korea,2007,603.97624304572,Total GHG
KWT,Kuwait,2007,121.43700956847,Total GHG
LAO,Laos,2007,11.474861237016,Total GHG
LBN,Lebanon,2007,18.888275982924,Total GHG
LBR,Liberia,2007,2.8839794523786,Total GHG
LBY,Libya,2007,96.255513564884,Total GHG
LCA,Saint Lucia,2007,0.24760158029096,Total GHG
LKA,Sri Lanka,2007,25.620722488896,Total GHG
LSO,Lesotho,2007,2.8394100586097,Total GHG
LTU,Lithuania,2007,25.954882706691,Total GHG
LUX,Luxembourg,2007,12.297900403313,Total GHG
LVA,Latvia,2007,13.308954637182,Total GHG
MAC,Macao,2007,2.0108698760241,Total GHG
MAR,Morocco,2007,72.952027024678,Total GHG
MDA,Moldova,2007,10.933270307962,Total GHG
MDG,Madagascar,2007,27.116645120156,Total GHG
MDV,Maldives,2007,0.97772346183189,Total GHG
MEX,Mexico,2007,656.98215440437,Total GHG
MKD,North Macedonia,2007,12.817499873478,Total GHG
MLI,Mali,2007,21.86752026045,Total GHG
MLT,Malta,2007,3.1131920105243,Total GHG
MMR,Myanmar/Burma,2007,110.21679270122,Total GHG
MNG,Mongolia,2007,34.933765396604,Total GHG
MOZ,Mozambique,2007,14.398200604555,Total GHG
MRT,Mauritania,2007,10.898617052901,Total GHG
MTQ,Martinique,2007,0.97111105705642,Total GHG
MUS,Mauritius,2007,4.5695757662227,Total GHG
MWI,Malawi,2007,10.018542884169,Total GHG
MYS,Malaysia,2007,240.60257439948,Total GHG
NAM,Namibia,2007,9.2811718727608,Total GHG
NCL,New Caledonia,2007,3.0865783361994,Total GHG
NER,Niger,2007,21.612053430895,Total GHG
NGA,Nigeria,2007,298.67143732579,Total GHG
NIC,Nicaragua,2007,13.90045548224,Total GHG
NLD,Netherlands,2007,218.60476075167,Total GHG
NOR,Norway,2007,61.669942343436,Total GHG
NPL,Nepal,2007,30.857715387116,Total GHG
NZL,New Zealand,2007,86.916036845942,Total GHG
OMN,Oman,2007,70.675730385342,Total GHG
PAK,Pakistan,2007,363.58122210031,Total GHG
PAN,Panama,2007,12.779999326747,Total GHG
PER,Peru,2007,62.9141973164,Total GHG
PHL,Philippines,2007,146.19582629677,Total GHG
PLW,Palau,2007,1.4635690123808,Total GHG
PNG,Papua New Guinea,2007,9.7098278265747,Total GHG
POL,Poland,2007,420.4154440774,Total GHG
PRI,Puerto Rico,2007,20.899417189358,Total GHG
PRK,North Korea,2007,95.214790546368,Total GHG
PRT,Portugal,2007,78.163550813388,Total GHG
PRY,Paraguay,2007,29.700932800761,Total GHG
PYF,French Polynesia,2007,1.0467968226768,Total GHG
QAT,Qatar,2007,80.014513083518,Total GHG
REU,Réunion,2007,2.4724108611745,Total GHG
ROU,Romania,2007,142.50963566974,Total GHG
RUS,Russia,2007,2216.1012173482,Total GHG
RWA,Rwanda,2007,5.1862971859811,Total GHG
SAU,Saudi Arabia,2007,502.56805706823,Total GHG
SCG,Serbia and Montenegro,2007,76.779830521465,Total GHG
SDN,Sudan and South Sudan,2007,120.58296082931,Total GHG
SEN,Senegal,2007,17.256944533191,Total GHG
SGP,Singapore,2007,51.167425277789,Total GHG
SHN,"Saint Helena, Ascension and Tristan da Cunha",2007,0.013087201126673,Total GHG
SLB,Solomon Islands,2007,0.52438190438203,Total GHG
SLE,Sierra Leone,2007,4.6213623414487,Total GHG
SLV,El Salvador,2007,12.890248649688,Total GHG
SOM,Somalia,2007,29.070092869685,Total GHG
SPM,Saint Pierre and Miquelon,2007,0.033975688513755,Total GHG
STP,São Tomé and Príncipe,2007,0.16669921372943,Total GHG
SUR,Suriname,2007,2.373080245634,Total GHG
SVK,Slovakia,2007,50.245456940346,Total GHG
SVN,Slovenia,2007,23.515283737352,Total GHG
SWE,Sweden,2007,69.762195792954,Total GHG
SWZ,Eswatini,2007,3.1882526860801,Total GHG
SYC,Seychelles,2007,0.93869668288854,Total GHG
SYR,Syria,2007,92.372942447712,Total GHG
TCA,Turks and Caicos Islands,2007,0.062000402479022,Total GHG
TCD,Chad,2007,40.221805876853,Total GHG
TGO,Togo,2007,5.4984601590686,Total GHG
THA,Thailand,2007,355.10252176872,Total GHG
TJK,Tajikistan,2007,13.971814649019,Total GHG
TKM,Turkmenistan,2007,89.799171155744,Total GHG
TLS,Timor-Leste,2007,1.9758187828198,Total GHG
TON,Tonga,2007,0.22473878518504,Total GHG
TTO,Trinidad and Tobago,2007,46.509467952548,Total GHG
TUN,Tunisia,2007,37.060718095686,Total GHG
TUR,Türkiye,2007,379.25637007571,Total GHG
TWN,Taiwan,2007,341.67219305766,Total GHG
TZA,Tanzania,2007,48.008550033271,Total GHG
UGA,Uganda,2007,25.817452210243,Total GHG
UKR,Ukraine,2007,471.21759045388,Total GHG
URY,Uruguay,2007,38.502039555271,Total GHG
USA,United States,2007,7129.181816994,Total GHG
UZB,Uzbekistan,2007,183.60085907897,Total GHG
VCT,Saint Vincent and the Grenadines,2007,0.13059924275831,Total GHG
VEN,Venezuela,2007,246.78920378327,Total GHG
VGB,British Virgin Islands,2007,0.06194500694971,Total GHG
VNM,Viet Nam,2007,245.1668134278,Total GHG
VUT,Vanuatu,2007,0.66221239817374,Total GHG
WSM,Samoa,2007,0.42544877232542,Total GHG
YEM,Yemen,2007,50.956930927988,Total GHG
ZAF,South Africa,2007,575.59944310494,Total GHG
ZMB,Zambia,2007,15.76817826618,Total GHG
ZWE,Zimbabwe,2007,24.839835483427,Total GHG
,,2007,,Total GHG
EU27,EU27,2007,4518.749216941,Total GHG
,,2007,,Total GHG
GLOBAL TOTAL,GLOBAL TOTAL,2007,43350.586881897,Total GHG
ABW,Aruba,2008,0.51530151916293,Total GHG
AFG,Afghanistan,2008,20.859991932454,Total GHG
AGO,Angola,2008,63.036149427156,Total GHG
AIA,Anguilla,2008,0.018104828438473,Total GHG
ALB,Albania,2008,7.7800718045485,Total GHG
ANT,Curaçao,2008,6.4160381604317,Total GHG
ARE,United Arab Emirates,2008,200.39141813479,Total GHG
ARG,Argentina,2008,357.01589729525,Total GHG
ARM,Armenia,2008,8.6113741149986,Total GHG
ATG,Antigua and Barbuda,2008,0.3227411578867,Total GHG
AUS,Australia,2008,590.4227159003,Total GHG
AUT,Austria,2008,90.597590132794,Total GHG
AZE,Azerbaijan,2008,51.141854431772,Total GHG
BDI,Burundi,2008,3.7713400874834,Total GHG
BEL,Belgium,2008,139.58554027039,Total GHG
BEN,Benin,2008,10.163393023881,Total GHG
BFA,Burkina Faso,2008,22.970249252495,Total GHG
BGD,Bangladesh,2008,135.77094764098,Total GHG
BGR,Bulgaria,2008,66.924755692547,Total GHG
BHR,Bahrain,2008,47.369200041008,Total GHG
BHS,Bahamas,2008,1.6691067074005,Total GHG
BIH,Bosnia and Herzegovina,2008,28.07494678231,Total GHG
BLR,Belarus,2008,96.342708069759,Total GHG
BLZ,Belize,2008,0.67127095476251,Total GHG
BMU,Bermuda,2008,0.30944344386871,Total GHG
BOL,Bolivia,2008,37.058308305556,Total GHG
BRA,Brazil,2008,1057.6067051268,Total GHG
BRB,Barbados,2008,0.99404032373918,Total GHG
BRN,Brunei,2008,12.90579008751,Total GHG
BTN,Bhutan,2008,1.727774975537,Total GHG
BWA,Botswana,2008,10.896960604478,Total GHG
CAF,Central African Republic,2008,10.892409025044,Total GHG
CAN,Canada,2008,760.7636664819,Total GHG
CHE,Switzerland and Liechtenstein,2008,54.821662020374,Total GHG
CHL,Chile,2008,102.60009674557,Total GHG
CHN,China,2008,9576.2958707087,Total GHG
CIV,Côte d’Ivoire,2008,19.018118364989,Total GHG
CMR,Cameroon,2008,30.189855379362,Total GHG
COD,Democratic Republic of the Congo,2008,27.682345186735,Total GHG
COG,Congo,2008,18.528063702332,Total GHG
COK,Cook Islands,2008,0.087527317789641,Total GHG
COL,Colombia,2008,162.34200236275,Total GHG
COM,Comoros,2008,0.47127224366493,Total GHG
CPV,Cabo Verde,2008,0.91721665934203,Total GHG
CRI,Costa Rica,2008,14.123072558477,Total GHG
CUB,Cuba,2008,43.267656686909,Total GHG
CYM,Cayman Islands,2008,0.24913880198647,Total GHG
CYP,Cyprus,2008,9.8766584416924,Total GHG
CZE,Czechia,2008,150.34017572123,Total GHG
DEU,Germany,2008,958.30795510982,Total GHG
DJI,Djibouti,2008,2.0403928549402,Total GHG
DMA,Dominica,2008,0.13579923343804,Total GHG
DNK,Denmark,2008,64.976293764322,Total GHG
DOM,Dominican Republic,2008,32.561252120288,Total GHG
DZA,Algeria,2008,174.85894715926,Total GHG
ECU,Ecuador,2008,57.915508130651,Total GHG
EGY,Egypt,2008,294.11354333809,Total GHG
ERI,Eritrea,2008,5.4812842349671,Total GHG
ESH,Western Sahara,2008,0.62222016333785,Total GHG
ESP,Spain and Andorra,2008,422.14643742525,Total GHG
EST,Estonia,2008,25.166603198251,Total GHG
ETH,Ethiopia,2008,116.47153808084,Total GHG
FIN,Finland,2008,76.728085512003,Total GHG
FJI,Fiji,2008,2.6754535062788,Total GHG
FLK,Falkland Islands,2008,0.16257386112263,Total GHG
FRA,France and Monaco,2008,515.5236224921,Total GHG
FRO,Faroes,2008,0.091027745697085,Total GHG
GAB,Gabon,2008,21.040694290185,Total GHG
GBR,United Kingdom,2008,663.27729993201,Total GHG
GEO,Georgia,2008,11.780926390563,Total GHG
GHA,Ghana,2008,22.037284140195,Total GHG
GIB,Gibraltar,2008,0.45010851895735,Total GHG
GIN,Guinea,2008,14.155790568532,Total GHG
GLP,Guadeloupe,2008,1.1098879864869,Total GHG
GMB,The Gambia,2008,1.6545121711177,Total GHG
GNB,Guinea-Bissau,2008,2.438001272068,Total GHG
GNQ,Equatorial Guinea,2008,16.989691735712,Total GHG
GRC,Greece,2008,123.23124092324,Total GHG
GRD,Grenada,2008,0.14983240749484,Total GHG
GRL,Greenland,2008,0.69732110152205,Total GHG
GTM,Guatemala,2008,26.772525428989,Total GHG
GUF,French Guiana,2008,0.363698744882,Total GHG
GUY,Guyana,2008,3.4012325791781,Total GHG
HKG,Hong Kong,2008,47.918231031844,Total GHG
HND,Honduras,2008,17.803860605115,Total GHG
HRV,Croatia,2008,30.12597619439,Total GHG
HTI,Haiti,2008,11.061225278697,Total GHG
HUN,Hungary,2008,75.451738324955,Total GHG
IDN,Indonesia,2008,653.17937324306,Total GHG
IND,India,2008,2486.3896587473,Total GHG
IRL,Ireland,2008,76.147365610668,Total GHG
IRN,Iran,2008,737.02491149674,Total GHG
IRQ,Iraq,2008,171.49782000592,Total GHG
ISL,Iceland,2008,5.0503253425538,Total GHG
ISR,"Israel and Palestine, State of",2008,79.513605808847,Total GHG
ITA,"Italy, San Marino and the Holy See",2008,545.7313409465,Total GHG
JAM,Jamaica,2008,11.207959917632,Total GHG
JOR,Jordan,2008,25.912517390229,Total GHG
JPN,Japan,2008,1319.3170040102,Total GHG
KAZ,Kazakhstan,2008,308.1772160258,Total GHG
KEN,Kenya,2008,76.178892642344,Total GHG
KGZ,Kyrgyzstan,2008,14.739484058268,Total GHG
KHM,Cambodia,2008,28.792656127188,Total GHG
KIR,Kiribati,2008,0.093325333765673,Total GHG
KNA,Saint Kitts and Nevis,2008,0.12674101046772,Total GHG
KOR,South Korea,2008,616.33606736255,Total GHG
KWT,Kuwait,2008,126.24871957469,Total GHG
LAO,Laos,2008,12.0019999179,Total GHG
LBN,Lebanon,2008,22.350346401687,Total GHG
LBR,Liberia,2008,2.8918671390329,Total GHG
LBY,Libya,2008,100.57223165029,Total GHG
LCA,Saint Lucia,2008,0.25759496037346,Total GHG
LKA,Sri Lanka,2008,25.825385960237,Total GHG
LSO,Lesotho,2008,2.7033486126668,Total GHG
LTU,Lithuania,2008,26.421216062955,Total GHG
LUX,Luxembourg,2008,12.182249779259,Total GHG
LVA,Latvia,2008,12.910406513275,Total GHG
MAC,Macao,2008,1.67580305503,Total GHG
MAR,Morocco,2008,76.879428597387,Total GHG
MDA,Moldova,2008,10.614964049937,Total GHG
MDG,Madagascar,2008,27.738579084643,Total GHG
MDV,Maldives,2008,1.064072893209,Total GHG
MEX,Mexico,2008,663.53800644488,Total GHG
MKD,North Macedonia,2008,12.66193447029,Total GHG
MLI,Mali,2008,23.089656108753,Total GHG
MLT,Malta,2008,3.1332168801092,Total GHG
MMR,Myanmar/Burma,2008,108.91422601404,Total GHG
MNG,Mongolia,2008,35.924265472062,Total GHG
MOZ,Mozambique,2008,14.125256320641,Total GHG
MRT,Mauritania,2008,10.692834867688,Total GHG
MTQ,Martinique,2008,0.98713986045087,Total GHG
MUS,Mauritius,2008,4.692656073865,Total GHG
MWI,Malawi,2008,10.5723908379,Total GHG
MYS,Malaysia,2008,252.88525858933,Total GHG
NAM,Namibia,2008,10.041850617812,Total GHG
NCL,New Caledonia,2008,2.9929866887178,Total GHG
NER,Niger,2008,22.507062170021,Total GHG
NGA,Nigeria,2008,303.82146328557,Total GHG
NIC,Nicaragua,2008,13.756051820333,Total GHG
NLD,Netherlands,2008,214.11059130793,Total GHG
NOR,Norway,2008,63.348757474952,Total GHG
NPL,Nepal,2008,31.72700998326,Total GHG
NZL,New Zealand,2008,86.632141582103,Total GHG
OMN,Oman,2008,70.104115956656,Total GHG
PAK,Pakistan,2008,365.14263765789,Total GHG
PAN,Panama,2008,12.772465129025,Total GHG
PER,Peru,2008,68.038850464144,Total GHG
PHL,Philippines,2008,148.11134370732,Total GHG
PLW,Palau,2008,1.481132914789,Total GHG
PNG,Papua New Guinea,2008,10.287252035454,Total GHG
POL,Poland,2008,411.64121088527,Total GHG
PRI,Puerto Rico,2008,18.262750036763,Total GHG
PRK,North Korea,2008,102.82393884153,Total GHG
PRT,Portugal,2008,75.795570550032,Total GHG
PRY,Paraguay,2008,30.910022662073,Total GHG
PYF,French Polynesia,2008,1.0699356133195,Total GHG
QAT,Qatar,2008,85.469576234594,Total GHG
REU,Réunion,2008,2.6676879447017,Total GHG
ROU,Romania,2008,140.04509589622,Total GHG
RUS,Russia,2008,2206.7808633861,Total GHG
RWA,Rwanda,2008,5.398046295588,Total GHG
SAU,Saudi Arabia,2008,538.92769880891,Total GHG
SCG,Serbia and Montenegro,2008,76.141219813649,Total GHG
SDN,Sudan and South Sudan,2008,122.21956461428,Total GHG
SEN,Senegal,2008,18.004312257121,Total GHG
SGP,Singapore,2008,50.447863863967,Total GHG
SHN,"Saint Helena, Ascension and Tristan da Cunha",2008,0.013618407645981,Total GHG
SLB,Solomon Islands,2008,0.53370265469727,Total GHG
SLE,Sierra Leone,2008,4.8098850171307,Total GHG
SLV,El Salvador,2008,12.378615393678,Total GHG
SOM,Somalia,2008,29.528293915634,Total GHG
SPM,Saint Pierre and Miquelon,2008,0.035459720426907,Total GHG
STP,São Tomé and Príncipe,2008,0.17556703100595,Total GHG
SUR,Suriname,2008,2.458798051008,Total GHG
SVK,Slovakia,2008,50.103727634555,Total GHG
SVN,Slovenia,2008,24.134269114167,Total GHG
SWE,Sweden,2008,68.087860457967,Total GHG
SWZ,Eswatini,2008,3.1209058414151,Total GHG
SYC,Seychelles,2008,0.99391574798352,Total GHG
SYR,Syria,2008,92.036939754076,Total GHG
TCA,Turks and Caicos Islands,2008,0.069543985777765,Total GHG
TCD,Chad,2008,41.977976007755,Total GHG
TGO,Togo,2008,5.9842825189979,Total GHG
THA,Thailand,2008,356.99055412476,Total GHG
TJK,Tajikistan,2008,12.789472113731,Total GHG
TKM,Turkmenistan,2008,93.563043994318,Total GHG
TLS,Timor-Leste,2008,2.1780685057015,Total GHG
TON,Tonga,2008,0.23478952996764,Total GHG
TTO,Trinidad and Tobago,2008,45.50181075603,Total GHG
TUN,Tunisia,2008,38.341019399884,Total GHG
TUR,Türkiye,2008,378.80854399983,Total GHG
TWN,Taiwan,2008,324.80059020236,Total GHG
TZA,Tanzania,2008,49.440029180652,Total GHG
UGA,Uganda,2008,33.381821372624,Total GHG
UKR,Ukraine,2008,455.99248999514,Total GHG
URY,Uruguay,2008,42.110139948509,Total GHG
USA,United States,2008,6941.7304889558,Total GHG
UZB,Uzbekistan,2008,195.14118069026,Total GHG
VCT,Saint Vincent and the Grenadines,2008,0.13436840455389,Total GHG
VEN,Venezuela,2008,258.04860213967,Total GHG
VGB,British Virgin Islands,2008,0.068434868061069,Total GHG
VNM,Viet Nam,2008,256.19882965482,Total GHG
VUT,Vanuatu,2008,0.66517090637808,Total GHG
WSM,Samoa,2008,0.4291095859613,Total GHG
YEM,Yemen,2008,50.253029420743,Total GHG
ZAF,South Africa,2008,604.93797972966,Total GHG
ZMB,Zambia,2008,16.70262452179,Total GHG
ZWE,Zimbabwe,2008,22.233171862533,Total GHG
,,2008,,Total GHG
EU27,EU27,2008,4409.4267948419,Total GHG
,,2008,,Total GHG
GLOBAL TOTAL,GLOBAL TOTAL,2008,43642.407234328,Total GHG
ABW,Aruba,2009,0.5507351851186,Total GHG
AFG,Afghanistan,2009,23.862502192454,Total GHG
AGO,Angola,2009,64.538423691257,Total GHG
AIA,Anguilla,2009,0.023189188167567,Total GHG
ALB,Albania,2009,7.7631700125032,Total GHG
ANT,Curaçao,2009,6.0842401627396,Total GHG
ARE,United Arab Emirates,2009,201.4993130935,Total GHG
ARG,Argentina,2009,333.4521471041,Total GHG
ARM,Armenia,2009,7.3395963175701,Total GHG
ATG,Antigua and Barbuda,2009,0.35736821254483,Total GHG
AUS,Australia,2009,597.63173305717,Total GHG
AUT,Austria,2009,82.997006593206,Total GHG
AZE,Azerbaijan,2009,45.504918688916,Total GHG
BDI,Burundi,2009,4.0097086203476,Total GHG
BEL,Belgium,2009,132.05216790435,Total GHG
BEN,Benin,2009,10.688803133621,Total GHG
BFA,Burkina Faso,2009,23.475468423366,Total GHG
BGD,Bangladesh,2009,140.71325935395,Total GHG
BGR,Bulgaria,2009,58.664133277253,Total GHG
BHR,Bahrain,2009,47.952160317787,Total GHG
BHS,Bahamas,2009,1.4365083752577,Total GHG
BIH,Bosnia and Herzegovina,2009,27.860500477702,Total GHG
BLR,Belarus,2009,93.483943325791,Total GHG
BLZ,Belize,2009,0.72925506778734,Total GHG
BMU,Bermuda,2009,0.27348542658665,Total GHG
BOL,Bolivia,2009,38.458757388099,Total GHG
BRA,Brazil,2009,1032.2057891079,Total GHG
BRB,Barbados,2009,1.0034051968744,Total GHG
BRN,Brunei,2009,11.018418032499,Total GHG
BTN,Bhutan,2009,1.8856401245988,Total GHG
BWA,Botswana,2009,10.274069440103,Total GHG
CAF,Central African Republic,2009,10.251402448648,Total GHG
CAN,Canada,2009,720.439799182,Total GHG
CHE,Switzerland and Liechtenstein,2009,53.349211823832,Total GHG
CHL,Chile,2009,98.962704778091,Total GHG
CHN,China,2009,10196.872228987,Total GHG
CIV,Côte d’Ivoire,2009,18.416821500466,Total GHG
CMR,Cameroon,2009,31.069625070866,Total GHG
COD,Democratic Republic of the Congo,2009,27.674250156629,Total GHG
COG,Congo,2009,20.203369853573,Total GHG
COK,Cook Islands,2009,0.079233874559241,Total GHG
COL,Colombia,2009,167.79374482966,Total GHG
COM,Comoros,2009,0.50607150145791,Total GHG
CPV,Cabo Verde,2009,0.90833615700496,Total GHG
CRI,Costa Rica,2009,13.948231643614,Total GHG
CUB,Cuba,2009,43.749147347546,Total GHG
CYM,Cayman Islands,2009,0.253244048308,Total GHG
CYP,Cyprus,2009,9.6836837701103,Total GHG
CZE,Czechia,2009,143.23211412531,Total GHG
DEU,Germany,2009,892.94034222117,Total GHG
DJI,Djibouti,2009,1.9345344057083,Total GHG
DMA,Dominica,2009,0.13760811668736,Total GHG
DNK,Denmark,2009,62.742585173429,Total GHG
DOM,Dominican Republic,2009,32.129434492351,Total GHG
DZA,Algeria,2009,170.94136099985,Total GHG
ECU,Ecuador,2009,62.05559740944,Total GHG
EGY,Egypt,2009,301.72063870058,Total GHG
ERI,Eritrea,2009,5.5425750623028,Total GHG
ESH,Western Sahara,2009,0.62261116898907,Total GHG
ESP,Spain and Andorra,2009,381.98983657454,Total GHG
EST,Estonia,2009,21.817344774443,Total GHG
ETH,Ethiopia,2009,121.15473111707,Total GHG
FIN,Finland,2009,73.119751469308,Total GHG
FJI,Fiji,2009,2.4327510219574,Total GHG
FLK,Falkland Islands,2009,0.16418505252093,Total GHG
FRA,France and Monaco,2009,501.29228583724,Total GHG
FRO,Faroes,2009,0.091186514636756,Total GHG
GAB,Gabon,2009,20.463042285145,Total GHG
GBR,United Kingdom,2009,607.93046506858,Total GHG
GEO,Georgia,2009,12.781206061135,Total GHG
GHA,Ghana,2009,23.153297098743,Total GHG
GIB,Gibraltar,2009,0.49124005306509,Total GHG
GIN,Guinea,2009,14.729940959502,Total GHG
GLP,Guadeloupe,2009,1.1703289556739,Total GHG
GMB,The Gambia,2009,1.8325351309105,Total GHG
GNB,Guinea-Bissau,2009,2.5747557729583,Total GHG
GNQ,Equatorial Guinea,2009,14.346217835844,Total GHG
GRC,Greece,2009,117.48570108086,Total GHG
GRD,Grenada,2009,0.15731535896207,Total GHG
GRL,Greenland,2009,0.61481251518305,Total GHG
GTM,Guatemala,2009,28.110611328267,Total GHG
GUF,French Guiana,2009,0.4612606276186,Total GHG
GUY,Guyana,2009,3.4889424298743,Total GHG
HKG,Hong Kong,2009,50.020961804586,Total GHG
HND,Honduras,2009,17.801842396428,Total GHG
HRV,Croatia,2009,28.301257220267,Total GHG
HTI,Haiti,2009,11.222425114175,Total GHG
HUN,Hungary,2009,69.262189909401,Total GHG
IDN,Indonesia,2009,685.37669882301,Total GHG
IND,India,2009,2595.4143582435,Total GHG
IRL,Ireland,2009,71.245014569147,Total GHG
IRN,Iran,2009,757.69778073355,Total GHG
IRQ,Iraq,2009,187.34403603364,Total GHG
ISL,Iceland,2009,5.065983445938,Total GHG
ISR,"Israel and Palestine, State of",2009,77.971964776769,Total GHG
ITA,"Italy, San Marino and the Holy See",2009,494.50555141034,Total GHG
JAM,Jamaica,2009,9.361367761075,Total GHG
JOR,Jordan,2009,26.435248748774,Total GHG
JPN,Japan,2009,1250.6456623216,Total GHG
KAZ,Kazakhstan,2009,283.78722840449,Total GHG
KEN,Kenya,2009,75.153521496533,Total GHG
KGZ,Kyrgyzstan,2009,14.631079858986,Total GHG
KHM,Cambodia,2009,30.308553439117,Total GHG
KIR,Kiribati,2009,0.082944619884345,Total GHG
KNA,Saint Kitts and Nevis,2009,0.13699245527214,Total GHG
KOR,South Korea,2009,621.14247204507,Total GHG
KWT,Kuwait,2009,124.53908305327,Total GHG
LAO,Laos,2009,12.989390734877,Total GHG
LBN,Lebanon,2009,25.778518835734,Total GHG
LBR,Liberia,2009,3.0667306961624,Total GHG
LBY,Libya,2009,100.24326644924,Total GHG
LCA,Saint Lucia,2009,0.26907824427039,Total GHG
LKA,Sri Lanka,2009,24.948124754584,Total GHG
LSO,Lesotho,2009,2.8015048175136,Total GHG
LTU,Lithuania,2009,23.317282272296,Total GHG
LUX,Luxembourg,2009,11.584603149773,Total GHG
LVA,Latvia,2009,12.156720166731,Total GHG
MAC,Macao,2009,1.7756315902925,Total GHG
MAR,Morocco,2009,76.919311069622,Total GHG
MDA,Moldova,2009,10.428640127136,Total GHG
MDG,Madagascar,2009,28.367280830457,Total GHG
MDV,Maldives,2009,1.0967770478593,Total GHG
MEX,Mexico,2009,649.97574648821,Total GHG
MKD,North Macedonia,2009,11.570883200626,Total GHG
MLI,Mali,2009,24.321977097265,Total GHG
MLT,Malta,2009,2.8991701217729,Total GHG
MMR,Myanmar/Burma,2009,109.62834517903,Total GHG
MNG,Mongolia,2009,39.354507322931,Total GHG
MOZ,Mozambique,2009,13.731490212894,Total GHG
MRT,Mauritania,2009,11.232199020983,Total GHG
MTQ,Martinique,2009,1.0657498987901,Total GHG
MUS,Mauritius,2009,4.6919859645534,Total GHG
MWI,Malawi,2009,10.728330613495,Total GHG
MYS,Malaysia,2009,235.84262973557,Total GHG
NAM,Namibia,2009,10.18645531357,Total GHG
NCL,New Caledonia,2009,3.0022975894711,Total GHG
NER,Niger,2009,23.538278825324,Total GHG
NGA,Nigeria,2009,287.38886373219,Total GHG
NIC,Nicaragua,2009,13.820938709724,Total GHG
NLD,Netherlands,2009,208.24355883773,Total GHG
NOR,Norway,2009,60.284637281033,Total GHG
NPL,Nepal,2009,33.04296173741,Total GHG
NZL,New Zealand,2009,84.375051629598,Total GHG
OMN,Oman,2009,72.161429598454,Total GHG
PAK,Pakistan,2009,375.79517854385,Total GHG
PAN,Panama,2009,14.263744643325,Total GHG
PER,Peru,2009,71.569592837243,Total GHG
PHL,Philippines,2009,150.4793888139,Total GHG
PLW,Palau,2009,2.2835540961881,Total GHG
PNG,Papua New Guinea,2009,8.5966370684054,Total GHG
POL,Poland,2009,395.30775863575,Total GHG
PRI,Puerto Rico,2009,16.774782801928,Total GHG
PRK,North Korea,2009,99.454709854644,Total GHG
PRT,Portugal,2009,74.956550780383,Total GHG
PRY,Paraguay,2009,33.461452089124,Total GHG
PYF,French Polynesia,2009,1.031922916277,Total GHG
QAT,Qatar,2009,87.065902832238,Total GHG
REU,Réunion,2009,2.8017923507953,Total GHG
ROU,Romania,2009,118.24572655209,Total GHG
RUS,Russia,2009,2092.0750465347,Total GHG
RWA,Rwanda,2009,5.5457645901327,Total GHG
SAU,Saudi Arabia,2009,558.5048326176,Total GHG
SCG,Serbia and Montenegro,2009,71.196739041139,Total GHG
SDN,Sudan and South Sudan,2009,124.08898736415,Total GHG
SEN,Senegal,2009,18.764681634951,Total GHG
SGP,Singapore,2009,51.44737131889,Total GHG
SHN,"Saint Helena, Ascension and Tristan da Cunha",2009,0.013805442834487,Total GHG
SLB,Solomon Islands,2009,0.53714821363837,Total GHG
SLE,Sierra Leone,2009,5.1793993677728,Total GHG
SLV,El Salvador,2009,12.101255612809,Total GHG
SOM,Somalia,2009,29.896519824373,Total GHG
SPM,Saint Pierre and Miquelon,2009,0.038499300638116,Total GHG
STP,São Tomé and Príncipe,2009,0.18831357793426,Total GHG
SUR,Suriname,2009,2.5672651617564,Total GHG
SVK,Slovakia,2009,45.764592401329,Total GHG
SVN,Slovenia,2009,21.870090971951,Total GHG
SWE,Sweden,2009,63.090359188893,Total GHG
SWZ,Eswatini,2009,3.0837141703413,Total GHG
SYC,Seychelles,2009,1.0956996445759,Total GHG
SYR,Syria,2009,89.245852809696,Total GHG
TCA,Turks and Caicos Islands,2009,0.076267898038296,Total GHG
TCD,Chad,2009,44.053796655023,Total GHG
TGO,Togo,2009,7.3898023613353,Total GHG
THA,Thailand,2009,354.29965024226,Total GHG
TJK,Tajikistan,2009,12.006610793388,Total GHG
TKM,Turkmenistan,2009,81.743983799864,Total GHG
TLS,Timor-Leste,2009,2.1721327374555,Total GHG
TON,Tonga,2009,0.24213164299503,Total GHG
TTO,Trinidad and Tobago,2009,44.375298780632,Total GHG
TUN,Tunisia,2009,38.227397720113,Total GHG
TUR,Türkiye,2009,383.40980036596,Total GHG
TWN,Taiwan,2009,306.56814380894,Total GHG
TZA,Tanzania,2009,50.125574233872,Total GHG
UGA,Uganda,2009,34.725611845722,Total GHG
UKR,Ukraine,2009,389.79411554159,Total GHG
URY,Uruguay,2009,41.493451807241,Total GHG
USA,United States,2009,6487.7010143225,Total GHG
UZB,Uzbekistan,2009,176.54807338944,Total GHG
VCT,Saint Vincent and the Grenadines,2009,0.17899943799582,Total GHG
VEN,Venezuela,2009,256.0193827142,Total GHG
VGB,British Virgin Islands,2009,0.077217367616759,Total GHG
VNM,Viet Nam,2009,275.68429743224,Total GHG
VUT,Vanuatu,2009,0.6475748954314,Total GHG
WSM,Samoa,2009,0.43957875552483,Total GHG
YEM,Yemen,2009,53.511103463726,Total GHG
ZAF,South Africa,2009,573.05246483769,Total GHG
ZMB,Zambia,2009,18.262530933163,Total GHG
ZWE,Zimbabwe,2009,22.813898937616,Total GHG
,,2009,,Total GHG
EU27,EU27,2009,4118.7673789891,Total GHG
,,2009,,Total GHG
GLOBAL TOTAL,GLOBAL TOTAL,2009,43188.41693082,Total GHG
ABW,Aruba,2010,0.5289147747881,Total GHG
AFG,Afghanistan,2010,27.768531219617,Total GHG
AGO,Angola,2010,71.664962622102,Total GHG
AIA,Anguilla,2010,0.027190600881657,Total GHG
ALB,Albania,2010,8.0714879880719,Total GHG
ANT,Curaçao,2010,4.4403869372282,Total GHG
ARE,United Arab Emirates,2010,209.69325990118,Total GHG
ARG,Argentina,2010,337.31050946061,Total GHG
ARM,Armenia,2010,7.0714426791935,Total GHG
ATG,Antigua and Barbuda,2010,0.34738744250501,Total GHG
AUS,Australia,2010,598.75253711609,Total GHG
AUT,Austria,2010,89.121049972085,Total GHG
AZE,Azerbaijan,2010,44.48502821178,Total GHG
BDI,Burundi,2010,4.3631004268381,Total GHG
BEL,Belgium,2010,140.49500561619,Total GHG
BEN,Benin,2010,11.548751093892,Total GHG
BFA,Burkina Faso,2010,24.323587397167,Total GHG
BGD,Bangladesh,2010,148.33055185486,Total GHG
BGR,Bulgaria,2010,61.639710296362,Total GHG
BHR,Bahrain,2010,48.294225450841,Total GHG
BHS,Bahamas,2010,1.5927715968166,Total GHG
BIH,Bosnia and Herzegovina,2010,28.409020352206,Total GHG
BLR,Belarus,2010,98.522142268855,Total GHG
BLZ,Belize,2010,0.77092961121977,Total GHG
BMU,Bermuda,2010,0.33890710916938,Total GHG
BOL,Bolivia,2010,41.820609205103,Total GHG
BRA,Brazil,2010,1110.0270883422,Total GHG
BRB,Barbados,2010,1.0212373111947,Total GHG
BRN,Brunei,2010,9.9790501373019,Total GHG
BTN,Bhutan,2010,2.0083165869506,Total GHG
BWA,Botswana,2010,10.65108545623,Total GHG
CAF,Central African Republic,2010,10.922752712108,Total GHG
CAN,Canada,2010,741.34005452078,Total GHG
CHE,Switzerland and Liechtenstein,2010,55.136216487828,Total GHG
CHL,Chile,2010,101.60410261281,Total GHG
CHN,China,2010,11062.044556854,Total GHG
CIV,Côte d’Ivoire,2010,19.820327157725,Total GHG
CMR,Cameroon,2010,30.500421389757,Total GHG
COD,Democratic Republic of the Congo,2010,28.802807429307,Total GHG
COG,Congo,2010,22.004105352944,Total GHG
COK,Cook Islands,2010,0.096504600218452,Total GHG
COL,Colombia,2010,173.79823254232,Total GHG
COM,Comoros,2010,0.53504216764884,Total GHG
CPV,Cabo Verde,2010,0.95586417948247,Total GHG
CRI,Costa Rica,2010,14.106786414905,Total GHG
CUB,Cuba,2010,44.540775216467,Total GHG
CYM,Cayman Islands,2010,0.27345009640092,Total GHG
CYP,Cyprus,2010,9.3535098851227,Total GHG
CZE,Czechia,2010,145.06872256391,Total GHG
DEU,Germany,2010,939.30620305091,Total GHG
DJI,Djibouti,2010,2.0146250737883,Total GHG
DMA,Dominica,2010,0.14046517246614,Total GHG
DNK,Denmark,2010,63.129205606312,Total GHG
DOM,Dominican Republic,2010,33.534093098554,Total GHG
DZA,Algeria,2010,178.73936187176,Total GHG
ECU,Ecuador,2010,66.046757041885,Total GHG
EGY,Egypt,2010,301.70433053404,Total GHG
ERI,Eritrea,2010,5.5367005727963,Total GHG
ESH,Western Sahara,2010,0.62208243245747,Total GHG
ESP,Spain and Andorra,2010,369.07975209771,Total GHG
EST,Estonia,2010,26.756682191155,Total GHG
ETH,Ethiopia,2010,126.80176958514,Total GHG
FIN,Finland,2010,82.938131233895,Total GHG
FJI,Fiji,2010,3.0726480037224,Total GHG
FLK,Falkland Islands,2010,0.16400366507298,Total GHG
FRA,France and Monaco,2010,510.80510358267,Total GHG
FRO,Faroes,2010,0.091169053906753,Total GHG
GAB,Gabon,2010,21.005668170401,Total GHG
GBR,United Kingdom,2010,622.72414088149,Total GHG
GEO,Georgia,2010,12.189638117516,Total GHG
GHA,Ghana,2010,24.49869063993,Total GHG
GIB,Gibraltar,2010,0.4945004770559,Total GHG
GIN,Guinea,2010,16.597929052953,Total GHG
GLP,Guadeloupe,2010,1.2969890220666,Total GHG
GMB,The Gambia,2010,1.8793748019109,Total GHG
GNB,Guinea-Bissau,2010,2.7030972485155,Total GHG
GNQ,Equatorial Guinea,2010,14.990990674043,Total GHG
GRC,Greece,2010,110.79493983856,Total GHG
GRD,Grenada,2010,0.16963369357126,Total GHG
GRL,Greenland,2010,0.70791483447507,Total GHG
GTM,Guatemala,2010,28.210770374138,Total GHG
GUF,French Guiana,2010,0.46276516094263,Total GHG
GUY,Guyana,2010,3.6968769397581,Total GHG
HKG,Hong Kong,2010,47.127416782817,Total GHG
HND,Honduras,2010,17.864216362566,Total GHG
HRV,Croatia,2010,27.834608486704,Total GHG
HTI,Haiti,2010,11.884969183405,Total GHG
HUN,Hungary,2010,70.01974209813,Total GHG
IDN,Indonesia,2010,722.93817123822,Total GHG
IND,India,2010,2722.6207018817,Total GHG
IRL,Ireland,2010,70.196988731069,Total GHG
IRN,Iran,2010,767.59970028748,Total GHG
IRQ,Iraq,2010,210.53417542787,Total GHG
ISL,Iceland,2010,5.0003567434968,Total GHG
ISR,"Israel and Palestine, State of",2010,83.724466538497,Total GHG
ITA,"Italy, San Marino and the Holy See",2010,505.56623018924,Total GHG
JAM,Jamaica,2010,8.9743761032041,Total GHG
JOR,Jordan,2010,26.145669098829,Total GHG
JPN,Japan,2010,1313.1601674668,Total GHG
KAZ,Kazakhstan,2010,304.01540117296,Total GHG
KEN,Kenya,2010,78.737635252082,Total GHG
KGZ,Kyrgyzstan,2010,14.35762694506,Total GHG
KHM,Cambodia,2010,30.973314589945,Total GHG
KIR,Kiribati,2010,0.08657430289508,Total GHG
KNA,Saint Kitts and Nevis,2010,0.14536623592477,Total GHG
KOR,South Korea,2010,682.95495607095,Total GHG
KWT,Kuwait,2010,126.71196414369,Total GHG
LAO,Laos,2010,13.834938813387,Total GHG
LBN,Lebanon,2010,24.899021125365,Total GHG
LBR,Liberia,2010,3.3957640952251,Total GHG
LBY,Libya,2010,106.05911939026,Total GHG
LCA,Saint Lucia,2010,0.28897602893125,Total GHG
LKA,Sri Lanka,2010,26.548778737308,Total GHG
LSO,Lesotho,2010,2.8069168738162,Total GHG
LTU,Lithuania,2010,24.22460463914,Total GHG
LUX,Luxembourg,2010,12.204720806652,Total GHG
LVA,Latvia,2010,13.228634545332,Total GHG
MAC,Macao,2010,1.7977140105233,Total GHG
MAR,Morocco,2010,80.737093770744,Total GHG
MDA,Moldova,2010,11.505795880023,Total GHG
MDG,Madagascar,2010,29.016317533224,Total GHG
MDV,Maldives,2010,1.1737676741079,Total GHG
MEX,Mexico,2010,665.57250484256,Total GHG
MKD,North Macedonia,2010,11.735306674183,Total GHG
MLI,Mali,2010,25.514510246494,Total GHG
MLT,Malta,2010,2.9494107058732,Total GHG
MMR,Myanmar/Burma,2010,111.66662050712,Total GHG
MNG,Mongolia,2010,42.455139014447,Total GHG
MOZ,Mozambique,2010,14.312256661537,Total GHG
MRT,Mauritania,2010,11.497372879859,Total GHG
MTQ,Martinique,2010,1.1336514795113,Total GHG
MUS,Mauritius,2010,4.9832001462759,Total GHG
MWI,Malawi,2010,11.461847050657,Total GHG
MYS,Malaysia,2010,250.79028038268,Total GHG
NAM,Namibia,2010,9.4609966699273,Total GHG
NCL,New Caledonia,2010,3.8179335677937,Total GHG
NER,Niger,2010,23.318825559871,Total GHG
NGA,Nigeria,2010,309.51953260921,Total GHG
NIC,Nicaragua,2010,14.202194264252,Total GHG
NLD,Netherlands,2010,219.86846579563,Total GHG
NOR,Norway,2010,63.387754625146,Total GHG
NPL,Nepal,2010,34.455919875971,Total GHG
NZL,New Zealand,2010,84.793662595463,Total GHG
OMN,Oman,2010,76.420398653926,Total GHG
PAK,Pakistan,2010,369.14623248631,Total GHG
PAN,Panama,2010,14.84508442394,Total GHG
PER,Peru,2010,75.801949521384,Total GHG
PHL,Philippines,2010,156.64380068428,Total GHG
PLW,Palau,2010,2.2049445865214,Total GHG
PNG,Papua New Guinea,2010,7.5293708428612,Total GHG
POL,Poland,2010,414.17336465925,Total GHG
PRI,Puerto Rico,2010,16.145403068032,Total GHG
PRK,North Korea,2010,97.143788643865,Total GHG
PRT,Portugal,2010,69.518997512603,Total GHG
PRY,Paraguay,2010,36.453676067323,Total GHG
PYF,French Polynesia,2010,1.0885753612027,Total GHG
QAT,Qatar,2010,93.74259335365,Total GHG
REU,Réunion,2010,2.9594223565437,Total GHG
ROU,Romania,2010,116.51313520098,Total GHG
RUS,Russia,2010,2191.192778844,Total GHG
RWA,Rwanda,2010,5.8254477458345,Total GHG
SAU,Saudi Arabia,2010,603.27070233383,Total GHG
SCG,Serbia and Montenegro,2010,72.936257714695,Total GHG
SDN,Sudan and South Sudan,2010,124.9455856551,Total GHG
SEN,Senegal,2010,19.500865254269,Total GHG
SGP,Singapore,2010,58.050944760808,Total GHG
SHN,"Saint Helena, Ascension and Tristan da Cunha",2010,0.014681747818421,Total GHG
SLB,Solomon Islands,2010,0.57261545767475,Total GHG
SLE,Sierra Leone,2010,5.4571651206837,Total GHG
SLV,El Salvador,2010,11.758208856525,Total GHG
SOM,Somalia,2010,30.251155878766,Total GHG
SPM,Saint Pierre and Miquelon,2010,0.042468832365636,Total GHG
STP,São Tomé and Príncipe,2010,0.19842957694514,Total GHG
SUR,Suriname,2010,2.8783019374719,Total GHG
SVK,Slovakia,2010,49.101357904735,Total GHG
SVN,Slovenia,2010,22.003910730577,Total GHG
SWE,Sweden,2010,69.186566963749,Total GHG
SWZ,Eswatini,2010,2.7881695812538,Total GHG
SYC,Seychelles,2010,0.99078476904366,Total GHG
SYR,Syria,2010,88.786442218994,Total GHG
TCA,Turks and Caicos Islands,2010,0.083972273333362,Total GHG
TCD,Chad,2010,46.629770873025,Total GHG
TGO,Togo,2010,7.2961286208583,Total GHG
THA,Thailand,2010,373.95030959646,Total GHG
TJK,Tajikistan,2010,11.887497464394,Total GHG
TKM,Turkmenistan,2010,88.856683388153,Total GHG
TLS,Timor-Leste,2010,2.0811302155222,Total GHG
TON,Tonga,2010,0.23781544165453,Total GHG
TTO,Trinidad and Tobago,2010,48.074418696382,Total GHG
TUN,Tunisia,2010,40.141590424703,Total GHG
TUR,Türkiye,2010,394.85122395214,Total GHG
TWN,Taiwan,2010,313.73755013008,Total GHG
TZA,Tanzania,2010,52.924342814063,Total GHG
UGA,Uganda,2010,35.832401208548,Total GHG
UKR,Ukraine,2010,414.19987045953,Total GHG
URY,Uruguay,2010,38.463701072647,Total GHG
USA,United States,2010,6754.1863885023,Total GHG
UZB,Uzbekistan,2010,192.44408244687,Total GHG
VCT,Saint Vincent and the Grenadines,2010,0.15153533598806,Total GHG
VEN,Venezuela,2010,260.96711984591,Total GHG
VGB,British Virgin Islands,2010,0.084498492412033,Total GHG
VNM,Viet Nam,2010,292.74041444963,Total GHG
VUT,Vanuatu,2010,0.67076647466341,Total GHG
WSM,Samoa,2010,0.46876046061792,Total GHG
YEM,Yemen,2010,53.020240545527,Total GHG
ZAF,South Africa,2010,581.50665009309,Total GHG
ZMB,Zambia,2010,19.940939233059,Total GHG
ZWE,Zimbabwe,2010,25.989584028972,Total GHG
,,2010,,Total GHG
EU27,EU27,2010,4235.0787549045,Total GHG
,,2010,,Total GHG
GLOBAL TOTAL,GLOBAL TOTAL,2010,45433.102837788,Total GHG
ABW,Aruba,2011,0.34091756471299,Total GHG
AFG,Afghanistan,2011,31.898807267665,Total GHG
AGO,Angola,2011,70.561935977477,Total GHG
AIA,Anguilla,2011,0.029273999145927,Total GHG
ALB,Albania,2011,8.5046158779579,Total GHG
ANT,Curaçao,2011,5.7135142519207,Total GHG
ARE,United Arab Emirates,2011,217.38200154843,Total GHG
ARG,Argentina,2011,343.82549654953,Total GHG
ARM,Armenia,2011,7.6980368916612,Total GHG
ATG,Antigua and Barbuda,2011,0.27968214037708,Total GHG
AUS,Australia,2011,610.73500026582,Total GHG
AUT,Austria,2011,87.329958577193,Total GHG
AZE,Azerbaijan,2011,46.923786694465,Total GHG
BDI,Burundi,2011,4.6339210948771,Total GHG
BEL,Belgium,2011,129.90501177248,Total GHG
BEN,Benin,2011,11.643952559085,Total GHG
BFA,Burkina Faso,2011,24.990540899531,Total GHG
BGD,Bangladesh,2011,153.31061476031,Total GHG
BGR,Bulgaria,2011,67.301944242538,Total GHG
BHR,Bahrain,2011,48.662514821549,Total GHG
BHS,Bahamas,2011,1.1705058759569,Total GHG
BIH,Bosnia and Herzegovina,2011,31.696360368184,Total GHG
BLR,Belarus,2011,96.136354068603,Total GHG
BLZ,Belize,2011,0.74141000934586,Total GHG
BMU,Bermuda,2011,0.17968456468111,Total GHG
BOL,Bolivia,2011,42.677327164238,Total GHG
BRA,Brazil,2011,1146.6495469864,Total GHG
BRB,Barbados,2011,0.88002187609841,Total GHG
BRN,Brunei,2011,10.677933448945,Total GHG
BTN,Bhutan,2011,2.2328330262851,Total GHG
BWA,Botswana,2011,11.328507390456,Total GHG
CAF,Central African Republic,2011,11.843823589634,Total GHG
CAN,Canada,2011,758.56296529785,Total GHG
CHE,Switzerland and Liechtenstein,2011,51.125541151671,Total GHG
CHL,Chile,2011,112.20788122907,Total GHG
CHN,China,2011,12056.806000927,Total GHG
CIV,Côte d’Ivoire,2011,20.444484581403,Total GHG
CMR,Cameroon,2011,30.193393962067,Total GHG
COD,Democratic Republic of the Congo,2011,29.878623620886,Total GHG
COG,Congo,2011,21.125323114434,Total GHG
COK,Cook Islands,2011,0.10715955484262,Total GHG
COL,Colombia,2011,177.25466698152,Total GHG
COM,Comoros,2011,0.52901780645775,Total GHG
CPV,Cabo Verde,2011,1.0802545724533,Total GHG
CRI,Costa Rica,2011,14.527613608704,Total GHG
CUB,Cuba,2011,44.365676313055,Total GHG
CYM,Cayman Islands,2011,0.22512857924567,Total GHG
CYP,Cyprus,2011,9.1366996066167,Total GHG
CZE,Czechia,2011,142.57957389458,Total GHG
DEU,Germany,2011,910.54293550338,Total GHG
DJI,Djibouti,2011,1.8430952606386,Total GHG
DMA,Dominica,2011,0.12450588486744,Total GHG
DNK,Denmark,2011,57.817043244082,Total GHG
DOM,Dominican Republic,2011,33.900640227145,Total GHG
DZA,Algeria,2011,185.31489956791,Total GHG
ECU,Ecuador,2011,66.623054826297,Total GHG
EGY,Egypt,2011,311.47540406692,Total GHG
ERI,Eritrea,2011,5.8191661188222,Total GHG
ESH,Western Sahara,2011,0.6124722557534,Total GHG
ESP,Spain and Andorra,2011,368.77555899972,Total GHG
EST,Estonia,2011,26.87632691967,Total GHG
ETH,Ethiopia,2011,126.66539810867,Total GHG
FIN,Finland,2011,74.701455276504,Total GHG
FJI,Fiji,2011,2.6149380051818,Total GHG
FLK,Falkland Islands,2011,0.16001502336263,Total GHG
FRA,France and Monaco,2011,493.17144946944,Total GHG
FRO,Faroes,2011,0.091495279060995,Total GHG
GAB,Gabon,2011,20.704050181292,Total GHG
GBR,United Kingdom,2011,578.6500235257799,Total GHG
GEO,Georgia,2011,13.624603933813,Total GHG
GHA,Ghana,2011,27.522180908209,Total GHG
GIB,Gibraltar,2011,0.47876386036431,Total GHG
GIN,Guinea,2011,16.852543663787,Total GHG
GLP,Guadeloupe,2011,1.3945815115424,Total GHG
GMB,The Gambia,2011,1.7368182616706,Total GHG
GNB,Guinea-Bissau,2011,2.7010739172488,Total GHG
GNQ,Equatorial Guinea,2011,15.046624106143,Total GHG
GRC,Greece,2011,107.93401474088,Total GHG
GRD,Grenada,2011,0.14232454645825,Total GHG
GRL,Greenland,2011,0.74843773110905,Total GHG
GTM,Guatemala,2011,28.797100478162,Total GHG
GUF,French Guiana,2011,0.49223258444897,Total GHG
GUY,Guyana,2011,3.8229181934829,Total GHG
HKG,Hong Kong,2011,50.16369527867,Total GHG
HND,Honduras,2011,19.119228527757,Total GHG
HRV,Croatia,2011,27.543734945089,Total GHG
HTI,Haiti,2011,12.439564550833,Total GHG
HUN,Hungary,2011,69.301360150384,Total GHG
IDN,Indonesia,2011,822.62211973126,Total GHG
IND,India,2011,2858.4621303267,Total GHG
IRL,Ireland,2011,65.849949538819,Total GHG
IRN,Iran,2011,776.16272695583,Total GHG
IRQ,Iraq,2011,223.78856728893,Total GHG
ISL,Iceland,2011,4.8643118622378,Total GHG
ISR,"Israel and Palestine, State of",2011,83.773529901162,Total GHG
ITA,"Italy, San Marino and the Holy See",2011,494.99340565037,Total GHG
JAM,Jamaica,2011,8.9137363379766,Total GHG
JOR,Jordan,2011,26.948637926322,Total GHG
JPN,Japan,2011,1363.1798231598,Total GHG
KAZ,Kazakhstan,2011,327.49021389556,Total GHG
KEN,Kenya,2011,79.543619724966,Total GHG
KGZ,Kyrgyzstan,2011,16.402111751967,Total GHG
KHM,Cambodia,2011,32.1390856483,Total GHG
KIR,Kiribati,2011,0.082885307032636,Total GHG
KNA,Saint Kitts and Nevis,2011,0.12390974839028,Total GHG
KOR,South Korea,2011,716.38967362334,Total GHG
KWT,Kuwait,2011,135.48798590069,Total GHG
LAO,Laos,2011,13.842735717707,Total GHG
LBN,Lebanon,2011,25.465967536983,Total GHG
LBR,Liberia,2011,3.5642320885367,Total GHG
LBY,Libya,2011,62.575301358942,Total GHG
LCA,Saint Lucia,2011,0.2509893430387,Total GHG
LKA,Sri Lanka,2011,28.680877743431,Total GHG
LSO,Lesotho,2011,2.8435678783374,Total GHG
LTU,Lithuania,2011,25.112808425948,Total GHG
LUX,Luxembourg,2011,12.061095590739,Total GHG
LVA,Latvia,2011,12.65091917903,Total GHG
MAC,Macao,2011,1.7688769282651,Total GHG
MAR,Morocco,2011,86.130323966539,Total GHG
MDA,Moldova,2011,11.712664379667,Total GHG
MDG,Madagascar,2011,29.070707390445,Total GHG
MDV,Maldives,2011,1.2697126173085,Total GHG
MEX,Mexico,2011,677.10256866487,Total GHG
MKD,North Macedonia,2011,12.920361758029,Total GHG
MLI,Mali,2011,26.537770425131,Total GHG
MLT,Malta,2011,2.9387386924983,Total GHG
MMR,Myanmar/Burma,2011,109.51384109396,Total GHG
MNG,Mongolia,2011,48.045022397953,Total GHG
MOZ,Mozambique,2011,19.12121711126,Total GHG
MRT,Mauritania,2011,11.906861478188,Total GHG
MTQ,Martinique,2011,1.1722900858087,Total GHG
MUS,Mauritius,2011,5.0103532118538,Total GHG
MWI,Malawi,2011,13.072353258768,Total GHG
MYS,Malaysia,2011,252.9346597146,Total GHG
NAM,Namibia,2011,9.8545011640723,Total GHG
NCL,New Caledonia,2011,3.8426274921954,Total GHG
NER,Niger,2011,24.12018854299,Total GHG
NGA,Nigeria,2011,330.19522296733,Total GHG
NIC,Nicaragua,2011,15.171474045094,Total GHG
NLD,Netherlands,2011,206.76095259901,Total GHG
NOR,Norway,2011,61.846994740941,Total GHG
NPL,Nepal,2011,35.845871249854,Total GHG
NZL,New Zealand,2011,84.206165433717,Total GHG
OMN,Oman,2011,85.519010066608,Total GHG
PAK,Pakistan,2011,377.64378491006,Total GHG
PAN,Panama,2011,15.911142195087,Total GHG
PER,Peru,2011,79.655415793591,Total GHG
PHL,Philippines,2011,157.75934983606,Total GHG
PLW,Palau,2011,2.4652544252453,Total GHG
PNG,Papua New Guinea,2011,7.7752668808433,Total GHG
POL,Poland,2011,410.71482374392,Total GHG
PRI,Puerto Rico,2011,14.310667916881,Total GHG
PRK,North Korea,2011,78.107743684242,Total GHG
PRT,Portugal,2011,67.732298572602,Total GHG
PRY,Paraguay,2011,36.832553737223,Total GHG
PYF,French Polynesia,2011,1.0563654206311,Total GHG
QAT,Qatar,2011,107.02152617468,Total GHG
REU,Réunion,2011,2.8659059337449,Total GHG
ROU,Romania,2011,122.41020958158,Total GHG
RUS,Russia,2011,2283.4198160165,Total GHG
RWA,Rwanda,2011,5.7781252555724,Total GHG
SAU,Saudi Arabia,2011,634.2139190695,Total GHG
SCG,Serbia and Montenegro,2011,77.14820234999,Total GHG
SDN,Sudan and South Sudan,2011,121.72459103046,Total GHG
SEN,Senegal,2011,20.226823832108,Total GHG
SGP,Singapore,2011,60.447078693752,Total GHG
SHN,"Saint Helena, Ascension and Tristan da Cunha",2011,0.015226732461621,Total GHG
SLB,Solomon Islands,2011,0.59132542722773,Total GHG
SLE,Sierra Leone,2011,5.8610229306305,Total GHG
SLV,El Salvador,2011,11.676309562243,Total GHG
SOM,Somalia,2011,30.64352855567,Total GHG
SPM,Saint Pierre and Miquelon,2011,0.033946349676942,Total GHG
STP,São Tomé and Príncipe,2011,0.20363514835704,Total GHG
SUR,Suriname,2011,3.1134340794864,Total GHG
SVK,Slovakia,2011,47.479979096406,Total GHG
SVN,Slovenia,2011,21.023417241134,Total GHG
SWE,Sweden,2011,64.633026712264,Total GHG
SWZ,Eswatini,2011,2.6628620590876,Total GHG
SYC,Seychelles,2011,0.85433914686228,Total GHG
SYR,Syria,2011,84.432370095666,Total GHG
TCA,Turks and Caicos Islands,2011,0.067303072581532,Total GHG
TCD,Chad,2011,48.9602368967,Total GHG
TGO,Togo,2011,7.221279556812,Total GHG
THA,Thailand,2011,373.98369592468,Total GHG
TJK,Tajikistan,2011,11.854492608854,Total GHG
TKM,Turkmenistan,2011,95.548305610703,Total GHG
TLS,Timor-Leste,2011,2.2237447490232,Total GHG
TON,Tonga,2011,0.23149075853157,Total GHG
TTO,Trinidad and Tobago,2011,48.211733169758,Total GHG
TUN,Tunisia,2011,38.317424857456,Total GHG
TUR,Türkiye,2011,418.00671393517,Total GHG
TWN,Taiwan,2011,320.33784437462,Total GHG
TZA,Tanzania,2011,57.727896140631,Total GHG
UGA,Uganda,2011,37.381057066678,Total GHG
UKR,Ukraine,2011,441.13450410085,Total GHG
URY,Uruguay,2011,39.678071104491,Total GHG
USA,United States,2011,6546.8700055415,Total GHG
UZB,Uzbekistan,2011,198.3916122615,Total GHG
VCT,Saint Vincent and the Grenadines,2011,0.1249753257228,Total GHG
VEN,Venezuela,2011,258.04897084406,Total GHG
VGB,British Virgin Islands,2011,0.069472129110273,Total GHG
VNM,Viet Nam,2011,295.64140144123,Total GHG
VUT,Vanuatu,2011,0.70522464225899,Total GHG
WSM,Samoa,2011,0.48133088801851,Total GHG
YEM,Yemen,2011,47.410225490711,Total GHG
ZAF,South Africa,2011,561.31659269451,Total GHG
ZMB,Zambia,2011,19.778905415259,Total GHG
ZWE,Zimbabwe,2011,32.486988558357,Total GHG
,,2011,,Total GHG
EU27,EU27,2011,4127.2786919669,Total GHG
,,2011,,Total GHG
GLOBAL TOTAL,GLOBAL TOTAL,2011,46808.098605241,Total GHG
ABW,Aruba,2012,0.40571470348903,Total GHG
AFG,Afghanistan,2012,29.759348225404,Total GHG
AGO,Angola,2012,72.492007002206,Total GHG
AIA,Anguilla,2012,0.029319386547653,Total GHG
ALB,Albania,2012,8.1771543499761,Total GHG
ANT,Curaçao,2012,5.8003136240628,Total GHG
ARE,United Arab Emirates,2012,226.7172740012,Total GHG
ARG,Argentina,2012,351.325161647,Total GHG
ARM,Armenia,2012,8.5676428946668,Total GHG
ATG,Antigua and Barbuda,2012,0.29398703258385,Total GHG
AUS,Australia,2012,614.85106164754,Total GHG
AUT,Austria,2012,83.977444652649,Total GHG
AZE,Azerbaijan,2012,50.028597303283,Total GHG
BDI,Burundi,2012,4.6310599788445,Total GHG
BEL,Belgium,2012,128.05885380979,Total GHG
BEN,Benin,2012,11.591279292659,Total GHG
BFA,Burkina Faso,2012,25.954513565974,Total GHG
BGD,Bangladesh,2012,158.70518141398,Total GHG
BGR,Bulgaria,2012,62.435322578005,Total GHG
BHR,Bahrain,2012,52.425621784877,Total GHG
BHS,Bahamas,2012,1.3374978304451,Total GHG
BIH,Bosnia and Herzegovina,2012,29.639329544899,Total GHG
BLR,Belarus,2012,97.816119377749,Total GHG
BLZ,Belize,2012,0.71632886097896,Total GHG
BMU,Bermuda,2012,0.20431424158067,Total GHG
BOL,Bolivia,2012,44.506838713507,Total GHG
BRA,Brazil,2012,1180.0087898784,Total GHG
BRB,Barbados,2012,0.83988299992872,Total GHG
BRN,Brunei,2012,10.34150204035,Total GHG
BTN,Bhutan,2012,2.1786220891032,Total GHG
BWA,Botswana,2012,9.9088327935629,Total GHG
CAF,Central African Republic,2012,11.578664220742,Total GHG
CAN,Canada,2012,754.66539323911,Total GHG
CHE,Switzerland and Liechtenstein,2012,52.487791073157,Total GHG
CHL,Chile,2012,116.22959764827,Total GHG
CHN,China,2012,12419.566977539,Total GHG
CIV,Côte d’Ivoire,2012,23.025069287947,Total GHG
CMR,Cameroon,2012,30.969385023518,Total GHG
COD,Democratic Republic of the Congo,2012,36.802196998936,Total GHG
COG,Congo,2012,20.359624331474,Total GHG
COK,Cook Islands,2012,0.11212062355927,Total GHG
COL,Colombia,2012,175.2878486521,Total GHG
COM,Comoros,2012,0.54247694514199,Total GHG
CPV,Cabo Verde,2012,0.95680288342389,Total GHG
CRI,Costa Rica,2012,14.128325380875,Total GHG
CUB,Cuba,2012,45.492353699521,Total GHG
CYM,Cayman Islands,2012,0.21639864424799,Total GHG
CYP,Cyprus,2012,8.6039705110521,Total GHG
CZE,Czechia,2012,138.26925657633,Total GHG
DEU,Germany,2012,921.43537497475,Total GHG
DJI,Djibouti,2012,2.0372909254873,Total GHG
DMA,Dominica,2012,0.12009095704615,Total GHG
DNK,Denmark,2012,52.959777871074,Total GHG
DOM,Dominican Republic,2012,34.788212466427,Total GHG
DZA,Algeria,2012,201.46905116592,Total GHG
ECU,Ecuador,2012,66.962873941701,Total GHG
EGY,Egypt,2012,326.25029568592,Total GHG
ERI,Eritrea,2012,5.8893248157115,Total GHG
ESH,Western Sahara,2012,0.61698832395317,Total GHG
ESP,Spain and Andorra,2012,363.88899715107,Total GHG
EST,Estonia,2012,25.853045502817,Total GHG
ETH,Ethiopia,2012,131.86417475024,Total GHG
FIN,Finland,2012,68.641860516234,Total GHG
FJI,Fiji,2012,2.5818898431438,Total GHG
FLK,Falkland Islands,2012,0.16083075000872,Total GHG
FRA,France and Monaco,2012,495.35334479169,Total GHG
FRO,Faroes,2012,0.091777235096389,Total GHG
GAB,Gabon,2012,20.592693997833,Total GHG
GBR,United Kingdom,2012,599.4118244913,Total GHG
GEO,Georgia,2012,14.797951959562,Total GHG
GHA,Ghana,2012,30.363766087992,Total GHG
GIB,Gibraltar,2012,0.48842493735723,Total GHG
GIN,Guinea,2012,17.433164409184,Total GHG
GLP,Guadeloupe,2012,1.393856174981,Total GHG
GMB,The Gambia,2012,1.7334969473167,Total GHG
GNB,Guinea-Bissau,2012,2.8103995923871,Total GHG
GNQ,Equatorial Guinea,2012,14.843838979168,Total GHG
GRC,Greece,2012,103.42960741761,Total GHG
GRD,Grenada,2012,0.14564449055796,Total GHG
GRL,Greenland,2012,0.60367893319486,Total GHG
GTM,Guatemala,2012,29.771353724928,Total GHG
GUF,French Guiana,2012,0.50643391754392,Total GHG
GUY,Guyana,2012,4.0428964219292,Total GHG
HKG,Hong Kong,2012,49.662549852623,Total GHG
HND,Honduras,2012,19.783245965265,Total GHG
HRV,Croatia,2012,25.994737569833,Total GHG
HTI,Haiti,2012,12.441810919415,Total GHG
HUN,Hungary,2012,65.548029290291,Total GHG
IDN,Indonesia,2012,842.74234836073,Total GHG
IND,India,2012,3037.494708205,Total GHG
IRL,Ireland,2012,67.241482855288,Total GHG
IRN,Iran,2012,766.30447831457,Total GHG
IRQ,Iraq,2012,253.35312394554,Total GHG
ISL,Iceland,2012,4.8582703025641,Total GHG
ISR,"Israel and Palestine, State of",2012,90.599892820225,Total GHG
ITA,"Italy, San Marino and the Holy See",2012,476.69476390612,Total GHG
JAM,Jamaica,2012,8.3325849913982,Total GHG
JOR,Jordan,2012,30.741872637414,Total GHG
JPN,Japan,2012,1401.341790458,Total GHG
KAZ,Kazakhstan,2012,322.81884798807,Total GHG
KEN,Kenya,2012,77.936861224796,Total GHG
KGZ,Kyrgyzstan,2012,18.591493939202,Total GHG
KHM,Cambodia,2012,32.002712166027,Total GHG
KIR,Kiribati,2012,0.082376222143534,Total GHG
KNA,Saint Kitts and Nevis,2012,0.11754531337522,Total GHG
KOR,South Korea,2012,715.60233326436,Total GHG
KWT,Kuwait,2012,138.79132960695,Total GHG
LAO,Laos,2012,14.839732787382,Total GHG
LBN,Lebanon,2012,28.230245601569,Total GHG
LBR,Liberia,2012,3.7113847657537,Total GHG
LBY,Libya,2012,99.545595552253,Total GHG
LCA,Saint Lucia,2012,0.25984139852632,Total GHG
LKA,Sri Lanka,2012,30.75236029113,Total GHG
LSO,Lesotho,2012,2.9067981978607,Total GHG
LTU,Lithuania,2012,25.434131079524,Total GHG
LUX,Luxembourg,2012,11.822629966486,Total GHG
LVA,Latvia,2012,12.575371157627,Total GHG
MAC,Macao,2012,1.8256356219392,Total GHG
MAR,Morocco,2012,88.910317785177,Total GHG
MDA,Moldova,2012,11.336629403635,Total GHG
MDG,Madagascar,2012,30.393876183995,Total GHG
MDV,Maldives,2012,1.5807007288394,Total GHG
MEX,Mexico,2012,692.87523789384,Total GHG
MKD,North Macedonia,2012,12.293125931986,Total GHG
MLI,Mali,2012,27.613686962299,Total GHG
MLT,Malta,2012,3.1178489586772,Total GHG
MMR,Myanmar/Burma,2012,111.46831705552,Total GHG
MNG,Mongolia,2012,49.286373245692,Total GHG
MOZ,Mozambique,2012,21.971988912126,Total GHG
MRT,Mauritania,2012,12.45728692823,Total GHG
MTQ,Martinique,2012,1.1710058833282,Total GHG
MUS,Mauritius,2012,5.1219673298939,Total GHG
MWI,Malawi,2012,13.387600957144,Total GHG
MYS,Malaysia,2012,254.60507087202,Total GHG
NAM,Namibia,2012,11.131055587864,Total GHG
NCL,New Caledonia,2012,3.8862234834033,Total GHG
NER,Niger,2012,25.890468270899,Total GHG
NGA,Nigeria,2012,331.6926955034,Total GHG
NIC,Nicaragua,2012,15.632048834689,Total GHG
NLD,Netherlands,2012,203.88543939191,Total GHG
NOR,Norway,2012,61.357799972883,Total GHG
NPL,Nepal,2012,36.457468832826,Total GHG
NZL,New Zealand,2012,86.888184575587,Total GHG
OMN,Oman,2012,94.364173194886,Total GHG
PAK,Pakistan,2012,381.79593543691,Total GHG
PAN,Panama,2012,16.369704859284,Total GHG
PER,Peru,2012,79.814978395597,Total GHG
PHL,Philippines,2012,163.07283951933,Total GHG
PLW,Palau,2012,3.7209933939947,Total GHG
PNG,Papua New Guinea,2012,7.5705491237327,Total GHG
POL,Poland,2012,405.0957495741,Total GHG
PRI,Puerto Rico,2012,13.906603689288,Total GHG
PRK,North Korea,2012,76.098716180138,Total GHG
PRT,Portugal,2012,66.253223407136,Total GHG
PRY,Paraguay,2012,38.005222342524,Total GHG
PYF,French Polynesia,2012,1.0252742376322,Total GHG
QAT,Qatar,2012,116.29878735015,Total GHG
REU,Réunion,2012,2.9050054476389,Total GHG
ROU,Romania,2012,119.39050104804,Total GHG
RUS,Russia,2012,2293.7574310267,Total GHG
RWA,Rwanda,2012,5.9572005885157,Total GHG
SAU,Saudi Arabia,2012,669.68062781491,Total GHG
SCG,Serbia and Montenegro,2012,69.712140240851,Total GHG
SDN,Sudan and South Sudan,2012,123.45652999147,Total GHG
SEN,Senegal,2012,20.569748669108,Total GHG
SGP,Singapore,2012,58.587656093556,Total GHG
SHN,"Saint Helena, Ascension and Tristan da Cunha",2012,0.015424236383992,Total GHG
SLB,Solomon Islands,2012,0.59677519970898,Total GHG
SLE,Sierra Leone,2012,6.1974112442859,Total GHG
SLV,El Salvador,2012,11.940837026287,Total GHG
SOM,Somalia,2012,30.924830765919,Total GHG
SPM,Saint Pierre and Miquelon,2012,0.034629901451383,Total GHG
STP,São Tomé and Príncipe,2012,0.21031611769196,Total GHG
SUR,Suriname,2012,3.5821716102772,Total GHG
SVK,Slovakia,2012,45.381398499146,Total GHG
SVN,Slovenia,2012,20.366291707285,Total GHG
SWE,Sweden,2012,61.747978004491,Total GHG
SWZ,Eswatini,2012,2.6756836354327,Total GHG
SYC,Seychelles,2012,0.96293613693421,Total GHG
SYR,Syria,2012,66.592958100007,Total GHG
TCA,Turks and Caicos Islands,2012,0.069801814727139,Total GHG
TCD,Chad,2012,52.080184187492,Total GHG
TGO,Togo,2012,7.5998027423605,Total GHG
THA,Thailand,2012,392.5640698053,Total GHG
TJK,Tajikistan,2012,12.82961618748,Total GHG
TKM,Turkmenistan,2012,99.43910331525,Total GHG
TLS,Timor-Leste,2012,2.6146442696843,Total GHG
TON,Tonga,2012,0.23082645633291,Total GHG
TTO,Trinidad and Tobago,2012,44.706039840354,Total GHG
TUN,Tunisia,2012,40.324355562453,Total GHG
TUR,Türkiye,2012,434.13872298567,Total GHG
TWN,Taiwan,2012,314.58899966266,Total GHG
TZA,Tanzania,2012,61.13525165896,Total GHG
UGA,Uganda,2012,38.624703475325,Total GHG
UKR,Ukraine,2012,431.65277176973,Total GHG
URY,Uruguay,2012,40.266970326256,Total GHG
USA,United States,2012,6311.6934513556,Total GHG
UZB,Uzbekistan,2012,187.06149906342,Total GHG
VCT,Saint Vincent and the Grenadines,2012,0.1428065165317,Total GHG
VEN,Venezuela,2012,284.5547772545,Total GHG
VGB,British Virgin Islands,2012,0.071393497468673,Total GHG
VNM,Viet Nam,2012,295.46043066396,Total GHG
VUT,Vanuatu,2012,0.67432785249983,Total GHG
WSM,Samoa,2012,0.48658328010094,Total GHG
YEM,Yemen,2012,44.506902128024,Total GHG
ZAF,South Africa,2012,582.71166931027,Total GHG
ZMB,Zambia,2012,23.269153113668,Total GHG
ZWE,Zimbabwe,2012,29.533546082587,Total GHG
,,2012,,Total GHG
EU27,EU27,2012,4063.456432769,Total GHG
,,2012,,Total GHG
GLOBAL TOTAL,GLOBAL TOTAL,2012,47430.072884895,Total GHG
ABW,Aruba,2013,0.44053677564782,Total GHG
AFG,Afghanistan,2013,28.131944212952,Total GHG
AGO,Angola,2013,77.026251777733,Total GHG
AIA,Anguilla,2013,0.031312684926867,Total GHG
ALB,Albania,2013,8.4377162678676,Total GHG
ANT,Curaçao,2013,5.3301914308806,Total GHG
ARE,United Arab Emirates,2013,238.5774506472,Total GHG
ARG,Argentina,2013,360.02368212078,Total GHG
ARM,Armenia,2013,8.6110695948695,Total GHG
ATG,Antigua and Barbuda,2013,0.32736605908619,Total GHG
AUS,Australia,2013,604.92496641787,Total GHG
AUT,Austria,2013,84.490327154482,Total GHG
AZE,Azerbaijan,2013,51.262495538053,Total GHG
BDI,Burundi,2013,5.7504980097421,Total GHG
BEL,Belgium,2013,129.23146934623,Total GHG
BEN,Benin,2013,12.313743837679,Total GHG
BFA,Burkina Faso,2013,26.970503110511,Total GHG
BGD,Bangladesh,2013,161.79844031997,Total GHG
BGR,Bulgaria,2013,57.046422115546,Total GHG
BHR,Bahrain,2013,56.994919369767,Total GHG
BHS,Bahamas,2013,1.4200715959485,Total GHG
BIH,Bosnia and Herzegovina,2013,29.402945873915,Total GHG
BLR,Belarus,2013,98.195728847844,Total GHG
BLZ,Belize,2013,0.78082158300657,Total GHG
BMU,Bermuda,2013,0.22475059339902,Total GHG
BOL,Bolivia,2013,46.311532987302,Total GHG
BRA,Brazil,2013,1215.9430902852,Total GHG
BRB,Barbados,2013,0.92401986660053,Total GHG
BRN,Brunei,2013,10.278764994167,Total GHG
BTN,Bhutan,2013,2.296131423682,Total GHG
BWA,Botswana,2013,11.812689826852,Total GHG
CAF,Central African Republic,2013,11.525476602297,Total GHG
CAN,Canada,2013,765.4783478238,Total GHG
CHE,Switzerland and Liechtenstein,2013,53.746214458908,Total GHG
CHL,Chile,2013,118.72584631688,Total GHG
CHN,China,2013,12948.607991222,Total GHG
CIV,Côte d’Ivoire,2013,24.339416004428,Total GHG
CMR,Cameroon,2013,32.889617505268,Total GHG
COD,Democratic Republic of the Congo,2013,38.760122251005,Total GHG
COG,Congo,2013,19.778768357845,Total GHG
COK,Cook Islands,2013,0.11722089490377,Total GHG
COL,Colombia,2013,185.40222052234,Total GHG
COM,Comoros,2013,0.58196119205338,Total GHG
CPV,Cabo Verde,2013,0.94274079880355,Total GHG
CRI,Costa Rica,2013,14.47252405185,Total GHG
CUB,Cuba,2013,46.009716039593,Total GHG
CYM,Cayman Islands,2013,0.2427472289965,Total GHG
CYP,Cyprus,2013,7.9245811696753,Total GHG
CZE,Czechia,2013,133.77776472723,Total GHG
DEU,Germany,2013,938.53720711025,Total GHG
DJI,Djibouti,2013,2.1360950270709,Total GHG
DMA,Dominica,2013,0.12570862992039,Total GHG
DNK,Denmark,2013,54.554243077379,Total GHG
DOM,Dominican Republic,2013,34.486938513236,Total GHG
DZA,Algeria,2013,206.29204741005,Total GHG
ECU,Ecuador,2013,70.253571563882,Total GHG
EGY,Egypt,2013,320.18962611841,Total GHG
ERI,Eritrea,2013,5.9200660257489,Total GHG
ESH,Western Sahara,2013,0.61858522132356,Total GHG
ESP,Spain and Andorra,2013,334.10255856624,Total GHG
EST,Estonia,2013,28.403114191984,Total GHG
ETH,Ethiopia,2013,137.03576216843,Total GHG
FIN,Finland,2013,69.564003421873,Total GHG
FJI,Fiji,2013,2.7743279133634,Total GHG
FLK,Falkland Islands,2013,0.16279994209018,Total GHG
FRA,France and Monaco,2013,490.00105394072,Total GHG
FRO,Faroes,2013,0.091872676916857,Total GHG
GAB,Gabon,2013,20.360928639668,Total GHG
GBR,United Kingdom,2013,585.77844188927,Total GHG
GEO,Georgia,2013,15.735138478707,Total GHG
GHA,Ghana,2013,32.470467089069,Total GHG
GIB,Gibraltar,2013,0.52013929439188,Total GHG
GIN,Guinea,2013,17.899567478583,Total GHG
GLP,Guadeloupe,2013,1.3962914175862,Total GHG
GMB,The Gambia,2013,1.8160700884562,Total GHG
GNB,Guinea-Bissau,2013,2.8916818278095,Total GHG
GNQ,Equatorial Guinea,2013,13.988250110385,Total GHG
GRC,Greece,2013,95.849567220154,Total GHG
GRD,Grenada,2013,0.1739722427819,Total GHG
GRL,Greenland,2013,0.60250935313603,Total GHG
GTM,Guatemala,2013,31.448741234843,Total GHG
GUF,French Guiana,2013,0.50662257452061,Total GHG
GUY,Guyana,2013,4.1879991833767,Total GHG
HKG,Hong Kong,2013,51.222430583809,Total GHG
HND,Honduras,2013,20.167837004849,Total GHG
HRV,Croatia,2013,25.586721043693,Total GHG
HTI,Haiti,2013,12.720479026064,Total GHG
HUN,Hungary,2013,62.955944280946,Total GHG
IDN,Indonesia,2013,808.42252572412,Total GHG
IND,India,2013,3074.1389660369,Total GHG
IRL,Ireland,2013,66.344415675814,Total GHG
IRN,Iran,2013,786.38155548889,Total GHG
IRQ,Iraq,2013,265.303350804,Total GHG
ISL,Iceland,2013,4.8976779660303,Total GHG
ISR,"Israel and Palestine, State of",2013,82.035440881896,Total GHG
ITA,"Italy, San Marino and the Holy See",2013,442.74171968541,Total GHG
JAM,Jamaica,2013,8.7997102840046,Total GHG
JOR,Jordan,2013,30.465560213933,Total GHG
JPN,Japan,2013,1417.7405771639,Total GHG
KAZ,Kazakhstan,2013,340.36230449663,Total GHG
KEN,Kenya,2013,77.881013527452,Total GHG
KGZ,Kyrgyzstan,2013,18.502124830612,Total GHG
KHM,Cambodia,2013,31.98329863919,Total GHG
KIR,Kiribati,2013,0.087201692518096,Total GHG
KNA,Saint Kitts and Nevis,2013,0.12883529719275,Total GHG
KOR,South Korea,2013,712.96237740006,Total GHG
KWT,Kuwait,2013,140.76500406009,Total GHG
LAO,Laos,2013,15.480099282661,Total GHG
LBN,Lebanon,2013,28.072700433947,Total GHG
LBR,Liberia,2013,3.7123534500441,Total GHG
LBY,Libya,2013,90.633908229967,Total GHG
LCA,Saint Lucia,2013,0.28278107601827,Total GHG
LKA,Sri Lanka,2013,28.02057292274,Total GHG
LSO,Lesotho,2013,2.8102968161234,Total GHG
LTU,Lithuania,2013,23.904606706034,Total GHG
LUX,Luxembourg,2013,11.291579398271,Total GHG
LVA,Latvia,2013,12.329163691495,Total GHG
MAC,Macao,2013,1.8951686984282,Total GHG
MAR,Morocco,2013,89.834146757609,Total GHG
MDA,Moldova,2013,10.770869767561,Total GHG
MDG,Madagascar,2013,29.603274112563,Total GHG
MDV,Maldives,2013,1.7662845295445,Total GHG
MEX,Mexico,2013,684.55988149908,Total GHG
MKD,North Macedonia,2013,11.392524031056,Total GHG
MLI,Mali,2013,29.182301680529,Total GHG
MLT,Malta,2013,2.7829828564112,Total GHG
MMR,Myanmar/Burma,2013,114.8254776838,Total GHG
MNG,Mongolia,2013,51.762730491943,Total GHG
MOZ,Mozambique,2013,23.306219896009,Total GHG
MRT,Mauritania,2013,12.52882453271,Total GHG
MTQ,Martinique,2013,1.1691743355894,Total GHG
MUS,Mauritius,2013,5.2705303564682,Total GHG
MWI,Malawi,2013,13.089373994072,Total GHG
MYS,Malaysia,2013,272.74850340594,Total GHG
NAM,Namibia,2013,10.225561751897,Total GHG
NCL,New Caledonia,2013,4.2663013325119,Total GHG
NER,Niger,2013,27.242566052464,Total GHG
NGA,Nigeria,2013,335.40481610176,Total GHG
NIC,Nicaragua,2013,15.751144702068,Total GHG
NLD,Netherlands,2013,201.67827652419,Total GHG
NOR,Norway,2013,62.166591785733,Total GHG
NPL,Nepal,2013,37.790187244069,Total GHG
NZL,New Zealand,2013,85.877379151036,Total GHG
OMN,Oman,2013,98.923692531944,Total GHG
PAK,Pakistan,2013,396.26988838518,Total GHG
PAN,Panama,2013,16.254517448441,Total GHG
PER,Peru,2013,81.889985447746,Total GHG
PHL,Philippines,2013,173.26310131553,Total GHG
PLW,Palau,2013,1.8806758419294,Total GHG
PNG,Papua New Guinea,2013,7.9836539773564,Total GHG
POL,Poland,2013,399.15332808263,Total GHG
PRI,Puerto Rico,2013,13.487054388173,Total GHG
PRK,North Korea,2013,65.23971058885,Total GHG
PRT,Portugal,2013,64.637774346936,Total GHG
PRY,Paraguay,2013,38.755906108203,Total GHG
PYF,French Polynesia,2013,1.0954090873808,Total GHG
QAT,Qatar,2013,127.19089300146,Total GHG
REU,Réunion,2013,2.9111041687257,Total GHG
ROU,Romania,2013,111.22146237029,Total GHG
RUS,Russia,2013,2243.8938086202,Total GHG
RWA,Rwanda,2013,6.153126462795,Total GHG
SAU,Saudi Arabia,2013,678.32010133069,Total GHG
SCG,Serbia and Montenegro,2013,71.085134301816,Total GHG
SDN,Sudan and South Sudan,2013,124.79532907172,Total GHG
SEN,Senegal,2013,21.063081928797,Total GHG
SGP,Singapore,2013,62.01333891044,Total GHG
SHN,"Saint Helena, Ascension and Tristan da Cunha",2013,0.018262675984492,Total GHG
SLB,Solomon Islands,2013,0.62527171986286,Total GHG
SLE,Sierra Leone,2013,6.5029883061517,Total GHG
SLV,El Salvador,2013,11.129054301633,Total GHG
SOM,Somalia,2013,31.079708916058,Total GHG
SPM,Saint Pierre and Miquelon,2013,0.039625451315733,Total GHG
STP,São Tomé and Príncipe,2013,0.21370351614215,Total GHG
SUR,Suriname,2013,3.4655208870587,Total GHG
SVK,Slovakia,2013,45.841870098727,Total GHG
SVN,Slovenia,2013,20.323951171877,Total GHG
SWE,Sweden,2013,59.711036013559,Total GHG
SWZ,Eswatini,2013,2.8858654427732,Total GHG
SYC,Seychelles,2013,0.87798704731028,Total GHG
SYR,Syria,2013,47.900769116799,Total GHG
TCA,Turks and Caicos Islands,2013,0.079272446348373,Total GHG
TCD,Chad,2013,54.751741593379,Total GHG
TGO,Togo,2013,7.4793832902045,Total GHG
THA,Thailand,2013,403.86672511664,Total GHG
TJK,Tajikistan,2013,13.052522070734,Total GHG
TKM,Turkmenistan,2013,98.419854149282,Total GHG
TLS,Timor-Leste,2013,2.3782916920981,Total GHG
TON,Tonga,2013,0.23227700175048,Total GHG
TTO,Trinidad and Tobago,2013,43.909570035654,Total GHG
TUN,Tunisia,2013,40.055253918109,Total GHG
TUR,Türkiye,2013,427.84288246281,Total GHG
TWN,Taiwan,2013,319.76641568342,Total GHG
TZA,Tanzania,2013,65.165516659252,Total GHG
UGA,Uganda,2013,39.655313440948,Total GHG
UKR,Ukraine,2013,423.15490945062,Total GHG
URY,Uruguay,2013,39.073098200162,Total GHG
USA,United States,2013,6448.6367475897,Total GHG
UZB,Uzbekistan,2013,186.46860019487,Total GHG
VCT,Saint Vincent and the Grenadines,2013,0.13564893847884,Total GHG
VEN,Venezuela,2013,283.65620078494,Total GHG
VGB,British Virgin Islands,2013,0.079978542164812,Total GHG
VNM,Viet Nam,2013,304.03801192923,Total GHG
VUT,Vanuatu,2013,0.67831265382799,Total GHG
WSM,Samoa,2013,0.50131494962748,Total GHG
YEM,Yemen,2013,52.941210452189,Total GHG
ZAF,South Africa,2013,597.176312198,Total GHG
ZMB,Zambia,2013,24.553695829287,Total GHG
ZWE,Zimbabwe,2013,29.659601373737,Total GHG
,,2013,,Total GHG
EU27,EU27,2013,3973.9871439881,Total GHG
,,2013,,Total GHG
GLOBAL TOTAL,GLOBAL TOTAL,2013,48193.437523686,Total GHG
ABW,Aruba,2014,0.46992312834595,Total GHG
AFG,Afghanistan,2014,28.354538031038,Total GHG
AGO,Angola,2014,78.997615616043,Total GHG
AIA,Anguilla,2014,0.031292951744315,Total GHG
ALB,Albania,2014,8.9187607426059,Total GHG
ANT,Curaçao,2014,5.8713775695455,Total GHG
ARE,United Arab Emirates,2014,242.04974213197,Total GHG
ARG,Argentina,2014,359.81270629699,Total GHG
ARM,Armenia,2014,8.9684956588992,Total GHG
ATG,Antigua and Barbuda,2014,0.34774555825121,Total GHG
AUS,Australia,2014,597.20025034585,Total GHG
AUT,Austria,2014,80.820636868119,Total GHG
AZE,Azerbaijan,2014,53.094151315178,Total GHG
BDI,Burundi,2014,5.7038426100427,Total GHG
BEL,Belgium,2014,122.51203155875,Total GHG
BEN,Benin,2014,12.941472116405,Total GHG
BFA,Burkina Faso,2014,27.292332949981,Total GHG
BGD,Bangladesh,2014,168.31196590247,Total GHG
BGR,Bulgaria,2014,60.525743948467,Total GHG
BHR,Bahrain,2014,58.815698080059,Total GHG
BHS,Bahamas,2014,1.4666480921653,Total GHG
BIH,Bosnia and Herzegovina,2014,27.885981291524,Total GHG
BLR,Belarus,2014,97.473913701615,Total GHG
BLZ,Belize,2014,0.73660972093513,Total GHG
BMU,Bermuda,2014,0.30078115079467,Total GHG
BOL,Bolivia,2014,47.367151862129,Total GHG
BRA,Brazil,2014,1248.6092966895,Total GHG
BRB,Barbados,2014,0.86085576003012,Total GHG
BRN,Brunei,2014,10.487161680063,Total GHG
BTN,Bhutan,2014,2.3412318564088,Total GHG
BWA,Botswana,2014,12.854809703841,Total GHG
CAF,Central African Republic,2014,11.456124918385,Total GHG
CAN,Canada,2014,776.27389200964,Total GHG
CHE,Switzerland and Liechtenstein,2014,50.090764211503,Total GHG
CHL,Chile,2014,110.95091917502,Total GHG
CHN,China,2014,13095.197441381,Total GHG
CIV,Côte d’Ivoire,2014,25.286808791322,Total GHG
CMR,Cameroon,2014,35.292466449735,Total GHG
COD,Democratic Republic of the Congo,2014,40.734680409619,Total GHG
COG,Congo,2014,20.212240246218,Total GHG
COK,Cook Islands,2014,0.12420663815353,Total GHG
COL,Colombia,2014,185.35139224063,Total GHG
COM,Comoros,2014,0.57048257054652,Total GHG
CPV,Cabo Verde,2014,0.98928310513318,Total GHG
CRI,Costa Rica,2014,14.692409985608,Total GHG
CUB,Cuba,2014,44.113426076353,Total GHG
CYM,Cayman Islands,2014,0.25883105765482,Total GHG
CYP,Cyprus,2014,8.3397058689177,Total GHG
CZE,Czechia,2014,131.91134668607,Total GHG
DEU,Germany,2014,899.22316491628,Total GHG
DJI,Djibouti,2014,2.1581433686647,Total GHG
DMA,Dominica,2014,0.13338430054751,Total GHG
DNK,Denmark,2014,50.384964759007,Total GHG
DOM,Dominican Republic,2014,34.999873034485,Total GHG
DZA,Algeria,2014,218.97971297929,Total GHG
ECU,Ecuador,2014,72.194819144033,Total GHG
EGY,Egypt,2014,325.13765840647,Total GHG
ERI,Eritrea,2014,5.9738002808504,Total GHG
ESH,Western Sahara,2014,0.6163942020112,Total GHG
ESP,Spain and Andorra,2014,332.75152494805,Total GHG
EST,Estonia,2014,27.631832019221,Total GHG
ETH,Ethiopia,2014,143.17328116093,Total GHG
FIN,Finland,2014,65.562628801406,Total GHG
FJI,Fiji,2014,2.4793415660363,Total GHG
FLK,Falkland Islands,2014,0.16380926826617,Total GHG
FRA,France and Monaco,2014,455.85409552049,Total GHG
FRO,Faroes,2014,0.094211182859237,Total GHG
GAB,Gabon,2014,20.538764341185,Total GHG
GBR,United Kingdom,2014,544.70896429334,Total GHG
GEO,Georgia,2014,16.534606756413,Total GHG
GHA,Ghana,2014,32.665552722415,Total GHG
GIB,Gibraltar,2014,0.55824565917471,Total GHG
GIN,Guinea,2014,18.494722129202,Total GHG
GLP,Guadeloupe,2014,1.400118752103,Total GHG
GMB,The Gambia,2014,1.9296988984077,Total GHG
GNB,Guinea-Bissau,2014,2.7553350068278,Total GHG
GNQ,Equatorial Guinea,2014,14.064652049983,Total GHG
GRC,Greece,2014,93.022120546515,Total GHG
GRD,Grenada,2014,0.16205535814752,Total GHG
GRL,Greenland,2014,0.54541778440308,Total GHG
GTM,Guatemala,2014,33.137073687644,Total GHG
GUF,French Guiana,2014,0.51067305258128,Total GHG
GUY,Guyana,2014,4.4615543286639,Total GHG
HKG,Hong Kong,2014,52.649738459969,Total GHG
HND,Honduras,2014,20.133758926244,Total GHG
HRV,Croatia,2014,24.945306750123,Total GHG
HTI,Haiti,2014,13.025867040233,Total GHG
HUN,Hungary,2014,63.166935355998,Total GHG
IDN,Indonesia,2014,851.91921728964,Total GHG
IND,India,2014,3254.3162782855,Total GHG
IRL,Ireland,2014,66.196923995615,Total GHG
IRN,Iran,2014,800.22339478507,Total GHG
IRQ,Iraq,2014,265.47719397937,Total GHG
ISL,Iceland,2014,4.642762446412,Total GHG
ISR,"Israel and Palestine, State of",2014,79.466985421746,Total GHG
ITA,"Italy, San Marino and the Holy See",2014,423.61697002392,Total GHG
JAM,Jamaica,2014,8.5420795770365,Total GHG
JOR,Jordan,2014,32.612161603235,Total GHG
JPN,Japan,2014,1366.667423601,Total GHG
KAZ,Kazakhstan,2014,298.21903096109,Total GHG
KEN,Kenya,2014,79.97004032149,Total GHG
KGZ,Kyrgyzstan,2014,19.400574791578,Total GHG
KHM,Cambodia,2014,33.402243522516,Total GHG
KIR,Kiribati,2014,0.088249006668391,Total GHG
KNA,Saint Kitts and Nevis,2014,0.13440193743916,Total GHG
KOR,South Korea,2014,702.55306728806,Total GHG
KWT,Kuwait,2014,139.44182573789,Total GHG
LAO,Laos,2014,16.375217173359,Total GHG
LBN,Lebanon,2014,30.182024311995,Total GHG
LBR,Liberia,2014,4.1068043003395,Total GHG
LBY,Libya,2014,80.399906494587,Total GHG
LCA,Saint Lucia,2014,0.29950203508387,Total GHG
LKA,Sri Lanka,2014,30.09075377507,Total GHG
LSO,Lesotho,2014,2.8180884785609,Total GHG
LTU,Lithuania,2014,23.948661721978,Total GHG
LUX,Luxembourg,2014,10.79799104389,Total GHG
LVA,Latvia,2014,12.209948541008,Total GHG
MAC,Macao,2014,2.1721822892599,Total GHG
MAR,Morocco,2014,91.378609212009,Total GHG
MDA,Moldova,2014,11.331462881117,Total GHG
MDG,Madagascar,2014,31.102530189577,Total GHG
MDV,Maldives,2014,2.3552969447728,Total GHG
MEX,Mexico,2014,673.04733926232,Total GHG
MKD,North Macedonia,2014,10.964112323766,Total GHG
MLI,Mali,2014,30.252531070542,Total GHG
MLT,Malta,2014,2.7878535893005,Total GHG
MMR,Myanmar/Burma,2014,120.41976182367,Total GHG
MNG,Mongolia,2014,54.986637809779,Total GHG
MOZ,Mozambique,2014,24.747085730973,Total GHG
MRT,Mauritania,2014,13.265803625741,Total GHG
MTQ,Martinique,2014,1.170572882317,Total GHG
MUS,Mauritius,2014,5.483514256219,Total GHG
MWI,Malawi,2014,13.398859846158,Total GHG
MYS,Malaysia,2014,287.41156329143,Total GHG
NAM,Namibia,2014,10.874329471811,Total GHG
NCL,New Caledonia,2014,5.1563085819201,Total GHG
NER,Niger,2014,28.538708899047,Total GHG
NGA,Nigeria,2014,346.61759351387,Total GHG
NIC,Nicaragua,2014,16.476803629053,Total GHG
NLD,Netherlands,2014,193.57407192125,Total GHG
NOR,Norway,2014,61.954300806322,Total GHG
NPL,Nepal,2014,38.563058899207,Total GHG
NZL,New Zealand,2014,87.275262838786,Total GHG
OMN,Oman,2014,103.64803933717,Total GHG
PAK,Pakistan,2014,412.43466563129,Total GHG
PAN,Panama,2014,16.611890785181,Total GHG
PER,Peru,2014,84.816527094673,Total GHG
PHL,Philippines,2014,181.13840045268,Total GHG
PLW,Palau,2014,1.3222772735814,Total GHG
PNG,Papua New Guinea,2014,9.5958336997413,Total GHG
POL,Poland,2014,385.42384919013,Total GHG
PRI,Puerto Rico,2014,14.072369831183,Total GHG
PRK,North Korea,2014,69.032792555668,Total GHG
PRT,Portugal,2014,64.413544963356,Total GHG
PRY,Paraguay,2014,41.116748615914,Total GHG
PYF,French Polynesia,2014,1.0834847300397,Total GHG
QAT,Qatar,2014,135.91400013081,Total GHG
REU,Réunion,2014,2.9009557228893,Total GHG
ROU,Romania,2014,111.31122038896,Total GHG
RUS,Russia,2014,2233.8809602865,Total GHG
RWA,Rwanda,2014,6.2212377004414,Total GHG
SAU,Saudi Arabia,2014,721.0808926054,Total GHG
SCG,Serbia and Montenegro,2014,61.521407381381,Total GHG
SDN,Sudan and South Sudan,2014,126.71758172602,Total GHG
SEN,Senegal,2014,21.816963742128,Total GHG
SGP,Singapore,2014,63.911353052952,Total GHG
SHN,"Saint Helena, Ascension and Tristan da Cunha",2014,0.018240819447256,Total GHG
SLB,Solomon Islands,2014,0.61174806977895,Total GHG
SLE,Sierra Leone,2014,6.7111861216574,Total GHG
SLV,El Salvador,2014,11.615022663967,Total GHG
SOM,Somalia,2014,31.324035952042,Total GHG
SPM,Saint Pierre and Miquelon,2014,0.043518832856521,Total GHG
STP,São Tomé and Príncipe,2014,0.21438881079262,Total GHG
SUR,Suriname,2014,3.8348920046971,Total GHG
SVK,Slovakia,2014,43.045080057047,Total GHG
SVN,Slovenia,2014,18.678439360419,Total GHG
SWE,Sweden,2014,58.361332930237,Total GHG
SWZ,Eswatini,2014,2.8962956235298,Total GHG
SYC,Seychelles,2014,1.0062733574878,Total GHG
SYR,Syria,2014,47.035512904812,Total GHG
TCA,Turks and Caicos Islands,2014,0.087085253859618,Total GHG
TCD,Chad,2014,57.757862370309,Total GHG
TGO,Togo,2014,7.2482940702738,Total GHG
THA,Thailand,2014,395.70634490521,Total GHG
TJK,Tajikistan,2014,14.517955610017,Total GHG
TKM,Turkmenistan,2014,97.034765036556,Total GHG
TLS,Timor-Leste,2014,2.16042986354,Total GHG
TON,Tonga,2014,0.24559570864365,Total GHG
TTO,Trinidad and Tobago,2014,43.775157491893,Total GHG
TUN,Tunisia,2014,42.013709406213,Total GHG
TUR,Türkiye,2014,451.7437153716,Total GHG
TWN,Taiwan,2014,324.67291254003,Total GHG
TZA,Tanzania,2014,66.83646002838,Total GHG
UGA,Uganda,2014,41.383711278869,Total GHG
UKR,Ukraine,2014,372.05925081533,Total GHG
URY,Uruguay,2014,39.229112449497,Total GHG
USA,United States,2014,6488.4767561046,Total GHG
UZB,Uzbekistan,2014,178.11406747351,Total GHG
VCT,Saint Vincent and the Grenadines,2014,0.14531085051658,Total GHG
VEN,Venezuela,2014,281.46804076602,Total GHG
VGB,British Virgin Islands,2014,0.084912492272086,Total GHG
VNM,Viet Nam,2014,320.08947278183,Total GHG
VUT,Vanuatu,2014,0.70485774744635,Total GHG
WSM,Samoa,2014,0.51000842863202,Total GHG
YEM,Yemen,2014,51.661282202231,Total GHG
ZAF,South Africa,2014,610.89302245593,Total GHG
ZMB,Zambia,2014,25.548037791706,Total GHG
ZWE,Zimbabwe,2014,27.409792730326,Total GHG
,,2014,,Total GHG
EU27,EU27,2014,3831.0179262745,Total GHG
,,2014,,Total GHG
GLOBAL TOTAL,GLOBAL TOTAL,2014,48549.137332215,Total GHG
ABW,Aruba,2015,0.49151642823956,Total GHG
AFG,Afghanistan,2015,28.09308461619,Total GHG
AGO,Angola,2015,83.536857859532,Total GHG
AIA,Anguilla,2015,0.031417667438233,Total GHG
ALB,Albania,2015,8.7633432036849,Total GHG
ANT,Curaçao,2015,5.9369467262092,Total GHG
ARE,United Arab Emirates,2015,254.20725548047,Total GHG
ARG,Argentina,2015,366.04081420398,Total GHG
ARM,Armenia,2015,8.8965283311445,Total GHG
ATG,Antigua and Barbuda,2015,0.35929734203255,Total GHG
AUS,Australia,2015,600.75015979938,Total GHG
AUT,Austria,2015,82.26171288877,Total GHG
AZE,Azerbaijan,2015,52.971488415917,Total GHG
BDI,Burundi,2015,5.6911532065326,Total GHG
BEL,Belgium,2015,127.19241434933,Total GHG
BEN,Benin,2015,13.499583759925,Total GHG
BFA,Burkina Faso,2015,29.009977351585,Total GHG
BGD,Bangladesh,2015,177.46228473433,Total GHG
BGR,Bulgaria,2015,62.718580296611,Total GHG
BHR,Bahrain,2015,59.005311102471,Total GHG
BHS,Bahamas,2015,1.4538505207747,Total GHG
BIH,Bosnia and Herzegovina,2015,27.846371118654,Total GHG
BLR,Belarus,2015,92.587981004122,Total GHG
BLZ,Belize,2015,0.79041943456353,Total GHG
BMU,Bermuda,2015,0.2585776585229,Total GHG
BOL,Bolivia,2015,48.384075897101,Total GHG
BRA,Brazil,2015,1233.2232042414,Total GHG
BRB,Barbados,2015,0.91260360904892,Total GHG
BRN,Brunei,2015,9.7772350496438,Total GHG
BTN,Bhutan,2015,2.5308824273815,Total GHG
BWA,Botswana,2015,13.198307421464,Total GHG
CAF,Central African Republic,2015,11.878578041951,Total GHG
CAN,Canada,2015,768.75448920582,Total GHG
CHE,Switzerland and Liechtenstein,2015,49.448320710527,Total GHG
CHL,Chile,2015,116.64241676846,Total GHG
CHN,China,2015,12931.041648438,Total GHG
CIV,Côte d’Ivoire,2015,26.375052012701,Total GHG
CMR,Cameroon,2015,38.553460122724,Total GHG
COD,Democratic Republic of the Congo,2015,42.257046658535,Total GHG
COG,Congo,2015,20.050350814537,Total GHG
COK,Cook Islands,2015,0.11316963743617,Total GHG
COL,Colombia,2015,187.04439301576,Total GHG
COM,Comoros,2015,0.59263437725975,Total GHG
CPV,Cabo Verde,2015,1.0092450448583,Total GHG
CRI,Costa Rica,2015,14.490792125701,Total GHG
CUB,Cuba,2015,46.213801062955,Total GHG
CYM,Cayman Islands,2015,0.2783586792764,Total GHG
CYP,Cyprus,2015,8.4064757378929,Total GHG
CZE,Czechia,2015,133.52596516873,Total GHG
DEU,Germany,2015,904.24434935404,Total GHG
DJI,Djibouti,2015,2.0957645073878,Total GHG
DMA,Dominica,2015,0.13882502858544,Total GHG
DNK,Denmark,2015,48.238523329447,Total GHG
DOM,Dominican Republic,2015,37.411383373908,Total GHG
DZA,Algeria,2015,228.83340989641,Total GHG
ECU,Ecuador,2015,70.910668059378,Total GHG
EGY,Egypt,2015,331.5431729058,Total GHG
ERI,Eritrea,2015,6.0065704152253,Total GHG
ESH,Western Sahara,2015,0.62397361911375,Total GHG
ESP,Spain and Andorra,2015,344.15435509669,Total GHG
EST,Estonia,2015,25.91060282734,Total GHG
ETH,Ethiopia,2015,147.71791966517,Total GHG
FIN,Finland,2015,61.791193424014,Total GHG
FJI,Fiji,2015,2.5391100269518,Total GHG
FLK,Falkland Islands,2015,0.16431080385852,Total GHG
FRA,France and Monaco,2015,461.67068103406,Total GHG
FRO,Faroes,2015,0.094426104103391,Total GHG
GAB,Gabon,2015,21.399145047559,Total GHG
GBR,United Kingdom,2015,527.8980282403,Total GHG
GEO,Georgia,2015,16.789568496303,Total GHG
GHA,Ghana,2015,33.959980642908,Total GHG
GIB,Gibraltar,2015,0.60894196653757,Total GHG
GIN,Guinea,2015,19.743246861371,Total GHG
GLP,Guadeloupe,2015,1.4083138860222,Total GHG
GMB,The Gambia,2015,2.0224918244546,Total GHG
GNB,Guinea-Bissau,2015,2.8965418164514,Total GHG
GNQ,Equatorial Guinea,2015,14.281477263562,Total GHG
GRC,Greece,2015,91.440436998434,Total GHG
GRD,Grenada,2015,0.16980624862551,Total GHG
GRL,Greenland,2015,0.58452606647851,Total GHG
GTM,Guatemala,2015,36.233923177484,Total GHG
GUF,French Guiana,2015,0.51510121956179,Total GHG
GUY,Guyana,2015,4.5595572116418,Total GHG
HKG,Hong Kong,2015,49.36878369565,Total GHG
HND,Honduras,2015,21.197393265519,Total GHG
HRV,Croatia,2015,25.577708941718,Total GHG
HTI,Haiti,2015,13.370233451146,Total GHG
HUN,Hungary,2015,66.107797992116,Total GHG
IDN,Indonesia,2015,853.12217073229,Total GHG
IND,India,2015,3310.4591123421,Total GHG
IRL,Ireland,2015,67.78677688447,Total GHG
IRN,Iran,2015,793.33205184695,Total GHG
IRQ,Iraq,2015,275.91628760641,Total GHG
ISL,Iceland,2015,4.8384193209061,Total GHG
ISR,"Israel and Palestine, State of",2015,82.864284489258,Total GHG
ITA,"Italy, San Marino and the Holy See",2015,433.53352379311,Total GHG
JAM,Jamaica,2015,8.4176745871491,Total GHG
JOR,Jordan,2015,32.653660299517,Total GHG
JPN,Japan,2015,1324.4225472395,Total GHG
KAZ,Kazakhstan,2015,262.97362301116,Total GHG
KEN,Kenya,2015,82.133360035474,Total GHG
KGZ,Kyrgyzstan,2015,19.870991348814,Total GHG
KHM,Cambodia,2015,35.173497553633,Total GHG
KIR,Kiribati,2015,0.090657350050254,Total GHG
KNA,Saint Kitts and Nevis,2015,0.14011844061572,Total GHG
KOR,South Korea,2015,714.59376927942,Total GHG
KWT,Kuwait,2015,143.82432975132,Total GHG
LAO,Laos,2015,21.37473786183,Total GHG
LBN,Lebanon,2015,32.417303014539,Total GHG
LBR,Liberia,2015,4.2889413641164,Total GHG
LBY,Libya,2015,71.718802513624,Total GHG
LCA,Saint Lucia,2015,0.30649831263227,Total GHG
LKA,Sri Lanka,2015,33.265334275786,Total GHG
LSO,Lesotho,2015,2.7845591904473,Total GHG
LTU,Lithuania,2015,24.728505896966,Total GHG
LUX,Luxembourg,2015,10.296431174615,Total GHG
LVA,Latvia,2015,12.480764719103,Total GHG
MAC,Macao,2015,2.855431679411,Total GHG
MAR,Morocco,2015,93.673799220941,Total GHG
MDA,Moldova,2015,11.617410222009,Total GHG
MDG,Madagascar,2015,31.461025509716,Total GHG
MDV,Maldives,2015,1.7411035686391,Total GHG
MEX,Mexico,2015,682.14785946232,Total GHG
MKD,North Macedonia,2015,10.547921388817,Total GHG
MLI,Mali,2015,32.209367008459,Total GHG
MLT,Malta,2015,2.1101982282822,Total GHG
MMR,Myanmar/Burma,2015,124.25289680148,Total GHG
MNG,Mongolia,2015,52.933945092056,Total GHG
MOZ,Mozambique,2015,24.550514336702,Total GHG
MRT,Mauritania,2015,13.650670581183,Total GHG
MTQ,Martinique,2015,1.1702154708588,Total GHG
MUS,Mauritius,2015,5.4816426978579,Total GHG
MWI,Malawi,2015,13.730566525461,Total GHG
MYS,Malaysia,2015,290.1480770131,Total GHG
NAM,Namibia,2015,11.125505897079,Total GHG
NCL,New Caledonia,2015,4.9401362098318,Total GHG
NER,Niger,2015,29.588024576152,Total GHG
NGA,Nigeria,2015,342.39752229955,Total GHG
NIC,Nicaragua,2015,17.695897668471,Total GHG
NLD,Netherlands,2015,201.52961047456,Total GHG
NOR,Norway,2015,62.893212395666,Total GHG
NPL,Nepal,2015,38.416572418861,Total GHG
NZL,New Zealand,2015,86.179464900775,Total GHG
OMN,Oman,2015,109.23238514167,Total GHG
PAK,Pakistan,2015,423.57231837349,Total GHG
PAN,Panama,2015,16.388571113655,Total GHG
PER,Peru,2015,86.767484345204,Total GHG
PHL,Philippines,2015,190.63380672339,Total GHG
PLW,Palau,2015,1.2532048431888,Total GHG
PNG,Papua New Guinea,2015,10.631312176171,Total GHG
POL,Poland,2015,387.92298239612,Total GHG
PRI,Puerto Rico,2015,14.628550765467,Total GHG
PRK,North Korea,2015,59.391309600238,Total GHG
PRT,Portugal,2015,68.861094356111,Total GHG
PRY,Paraguay,2015,40.860442267891,Total GHG
PYF,French Polynesia,2015,1.1058403876375,Total GHG
QAT,Qatar,2015,139.63005001005,Total GHG
REU,Réunion,2015,2.8767661129827,Total GHG
ROU,Romania,2015,112.2451566555,Total GHG
RUS,Russia,2015,2248.7539296942,Total GHG
RWA,Rwanda,2015,6.8754863236051,Total GHG
SAU,Saudi Arabia,2015,752.88706664233,Total GHG
SCG,Serbia and Montenegro,2015,69.645429645069,Total GHG
SDN,Sudan and South Sudan,2015,130.18881024751,Total GHG
SEN,Senegal,2015,23.425088649076,Total GHG
SGP,Singapore,2015,65.746659977216,Total GHG
SHN,"Saint Helena, Ascension and Tristan da Cunha",2015,0.018332999131702,Total GHG
SLB,Solomon Islands,2015,0.57525977264292,Total GHG
SLE,Sierra Leone,2015,6.2428564273312,Total GHG
SLV,El Salvador,2015,12.111366035062,Total GHG
SOM,Somalia,2015,31.447624387755,Total GHG
SPM,Saint Pierre and Miquelon,2015,0.044295959751408,Total GHG
STP,São Tomé and Príncipe,2015,0.22514512937426,Total GHG
SUR,Suriname,2015,3.9230765214055,Total GHG
SVK,Slovakia,2015,43.929643055047,Total GHG
SVN,Slovenia,2015,18.888000880596,Total GHG
SWE,Sweden,2015,58.390869234621,Total GHG
SWZ,Eswatini,2015,2.8930762875675,Total GHG
SYC,Seychelles,2015,1.0695317091279,Total GHG
SYR,Syria,2015,43.71979963578,Total GHG
TCA,Turks and Caicos Islands,2015,0.091308418127152,Total GHG
TCD,Chad,2015,62.764528081948,Total GHG
TGO,Togo,2015,7.2800699049967,Total GHG
THA,Thailand,2015,401.38253653418,Total GHG
TJK,Tajikistan,2015,15.287949689115,Total GHG
TKM,Turkmenistan,2015,102.82381033382,Total GHG
TLS,Timor-Leste,2015,2.2114554369908,Total GHG
TON,Tonga,2015,0.24937015801692,Total GHG
TTO,Trinidad and Tobago,2015,43.362139411128,Total GHG
TUN,Tunisia,2015,42.436102195653,Total GHG
TUR,Türkiye,2015,465.34766747609,Total GHG
TWN,Taiwan,2015,323.55902946413,Total GHG
TZA,Tanzania,2015,70.41584585525,Total GHG
UGA,Uganda,2015,43.428425866074,Total GHG
UKR,Ukraine,2015,316.85929513759,Total GHG
URY,Uruguay,2015,39.672967590896,Total GHG
USA,United States,2015,6364.0037224415,Total GHG
UZB,Uzbekistan,2015,173.18532580534,Total GHG
VCT,Saint Vincent and the Grenadines,2015,0.14762491477361,Total GHG
VEN,Venezuela,2015,262.94895229995,Total GHG
VGB,British Virgin Islands,2015,0.086599395284719,Total GHG
VNM,Viet Nam,2015,343.62626688589,Total GHG
VUT,Vanuatu,2015,0.63536547214449,Total GHG
WSM,Samoa,2015,0.56582489773963,Total GHG
YEM,Yemen,2015,31.475371871207,Total GHG
ZAF,South Africa,2015,584.94993716962,Total GHG
ZMB,Zambia,2015,26.210874570434,Total GHG
ZWE,Zimbabwe,2015,28.469445122311,Total GHG
,,2015,,Total GHG
EU27,EU27,2015,3885.9443551883,Total GHG
,,2015,,Total GHG
GLOBAL TOTAL,GLOBAL TOTAL,2015,48451.420672913,Total GHG
ABW,Aruba,2016,0.5150733614816,Total GHG
AFG,Afghanistan,2016,27.164741407716,Total GHG
AGO,Angola,2016,80.62550776334,Total GHG
AIA,Anguilla,2016,0.03181268102582,Total GHG
ALB,Albania,2016,8.3753887273751,Total GHG
ANT,Curaçao,2016,5.1617289447695,Total GHG
ARE,United Arab Emirates,2016,262.18945675797,Total GHG
ARG,Argentina,2016,369.18272108148,Total GHG
ARM,Armenia,2016,8.7313130572345,Total GHG
ATG,Antigua and Barbuda,2016,0.38416016361128,Total GHG
AUS,Australia,2016,595.96812484303,Total GHG
AUT,Austria,2016,82.700769000088,Total GHG
AZE,Azerbaijan,2016,52.698744335705,Total GHG
BDI,Burundi,2016,6.0258659005015,Total GHG
BEL,Belgium,2016,126.1031205245,Total GHG
BEN,Benin,2016,15.17497138726,Total GHG
BFA,Burkina Faso,2016,29.87290023867,Total GHG
BGD,Bangladesh,2016,186.20981415314,Total GHG
BGR,Bulgaria,2016,60.308891699671,Total GHG
BHR,Bahrain,2016,59.239528442802,Total GHG
BHS,Bahamas,2016,1.5845632487264,Total GHG
BIH,Bosnia and Herzegovina,2016,31.252501916794,Total GHG
BLR,Belarus,2016,91.703380233599,Total GHG
BLZ,Belize,2016,0.81471928552655,Total GHG
BMU,Bermuda,2016,0.34106247303125,Total GHG
BOL,Bolivia,2016,50.110860789723,Total GHG
BRA,Brazil,2016,1208.3075995997,Total GHG
BRB,Barbados,2016,0.96737267819955,Total GHG
BRN,Brunei,2016,10.185274821718,Total GHG
BTN,Bhutan,2016,2.6836480389136,Total GHG
BWA,Botswana,2016,12.378407040793,Total GHG
CAF,Central African Republic,2016,12.649902076815,Total GHG
CAN,Canada,2016,765.24495954731,Total GHG
CHE,Switzerland and Liechtenstein,2016,49.949194207208,Total GHG
CHL,Chile,2016,121.92107158082,Total GHG
CHN,China,2016,12913.087021679,Total GHG
CIV,Côte d’Ivoire,2016,27.502053381712,Total GHG
CMR,Cameroon,2016,38.979242762882,Total GHG
COD,Democratic Republic of the Congo,2016,42.751251229887,Total GHG
COG,Congo,2016,19.751841902108,Total GHG
COK,Cook Islands,2016,0.11866637862497,Total GHG
COL,Colombia,2016,190.77260580193,Total GHG
COM,Comoros,2016,0.63249655814867,Total GHG
CPV,Cabo Verde,2016,1.055018903092,Total GHG
CRI,Costa Rica,2016,15.171875426787,Total GHG
CUB,Cuba,2016,44.140763213636,Total GHG
CYM,Cayman Islands,2016,0.29148534001544,Total GHG
CYP,Cyprus,2016,8.8287000627848,Total GHG
CZE,Czechia,2016,134.68525768485,Total GHG
DEU,Germany,2016,906.92101336254,Total GHG
DJI,Djibouti,2016,2.0777637415243,Total GHG
DMA,Dominica,2016,0.14447312479913,Total GHG
DNK,Denmark,2016,49.983956993417,Total GHG
DOM,Dominican Republic,2016,38.795050991273,Total GHG
DZA,Algeria,2016,226.68757741776,Total GHG
ECU,Ecuador,2016,70.110174000186,Total GHG
EGY,Egypt,2016,344.76205791414,Total GHG
ERI,Eritrea,2016,6.0938990376548,Total GHG
ESH,Western Sahara,2016,0.62841633846976,Total GHG
ESP,Spain and Andorra,2016,336.15896244286,Total GHG
EST,Estonia,2016,25.299001451704,Total GHG
ETH,Ethiopia,2016,154.29162113182,Total GHG
FIN,Finland,2016,64.607363581884,Total GHG
FJI,Fiji,2016,2.5338120219692,Total GHG
FLK,Falkland Islands,2016,0.16603117199109,Total GHG
FRA,France and Monaco,2016,462.96219484381,Total GHG
FRO,Faroes,2016,0.094709277887069,Total GHG
GAB,Gabon,2016,21.443633629366,Total GHG
GBR,United Kingdom,2016,502.47847879811,Total GHG
GEO,Georgia,2016,17.210260304267,Total GHG
GHA,Ghana,2016,34.630669633928,Total GHG
GIB,Gibraltar,2016,0.63468557271279,Total GHG
GIN,Guinea,2016,20.959714460468,Total GHG
GLP,Guadeloupe,2016,1.4098172735423,Total GHG
GMB,The Gambia,2016,1.9730756909158,Total GHG
GNB,Guinea-Bissau,2016,2.9618657964665,Total GHG
GNQ,Equatorial Guinea,2016,13.173477496676,Total GHG
GRC,Greece,2016,89.956677716967,Total GHG
GRD,Grenada,2016,0.1807162764402,Total GHG
GRL,Greenland,2016,0.58088203172604,Total GHG
GTM,Guatemala,2016,37.841404731601,Total GHG
GUF,French Guiana,2016,0.52704538791121,Total GHG
GUY,Guyana,2016,4.6330604561162,Total GHG
HKG,Hong Kong,2016,50.276421191836,Total GHG
HND,Honduras,2016,20.260564879642,Total GHG
HRV,Croatia,2016,26.112556698967,Total GHG
HTI,Haiti,2016,13.668704418718,Total GHG
HUN,Hungary,2016,66.905013501592,Total GHG
IDN,Indonesia,2016,851.53114496928,Total GHG
IND,India,2016,3353.918433351,Total GHG
IRL,Ireland,2016,70.804002894194,Total GHG
IRN,Iran,2016,837.86147471581,Total GHG
IRQ,Iraq,2016,325.51203425488,Total GHG
ISL,Iceland,2016,4.3576764595031,Total GHG
ISR,"Israel and Palestine, State of",2016,83.245516029008,Total GHG
ITA,"Italy, San Marino and the Holy See",2016,429.22730041134,Total GHG
JAM,Jamaica,2016,8.9440054331597,Total GHG
JOR,Jordan,2016,32.834048425129,Total GHG
JPN,Japan,2016,1320.9354042909,Total GHG
KAZ,Kazakhstan,2016,278.61228661202,Total GHG
KEN,Kenya,2016,88.437761221883,Total GHG
KGZ,Kyrgyzstan,2016,19.631048545231,Total GHG
KHM,Cambodia,2016,37.872399851346,Total GHG
KIR,Kiribati,2016,0.097008548788043,Total GHG
KNA,Saint Kitts and Nevis,2016,0.1497272332469,Total GHG
KOR,South Korea,2016,719.52143192105,Total GHG
KWT,Kuwait,2016,149.03977953374,Total GHG
LAO,Laos,2016,29.046421064718,Total GHG
LBN,Lebanon,2016,33.65450894506,Total GHG
LBR,Liberia,2016,4.509409949718,Total GHG
LBY,Libya,2016,68.153262261524,Total GHG
LCA,Saint Lucia,2016,0.32297675508871,Total GHG
LKA,Sri Lanka,2016,36.126846987696,Total GHG
LSO,Lesotho,2016,2.8209916640534,Total GHG
LTU,Lithuania,2016,24.468434869819,Total GHG
LUX,Luxembourg,2016,10.036107312281,Total GHG
LVA,Latvia,2016,12.465504451328,Total GHG
MAC,Macao,2016,2.7234235089275,Total GHG
MAR,Morocco,2016,94.055806202261,Total GHG
MDA,Moldova,2016,11.899743308457,Total GHG
MDG,Madagascar,2016,31.425449189977,Total GHG
MDV,Maldives,2016,1.8937284536093,Total GHG
MEX,Mexico,2016,691.4908926253,Total GHG
MKD,North Macedonia,2016,10.250446876603,Total GHG
MLI,Mali,2016,35.589277975933,Total GHG
MLT,Malta,2016,1.8277760238409,Total GHG
MMR,Myanmar/Burma,2016,129.54420997296,Total GHG
MNG,Mongolia,2016,60.763767956357,Total GHG
MOZ,Mozambique,2016,27.006168245313,Total GHG
MRT,Mauritania,2016,13.559454413374,Total GHG
MTQ,Martinique,2016,1.171308673843,Total GHG
MUS,Mauritius,2016,5.596655703311,Total GHG
MWI,Malawi,2016,14.15537088972,Total GHG
MYS,Malaysia,2016,286.50238933247,Total GHG
NAM,Namibia,2016,12.351844968202,Total GHG
NCL,New Caledonia,2016,5.2718631518113,Total GHG
NER,Niger,2016,30.938854140245,Total GHG
NGA,Nigeria,2016,336.75007956517,Total GHG
NIC,Nicaragua,2016,17.935578605903,Total GHG
NLD,Netherlands,2016,202.67870383604,Total GHG
NOR,Norway,2016,62.213842024219,Total GHG
NPL,Nepal,2016,43.03156501406,Total GHG
NZL,New Zealand,2016,85.682043436306,Total GHG
OMN,Oman,2016,111.59444023468,Total GHG
PAK,Pakistan,2016,454.0304506915,Total GHG
PAN,Panama,2016,16.572157603822,Total GHG
PER,Peru,2016,89.161229717303,Total GHG
PHL,Philippines,2016,202.6230278155,Total GHG
PLW,Palau,2016,1.2006182638369,Total GHG
PNG,Papua New Guinea,2016,11.331140863072,Total GHG
POL,Poland,2016,399.44948573924,Total GHG
PRI,Puerto Rico,2016,13.852655763873,Total GHG
PRK,North Korea,2016,65.06315841552,Total GHG
PRT,Portugal,2016,67.744763239588,Total GHG
PRY,Paraguay,2016,41.209172837712,Total GHG
PYF,French Polynesia,2016,1.1092851115883,Total GHG
QAT,Qatar,2016,139.9209361129,Total GHG
REU,Réunion,2016,2.8947186431734,Total GHG
ROU,Romania,2016,111.54455968127,Total GHG
RUS,Russia,2016,2237.8431077533,Total GHG
RWA,Rwanda,2016,6.8912179661248,Total GHG
SAU,Saudi Arabia,2016,757.45568562376,Total GHG
SCG,Serbia and Montenegro,2016,71.840040418536,Total GHG
SDN,Sudan and South Sudan,2016,134.00246221729,Total GHG
SEN,Senegal,2016,24.958790357104,Total GHG
SGP,Singapore,2016,63.878314622136,Total GHG
SHN,"Saint Helena, Ascension and Tristan da Cunha",2016,0.019044010365001,Total GHG
SLB,Solomon Islands,2016,0.57000524423881,Total GHG
SLE,Sierra Leone,2016,6.3194709535635,Total GHG
SLV,El Salvador,2016,12.069587031222,Total GHG
SOM,Somalia,2016,31.811261073554,Total GHG
SPM,Saint Pierre and Miquelon,2016,0.047448941007629,Total GHG
STP,São Tomé and Príncipe,2016,0.23326010356198,Total GHG
SUR,Suriname,2016,4.1934596896474,Total GHG
SVK,Slovakia,2016,44.801383389554,Total GHG
SVN,Slovenia,2016,19.79198319949,Total GHG
SWE,Sweden,2016,58.01746354036,Total GHG
SWZ,Eswatini,2016,2.9364881012433,Total GHG
SYC,Seychelles,2016,1.1897281542371,Total GHG
SYR,Syria,2016,41.336179099931,Total GHG
TCA,Turks and Caicos Islands,2016,0.098340789042257,Total GHG
TCD,Chad,2016,66.10827980874,Total GHG
TGO,Togo,2016,8.0745745951736,Total GHG
THA,Thailand,2016,401.08994442238,Total GHG
TJK,Tajikistan,2016,16.322312213396,Total GHG
TKM,Turkmenistan,2016,100.91360549923,Total GHG
TLS,Timor-Leste,2016,2.0160142916992,Total GHG
TON,Tonga,2016,0.25892695720309,Total GHG
TTO,Trinidad and Tobago,2016,40.049957426838,Total GHG
TUN,Tunisia,2016,41.627445233745,Total GHG
TUR,Türkiye,2016,492.36810102184,Total GHG
TWN,Taiwan,2016,327.0763431607,Total GHG
TZA,Tanzania,2016,72.557370995882,Total GHG
UGA,Uganda,2016,45.398792045674,Total GHG
UKR,Ukraine,2016,322.8815300173,Total GHG
URY,Uruguay,2016,39.87998532913,Total GHG
USA,United States,2016,6237.7379601405,Total GHG
UZB,Uzbekistan,2016,182.96665227874,Total GHG
VCT,Saint Vincent and the Grenadines,2016,0.15340321190487,Total GHG
VEN,Venezuela,2016,246.14185914792,Total GHG
VGB,British Virgin Islands,2016,0.092303465730877,Total GHG
VNM,Viet Nam,2016,364.37846545909,Total GHG
VUT,Vanuatu,2016,0.56113568226488,Total GHG
WSM,Samoa,2016,0.57209047484847,Total GHG
YEM,Yemen,2016,27.208253794057,Total GHG
ZAF,South Africa,2016,582.20418191814,Total GHG
ZMB,Zambia,2016,27.061094815467,Total GHG
ZWE,Zimbabwe,2016,26.592808877788,Total GHG
,,2016,,Total GHG
EU27,EU27,2016,3894.3909481539,Total GHG
,,2016,,Total GHG
GLOBAL TOTAL,GLOBAL TOTAL,2016,48655.806379257,Total GHG
ABW,Aruba,2017,0.49668832510882,Total GHG
AFG,Afghanistan,2017,30.474594817225,Total GHG
AGO,Angola,2017,75.433642680212,Total GHG
AIA,Anguilla,2017,0.032560698188558,Total GHG
ALB,Albania,2017,9.1946570256507,Total GHG
ANT,Curaçao,2017,4.161296735615,Total GHG
ARE,United Arab Emirates,2017,254.2672090996,Total GHG
ARG,Argentina,2017,372.69642735553,Total GHG
ARM,Armenia,2017,8.9353274636354,Total GHG
ATG,Antigua and Barbuda,2017,0.3461337803687,Total GHG
AUS,Australia,2017,612.94252351322,Total GHG
AUT,Austria,2017,84.857673908439,Total GHG
AZE,Azerbaijan,2017,52.425939852341,Total GHG
BDI,Burundi,2017,6.7135389540461,Total GHG
BEL,Belgium,2017,124.08057711915,Total GHG
BEN,Benin,2017,15.519991761275,Total GHG
BFA,Burkina Faso,2017,30.999998718028,Total GHG
BGD,Bangladesh,2017,195.4505584334,Total GHG
BGR,Bulgaria,2017,62.568289887658,Total GHG
BHR,Bahrain,2017,59.075912746387,Total GHG
BHS,Bahamas,2017,1.721603635957,Total GHG
BIH,Bosnia and Herzegovina,2017,31.852241974498,Total GHG
BLR,Belarus,2017,93.459125691843,Total GHG
BLZ,Belize,2017,0.85625791909773,Total GHG
BMU,Bermuda,2017,0.31407936122507,Total GHG
BOL,Bolivia,2017,50.772904349726,Total GHG
BRA,Brazil,2017,1219.2388585129,Total GHG
BRB,Barbados,2017,0.87778558288832,Total GHG
BRN,Brunei,2017,10.182884741014,Total GHG
BTN,Bhutan,2017,2.769377591623,Total GHG
BWA,Botswana,2017,12.84337752044,Total GHG
CAF,Central African Republic,2017,12.141511966398,Total GHG
CAN,Canada,2017,785.92463434561,Total GHG
CHE,Switzerland and Liechtenstein,2017,49.042535887092,Total GHG
CHL,Chile,2017,124.59915002215,Total GHG
CHN,China,2017,13160.593470949,Total GHG
CIV,Côte d’Ivoire,2017,28.425436451337,Total GHG
CMR,Cameroon,2017,37.754640941301,Total GHG
COD,Democratic Republic of the Congo,2017,44.424352097502,Total GHG
COG,Congo,2017,21.421595710674,Total GHG
COK,Cook Islands,2017,0.11366546012703,Total GHG
COL,Colombia,2017,187.12576748371,Total GHG
COM,Comoros,2017,0.70221153584893,Total GHG
CPV,Cabo Verde,2017,1.0987161809081,Total GHG
CRI,Costa Rica,2017,15.51893921605,Total GHG
CUB,Cuba,2017,43.109804134505,Total GHG
CYM,Cayman Islands,2017,0.30985491552388,Total GHG
CYP,Cyprus,2017,9.0329485599461,Total GHG
CZE,Czechia,2017,135.47861173571,Total GHG
DEU,Germany,2017,890.45648529721,Total GHG
DJI,Djibouti,2017,2.0224005250146,Total GHG
DMA,Dominica,2017,0.13550510335645,Total GHG
DNK,Denmark,2017,47.703040832768,Total GHG
DOM,Dominican Republic,2017,38.038086783672,Total GHG
DZA,Algeria,2017,231.71541868264,Total GHG
ECU,Ecuador,2017,68.626177825459,Total GHG
EGY,Egypt,2017,357.55413930484,Total GHG
ERI,Eritrea,2017,6.0952208060076,Total GHG
ESH,Western Sahara,2017,0.60407284255875,Total GHG
ESP,Spain and Andorra,2017,350.31640183882,Total GHG
EST,Estonia,2017,26.782138130818,Total GHG
ETH,Ethiopia,2017,157.84142465662,Total GHG
FIN,Finland,2017,61.547330137214,Total GHG
FJI,Fiji,2017,2.5377756755107,Total GHG
FLK,Falkland Islands,2017,0.16428672603526,Total GHG
FRA,France and Monaco,2017,465.77039680646,Total GHG
FRO,Faroes,2017,0.095113204376033,Total GHG
GAB,Gabon,2017,19.695807111532,Total GHG
GBR,United Kingdom,2017,490.83997318668,Total GHG
GEO,Georgia,2017,17.287613504044,Total GHG
GHA,Ghana,2017,38.432092841918,Total GHG
GIB,Gibraltar,2017,0.6729981962104,Total GHG
GIN,Guinea,2017,21.690289033677,Total GHG
GLP,Guadeloupe,2017,1.4091646436549,Total GHG
GMB,The Gambia,2017,1.9154046355384,Total GHG
GNB,Guinea-Bissau,2017,2.8698415402217,Total GHG
GNQ,Equatorial Guinea,2017,11.777839937703,Total GHG
GRC,Greece,2017,90.425829982722,Total GHG
GRD,Grenada,2017,0.18171958942681,Total GHG
GRL,Greenland,2017,0.56808729823343,Total GHG
GTM,Guatemala,2017,37.31219861759,Total GHG
GUF,French Guiana,2017,0.52612140576237,Total GHG
GUY,Guyana,2017,4.787582059359,Total GHG
HKG,Hong Kong,2017,49.415754455673,Total GHG
HND,Honduras,2017,19.763637649026,Total GHG
HRV,Croatia,2017,26.788041290586,Total GHG
HTI,Haiti,2017,13.692512702701,Total GHG
HUN,Hungary,2017,69.868850853868,Total GHG
IDN,Indonesia,2017,905.88942201568,Total GHG
IND,India,2017,3495.5014549791,Total GHG
IRL,Ireland,2017,69.907300046236,Total GHG
IRN,Iran,2017,866.98676479924,Total GHG
IRQ,Iraq,2017,339.86822692955,Total GHG
ISL,Iceland,2017,4.5079013474557,Total GHG
ISR,"Israel and Palestine, State of",2017,83.284891712648,Total GHG
ITA,"Italy, San Marino and the Holy See",2017,426.1243807756,Total GHG
JAM,Jamaica,2017,8.6448230503237,Total GHG
JOR,Jordan,2017,34.379197134174,Total GHG
JPN,Japan,2017,1305.6904106006,Total GHG
KAZ,Kazakhstan,2017,293.31926855381,Total GHG
KEN,Kenya,2017,85.544513409337,Total GHG
KGZ,Kyrgyzstan,2017,19.996802400195,Total GHG
KHM,Cambodia,2017,39.820059795979,Total GHG
KIR,Kiribati,2017,0.098835468176362,Total GHG
KNA,Saint Kitts and Nevis,2017,0.14222959128061,Total GHG
KOR,South Korea,2017,738.19124358933,Total GHG
KWT,Kuwait,2017,146.70450489189,Total GHG
LAO,Laos,2017,32.411607809869,Total GHG
LBN,Lebanon,2017,35.352677753759,Total GHG
LBR,Liberia,2017,4.3354011074046,Total GHG
LBY,Libya,2017,82.061606643244,Total GHG
LCA,Saint Lucia,2017,0.33035012660317,Total GHG
LKA,Sri Lanka,2017,34.724364673704,Total GHG
LSO,Lesotho,2017,3.0313645121102,Total GHG
LTU,Lithuania,2017,24.903484656917,Total GHG
LUX,Luxembourg,2017,10.194054781047,Total GHG
LVA,Latvia,2017,12.332455792599,Total GHG
MAC,Macao,2017,2.9801270594902,Total GHG
MAR,Morocco,2017,98.00564481582,Total GHG
MDA,Moldova,2017,11.926949200823,Total GHG
MDG,Madagascar,2017,31.82552382795,Total GHG
MDV,Maldives,2017,1.7687277388572,Total GHG
MEX,Mexico,2017,695.75277276823,Total GHG
MKD,North Macedonia,2017,10.70223905275,Total GHG
MLI,Mali,2017,38.307445790386,Total GHG
MLT,Malta,2017,2.0164201444754,Total GHG
MMR,Myanmar/Burma,2017,145.48560286643,Total GHG
MNG,Mongolia,2017,67.847440133294,Total GHG
MOZ,Mozambique,2017,29.485249396125,Total GHG
MRT,Mauritania,2017,14.871705843763,Total GHG
MTQ,Martinique,2017,1.1720207766675,Total GHG
MUS,Mauritius,2017,5.849741904973,Total GHG
MWI,Malawi,2017,15.056151935262,Total GHG
MYS,Malaysia,2017,274.64729604627,Total GHG
NAM,Namibia,2017,11.774020323057,Total GHG
NCL,New Caledonia,2017,4.7730659506508,Total GHG
NER,Niger,2017,32.150330302047,Total GHG
NGA,Nigeria,2017,334.53414506316,Total GHG
NIC,Nicaragua,2017,17.971070361748,Total GHG
NLD,Netherlands,2017,198.73095536553,Total GHG
NOR,Norway,2017,61.991310664646,Total GHG
NPL,Nepal,2017,45.424737382371,Total GHG
NZL,New Zealand,2017,86.855427571215,Total GHG
OMN,Oman,2017,111.98542940643,Total GHG
PAK,Pakistan,2017,477.20103281016,Total GHG
PAN,Panama,2017,16.088000236104,Total GHG
PER,Peru,2017,87.203087336634,Total GHG
PHL,Philippines,2017,220.80733979038,Total GHG
PLW,Palau,2017,1.2552620009916,Total GHG
PNG,Papua New Guinea,2017,10.483770610921,Total GHG
POL,Poland,2017,412.81002571038,Total GHG
PRI,Puerto Rico,2017,14.054628336386,Total GHG
PRK,North Korea,2017,101.64259262013,Total GHG
PRT,Portugal,2017,72.819673222181,Total GHG
PRY,Paraguay,2017,42.437644890949,Total GHG
PYF,French Polynesia,2017,0.98048360316913,Total GHG
QAT,Qatar,2017,139.46138567942,Total GHG
REU,Réunion,2017,2.8965209427029,Total GHG
ROU,Romania,2017,115.21039024377,Total GHG
RUS,Russia,2017,2286.9044489797,Total GHG
RWA,Rwanda,2017,7.0400887918494,Total GHG
SAU,Saudi Arabia,2017,752.69421206778,Total GHG
SCG,Serbia and Montenegro,2017,71.828293094663,Total GHG
SDN,Sudan and South Sudan,2017,133.67378777535,Total GHG
SEN,Senegal,2017,24.961804259826,Total GHG
SGP,Singapore,2017,69.102597837617,Total GHG
SHN,"Saint Helena, Ascension and Tristan da Cunha",2017,0.019782952154381,Total GHG
SLB,Solomon Islands,2017,0.5428076478539,Total GHG
SLE,Sierra Leone,2017,6.3431757801882,Total GHG
SLV,El Salvador,2017,11.421446502155,Total GHG
SOM,Somalia,2017,32.038411573858,Total GHG
SPM,Saint Pierre and Miquelon,2017,0.043805471855592,Total GHG
STP,São Tomé and Príncipe,2017,0.23839717881545,Total GHG
SUR,Suriname,2017,3.657389801732,Total GHG
SVK,Slovakia,2017,47.065080302554,Total GHG
SVN,Slovenia,2017,20.098764270451,Total GHG
SWE,Sweden,2017,57.336187511831,Total GHG
SWZ,Eswatini,2017,2.9081180713265,Total GHG
SYC,Seychelles,2017,1.2447802610725,Total GHG
SYR,Syria,2017,46.269566133386,Total GHG
TCA,Turks and Caicos Islands,2017,0.098093475115824,Total GHG
TCD,Chad,2017,69.976169549823,Total GHG
TGO,Togo,2017,7.8173233836482,Total GHG
THA,Thailand,2017,406.63680870109,Total GHG
TJK,Tajikistan,2017,18.055080377643,Total GHG
TKM,Turkmenistan,2017,105.30168082146,Total GHG
TLS,Timor-Leste,2017,1.8953452760857,Total GHG
TON,Tonga,2017,0.27155751115839,Total GHG
TTO,Trinidad and Tobago,2017,39.076234175446,Total GHG
TUN,Tunisia,2017,41.840738996697,Total GHG
TUR,Türkiye,2017,535.87723992478,Total GHG
TWN,Taiwan,2017,332.65062621671,Total GHG
TZA,Tanzania,2017,73.160761638746,Total GHG
UGA,Uganda,2017,45.964659244576,Total GHG
UKR,Ukraine,2017,297.82488201818,Total GHG
URY,Uruguay,2017,39.014349300542,Total GHG
USA,United States,2017,6183.6444640605,Total GHG
UZB,Uzbekistan,2017,188.05239983729,Total GHG
VCT,Saint Vincent and the Grenadines,2017,0.16130377525668,Total GHG
VEN,Venezuela,2017,231.08141662598,Total GHG
VGB,British Virgin Islands,2017,0.082066237058719,Total GHG
VNM,Viet Nam,2017,370.39054201213,Total GHG
VUT,Vanuatu,2017,0.52886623150438,Total GHG
WSM,Samoa,2017,0.52258522060581,Total GHG
YEM,Yemen,2017,28.29203060665,Total GHG
ZAF,South Africa,2017,599.07159712591,Total GHG
ZMB,Zambia,2017,29.284646693783,Total GHG
ZWE,Zimbabwe,2017,26.051406086188,Total GHG
,,2017,,Total GHG
EU27,EU27,2017,3915.2257892049,Total GHG
,,2017,,Total GHG
GLOBAL TOTAL,GLOBAL TOTAL,2017,49478.56006411,Total GHG
ABW,Aruba,2018,0.49496691759112,Total GHG
AFG,Afghanistan,2018,31.935810418147,Total GHG
AGO,Angola,2018,70.465116025569,Total GHG
AIA,Anguilla,2018,0.031682045383717,Total GHG
ALB,Albania,2018,9.191052348976,Total GHG
ANT,Curaçao,2018,3.3689648128614,Total GHG
ARE,United Arab Emirates,2018,238.77950243206,Total GHG
ARG,Argentina,2018,372.51051459041,Total GHG
ARM,Armenia,2018,9.0795484439027,Total GHG
ATG,Antigua and Barbuda,2018,0.35569091905981,Total GHG
AUS,Australia,2018,608.06561376246,Total GHG
AUT,Austria,2018,81.792608228701,Total GHG
AZE,Azerbaijan,2018,53.136455410568,Total GHG
BDI,Burundi,2018,7.0172793172276,Total GHG
BEL,Belgium,2018,124.6967165339,Total GHG
BEN,Benin,2018,16.930608348221,Total GHG
BFA,Burkina Faso,2018,32.602615316954,Total GHG
BGD,Bangladesh,2018,200.53895831822,Total GHG
BGR,Bulgaria,2018,59.359613111776,Total GHG
BHR,Bahrain,2018,59.128788872265,Total GHG
BHS,Bahamas,2018,1.553922765175,Total GHG
BIH,Bosnia and Herzegovina,2018,32.255901890459,Total GHG
BLR,Belarus,2018,96.677538745184,Total GHG
BLZ,Belize,2018,0.8568755851237,Total GHG
BMU,Bermuda,2018,0.32899126289323,Total GHG
BOL,Bolivia,2018,51.474005514947,Total GHG
BRA,Brazil,2018,1195.9213743544,Total GHG
BRB,Barbados,2018,0.97655819864781,Total GHG
BRN,Brunei,2018,10.411959012167,Total GHG
BTN,Bhutan,2018,3.0685515740842,Total GHG
BWA,Botswana,2018,13.753052821302,Total GHG
CAF,Central African Republic,2018,12.469420330272,Total GHG
CAN,Canada,2018,809.05959365771,Total GHG
CHE,Switzerland and Liechtenstein,2018,47.752476452981,Total GHG
CHL,Chile,2018,126.78671818273,Total GHG
CHN,China,2018,13740.929919565,Total GHG
CIV,Côte d’Ivoire,2018,27.906539431991,Total GHG
CMR,Cameroon,2018,38.16957040827,Total GHG
COD,Democratic Republic of the Congo,2018,45.108591846286,Total GHG
COG,Congo,2018,25.101548053479,Total GHG
COK,Cook Islands,2018,0.12228239815023,Total GHG
COL,Colombia,2018,195.87830528146,Total GHG
COM,Comoros,2018,0.65680103504561,Total GHG
CPV,Cabo Verde,2018,1.003850124488,Total GHG
CRI,Costa Rica,2018,15.998293292845,Total GHG
CUB,Cuba,2018,43.453037504848,Total GHG
CYM,Cayman Islands,2018,0.33891426825909,Total GHG
CYP,Cyprus,2018,8.9344400386437,Total GHG
CZE,Czechia,2018,133.85902352583,Total GHG
DEU,Germany,2018,859.3059440003,Total GHG
DJI,Djibouti,2018,2.0927153223503,Total GHG
DMA,Dominica,2018,0.13791579503061,Total GHG
DNK,Denmark,2018,47.66809862171,Total GHG
DOM,Dominican Republic,2018,40.384690768341,Total GHG
DZA,Algeria,2018,240.5805887437,Total GHG
ECU,Ecuador,2018,69.314972972065,Total GHG
EGY,Egypt,2018,352.98561964348,Total GHG
ERI,Eritrea,2018,6.2093923470414,Total GHG
ESH,Western Sahara,2018,0.61700843591143,Total GHG
ESP,Spain and Andorra,2018,342.65067583147,Total GHG
EST,Estonia,2018,28.544661495782,Total GHG
ETH,Ethiopia,2018,162.68217642057,Total GHG
FIN,Finland,2018,62.980313220931,Total GHG
FJI,Fiji,2018,2.6768943969257,Total GHG
FLK,Falkland Islands,2018,0.16149759080494,Total GHG
FRA,France and Monaco,2018,452.3490709987,Total GHG
FRO,Faroes,2018,0.095409323899811,Total GHG
GAB,Gabon,2018,18.344462416214,Total GHG
GBR,United Kingdom,2018,482.16798168312,Total GHG
GEO,Georgia,2018,17.146679470417,Total GHG
GHA,Ghana,2018,40.457490942,Total GHG
GIB,Gibraltar,2018,0.7136762979042,Total GHG
GIN,Guinea,2018,23.010293665708,Total GHG
GLP,Guadeloupe,2018,1.4119334773777,Total GHG
GMB,The Gambia,2018,1.7616974681462,Total GHG
GNB,Guinea-Bissau,2018,2.9733858823659,Total GHG
GNQ,Equatorial Guinea,2018,10.649481049105,Total GHG
GRC,Greece,2018,87.920421049567,Total GHG
GRD,Grenada,2018,0.1983079140503,Total GHG
GRL,Greenland,2018,0.57304010041413,Total GHG
GTM,Guatemala,2018,39.586914584201,Total GHG
GUF,French Guiana,2018,0.53276830746048,Total GHG
GUY,Guyana,2018,4.8584424930454,Total GHG
HKG,Hong Kong,2018,49.395993075579,Total GHG
HND,Honduras,2018,19.632867596894,Total GHG
HRV,Croatia,2018,25.71167437429,Total GHG
HTI,Haiti,2018,13.940633553173,Total GHG
HUN,Hungary,2018,70.111515299536,Total GHG
IDN,Indonesia,2018,1002.7634035911,Total GHG
IND,India,2018,3634.4228742276,Total GHG
IRL,Ireland,2018,67.20652597676,Total GHG
IRN,Iran,2018,856.6915693349,Total GHG
IRQ,Iraq,2018,357.46454717581,Total GHG
ISL,Iceland,2018,4.4755163047497,Total GHG
ISR,"Israel and Palestine, State of",2018,79.91487732722,Total GHG
ITA,"Italy, San Marino and the Holy See",2018,421.87332162839,Total GHG
JAM,Jamaica,2018,10.04982799227,Total GHG
JOR,Jordan,2018,33.372479837837,Total GHG
JPN,Japan,2018,1254.5984224506,Total GHG
KAZ,Kazakhstan,2018,298.67947688282,Total GHG
KEN,Kenya,2018,88.435416665973,Total GHG
KGZ,Kyrgyzstan,2018,22.129136443326,Total GHG
KHM,Cambodia,2018,40.686722132466,Total GHG
KIR,Kiribati,2018,0.10632353483783,Total GHG
KNA,Saint Kitts and Nevis,2018,0.15041265303133,Total GHG
KOR,South Korea,2018,754.52225583933,Total GHG
KWT,Kuwait,2018,150.3530105712,Total GHG
LAO,Laos,2018,33.114964176001,Total GHG
LBN,Lebanon,2018,33.725112614045,Total GHG
LBR,Liberia,2018,3.8118853223014,Total GHG
LBY,Libya,2018,88.531302102208,Total GHG
LCA,Saint Lucia,2018,0.39614598830043,Total GHG
LKA,Sri Lanka,2018,34.50109196904,Total GHG
LSO,Lesotho,2018,2.9297483307067,Total GHG
LTU,Lithuania,2018,24.454937231704,Total GHG
LUX,Luxembourg,2018,10.529382849017,Total GHG
LVA,Latvia,2018,12.911063505513,Total GHG
MAC,Macao,2018,2.21243767012,Total GHG
MAR,Morocco,2018,100.0291278398,Total GHG
MDA,Moldova,2018,12.620367976507,Total GHG
MDG,Madagascar,2018,30.386031943515,Total GHG
MDV,Maldives,2018,1.5457668348186,Total GHG
MEX,Mexico,2018,675.05151173247,Total GHG
MKD,North Macedonia,2018,10.241389291172,Total GHG
MLI,Mali,2018,40.083118610476,Total GHG
MLT,Malta,2018,2.0117976081872,Total GHG
MMR,Myanmar/Burma,2018,121.77577950781,Total GHG
MNG,Mongolia,2018,71.03010589634,Total GHG
MOZ,Mozambique,2018,32.512103005215,Total GHG
MRT,Mauritania,2018,15.682261972422,Total GHG
MTQ,Martinique,2018,1.1675335846426,Total GHG
MUS,Mauritius,2018,5.8494482456233,Total GHG
MWI,Malawi,2018,16.204962666266,Total GHG
MYS,Malaysia,2018,291.02157012715,Total GHG
NAM,Namibia,2018,11.596722229732,Total GHG
NCL,New Caledonia,2018,6.4659809759723,Total GHG
NER,Niger,2018,33.652831747134,Total GHG
NGA,Nigeria,2018,346.52871174009,Total GHG
NIC,Nicaragua,2018,17.444270169895,Total GHG
NLD,Netherlands,2018,191.88390941688,Total GHG
NOR,Norway,2018,61.118755730072,Total GHG
NPL,Nepal,2018,47.838226390004,Total GHG
NZL,New Zealand,2018,85.831836816916,Total GHG
OMN,Oman,2018,115.4890043621,Total GHG
PAK,Pakistan,2018,473.29276303213,Total GHG
PAN,Panama,2018,16.032009263059,Total GHG
PER,Peru,2018,87.292051183305,Total GHG
PHL,Philippines,2018,226.90600230312,Total GHG
PLW,Palau,2018,1.2867348257056,Total GHG
PNG,Papua New Guinea,2018,9.372814376948,Total GHG
POL,Poland,2018,411.6684368728,Total GHG
PRI,Puerto Rico,2018,16.076075545346,Total GHG
PRK,North Korea,2018,92.485019896948,Total GHG
PRT,Portugal,2018,68.877584788976,Total GHG
PRY,Paraguay,2018,42.000356980216,Total GHG
PYF,French Polynesia,2018,0.88087572216137,Total GHG
QAT,Qatar,2018,140.39553436326,Total GHG
REU,Réunion,2018,2.9053406704196,Total GHG
ROU,Romania,2018,116.06003063877,Total GHG
RUS,Russia,2018,2376.9299795898,Total GHG
RWA,Rwanda,2018,7.3037610476517,Total GHG
SAU,Saudi Arabia,2018,736.70534994965,Total GHG
SCG,Serbia and Montenegro,2018,70.324973561506,Total GHG
SDN,Sudan and South Sudan,2018,137.99104823975,Total GHG
SEN,Senegal,2018,25.914999724618,Total GHG
SGP,Singapore,2018,67.086357833839,Total GHG
SHN,"Saint Helena, Ascension and Tristan da Cunha",2018,0.020674656604385,Total GHG
SLB,Solomon Islands,2018,0.58114188122136,Total GHG
SLE,Sierra Leone,2018,6.5519380572301,Total GHG
SLV,El Salvador,2018,11.73976308055,Total GHG
SOM,Somalia,2018,32.579995086912,Total GHG
SPM,Saint Pierre and Miquelon,2018,0.03441097876341,Total GHG
STP,São Tomé and Príncipe,2018,0.24246348244149,Total GHG
SUR,Suriname,2018,3.3175648666635,Total GHG
SVK,Slovakia,2018,46.669738140209,Total GHG
SVN,Slovenia,2018,20.033218799413,Total GHG
SWE,Sweden,2018,54.846823201606,Total GHG
SWZ,Eswatini,2018,2.9150717557087,Total GHG
SYC,Seychelles,2018,1.0934262457646,Total GHG
SYR,Syria,2018,47.801474407297,Total GHG
TCA,Turks and Caicos Islands,2018,0.20146822603072,Total GHG
TCD,Chad,2018,74.114511977222,Total GHG
TGO,Togo,2018,8.2848224271831,Total GHG
THA,Thailand,2018,402.11731623537,Total GHG
TJK,Tajikistan,2018,19.42729917397,Total GHG
TKM,Turkmenistan,2018,107.15990880827,Total GHG
TLS,Timor-Leste,2018,1.8814235759496,Total GHG
TON,Tonga,2018,0.26437141329909,Total GHG
TTO,Trinidad and Tobago,2018,39.279167116887,Total GHG
TUN,Tunisia,2018,41.830819867922,Total GHG
TUR,Türkiye,2018,538.89424865381,Total GHG
TWN,Taiwan,2018,328.54487896586,Total GHG
TZA,Tanzania,2018,74.277012531663,Total GHG
UGA,Uganda,2018,48.07430573641,Total GHG
UKR,Ukraine,2018,311.19258704811,Total GHG
URY,Uruguay,2018,38.661447648764,Total GHG
USA,United States,2018,6370.4475659533,Total GHG
UZB,Uzbekistan,2018,185.51816310193,Total GHG
VCT,Saint Vincent and the Grenadines,2018,0.16218840291425,Total GHG
VEN,Venezuela,2018,210.63567007142,Total GHG
VGB,British Virgin Islands,2018,0.081414982065609,Total GHG
VNM,Viet Nam,2018,427.73994572407,Total GHG
VUT,Vanuatu,2018,0.59500447129693,Total GHG
WSM,Samoa,2018,0.53373978907206,Total GHG
YEM,Yemen,2018,31.816446442053,Total GHG
ZAF,South Africa,2018,600.39290237711,Total GHG
ZMB,Zambia,2018,30.964710217615,Total GHG
ZWE,Zimbabwe,2018,28.031080455832,Total GHG
,,2018,,Total GHG
EU27,EU27,2018,3834.9115469894,Total GHG
,,2018,,Total GHG
GLOBAL TOTAL,GLOBAL TOTAL,2018,50566.421973899,Total GHG
ABW,Aruba,2019,0.54001348922373,Total GHG
AFG,Afghanistan,2019,32.43616844578,Total GHG
AGO,Angola,2019,71.208749443621,Total GHG
AIA,Anguilla,2019,0.031036684467285,Total GHG
ALB,Albania,2019,8.666245019669,Total GHG
ANT,Curaçao,2019,2.6105129067609,Total GHG
ARE,United Arab Emirates,2019,251.89382791671,Total GHG
ARG,Argentina,2019,369.60200289539,Total GHG
ARM,Armenia,2019,9.5602776177122,Total GHG
ATG,Antigua and Barbuda,2019,0.40990747243611,Total GHG
AUS,Australia,2019,605.15397736552,Total GHG
AUT,Austria,2019,83.134227923679,Total GHG
AZE,Azerbaijan,2019,55.943296378449,Total GHG
BDI,Burundi,2019,6.7573856666908,Total GHG
BEL,Belgium,2019,124.39261191808,Total GHG
BEN,Benin,2019,17.138117495656,Total GHG
BFA,Burkina Faso,2019,33.774748066878,Total GHG
BGD,Bangladesh,2019,205.74436622847,Total GHG
BGR,Bulgaria,2019,57.793553510028,Total GHG
BHR,Bahrain,2019,63.037208581836,Total GHG
BHS,Bahamas,2019,1.8063857177591,Total GHG
BIH,Bosnia and Herzegovina,2019,30.552975378733,Total GHG
BLR,Belarus,2019,94.428171211498,Total GHG
BLZ,Belize,2019,0.99106396768016,Total GHG
BMU,Bermuda,2019,0.33002360875592,Total GHG
BOL,Bolivia,2019,52.395667511837,Total GHG
BRA,Brazil,2019,1200.3060407939,Total GHG
BRB,Barbados,2019,1.0672491327361,Total GHG
BRN,Brunei,2019,10.082144992559,Total GHG
BTN,Bhutan,2019,3.115900869274,Total GHG
BWA,Botswana,2019,12.420453340138,Total GHG
CAF,Central African Republic,2019,12.274546364393,Total GHG
CAN,Canada,2019,805.49962381971,Total GHG
CHE,Switzerland and Liechtenstein,2019,47.555392173302,Total GHG
CHL,Chile,2019,133.29766366996,Total GHG
CHN,China,2019,14052.862249565,Total GHG
CIV,Côte d’Ivoire,2019,29.810581571347,Total GHG
CMR,Cameroon,2019,38.891898755973,Total GHG
COD,Democratic Republic of the Congo,2019,46.792635287617,Total GHG
COG,Congo,2019,26.268698187585,Total GHG
COK,Cook Islands,2019,0.12217240784344,Total GHG
COL,Colombia,2019,201.09332846844,Total GHG
COM,Comoros,2019,0.69216677286988,Total GHG
CPV,Cabo Verde,2019,1.0508936509656,Total GHG
CRI,Costa Rica,2019,15.852932488955,Total GHG
CUB,Cuba,2019,38.999650523631,Total GHG
CYM,Cayman Islands,2019,0.42541374776828,Total GHG
CYP,Cyprus,2019,8.9768700599922,Total GHG
CZE,Czechia,2019,128.1938797923,Total GHG
DEU,Germany,2019,806.04325378077,Total GHG
DJI,Djibouti,2019,2.2215680716459,Total GHG
DMA,Dominica,2019,0.15326241548198,Total GHG
DNK,Denmark,2019,44.030439700907,Total GHG
DOM,Dominican Republic,2019,43.59509902934,Total GHG
DZA,Algeria,2019,247.08992922285,Total GHG
ECU,Ecuador,2019,69.753591338886,Total GHG
EGY,Egypt,2019,326.42487160026,Total GHG
ERI,Eritrea,2019,6.2722487043714,Total GHG
ESH,Western Sahara,2019,0.6326725745174,Total GHG
ESP,Spain and Andorra,2019,324.23357178537,Total GHG
EST,Estonia,2019,19.875288235544,Total GHG
ETH,Ethiopia,2019,173.87424962575,Total GHG
FIN,Finland,2019,59.607039174265,Total GHG
FJI,Fiji,2019,2.7570060463262,Total GHG
FLK,Falkland Islands,2019,0.16438176697242,Total GHG
FRA,France and Monaco,2019,443.9014209685,Total GHG
FRO,Faroes,2019,0.095250453040274,Total GHG
GAB,Gabon,2019,20.255247302733,Total GHG
GBR,United Kingdom,2019,464.70900637397,Total GHG
GEO,Georgia,2019,17.878982797255,Total GHG
GHA,Ghana,2019,42.694728938838,Total GHG
GIB,Gibraltar,2019,0.74174104397695,Total GHG
GIN,Guinea,2019,24.910676725913,Total GHG
GLP,Guadeloupe,2019,1.410610318618,Total GHG
GMB,The Gambia,2019,1.8055266717616,Total GHG
GNB,Guinea-Bissau,2019,3.0381219072141,Total GHG
GNQ,Equatorial Guinea,2019,10.024381031649,Total GHG
GRC,Greece,2019,82.08057942038,Total GHG
GRD,Grenada,2019,0.23700689813409,Total GHG
GRL,Greenland,2019,0.58874679915748,Total GHG
GTM,Guatemala,2019,40.973296771467,Total GHG
GUF,French Guiana,2019,0.53843361270084,Total GHG
GUY,Guyana,2019,5.1925990535675,Total GHG
HKG,Hong Kong,2019,48.947764086847,Total GHG
HND,Honduras,2019,21.058504801468,Total GHG
HRV,Croatia,2019,26.010885798774,Total GHG
HTI,Haiti,2019,13.824833889913,Total GHG
HUN,Hungary,2019,70.318540602243,Total GHG
IDN,Indonesia,2019,1062.2685236981,Total GHG
IND,India,2019,3641.2931605234,Total GHG
IRL,Ireland,2019,65.278536733934,Total GHG
IRN,Iran,2019,891.36420087881,Total GHG
IRQ,Iraq,2019,377.12664291304,Total GHG
ISL,Iceland,2019,4.3365123278186,Total GHG
ISR,"Israel and Palestine, State of",2019,82.374691149732,Total GHG
ITA,"Italy, San Marino and the Holy See",2019,413.49158385845,Total GHG
JAM,Jamaica,2019,9.7707767013368,Total GHG
JOR,Jordan,2019,31.899160684597,Total GHG
JPN,Japan,2019,1215.1408351129,Total GHG
KAZ,Kazakhstan,2019,288.1337467533,Total GHG
KEN,Kenya,2019,97.22021474239,Total GHG
KGZ,Kyrgyzstan,2019,21.225753187283,Total GHG
KHM,Cambodia,2019,44.000723628615,Total GHG
KIR,Kiribati,2019,0.1073814135583,Total GHG
KNA,Saint Kitts and Nevis,2019,0.17057713352102,Total GHG
KOR,South Korea,2019,729.06957163628,Total GHG
KWT,Kuwait,2019,148.81552330196,Total GHG
LAO,Laos,2019,32.96413206724,Total GHG
LBN,Lebanon,2019,33.563227490279,Total GHG
LBR,Liberia,2019,4.3337426802152,Total GHG
LBY,Libya,2019,91.637778736233,Total GHG
LCA,Saint Lucia,2019,0.43637036422714,Total GHG
LKA,Sri Lanka,2019,36.304559762854,Total GHG
LSO,Lesotho,2019,2.8119484293382,Total GHG
LTU,Lithuania,2019,24.656377056292,Total GHG
LUX,Luxembourg,2019,10.659925914888,Total GHG
LVA,Latvia,2019,12.784103784068,Total GHG
MAC,Macao,2019,2.3356044832711,Total GHG
MAR,Morocco,2019,107.74718399645,Total GHG
MDA,Moldova,2019,12.692603450827,Total GHG
MDG,Madagascar,2019,32.247888595175,Total GHG
MDV,Maldives,2019,1.6854687220144,Total GHG
MEX,Mexico,2019,692.13338686149,Total GHG
MKD,North Macedonia,2019,11.337205189719,Total GHG
MLI,Mali,2019,40.84782130595,Total GHG
MLT,Malta,2019,2.115264314344,Total GHG
MMR,Myanmar/Burma,2019,121.64549476899,Total GHG
MNG,Mongolia,2019,76.096391113302,Total GHG
MOZ,Mozambique,2019,30.174079196648,Total GHG
MRT,Mauritania,2019,16.133040646657,Total GHG
MTQ,Martinique,2019,1.1645337493399,Total GHG
MUS,Mauritius,2019,5.9470195514244,Total GHG
MWI,Malawi,2019,17.717696994808,Total GHG
MYS,Malaysia,2019,292.13343000312,Total GHG
NAM,Namibia,2019,11.77452046088,Total GHG
NCL,New Caledonia,2019,6.2299495105708,Total GHG
NER,Niger,2019,35.517358874096,Total GHG
NGA,Nigeria,2019,360.08569661295,Total GHG
NIC,Nicaragua,2019,17.907220863627,Total GHG
NLD,Netherlands,2019,186.70002669098,Total GHG
NOR,Norway,2019,59.549657084127,Total GHG
NPL,Nepal,2019,46.623053176222,Total GHG
NZL,New Zealand,2019,87.124586041851,Total GHG
OMN,Oman,2019,116.70322558665,Total GHG
PAK,Pakistan,2019,476.09084949141,Total GHG
PAN,Panama,2019,19.319135238664,Total GHG
PER,Peru,2019,91.26336886895,Total GHG
PHL,Philippines,2019,235.21670182183,Total GHG
PLW,Palau,2019,1.3265054256483,Total GHG
PNG,Papua New Guinea,2019,9.6679638679921,Total GHG
POL,Poland,2019,392.65575849683,Total GHG
PRI,Puerto Rico,2019,14.906324310052,Total GHG
PRK,North Korea,2019,100.75796391093,Total GHG
PRT,Portugal,2019,64.560440414578,Total GHG
PRY,Paraguay,2019,42.408079314191,Total GHG
PYF,French Polynesia,2019,0.88417789816518,Total GHG
QAT,Qatar,2019,142.39976732817,Total GHG
REU,Réunion,2019,2.9019660879169,Total GHG
ROU,Romania,2019,113.96594066465,Total GHG
RUS,Russia,2019,2409.0263032525,Total GHG
RWA,Rwanda,2019,7.4914097932454,Total GHG
SAU,Saudi Arabia,2019,738.285007055,Total GHG
SCG,Serbia and Montenegro,2019,70.903026652321,Total GHG
SDN,Sudan and South Sudan,2019,138.21324353847,Total GHG
SEN,Senegal,2019,26.465734498636,Total GHG
SGP,Singapore,2019,69.587525406222,Total GHG
SHN,"Saint Helena, Ascension and Tristan da Cunha",2019,0.020416567165395,Total GHG
SLB,Solomon Islands,2019,0.58409944134297,Total GHG
SLE,Sierra Leone,2019,6.7020601230934,Total GHG
SLV,El Salvador,2019,12.766893564814,Total GHG
SOM,Somalia,2019,33.108774907311,Total GHG
SPM,Saint Pierre and Miquelon,2019,0.041346222908078,Total GHG
STP,São Tomé and Príncipe,2019,0.2517523630001,Total GHG
SUR,Suriname,2019,3.8786179437235,Total GHG
SVK,Slovakia,2019,44.01847769767,Total GHG
SVN,Slovenia,2019,19.354622709803,Total GHG
SWE,Sweden,2019,54.920918968931,Total GHG
SWZ,Eswatini,2019,3.0110804238343,Total GHG
SYC,Seychelles,2019,0.98278715707122,Total GHG
SYR,Syria,2019,47.341464685646,Total GHG
TCA,Turks and Caicos Islands,2019,0.23228769440517,Total GHG
TCD,Chad,2019,78.082801693068,Total GHG
TGO,Togo,2019,8.728604940108,Total GHG
THA,Thailand,2019,410.46006129419,Total GHG
TJK,Tajikistan,2019,20.410574415745,Total GHG
TKM,Turkmenistan,2019,106.3271507725,Total GHG
TLS,Timor-Leste,2019,2.1094838304764,Total GHG
TON,Tonga,2019,0.28361151443769,Total GHG
TTO,Trinidad and Tobago,2019,40.068158144149,Total GHG
TUN,Tunisia,2019,41.883680903341,Total GHG
TUR,Türkiye,2019,528.91451266569,Total GHG
TWN,Taiwan,2019,318.57234829518,Total GHG
TZA,Tanzania,2019,79.442472147818,Total GHG
UGA,Uganda,2019,49.980419360983,Total GHG
UKR,Ukraine,2019,301.63754722443,Total GHG
URY,Uruguay,2019,39.238148541415,Total GHG
USA,United States,2019,6248.2428848461,Total GHG
UZB,Uzbekistan,2019,189.63607707028,Total GHG
VCT,Saint Vincent and the Grenadines,2019,0.16883448607133,Total GHG
VEN,Venezuela,2019,189.50281735305,Total GHG
VGB,British Virgin Islands,2019,0.10293718704032,Total GHG
VNM,Viet Nam,2019,484.71004233454,Total GHG
VUT,Vanuatu,2019,0.58731794401044,Total GHG
WSM,Samoa,2019,0.5405521423537,Total GHG
YEM,Yemen,2019,33.705398483042,Total GHG
ZAF,South Africa,2019,604.70192096562,Total GHG
ZMB,Zambia,2019,32.391217215242,Total GHG
ZWE,Zimbabwe,2019,26.469485062139,Total GHG
,,2019,,Total GHG
EU27,EU27,2019,3683.7541399763,Total GHG
,,2019,,Total GHG
GLOBAL TOTAL,GLOBAL TOTAL,2019,50829.629009719,Total GHG
ABW,Aruba,2020,0.51908072717292,Total GHG
AFG,Afghanistan,2020,32.400167958631,Total GHG
AGO,Angola,2020,63.159221101756,Total GHG
AIA,Anguilla,2020,0.026124833006615,Total GHG
ALB,Albania,2020,7.9971952854319,Total GHG
ANT,Curaçao,2020,2.1936295977255,Total GHG
ARE,United Arab Emirates,2020,249.74903598251,Total GHG
ARG,Argentina,2020,354.15827230152,Total GHG
ARM,Armenia,2020,10.28177646652,Total GHG
ATG,Antigua and Barbuda,2020,0.39310344165528,Total GHG
AUS,Australia,2020,579.54744945301,Total GHG
AUT,Austria,2020,76.972656221693,Total GHG
AZE,Azerbaijan,2020,54.333823357534,Total GHG
BDI,Burundi,2020,6.7616793169036,Total GHG
BEL,Belgium,2020,115.67212252909,Total GHG
BEN,Benin,2020,17.664303213584,Total GHG
BFA,Burkina Faso,2020,30.195243999549,Total GHG
BGD,Bangladesh,2020,202.74290375336,Total GHG
BGR,Bulgaria,2020,52.582537944264,Total GHG
BHR,Bahrain,2020,63.246346657119,Total GHG
BHS,Bahamas,2020,1.5307314713295,Total GHG
BIH,Bosnia and Herzegovina,2020,30.474856360556,Total GHG
BLR,Belarus,2020,91.71811316281,Total GHG
BLZ,Belize,2020,0.91754012846781,Total GHG
BMU,Bermuda,2020,0.23998145548339,Total GHG
BOL,Bolivia,2020,49.243059468713,Total GHG
BRA,Brazil,2020,1196.0099876051,Total GHG
BRB,Barbados,2020,0.86547721575829,Total GHG
BRN,Brunei,2020,12.755638930939,Total GHG
BTN,Bhutan,2020,2.7174092379235,Total GHG
BWA,Botswana,2020,10.95154740553,Total GHG
CAF,Central African Republic,2020,12.602897457649,Total GHG
CAN,Canada,2020,728.511226705,Total GHG
CHE,Switzerland and Liechtenstein,2020,45.172527532167,Total GHG
CHL,Chile,2020,126.15609430078,Total GHG
CHN,China,2020,14230.229554452,Total GHG
CIV,Côte d’Ivoire,2020,30.140620788144,Total GHG
CMR,Cameroon,2020,39.594725602089,Total GHG
COD,Democratic Republic of the Congo,2020,49.627779909128,Total GHG
COG,Congo,2020,25.154414606251,Total GHG
COK,Cook Islands,2020,0.086325323666681,Total GHG
COL,Colombia,2020,199.64551722584,Total GHG
COM,Comoros,2020,0.74524135909571,Total GHG
CPV,Cabo Verde,2020,0.84416988593557,Total GHG
CRI,Costa Rica,2020,14.347653510813,Total GHG
CUB,Cuba,2020,34.483964845756,Total GHG
CYM,Cayman Islands,2020,0.36328229016326,Total GHG
CYP,Cyprus,2020,8.6129084147312,Total GHG
CZE,Czechia,2020,118.24765737874,Total GHG
DEU,Germany,2020,747.0267869605,Total GHG
DJI,Djibouti,2020,2.1626205231597,Total GHG
DMA,Dominica,2020,0.14406641809472,Total GHG
DNK,Denmark,2020,41.874224296563,Total GHG
DOM,Dominican Republic,2020,42.512872127351,Total GHG
DZA,Algeria,2020,233.83105005476,Total GHG
ECU,Ecuador,2020,63.962622918768,Total GHG
EGY,Egypt,2020,335.72421813677,Total GHG
ERI,Eritrea,2020,6.309533273989,Total GHG
ESH,Western Sahara,2020,0.6044407606976,Total GHG
ESP,Spain and Andorra,2020,283.71126462507,Total GHG
EST,Estonia,2020,16.016245599115,Total GHG
ETH,Ethiopia,2020,181.53339365857,Total GHG
FIN,Finland,2020,54.346469827616,Total GHG
FJI,Fiji,2020,2.1479268974257,Total GHG
FLK,Falkland Islands,2020,0.16519664060211,Total GHG
FRA,France and Monaco,2020,401.58636708789,Total GHG
FRO,Faroes,2020,0.095788238246676,Total GHG
GAB,Gabon,2020,20.08623514586,Total GHG
GBR,United Kingdom,2020,421.54114387014,Total GHG
GEO,Georgia,2020,17.527547706749,Total GHG
GHA,Ghana,2020,45.700023840003,Total GHG
GIB,Gibraltar,2020,0.6624023408873,Total GHG
GIN,Guinea,2020,26.291240552511,Total GHG
GLP,Guadeloupe,2020,1.4091955361077,Total GHG
GMB,The Gambia,2020,1.7470006067931,Total GHG
GNB,Guinea-Bissau,2020,3.0456823396483,Total GHG
GNQ,Equatorial Guinea,2020,9.7695217288281,Total GHG
GRC,Greece,2020,72.283348819195,Total GHG
GRD,Grenada,2020,0.21068118374566,Total GHG
GRL,Greenland,2020,0.59199463736207,Total GHG
GTM,Guatemala,2020,39.544938559328,Total GHG
GUF,French Guiana,2020,0.54129003487963,Total GHG
GUY,Guyana,2020,6.2555902474765,Total GHG
HKG,Hong Kong,2020,39.598852388009,Total GHG
HND,Honduras,2020,20.405764178954,Total GHG
HRV,Croatia,2020,25.434961931382,Total GHG
HTI,Haiti,2020,13.514424977128,Total GHG
HUN,Hungary,2020,68.681043933481,Total GHG
IDN,Indonesia,2020,1007.1477692835,Total GHG
IND,India,2020,3461.0500219037,Total GHG
IRL,Ireland,2020,62.905568358264,Total GHG
IRN,Iran,2020,909.93822355484,Total GHG
IRQ,Iraq,2020,345.61784587306,Total GHG
ISL,Iceland,2020,4.2277693901474,Total GHG
ISR,"Israel and Palestine, State of",2020,78.862228928596,Total GHG
ITA,"Italy, San Marino and the Holy See",2020,375.49618539474,Total GHG
JAM,Jamaica,2020,7.2194283659381,Total GHG
JOR,Jordan,2020,29.998694832568,Total GHG
JPN,Japan,2020,1151.0676584183,Total GHG
KAZ,Kazakhstan,2020,296.35281873901,Total GHG
KEN,Kenya,2020,108.57715673298,Total GHG
KGZ,Kyrgyzstan,2020,20.399398303507,Total GHG
KHM,Cambodia,2020,46.956907288888,Total GHG
KIR,Kiribati,2020,0.10586645224872,Total GHG
KNA,Saint Kitts and Nevis,2020,0.16040195402468,Total GHG
KOR,South Korea,2020,695.12706346979,Total GHG
KWT,Kuwait,2020,144.05274191367,Total GHG
LAO,Laos,2020,33.521800086924,Total GHG
LBN,Lebanon,2020,28.630764851121,Total GHG
LBR,Liberia,2020,4.2104553383891,Total GHG
LBY,Libya,2020,64.448036776287,Total GHG
LCA,Saint Lucia,2020,0.42319832442408,Total GHG
LKA,Sri Lanka,2020,35.882839753923,Total GHG
LSO,Lesotho,2020,2.4749446676886,Total GHG
LTU,Lithuania,2020,24.449798821707,Total GHG
LUX,Luxembourg,2020,8.92457911154,Total GHG
LVA,Latvia,2020,12.188514043012,Total GHG
MAC,Macao,2020,2.3188292328653,Total GHG
MAR,Morocco,2020,104.26139611173,Total GHG
MDA,Moldova,2020,12.384853337592,Total GHG
MDG,Madagascar,2020,31.869371067313,Total GHG
MDV,Maldives,2020,1.379542719013,Total GHG
MEX,Mexico,2020,640.12723930934,Total GHG
MKD,North Macedonia,2020,10.288539486723,Total GHG
MLI,Mali,2020,42.540257606755,Total GHG
MLT,Malta,2020,2.0609384192046,Total GHG
MMR,Myanmar/Burma,2020,123.03465516656,Total GHG
MNG,Mongolia,2020,69.780873248003,Total GHG
MOZ,Mozambique,2020,27.927326720866,Total GHG
MRT,Mauritania,2020,16.483010217806,Total GHG
MTQ,Martinique,2020,1.163571978677,Total GHG
MUS,Mauritius,2020,5.5346822134988,Total GHG
MWI,Malawi,2020,17.611194603376,Total GHG
MYS,Malaysia,2020,288.85838418062,Total GHG
NAM,Namibia,2020,11.12461454602,Total GHG
NCL,New Caledonia,2020,6.0806610408849,Total GHG
NER,Niger,2020,37.194710105386,Total GHG
NGA,Nigeria,2020,333.68467568114,Total GHG
NIC,Nicaragua,2020,17.8226656226,Total GHG
NLD,Netherlands,2020,170.3435907836,Total GHG
NOR,Norway,2020,57.832135048987,Total GHG
NPL,Nepal,2020,49.817198390362,Total GHG
NZL,New Zealand,2020,83.770543643739,Total GHG
OMN,Oman,2020,113.28397826016,Total GHG
PAK,Pakistan,2020,511.26421845639,Total GHG
PAN,Panama,2020,15.97369569238,Total GHG
PER,Peru,2020,80.141807073386,Total GHG
PHL,Philippines,2020,225.14494406491,Total GHG
PLW,Palau,2020,1.3360265757922,Total GHG
PNG,Papua New Guinea,2020,10.124634897541,Total GHG
POL,Poland,2020,375.62435805308,Total GHG
PRI,Puerto Rico,2020,14.654483177045,Total GHG
PRK,North Korea,2020,95.250677376594,Total GHG
PRT,Portugal,2020,58.682527210275,Total GHG
PRY,Paraguay,2020,42.584450540727,Total GHG
PYF,French Polynesia,2020,0.81360780880748,Total GHG
QAT,Qatar,2020,140.67766335416,Total GHG
REU,Réunion,2020,2.8899632654597,Total GHG
ROU,Romania,2020,108.1538459384,Total GHG
RUS,Russia,2020,2325.7998613895,Total GHG
RWA,Rwanda,2020,7.6415400580161,Total GHG
SAU,Saudi Arabia,2020,740.204805978,Total GHG
SCG,Serbia and Montenegro,2020,71.598837429093,Total GHG
SDN,Sudan and South Sudan,2020,137.71674395657,Total GHG
SEN,Senegal,2020,27.16183626793,Total GHG
SGP,Singapore,2020,68.067532162577,Total GHG
SHN,"Saint Helena, Ascension and Tristan da Cunha",2020,0.019082516581022,Total GHG
SLB,Solomon Islands,2020,0.58131786153861,Total GHG
SLE,Sierra Leone,2020,6.8741785325708,Total GHG
SLV,El Salvador,2020,11.646113185343,Total GHG
SOM,Somalia,2020,33.508353149305,Total GHG
SPM,Saint Pierre and Miquelon,2020,0.038788626251842,Total GHG
STP,São Tomé and Príncipe,2020,0.24870050058397,Total GHG
SUR,Suriname,2020,3.7911438082902,Total GHG
SVK,Slovakia,2020,41.996194589153,Total GHG
SVN,Slovenia,2020,18.023764647531,Total GHG
SWE,Sweden,2020,53.705367033247,Total GHG
SWZ,Eswatini,2020,2.8571328841825,Total GHG
SYC,Seychelles,2020,0.92836603955341,Total GHG
SYR,Syria,2020,46.339380871313,Total GHG
TCA,Turks and Caicos Islands,2020,0.22502936400687,Total GHG
TCD,Chad,2020,82.415826235616,Total GHG
TGO,Togo,2020,9.3528593299575,Total GHG
THA,Thailand,2020,403.90953636972,Total GHG
TJK,Tajikistan,2020,21.126411037543,Total GHG
TKM,Turkmenistan,2020,109.88407093077,Total GHG
TLS,Timor-Leste,2020,1.914057194118,Total GHG
TON,Tonga,2020,0.3079604666918,Total GHG
TTO,Trinidad and Tobago,2020,36.523953821067,Total GHG
TUN,Tunisia,2020,40.355521011783,Total GHG
TUR,Türkiye,2020,543.42886990345,Total GHG
TWN,Taiwan,2020,317.03714678416,Total GHG
TZA,Tanzania,2020,81.879657570976,Total GHG
UGA,Uganda,2020,50.91807767192,Total GHG
UKR,Ukraine,2020,292.72726136996,Total GHG
URY,Uruguay,2020,38.604940144212,Total GHG
USA,United States,2020,5703.9154192536,Total GHG
UZB,Uzbekistan,2020,198.23833566075,Total GHG
VCT,Saint Vincent and the Grenadines,2020,0.17601624905273,Total GHG
VEN,Venezuela,2020,141.50348367823,Total GHG
VGB,British Virgin Islands,2020,0.1002817834891,Total GHG
VNM,Viet Nam,2020,492.95508878219,Total GHG
VUT,Vanuatu,2020,0.62265525831704,Total GHG
WSM,Samoa,2020,0.46663958331435,Total GHG
YEM,Yemen,2020,33.051043834226,Total GHG
ZAF,South Africa,2020,576.99902148253,Total GHG
ZMB,Zambia,2020,33.012913839822,Total GHG
ZWE,Zimbabwe,2020,24.793786060678,Total GHG
,,2020,,Total GHG
EU27,EU27,2020,3395.6038279731,Total GHG
,,2020,,Total GHG
GLOBAL TOTAL,GLOBAL TOTAL,2020,48962.126893051,Total GHG
ABW,Aruba,2021,0.53833479944398,Total GHG
AFG,Afghanistan,2021,32.835845915722,Total GHG
AGO,Angola,2021,66.601919421159,Total GHG
AIA,Anguilla,2021,0.025313813010737,Total GHG
ALB,Albania,2021,8.4962829093712,Total GHG
ANT,Curaçao,2021,2.3337414590687,Total GHG
ARE,United Arab Emirates,2021,255.3524567284,Total GHG
ARG,Argentina,2021,371.31818034915,Total GHG
ARM,Armenia,2021,10.908034824019,Total GHG
ATG,Antigua and Barbuda,2021,0.39907232418691,Total GHG
AUS,Australia,2021,576.18905701419,Total GHG
AUT,Austria,2021,80.078093887628,Total GHG
AZE,Azerbaijan,2021,56.596086854995,Total GHG
BDI,Burundi,2021,7.9047153881196,Total GHG
BEL,Belgium,2021,119.52141780107,Total GHG
BEN,Benin,2021,16.185292329311,Total GHG
BFA,Burkina Faso,2021,35.436888043558,Total GHG
BGD,Bangladesh,2021,219.36498332053,Total GHG
BGR,Bulgaria,2021,59.171939452796,Total GHG
BHR,Bahrain,2021,63.506174391957,Total GHG
BHS,Bahamas,2021,1.8152164012946,Total GHG
BIH,Bosnia and Herzegovina,2021,30.351713528234,Total GHG
BLR,Belarus,2021,91.891571065497,Total GHG
BLZ,Belize,2021,0.94225127144978,Total GHG
BMU,Bermuda,2021,0.27075122681624,Total GHG
BOL,Bolivia,2021,53.385624564763,Total GHG
BRA,Brazil,2021,1277.1870414328,Total GHG
BRB,Barbados,2021,0.85113582309136,Total GHG
BRN,Brunei,2021,12.534260682919,Total GHG
BTN,Bhutan,2021,2.8540981472597,Total GHG
BWA,Botswana,2021,12.256474398378,Total GHG
CAF,Central African Republic,2021,12.756293249512,Total GHG
CAN,Canada,2021,742.93013429329,Total GHG
CHE,Switzerland and Liechtenstein,2021,46.919912321765,Total GHG
CHL,Chile,2021,127.20985080964,Total GHG
CHN,China,2021,14866.493579587,Total GHG
CIV,Côte d’Ivoire,2021,35.056125870319,Total GHG
CMR,Cameroon,2021,39.836205655317,Total GHG
COD,Democratic Republic of the Congo,2021,52.844035735655,Total GHG
COG,Congo,2021,23.297999367495,Total GHG
COK,Cook Islands,2021,0.097218247447805,Total GHG
COL,Colombia,2021,212.69888567241,Total GHG
COM,Comoros,2021,0.87592659441439,Total GHG
CPV,Cabo Verde,2021,0.87258365874284,Total GHG
CRI,Costa Rica,2021,15.427772353322,Total GHG
CUB,Cuba,2021,37.742251571502,Total GHG
CYM,Cayman Islands,2021,0.34577378708337,Total GHG
CYP,Cyprus,2021,8.7563372373692,Total GHG
CZE,Czechia,2021,123.5248968198,Total GHG
DEU,Germany,2021,773.68859129479,Total GHG
DJI,Djibouti,2021,2.2601871389853,Total GHG
DMA,Dominica,2021,0.1437878600291,Total GHG
DNK,Denmark,2021,43.256276246017,Total GHG
DOM,Dominican Republic,2021,45.820340978362,Total GHG
DZA,Algeria,2021,245.87622098272,Total GHG
ECU,Ecuador,2021,68.466690751486,Total GHG
EGY,Egypt,2021,352.54795739785,Total GHG
ERI,Eritrea,2021,6.4029139211978,Total GHG
ESH,Western Sahara,2021,0.65654630985133,Total GHG
ESP,Spain and Andorra,2021,302.67530582376,Total GHG
EST,Estonia,2021,16.718913150154,Total GHG
ETH,Ethiopia,2021,176.96056360398,Total GHG
FIN,Finland,2021,55.402597408924,Total GHG
FJI,Fiji,2021,2.3723391972978,Total GHG
FLK,Falkland Islands,2021,0.16800777119728,Total GHG
FRA,France and Monaco,2021,430.87821946809,Total GHG
FRO,Faroes,2021,0.096081678423538,Total GHG
GAB,Gabon,2021,19.169095280259,Total GHG
GBR,United Kingdom,2021,437.86944037325,Total GHG
GEO,Georgia,2021,18.560313848092,Total GHG
GHA,Ghana,2021,46.52969894348,Total GHG
GIB,Gibraltar,2021,0.66468647917034,Total GHG
GIN,Guinea,2021,27.113104025822,Total GHG
GLP,Guadeloupe,2021,1.40890588922,Total GHG
GMB,The Gambia,2021,1.740892650756,Total GHG
GNB,Guinea-Bissau,2021,3.0879855291269,Total GHG
GNQ,Equatorial Guinea,2021,9.2975215156492,Total GHG
GRC,Greece,2021,73.506035167586,Total GHG
GRD,Grenada,2021,0.21837665378787,Total GHG
GRL,Greenland,2021,0.6131665995027,Total GHG
GTM,Guatemala,2021,42.517373651683,Total GHG
GUF,French Guiana,2021,0.55031751838925,Total GHG
GUY,Guyana,2021,6.3093527328628,Total GHG
HKG,Hong Kong,2021,40.027964213497,Total GHG
HND,Honduras,2021,21.739044156686,Total GHG
HRV,Croatia,2021,25.537988590822,Total GHG
HTI,Haiti,2021,13.463425490264,Total GHG
HUN,Hungary,2021,69.944707924055,Total GHG
IDN,Indonesia,2021,1037.2806385606,Total GHG
IND,India,2021,3719.5631700061,Total GHG
IRL,Ireland,2021,65.100771591606,Total GHG
IRN,Iran,2021,974.10718858739,Total GHG
IRQ,Iraq,2021,361.81674610063,Total GHG
ISL,Iceland,2021,4.2603525413214,Total GHG
ISR,"Israel and Palestine, State of",2021,78.521246399936,Total GHG
ITA,"Italy, San Marino and the Holy See",2021,408.93194356151,Total GHG
JAM,Jamaica,2021,7.7907192421236,Total GHG
JOR,Jordan,2021,31.30619662874,Total GHG
JPN,Japan,2021,1172.1251500133,Total GHG
KAZ,Kazakhstan,2021,315.64381901861,Total GHG
KEN,Kenya,2021,102.16018788218,Total GHG
KGZ,Kyrgyzstan,2021,21.829000950485,Total GHG
KHM,Cambodia,2021,48.336934193903,Total GHG
KIR,Kiribati,2021,0.11376582122559,Total GHG
KNA,Saint Kitts and Nevis,2021,0.1633160949081,Total GHG
KOR,South Korea,2021,719.28057233316,Total GHG
KWT,Kuwait,2021,152.39255940562,Total GHG
LAO,Laos,2021,37.853822756302,Total GHG
LBN,Lebanon,2021,23.757978513406,Total GHG
LBR,Liberia,2021,4.2103092058981,Total GHG
LBY,Libya,2021,92.615456952582,Total GHG
LCA,Saint Lucia,2021,0.42974128948573,Total GHG
LKA,Sri Lanka,2021,36.06526817876,Total GHG
LSO,Lesotho,2021,2.6213805464181,Total GHG
LTU,Lithuania,2021,24.287823196996,Total GHG
LUX,Luxembourg,2021,9.3179114317633,Total GHG
LVA,Latvia,2021,12.44850491135,Total GHG
MAC,Macao,2021,2.1322817228627,Total GHG
MAR,Morocco,2021,110.82199619041,Total GHG
MDA,Moldova,2021,13.214235737546,Total GHG
MDG,Madagascar,2021,33.596937322025,Total GHG
MDV,Maldives,2021,1.8694760995936,Total GHG
MEX,Mexico,2021,656.28903512071,Total GHG
MKD,North Macedonia,2021,10.224422087525,Total GHG
MLI,Mali,2021,44.990434499656,Total GHG
MLT,Malta,2021,2.0681506815694,Total GHG
MMR,Myanmar/Burma,2021,121.28195558466,Total GHG
MNG,Mongolia,2021,70.927696371914,Total GHG
MOZ,Mozambique,2021,31.13711742453,Total GHG
MRT,Mauritania,2021,16.364303111775,Total GHG
MTQ,Martinique,2021,1.1651283862552,Total GHG
MUS,Mauritius,2021,5.8421026456043,Total GHG
MWI,Malawi,2021,18.677155178261,Total GHG
MYS,Malaysia,2021,293.31161142304,Total GHG
NAM,Namibia,2021,12.134467554442,Total GHG
NCL,New Caledonia,2021,5.032750766125,Total GHG
NER,Niger,2021,39.193969904828,Total GHG
NGA,Nigeria,2021,342.74709499378,Total GHG
NIC,Nicaragua,2021,18.441014842061,Total GHG
NLD,Netherlands,2021,173.58958935401,Total GHG
NOR,Norway,2021,58.709100098251,Total GHG
NPL,Nepal,2021,50.758083926615,Total GHG
NZL,New Zealand,2021,83.478751860196,Total GHG
OMN,Oman,2021,119.54839545114,Total GHG
PAK,Pakistan,2021,526.95171032811,Total GHG
PAN,Panama,2021,17.18227973395,Total GHG
PER,Peru,2021,93.508524334208,Total GHG
PHL,Philippines,2021,235.61299406005,Total GHG
PLW,Palau,2021,1.3894728604918,Total GHG
PNG,Papua New Guinea,2021,10.077276871042,Total GHG
POL,Poland,2021,403.14141756792,Total GHG
PRI,Puerto Rico,2021,14.901458090373,Total GHG
PRK,North Korea,2021,81.636017994097,Total GHG
PRT,Portugal,2021,56.95977642747,Total GHG
PRY,Paraguay,2021,42.403801580053,Total GHG
PYF,French Polynesia,2021,0.73760045282495,Total GHG
QAT,Qatar,2021,144.03444270062,Total GHG
REU,Réunion,2021,2.9017514349342,Total GHG
ROU,Romania,2021,113.47833337826,Total GHG
RUS,Russia,2021,2498.4553331653,Total GHG
RWA,Rwanda,2021,7.8139303638205,Total GHG
SAU,Saudi Arabia,2021,757.99454898504,Total GHG
SCG,Serbia and Montenegro,2021,69.632179248963,Total GHG
SDN,Sudan and South Sudan,2021,139.71642609315,Total GHG
SEN,Senegal,2021,29.548698447524,Total GHG
SGP,Singapore,2021,70.645246476232,Total GHG
SHN,"Saint Helena, Ascension and Tristan da Cunha",2021,0.019405298607501,Total GHG
SLB,Solomon Islands,2021,0.61555492801968,Total GHG
SLE,Sierra Leone,2021,7.8333185092136,Total GHG
SLV,El Salvador,2021,12.596883600903,Total GHG
SOM,Somalia,2021,33.384152501169,Total GHG
SPM,Saint Pierre and Miquelon,2021,0.035170097623035,Total GHG
STP,São Tomé and Príncipe,2021,0.251252020066,Total GHG
SUR,Suriname,2021,3.9148008035639,Total GHG
SVK,Slovakia,2021,46.371881011479,Total GHG
SVN,Slovenia,2021,18.190498644401,Total GHG
SWE,Sweden,2021,55.817687035086,Total GHG
SWZ,Eswatini,2021,2.9058947006604,Total GHG
SYC,Seychelles,2021,0.87965636031746,Total GHG
SYR,Syria,2021,46.286121865507,Total GHG
TCA,Turks and Caicos Islands,2021,0.22429980509979,Total GHG
TCD,Chad,2021,86.141313093366,Total GHG
TGO,Togo,2021,9.7450064178607,Total GHG
THA,Thailand,2021,398.69811090178,Total GHG
TJK,Tajikistan,2021,21.353209211726,Total GHG
TKM,Turkmenistan,2021,128.43486723351,Total GHG
TLS,Timor-Leste,2021,1.8925020203808,Total GHG
TON,Tonga,2021,0.32897146706797,Total GHG
TTO,Trinidad and Tobago,2021,35.306543610234,Total GHG
TUN,Tunisia,2021,43.31987702753,Total GHG
TUR,Türkiye,2021,581.98482574219,Total GHG
TWN,Taiwan,2021,328.01532467443,Total GHG
TZA,Tanzania,2021,85.328244484359,Total GHG
UGA,Uganda,2021,53.560191471655,Total GHG
UKR,Ukraine,2021,285.0364430315,Total GHG
URY,Uruguay,2021,42.271809585648,Total GHG
USA,United States,2021,6000.5067145446,Total GHG
UZB,Uzbekistan,2021,210.47886876332,Total GHG
VCT,Saint Vincent and the Grenadines,2021,0.16935967754283,Total GHG
VEN,Venezuela,2021,141.32641671664,Total GHG
VGB,British Virgin Islands,2021,0.10040000308437,Total GHG
VNM,Viet Nam,2021,486.77943496699,Total GHG
VUT,Vanuatu,2021,0.66577506999144,Total GHG
WSM,Samoa,2021,0.52858811175943,Total GHG
YEM,Yemen,2021,33.603292293099,Total GHG
ZAF,South Africa,2021,575.42920605833,Total GHG
ZMB,Zambia,2021,34.149269234358,Total GHG
ZWE,Zimbabwe,2021,27.149709492206,Total GHG
,,2021,,Total GHG
EU27,EU27,2021,3572.3656090663,Total GHG
,,2021,,Total GHG
GLOBAL TOTAL,GLOBAL TOTAL,2021,51187.953401185,Total GHG
ABW,Aruba,2022,0.56749202966932,Total GHG
AFG,Afghanistan,2022,31.91213908326,Total GHG
AGO,Angola,2022,68.035237043701,Total GHG
AIA,Anguilla,2022,0.025155856380511,Total GHG
ALB,Albania,2022,7.6976185509826,Total GHG
ANT,Curaçao,2022,2.4101833527464,Total GHG
ARE,United Arab Emirates,2022,255.59272957856,Total GHG
ARG,Argentina,2022,383.5353557076,Total GHG
ARM,Armenia,2022,11.221545290367,Total GHG
ATG,Antigua and Barbuda,2022,0.41119534532045,Total GHG
AUS,Australia,2022,571.78075901171,Total GHG
AUT,Austria,2022,76.079223287114,Total GHG
AZE,Azerbaijan,2022,59.236259541654,Total GHG
BDI,Burundi,2022,7.7098607100523,Total GHG
BEL,Belgium,2022,111.98838236631,Total GHG
BEN,Benin,2022,17.053138688302,Total GHG
BFA,Burkina Faso,2022,35.742635183246,Total GHG
BGD,Bangladesh,2022,222.97935593664,Total GHG
BGR,Bulgaria,2022,62.743196861313,Total GHG
BHR,Bahrain,2022,64.91335029678,Total GHG
BHS,Bahamas,2022,1.7800257524139,Total GHG
BIH,Bosnia and Herzegovina,2022,30.0732974993,Total GHG
BLR,Belarus,2022,89.203033970223,Total GHG
BLZ,Belize,2022,0.9733959035653,Total GHG
BMU,Bermuda,2022,0.28368499610795,Total GHG
BOL,Bolivia,2022,55.432030608113,Total GHG
BRA,Brazil,2022,1278.5421699747,Total GHG
BRB,Barbados,2022,0.89075734817446,Total GHG
BRN,Brunei,2022,11.906791577557,Total GHG
BTN,Bhutan,2022,2.7995287317068,Total GHG
BWA,Botswana,2022,12.532074498997,Total GHG
CAF,Central African Republic,2022,13.078996465871,Total GHG
CAN,Canada,2022,761.36260620929,Total GHG
CHE,Switzerland and Liechtenstein,2022,43.68577646591,Total GHG
CHL,Chile,2022,129.52820065792,Total GHG
CHN,China,2022,14857.401090352,Total GHG
CIV,Côte d’Ivoire,2022,36.520837077694,Total GHG
CMR,Cameroon,2022,40.348450612803,Total GHG
COD,Democratic Republic of the Congo,2022,55.977968255537,Total GHG
COG,Congo,2022,24.421010691158,Total GHG
COK,Cook Islands,2022,0.10711086297954,Total GHG
COL,Colombia,2022,209.76076348353,Total GHG
COM,Comoros,2022,0.91950198867091,Total GHG
CPV,Cabo Verde,2022,0.9098127024477,Total GHG
CRI,Costa Rica,2022,15.685039253825,Total GHG
CUB,Cuba,2022,34.996992806992,Total GHG
CYM,Cayman Islands,2022,0.39121953456236,Total GHG
CYP,Cyprus,2022,9.0554263581847,Total GHG
CZE,Czechia,2022,121.91621526589,Total GHG
DEU,Germany,2022,758.38718342957,Total GHG
DJI,Djibouti,2022,2.3451528499679,Total GHG
DMA,Dominica,2022,0.14881881912821,Total GHG
DNK,Denmark,2022,41.553504228974,Total GHG
DOM,Dominican Republic,2022,48.846827443696,Total GHG
DZA,Algeria,2022,255.86334801048,Total GHG
ECU,Ecuador,2022,70.856512207292,Total GHG
EGY,Egypt,2022,350.40040612342,Total GHG
ERI,Eritrea,2022,6.4950197363487,Total GHG
ESH,Western Sahara,2022,0.68790570618044,Total GHG
ESP,Spain and Andorra,2022,306.61682413149,Total GHG
EST,Estonia,2022,18.744019475847,Total GHG
ETH,Ethiopia,2022,180.46355443559,Total GHG
FIN,Finland,2022,54.091559722637,Total GHG
FJI,Fiji,2022,2.5255983677891,Total GHG
FLK,Falkland Islands,2022,0.16955147941356,Total GHG
FRA,France and Monaco,2022,417.18101989961,Total GHG
FRO,Faroes,2022,0.095653913170767,Total GHG
GAB,Gabon,2022,19.938195052174,Total GHG
GBR,United Kingdom,2022,423.3671644979,Total GHG
GEO,Georgia,2022,19.706446338088,Total GHG
GHA,Ghana,2022,46.917918621924,Total GHG
GIB,Gibraltar,2022,0.65907095264,Total GHG
GIN,Guinea,2022,28.636728008435,Total GHG
GLP,Guadeloupe,2022,1.4086142816027,Total GHG
GMB,The Gambia,2022,1.8162668347012,Total GHG
GNB,Guinea-Bissau,2022,3.1453610920222,Total GHG
GNQ,Equatorial Guinea,2022,9.1254761127559,Total GHG
GRC,Greece,2022,74.624308598441,Total GHG
GRD,Grenada,2022,0.22894437159644,Total GHG
GRL,Greenland,2022,0.65549114524127,Total GHG
GTM,Guatemala,2022,41.487332942942,Total GHG
GUF,French Guiana,2022,0.55493654353918,Total GHG
GUY,Guyana,2022,7.790828123826,Total GHG
HKG,Hong Kong,2022,37.640804458449,Total GHG
HND,Honduras,2022,22.203752894659,Total GHG
HRV,Croatia,2022,25.394739209385,Total GHG
HTI,Haiti,2022,13.480523907845,Total GHG
HUN,Hungary,2022,65.564141388159,Total GHG
IDN,Indonesia,2022,1181.2991970214,Total GHG
IND,India,2022,3961.5256127027,Total GHG
IRL,Ireland,2022,63.857628940469,Total GHG
IRN,Iran,2022,989.86456306096,Total GHG
IRQ,Iraq,2022,399.16746492952,Total GHG
ISL,Iceland,2022,4.3017230079263,Total GHG
ISR,"Israel and Palestine, State of",2022,81.863149822537,Total GHG
ITA,"Italy, San Marino and the Holy See",2022,408.06046932401,Total GHG
JAM,Jamaica,2022,8.8444413161078,Total GHG
JOR,Jordan,2022,33.338396510643,Total GHG
JPN,Japan,2022,1142.3046229531,Total GHG
KAZ,Kazakhstan,2022,322.93218200325,Total GHG
KEN,Kenya,2022,105.1551493185,Total GHG
KGZ,Kyrgyzstan,2022,21.95345272449,Total GHG
KHM,Cambodia,2022,47.104215231706,Total GHG
KIR,Kiribati,2022,0.10994547945545,Total GHG
KNA,Saint Kitts and Nevis,2022,0.18413615448157,Total GHG
KOR,South Korea,2022,694.87830790562,Total GHG
KWT,Kuwait,2022,159.62280356342,Total GHG
LAO,Laos,2022,38.49878485048,Total GHG
LBN,Lebanon,2022,17.7102943977,Total GHG
LBR,Liberia,2022,4.3676746570905,Total GHG
LBY,Libya,2022,89.944707592614,Total GHG
LCA,Saint Lucia,2022,0.4497645702325,Total GHG
LKA,Sri Lanka,2022,34.125909634296,Total GHG
LSO,Lesotho,2022,2.9114932619428,Total GHG
LTU,Lithuania,2022,22.299746208546,Total GHG
LUX,Luxembourg,2022,8.1924376564905,Total GHG
LVA,Latvia,2022,11.823611038236,Total GHG
MAC,Macao,2022,1.761521151235,Total GHG
MAR,Morocco,2022,110.76092189676,Total GHG
MDA,Moldova,2022,11.649240538451,Total GHG
MDG,Madagascar,2022,34.457664974843,Total GHG
MDV,Maldives,2022,1.9895863554235,Total GHG
MEX,Mexico,2022,660.28561442273,Total GHG
MKD,North Macedonia,2022,10.815881683284,Total GHG
MLI,Mali,2022,44.505364370257,Total GHG
MLT,Malta,2022,2.2350046533096,Total GHG
MMR,Myanmar/Burma,2022,121.08004114984,Total GHG
MNG,Mongolia,2022,74.708258458351,Total GHG
MOZ,Mozambique,2022,35.683638471421,Total GHG
MRT,Mauritania,2022,17.117996969148,Total GHG
MTQ,Martinique,2022,1.1641876110119,Total GHG
MUS,Mauritius,2022,5.9813179741754,Total GHG
MWI,Malawi,2022,18.639319780136,Total GHG
MYS,Malaysia,2022,312.74720043699,Total GHG
NAM,Namibia,2022,12.26919201639,Total GHG
NCL,New Caledonia,2022,4.9841530973174,Total GHG
NER,Niger,2022,41.358731802412,Total GHG
NGA,Nigeria,2022,334.76991285853,Total GHG
NIC,Nicaragua,2022,18.706396448084,Total GHG
NLD,Netherlands,2022,160.28355647294,Total GHG
NOR,Norway,2022,57.651452408019,Total GHG
NPL,Nepal,2022,48.037706881943,Total GHG
NZL,New Zealand,2022,80.084062030076,Total GHG
OMN,Oman,2022,127.59369549683,Total GHG
PAK,Pakistan,2022,537.65633571558,Total GHG
PAN,Panama,2022,18.063614093449,Total GHG
PER,Peru,2022,97.630082665037,Total GHG
PHL,Philippines,2022,242.59674573043,Total GHG
PLW,Palau,2022,1.4626826556078,Total GHG
PNG,Papua New Guinea,2022,10.427687031899,Total GHG
POL,Poland,2022,384.93571327703,Total GHG
PRI,Puerto Rico,2022,16.121873471207,Total GHG
PRK,North Korea,2022,84.570590947442,Total GHG
PRT,Portugal,2022,57.31886288348,Total GHG
PRY,Paraguay,2022,41.197578928504,Total GHG
PYF,French Polynesia,2022,1.0294713971365,Total GHG
QAT,Qatar,2022,146.13061245786,Total GHG
REU,Réunion,2022,2.9198132526537,Total GHG
ROU,Romania,2022,107.30607136536,Total GHG
RUS,Russia,2022,2459.3933507985,Total GHG
RWA,Rwanda,2022,8.2309227321633,Total GHG
SAU,Saudi Arabia,2022,804.65387788438,Total GHG
SCG,Serbia and Montenegro,2022,70.234731706582,Total GHG
SDN,Sudan and South Sudan,2022,139.45956506921,Total GHG
SEN,Senegal,2022,31.500777863908,Total GHG
SGP,Singapore,2022,71.907968849652,Total GHG
SHN,"Saint Helena, Ascension and Tristan da Cunha",2022,0.020735483366621,Total GHG
SLB,Solomon Islands,2022,0.59213073619308,Total GHG
SLE,Sierra Leone,2022,7.3354986508881,Total GHG
SLV,El Salvador,2022,13.602655076959,Total GHG
SOM,Somalia,2022,33.644703872395,Total GHG
SPM,Saint Pierre and Miquelon,2022,0.035068565502105,Total GHG
STP,São Tomé and Príncipe,2022,0.23650622903037,Total GHG
SUR,Suriname,2022,3.9563712235632,Total GHG
SVK,Slovakia,2022,42.524275323404,Total GHG
SVN,Slovenia,2022,17.498217974052,Total GHG
SWE,Sweden,2022,52.830701898466,Total GHG
SWZ,Eswatini,2022,3.0491617610153,Total GHG
SYC,Seychelles,2022,0.93729558925271,Total GHG
SYR,Syria,2022,45.699071780504,Total GHG
TCA,Turks and Caicos Islands,2022,0.22948380578068,Total GHG
TCD,Chad,2022,91.531200650254,Total GHG
TGO,Togo,2022,10.128055090131,Total GHG
THA,Thailand,2022,417.77118043425,Total GHG
TJK,Tajikistan,2022,21.848950302171,Total GHG
TKM,Turkmenistan,2022,134.77888368106,Total GHG
TLS,Timor-Leste,2022,1.932907932729,Total GHG
TON,Tonga,2022,0.28370553828823,Total GHG
TTO,Trinidad and Tobago,2022,35.189277148688,Total GHG
TUN,Tunisia,2022,42.705448453523,Total GHG
TUR,Türkiye,2022,564.26141976552,Total GHG
TWN,Taiwan,2022,318.56015234013,Total GHG
TZA,Tanzania,2022,89.522934303618,Total GHG
UGA,Uganda,2022,54.269573764408,Total GHG
UKR,Ukraine,2022,199.76947639321,Total GHG
URY,Uruguay,2022,41.11042764077,Total GHG
USA,United States,2022,6074.2361549158,Total GHG
UZB,Uzbekistan,2022,206.85465876135,Total GHG
VCT,Saint Vincent and the Grenadines,2022,0.18004950842622,Total GHG
VEN,Venezuela,2022,160.26066809119,Total GHG
VGB,British Virgin Islands,2022,0.10462310135875,Total GHG
VNM,Viet Nam,2022,494.47437524804,Total GHG
VUT,Vanuatu,2022,0.64761368943735,Total GHG
WSM,Samoa,2022,0.5115598408111,Total GHG
YEM,Yemen,2022,33.562910785366,Total GHG
ZAF,South Africa,2022,556.07994103405,Total GHG
ZMB,Zambia,2022,37.109063724268,Total GHG
ZWE,Zimbabwe,2022,28.025626825529,Total GHG
,,2022,,Total GHG
EU27,EU27,2022,3483.1060412387,Total GHG
,,2022,,Total GHG
GLOBAL TOTAL,GLOBAL TOTAL,2022,51748.121503622,Total GHG
ABW,Aruba,2023,0.56950278847654,Total GHG
AFG,Afghanistan,2023,32.4351067419,Total GHG
AGO,Angola,2023,68.280785052324,Total GHG
AIA,Anguilla,2023,0.025157583778709,Total GHG
ALB,Albania,2023,7.2612471504801,Total GHG
ANT,Curaçao,2023,2.4044571947322,Total GHG
ARE,United Arab Emirates,2023,254.30732072143,Total GHG
ARG,Argentina,2023,377.67454464453,Total GHG
ARM,Armenia,2023,10.725980572744,Total GHG
ATG,Antigua and Barbuda,2023,0.41508311176289,Total GHG
AUS,Australia,2023,587.51310255114,Total GHG
AUT,Austria,2023,71.596342390156,Total GHG
AZE,Azerbaijan,2023,60.991823697597,Total GHG
BDI,Burundi,2023,8.1871617238876,Total GHG
BEL,Belgium,2023,107.22626360404,Total GHG
BEN,Benin,2023,17.353939838087,Total GHG
BFA,Burkina Faso,2023,34.592117105478,Total GHG
BGD,Bangladesh,2023,215.83365300259,Total GHG
BGR,Bulgaria,2023,49.664665669557,Total GHG
BHR,Bahrain,2023,64.902212992832,Total GHG
BHS,Bahamas,2023,1.7890647430399,Total GHG
BIH,Bosnia and Herzegovina,2023,28.199449532339,Total GHG
BLR,Belarus,2023,86.933053671496,Total GHG
BLZ,Belize,2023,1.0011666940305,Total GHG
BMU,Bermuda,2023,0.29678539652536,Total GHG
BOL,Bolivia,2023,57.212834838355,Total GHG
BRA,Brazil,2023,1297.1707496717,Total GHG
BRB,Barbados,2023,0.88888011823082,Total GHG
BRN,Brunei,2023,12.061242736152,Total GHG
BTN,Bhutan,2023,2.7927123378223,Total GHG
BWA,Botswana,2023,12.607696837403,Total GHG
CAF,Central African Republic,2023,12.777664749913,Total GHG
CAN,Canada,2023,755.23925203285,Total GHG
CHE,Switzerland and Liechtenstein,2023,42.874886975355,Total GHG
CHL,Chile,2023,116.83740980471,Total GHG
CHN,China,2023,15411.783436584,Total GHG
CIV,Côte d’Ivoire,2023,36.728828389278,Total GHG
CMR,Cameroon,2023,40.358043083049,Total GHG
COD,Democratic Republic of the Congo,2023,57.201028579943,Total GHG
COG,Congo,2023,24.416633406909,Total GHG
COK,Cook Islands,2023,0.1075029245548,Total GHG
COL,Colombia,2023,215.47661935261,Total GHG
COM,Comoros,2023,0.93689596414486,Total GHG
CPV,Cabo Verde,2023,0.88304039943934,Total GHG
CRI,Costa Rica,2023,16.726718362,Total GHG
CUB,Cuba,2023,35.099949896185,Total GHG
CYM,Cayman Islands,2023,0.39272670534022,Total GHG
CYP,Cyprus,2023,9.10776435639,Total GHG
CZE,Czechia,2023,108.83311329713,Total GHG
DEU,Germany,2023,685.65835961194,Total GHG
DJI,Djibouti,2023,2.3883531920742,Total GHG
DMA,Dominica,2023,0.14927497543071,Total GHG
DNK,Denmark,2023,38.946056059571,Total GHG
DOM,Dominican Republic,2023,49.801773913648,Total GHG
DZA,Algeria,2023,258.93895957405,Total GHG
ECU,Ecuador,2023,73.199767914986,Total GHG
EGY,Egypt,2023,369.72616918545,Total GHG
ERI,Eritrea,2023,6.5370067416552,Total GHG
ESH,Western Sahara,2023,0.71442591056688,Total GHG
ESP,Spain and Andorra,2023,286.86512318192,Total GHG
EST,Estonia,2023,14.984304728256,Total GHG
ETH,Ethiopia,2023,188.44693508356,Total GHG
FIN,Finland,2023,49.873984130358,Total GHG
FJI,Fiji,2023,2.6489059423742,Total GHG
FLK,Falkland Islands,2023,0.17143413695019,Total GHG
FRA,France and Monaco,2023,390.74290511362,Total GHG
FRO,Faroes,2023,0.096459070097079,Total GHG
GAB,Gabon,2023,21.553322123783,Total GHG
GBR,United Kingdom,2023,400.60949906759,Total GHG
GEO,Georgia,2023,19.652808348284,Total GHG
GHA,Ghana,2023,46.82251111631,Total GHG
GIB,Gibraltar,2023,0.65270141409658,Total GHG
GIN,Guinea,2023,28.615129628361,Total GHG
GLP,Guadeloupe,2023,1.4110365749909,Total GHG
GMB,The Gambia,2023,1.8423963356211,Total GHG
GNB,Guinea-Bissau,2023,3.1488255053156,Total GHG
GNQ,Equatorial Guinea,2023,7.9746753103412,Total GHG
GRC,Greece,2023,70.597990903103,Total GHG
GRD,Grenada,2023,0.23355176439514,Total GHG
GRL,Greenland,2023,0.64998093736356,Total GHG
GTM,Guatemala,2023,42.992884634674,Total GHG
GUF,French Guiana,2023,0.57700856891599,Total GHG
GUY,Guyana,2023,8.5860349708722,Total GHG
HKG,Hong Kong,2023,39.730674623127,Total GHG
HND,Honduras,2023,23.782187545514,Total GHG
HRV,Croatia,2023,26.802408502729,Total GHG
HTI,Haiti,2023,13.615283929323,Total GHG
HUN,Hungary,2023,60.950215865162,Total GHG
IDN,Indonesia,2023,1261.3223482049,Total GHG
IND,India,2023,4206.3289023798,Total GHG
IRL,Ireland,2023,60.357963848,Total GHG
IRN,Iran,2023,1030.0946943568,Total GHG
IRQ,Iraq,2023,405.17316134328,Total GHG
ISL,Iceland,2023,4.2460513453687,Total GHG
ISR,"Israel and Palestine, State of",2023,79.053413464415,Total GHG
ITA,"Italy, San Marino and the Holy See",2023,378.51077162728,Total GHG
JAM,Jamaica,2023,9.042432560002,Total GHG
JOR,Jordan,2023,34.400684103286,Total GHG
JPN,Japan,2023,1094.0242506381,Total GHG
KAZ,Kazakhstan,2023,326.8628859182,Total GHG
KEN,Kenya,2023,100.57605274699,Total GHG
KGZ,Kyrgyzstan,2023,21.717112728515,Total GHG
KHM,Cambodia,2023,48.981796752506,Total GHG
KIR,Kiribati,2023,0.11077828774109,Total GHG
KNA,Saint Kitts and Nevis,2023,0.17929183805329,Total GHG
KOR,South Korea,2023,670.11455551284,Total GHG
KWT,Kuwait,2023,167.88766525722,Total GHG
LAO,Laos,2023,41.173200006129,Total GHG
LBN,Lebanon,2023,18.360026333968,Total GHG
LBR,Liberia,2023,4.4125518208479,Total GHG
LBY,Libya,2023,97.951644077719,Total GHG
LCA,Saint Lucia,2023,0.45415151464671,Total GHG
LKA,Sri Lanka,2023,35.18535761302,Total GHG
LSO,Lesotho,2023,3.0709584594613,Total GHG
LTU,Lithuania,2023,21.575550319364,Total GHG
LUX,Luxembourg,2023,7.8524742073692,Total GHG
LVA,Latvia,2023,11.698020931594,Total GHG
MAC,Macao,2023,1.7639052077634,Total GHG
MAR,Morocco,2023,108.35807294929,Total GHG
MDA,Moldova,2023,11.650645796342,Total GHG
MDG,Madagascar,2023,35.705437129023,Total GHG
MDV,Maldives,2023,1.9985431245501,Total GHG
MEX,Mexico,2023,685.65123338608,Total GHG
MKD,North Macedonia,2023,10.569134788675,Total GHG
MLI,Mali,2023,46.611319352811,Total GHG
MLT,Malta,2023,2.2252218687961,Total GHG
MMR,Myanmar/Burma,2023,118.2384652044,Total GHG
MNG,Mongolia,2023,93.715828388073,Total GHG
MOZ,Mozambique,2023,34.318018293186,Total GHG
MRT,Mauritania,2023,17.182684451797,Total GHG
MTQ,Martinique,2023,1.1656836783335,Total GHG
MUS,Mauritius,2023,6.3230730506631,Total GHG
MWI,Malawi,2023,18.353836800169,Total GHG
MYS,Malaysia,2023,318.37254305185,Total GHG
NAM,Namibia,2023,13.889902614577,Total GHG
NCL,New Caledonia,2023,5.2447887626206,Total GHG
NER,Niger,2023,40.072247042153,Total GHG
NGA,Nigeria,2023,337.77674538824,Total GHG
NIC,Nicaragua,2023,18.960952774873,Total GHG
NLD,Netherlands,2023,149.4883818116,Total GHG
NOR,Norway,2023,55.466958799797,Total GHG
NPL,Nepal,2023,42.116033626293,Total GHG
NZL,New Zealand,2023,78.208111792013,Total GHG
OMN,Oman,2023,130.24858399731,Total GHG
PAK,Pakistan,2023,522.21000937951,Total GHG
PAN,Panama,2023,19.49312359185,Total GHG
PER,Peru,2023,99.2574014718,Total GHG
PHL,Philippines,2023,254.53138369803,Total GHG
PLW,Palau,2023,1.4620351206145,Total GHG
PNG,Papua New Guinea,2023,10.66230244286,Total GHG
POL,Poland,2023,354.31093470926,Total GHG
PRI,Puerto Rico,2023,16.81116053631,Total GHG
PRK,North Korea,2023,90.622464257268,Total GHG
PRT,Portugal,2023,54.977693687807,Total GHG
PRY,Paraguay,2023,40.954551424128,Total GHG
PYF,French Polynesia,2023,1.0337767016741,Total GHG
QAT,Qatar,2023,156.12657350207,Total GHG
REU,Réunion,2023,2.9795823628328,Total GHG
ROU,Romania,2023,101.28636141848,Total GHG
RUS,Russia,2023,2512.819593253,Total GHG
RWA,Rwanda,2023,8.3468967797015,Total GHG
SAU,Saudi Arabia,2023,818.19172594842,Total GHG
SCG,Serbia and Montenegro,2023,68.126245581279,Total GHG
SDN,Sudan and South Sudan,2023,138.35990114459,Total GHG
SEN,Senegal,2023,31.075388920497,Total GHG
SGP,Singapore,2023,72.392943700916,Total GHG
SHN,"Saint Helena, Ascension and Tristan da Cunha",2023,0.020772016751657,Total GHG
SLB,Solomon Islands,2023,0.59894686339881,Total GHG
SLE,Sierra Leone,2023,7.7945386705306,Total GHG
SLV,El Salvador,2023,14.380131566509,Total GHG
SOM,Somalia,2023,34.244724926772,Total GHG
SPM,Saint Pierre and Miquelon,2023,0.035109438354039,Total GHG
STP,São Tomé and Príncipe,2023,0.24211747499797,Total GHG
SUR,Suriname,2023,3.5866743140538,Total GHG
SVK,Slovakia,2023,40.307738950781,Total GHG
SVN,Slovenia,2023,16.677122032559,Total GHG
SWE,Sweden,2023,51.401283651622,Total GHG
SWZ,Eswatini,2023,2.9216943965253,Total GHG
SYC,Seychelles,2023,0.93523607240039,Total GHG
SYR,Syria,2023,46.530654724748,Total GHG
TCA,Turks and Caicos Islands,2023,0.23004119034807,Total GHG
TCD,Chad,2023,96.873253364772,Total GHG
TGO,Togo,2023,10.545133384788,Total GHG
THA,Thailand,2023,410.66283061029,Total GHG
TJK,Tajikistan,2023,21.673821732673,Total GHG
TKM,Turkmenistan,2023,128.31960361542,Total GHG
TLS,Timor-Leste,2023,1.8770238971866,Total GHG
TON,Tonga,2023,0.28424192441385,Total GHG
TTO,Trinidad and Tobago,2023,33.675368740011,Total GHG
TUN,Tunisia,2023,43.602061434389,Total GHG
TUR,Türkiye,2023,564.06213931786,Total GHG
TWN,Taiwan,2023,310.44051821254,Total GHG
TZA,Tanzania,2023,99.484975000449,Total GHG
UGA,Uganda,2023,56.602816822457,Total GHG
UKR,Ukraine,2023,201.61230024945,Total GHG
URY,Uruguay,2023,42.927177934819,Total GHG
USA,United States,2023,5890.9864277975,Total GHG
UZB,Uzbekistan,2023,211.3656942826,Total GHG
VCT,Saint Vincent and the Grenadines,2023,0.18070366581762,Total GHG
VEN,Venezuela,2023,165.31150374865,Total GHG
VGB,British Virgin Islands,2023,0.10500230045284,Total GHG
VNM,Viet Nam,2023,542.92347455966,Total GHG
VUT,Vanuatu,2023,0.62263026183974,Total GHG
WSM,Samoa,2023,0.50795917422605,Total GHG
YEM,Yemen,2023,32.365880743118,Total GHG
ZAF,South Africa,2023,555.4452876161,Total GHG
ZMB,Zambia,2023,37.492002607558,Total GHG
ZWE,Zimbabwe,2023,30.124984826137,Total GHG
,,2023,,Total GHG
EU27,EU27,2023,3222.5190164785,Total GHG
,,2023,,Total GHG
GLOBAL TOTAL,GLOBAL TOTAL,2023,52540.765868581,Total GHG
ABW,Aruba,2024,0.58871640278437,Total GHG
AFG,Afghanistan,2024,33.034840089668,Total GHG
AGO,Angola,2024,69.922938779033,Total GHG
AIA,Anguilla,2024,0.026035166405695,Total GHG
ALB,Albania,2024,7.1243105671217,Total GHG
ANT,Curaçao,2024,2.4926653897091,Total GHG
ARE,United Arab Emirates,2024,264.1483737417,Total GHG
ARG,Argentina,2024,374.34460684858,Total GHG
ARM,Armenia,2024,10.780575284995,Total GHG
ATG,Antigua and Barbuda,2024,0.42685099843391,Total GHG
AUS,Australia,2024,591.45396067192,Total GHG
AUT,Austria,2024,70.999903509698,Total GHG
AZE,Azerbaijan,2024,58.279785322645,Total GHG
BDI,Burundi,2024,8.4217240098523,Total GHG
BEL,Belgium,2024,107.82402021199,Total GHG
BEN,Benin,2024,17.767052694653,Total GHG
BFA,Burkina Faso,2024,34.917746360625,Total GHG
BGD,Bangladesh,2024,220.82672080545,Total GHG
BGR,Bulgaria,2024,46.676574364022,Total GHG
BHR,Bahrain,2024,64.422177089661,Total GHG
BHS,Bahamas,2024,1.8438726177365,Total GHG
BIH,Bosnia and Herzegovina,2024,27.626664266922,Total GHG
BLR,Belarus,2024,87.491361226524,Total GHG
BLZ,Belize,2024,1.0346841172425,Total GHG
BMU,Bermuda,2024,0.30567723229762,Total GHG
BOL,Bolivia,2024,63.757197635886,Total GHG
BRA,Brazil,2024,1299.1802084395,Total GHG
BRB,Barbados,2024,0.91205446117052,Total GHG
BRN,Brunei,2024,11.865488060786,Total GHG
BTN,Bhutan,2024,2.8063179135888,Total GHG
BWA,Botswana,2024,12.097729590747,Total GHG
CAF,Central African Republic,2024,13.444289575371,Total GHG
CAN,Canada,2024,768.05892108106,Total GHG
CHE,Switzerland and Liechtenstein,2024,42.992440730259,Total GHG
CHL,Chile,2024,118.1208787777,Total GHG
CHN,China,2024,15536.12168298,Total GHG
CIV,Côte d’Ivoire,2024,38.0266971213,Total GHG
CMR,Cameroon,2024,40.621855916018,Total GHG
COD,Democratic Republic of the Congo,2024,58.4916909867,Total GHG
COG,Congo,2024,24.623026459752,Total GHG
COK,Cook Islands,2024,0.11208129613633,Total GHG
COL,Colombia,2024,217.58573010569,Total GHG
COM,Comoros,2024,0.94938908784032,Total GHG
CPV,Cabo Verde,2024,0.91256444810314,Total GHG
CRI,Costa Rica,2024,17.076872282267,Total GHG
CUB,Cuba,2024,35.985717152786,Total GHG
CYM,Cayman Islands,2024,0.40593654355496,Total GHG
CYP,Cyprus,2024,9.3431805128348,Total GHG
CZE,Czechia,2024,100.3792060908,Total GHG
DEU,Germany,2024,674.35832625518,Total GHG
DJI,Djibouti,2024,2.4173445719381,Total GHG
DMA,Dominica,2024,0.15235689674337,Total GHG
DNK,Denmark,2024,38.264629313957,Total GHG
DOM,Dominican Republic,2024,51.580798483369,Total GHG
DZA,Algeria,2024,252.69999712007,Total GHG
ECU,Ecuador,2024,74.408550594854,Total GHG
EGY,Egypt,2024,386.59822846755,Total GHG
ERI,Eritrea,2024,6.5792579891564,Total GHG
ESH,Western Sahara,2024,0.7354140234676,Total GHG
ESP,Spain and Andorra,2024,285.63832224712,Total GHG
EST,Estonia,2024,14.129201839084,Total GHG
ETH,Ethiopia,2024,192.70400670949,Total GHG
FIN,Finland,2024,48.678995972021,Total GHG
FJI,Fiji,2024,2.7508988098211,Total GHG
FLK,Falkland Islands,2024,0.17289495721293,Total GHG
FRA,France and Monaco,2024,378.12019029289,Total GHG
FRO,Faroes,2024,0.096616747976757,Total GHG
GAB,Gabon,2024,21.781991821997,Total GHG
GBR,United Kingdom,2024,386.69571660351,Total GHG
GEO,Georgia,2024,19.602824699722,Total GHG
GHA,Ghana,2024,48.093948904038,Total GHG
GIB,Gibraltar,2024,0.65890452694286,Total GHG
GIN,Guinea,2024,29.37591393664,Total GHG
GLP,Guadeloupe,2024,1.4489095538072,Total GHG
GMB,The Gambia,2024,1.8595051534366,Total GHG
GNB,Guinea-Bissau,2024,3.1886332502392,Total GHG
GNQ,Equatorial Guinea,2024,8.1387019428792,Total GHG
GRC,Greece,2024,71.500075445737,Total GHG
GRD,Grenada,2024,0.24099091876012,Total GHG
GRL,Greenland,2024,0.6592546312159,Total GHG
GTM,Guatemala,2024,43.47216808936,Total GHG
GUF,French Guiana,2024,0.58626018667196,Total GHG
GUY,Guyana,2024,8.7308618260253,Total GHG
HKG,Hong Kong,2024,40.307052043688,Total GHG
HND,Honduras,2024,24.387070793249,Total GHG
HRV,Croatia,2024,26.841829070678,Total GHG
HTI,Haiti,2024,13.782308697238,Total GHG
HUN,Hungary,2024,60.452896861118,Total GHG
IDN,Indonesia,2024,1323.7779107977,Total GHG
IND,India,2024,4371.1693272556,Total GHG
IRL,Ireland,2024,59.677828151727,Total GHG
IRN,Iran,2024,1054.7650714871,Total GHG
IRQ,Iraq,2024,413.27642108277,Total GHG
ISL,Iceland,2024,4.282410664188,Total GHG
ISR,"Israel and Palestine, State of",2024,76.620732865356,Total GHG
ITA,"Italy, San Marino and the Holy See",2024,371.17171099618,Total GHG
JAM,Jamaica,2024,9.4247004126026,Total GHG
JOR,Jordan,2024,34.855734918746,Total GHG
JPN,Japan,2024,1063.3358491923,Total GHG
KAZ,Kazakhstan,2024,330.39334589704,Total GHG
KEN,Kenya,2024,102.83615180704,Total GHG
KGZ,Kyrgyzstan,2024,22.368960993932,Total GHG
KHM,Cambodia,2024,49.834754915236,Total GHG
KIR,Kiribati,2024,0.11518831348837,Total GHG
KNA,Saint Kitts and Nevis,2024,0.18549174311608,Total GHG
KOR,South Korea,2024,668.2452710079,Total GHG
KWT,Kuwait,2024,173.33069669357,Total GHG
LAO,Laos,2024,41.549637581744,Total GHG
LBN,Lebanon,2024,18.786314625993,Total GHG
LBR,Liberia,2024,4.4599085437756,Total GHG
LBY,Libya,2024,98.170876116766,Total GHG
LCA,Saint Lucia,2024,0.46852097267718,Total GHG
LKA,Sri Lanka,2024,37.166534563567,Total GHG
LSO,Lesotho,2024,3.0549651667286,Total GHG
LTU,Lithuania,2024,21.535707113595,Total GHG
LUX,Luxembourg,2024,8.0536674199614,Total GHG
LVA,Latvia,2024,11.642388850407,Total GHG
MAC,Macao,2024,1.8200948273386,Total GHG
MAR,Morocco,2024,108.73642374068,Total GHG
MDA,Moldova,2024,11.658324509614,Total GHG
MDG,Madagascar,2024,35.789966511419,Total GHG
MDV,Maldives,2024,2.093372989544,Total GHG
MEX,Mexico,2024,686.77936947935,Total GHG
MKD,North Macedonia,2024,9.8120963348751,Total GHG
MLI,Mali,2024,48.008509546061,Total GHG
MLT,Malta,2024,2.2436192275264,Total GHG
MMR,Myanmar/Burma,2024,117.78753637361,Total GHG
MNG,Mongolia,2024,104.35496596142,Total GHG
MOZ,Mozambique,2024,33.625590000769,Total GHG
MRT,Mauritania,2024,17.508620664645,Total GHG
MTQ,Martinique,2024,1.2018075056671,Total GHG
MUS,Mauritius,2024,6.4715957970748,Total GHG
MWI,Malawi,2024,19.023564522485,Total GHG
MYS,Malaysia,2024,332.16682806372,Total GHG
NAM,Namibia,2024,14.212131813916,Total GHG
NCL,New Caledonia,2024,5.381612167984,Total GHG
NER,Niger,2024,41.146146953493,Total GHG
NGA,Nigeria,2024,350.55535432209,Total GHG
NIC,Nicaragua,2024,19.158621094605,Total GHG
NLD,Netherlands,2024,145.00667452457,Total GHG
NOR,Norway,2024,53.759636410718,Total GHG
NPL,Nepal,2024,41.468234697375,Total GHG
NZL,New Zealand,2024,77.837353277562,Total GHG
OMN,Oman,2024,132.26466164521,Total GHG
PAK,Pakistan,2024,525.88247143799,Total GHG
PAN,Panama,2024,19.217954518897,Total GHG
PER,Peru,2024,103.81302462112,Total GHG
PHL,Philippines,2024,266.59728422387,Total GHG
PLW,Palau,2024,1.5338110380463,Total GHG
PNG,Papua New Guinea,2024,10.761087900867,Total GHG
POL,Poland,2024,348.19504097853,Total GHG
PRI,Puerto Rico,2024,17.616493919667,Total GHG
PRK,North Korea,2024,91.251815189815,Total GHG
PRT,Portugal,2024,53.169594055909,Total GHG
PRY,Paraguay,2024,41.442035300931,Total GHG
PYF,French Polynesia,2024,1.0810034887819,Total GHG
QAT,Qatar,2024,162.74468869021,Total GHG
REU,Réunion,2024,3.0343888984009,Total GHG
ROU,Romania,2024,101.85758975999,Total GHG
RUS,Russia,2024,2575.6547638945,Total GHG
RWA,Rwanda,2024,8.3498807486411,Total GHG
SAU,Saudi Arabia,2024,838.87655111445,Total GHG
SCG,Serbia and Montenegro,2024,66.753674928177,Total GHG
SDN,Sudan and South Sudan,2024,138.70195171916,Total GHG
SEN,Senegal,2024,31.720612000848,Total GHG
SGP,Singapore,2024,76.092758336065,Total GHG
SHN,"Saint Helena, Ascension and Tristan da Cunha",2024,0.021008263917755,Total GHG
SLB,Solomon Islands,2024,0.61975198600172,Total GHG
SLE,Sierra Leone,2024,7.9284830540788,Total GHG
SLV,El Salvador,2024,14.751634624787,Total GHG
SOM,Somalia,2024,34.416872869166,Total GHG
SPM,Saint Pierre and Miquelon,2024,0.035007766695614,Total GHG
STP,São Tomé and Príncipe,2024,0.24546513171181,Total GHG
SUR,Suriname,2024,3.6665753428261,Total GHG
SVK,Slovakia,2024,39.000776046537,Total GHG
SVN,Slovenia,2024,17.336899254101,Total GHG
SWE,Sweden,2024,52.565801794433,Total GHG
SWZ,Eswatini,2024,2.9297572535237,Total GHG
SYC,Seychelles,2024,0.97643740361626,Total GHG
SYR,Syria,2024,47.16557606493,Total GHG
TCA,Turks and Caicos Islands,2024,0.23784845807724,Total GHG
TCD,Chad,2024,101.17379719021,Total GHG
TGO,Togo,2024,10.84426498811,Total GHG
THA,Thailand,2024,422.38728704425,Total GHG
TJK,Tajikistan,2024,22.1889706355,Total GHG
TKM,Turkmenistan,2024,114.81218331098,Total GHG
TLS,Timor-Leste,2024,1.9401197768467,Total GHG
TON,Tonga,2024,0.29290421642737,Total GHG
TTO,Trinidad and Tobago,2024,33.586578143246,Total GHG
TUN,Tunisia,2024,44.621000753775,Total GHG
TUR,Türkiye,2024,579.5068163266,Total GHG
TWN,Taiwan,2024,309.61165394265,Total GHG
TZA,Tanzania,2024,102.52500651273,Total GHG
UGA,Uganda,2024,57.298152268275,Total GHG
UKR,Ukraine,2024,196.96400554191,Total GHG
URY,Uruguay,2024,44.627145531682,Total GHG
USA,United States,2024,5912.6177240236,Total GHG
UZB,Uzbekistan,2024,227.48836597705,Total GHG
VCT,Saint Vincent and the Grenadines,2024,0.18523612141905,Total GHG
VEN,Venezuela,2024,167.31843037995,Total GHG
VGB,British Virgin Islands,2024,0.10829512682119,Total GHG
VNM,Viet Nam,2024,584.25762297743,Total GHG
VUT,Vanuatu,2024,0.63205272100592,Total GHG
WSM,Samoa,2024,0.52164779979124,Total GHG
YEM,Yemen,2024,32.902757150808,Total GHG
ZAF,South Africa,2024,569.80960950652,Total GHG
ZMB,Zambia,2024,38.519002327815,Total GHG
ZWE,Zimbabwe,2024,30.784272445925,Total GHG
,,2024,,Total GHG
EU27,EU27,2024,3164.6646501606,Total GHG
,,2024,,Total GHG
GLOBAL TOTAL,GLOBAL TOTAL,2024,53206.40126586,Total GHG
